protocol_id,domain,stem,bridge_time_index,bridge_time_value,best_single_epoch,min_reciprocal_KDD,clock_matched_KDD_e6,max_proposal_floor,single_age_span,primary_reference,log10_deflection_excess,above_reference,image_sha256,target_content_read
unsb-sixdomain-expanded-phase-field-v1,FoggyCityscapes,FoggyCityscapes__0425,1,0.5,4,0.4047293920142243,0.6093471636169354,4.1806862971505154e-08,1.112688211268308,1.112688211268308,-0.439208742190745,False,6e0398a7abcfa1610e48c2bba281611f7e1ab283430078bba67fa1594ed214d8,False
unsb-sixdomain-expanded-phase-field-v1,FoggyCityscapes,FoggyCityscapes__0425,2,0.74,4,0.6471094004392717,0.8773018108861275,2.423263687489907e-07,1.1511510464901211,1.1511510464901211,-0.2501546038577814,False,6e0398a7abcfa1610e48c2bba281611f7e1ab283430078bba67fa1594ed214d8,False
unsb-sixdomain-expanded-phase-field-v1,FoggyCityscapes,FoggyCityscapes__0425,3,0.8600000000000001,4,0.7702057901634949,0.9763496761394972,1.6038524616179828e-06,1.1092676993149782,1.1092676993149782,-0.1584295877961247,False,6e0398a7abcfa1610e48c2bba281611f7e1ab283430078bba67fa1594ed214d8,False
unsb-sixdomain-expanded-phase-field-v1,FoggyCityscapes,FoggyCityscapes__3652,1,0.5,4,0.4561294312083027,0.6665118834581591,9.273609480331403e-08,1.1825994586345925,1.1825994586345925,-0.4137495803738106,False,6d7af638b6316ba1594308066a31431cfc839e4d21ebdcf40c00f806c65ac975,False
unsb-sixdomain-expanded-phase-field-v1,FoggyCityscapes,FoggyCityscapes__3652,2,0.74,4,0.6648514194393731,0.8842028753345406,4.413918242018866e-07,1.169397959684462,1.169397959684462,-0.245237731463665,False,6d7af638b6316ba1594308066a31431cfc839e4d21ebdcf40c00f806c65ac975,False
unsb-sixdomain-expanded-phase-field-v1,FoggyCityscapes,FoggyCityscapes__3652,3,0.8600000000000001,4,0.7631370718133323,0.9581546736418394,1.6603206196563749e-06,1.1149995942484994,1.1149995942484994,-0.1646721580387509,False,6d7af638b6316ba1594308066a31431cfc839e4d21ebdcf40c00f806c65ac975,False
unsb-sixdomain-expanded-phase-field-v1,FoggyCityscapes,FoggyCityscapes__1213,1,0.5,4,0.5289100607106286,0.7673370150736593,1.5290706556481126e-07,1.1302840011597308,1.1302840011597308,-0.3298057522628759,False,320818274e1bc5b92fad4e4ed6d03cf142136a917aebae3ad81fcf9233eb9505,False
unsb-sixdomain-expanded-phase-field-v1,FoggyCityscapes,FoggyCityscapes__1213,2,0.74,4,0.7164177361772717,0.9421263447115726,5.889566236927379e-07,1.096056716948427,1.096056716948427,-0.1846666988578924,False,320818274e1bc5b92fad4e4ed6d03cf142136a917aebae3ad81fcf9233eb9505,False
unsb-sixdomain-expanded-phase-field-v1,FoggyCityscapes,FoggyCityscapes__1213,3,0.8600000000000001,4,0.8061793433532409,0.9905065100182175,3.840214327643921e-07,1.043795932026856,1.043795932026856,-0.1121839338733219,False,320818274e1bc5b92fad4e4ed6d03cf142136a917aebae3ad81fcf9233eb9505,False
unsb-sixdomain-expanded-phase-field-v1,FoggyCityscapes,FoggyCityscapes__1921,1,0.5,4,0.3482631261206558,0.5387790144133107,1.823536177614216e-08,1.051850923310765,1.051850923310765,-0.4800466984382603,False,111b44a5b3c4fe12b5e1176a60a016f96d204cfa22711b82ba15c1d8c00de9e6,False
unsb-sixdomain-expanded-phase-field-v1,FoggyCityscapes,FoggyCityscapes__1921,2,0.74,4,0.6075760998749515,0.8298280364752788,4.6554075372462484e-08,1.1317945800478253,1.1317945800478253,-0.2701669280957284,False,111b44a5b3c4fe12b5e1176a60a016f96d204cfa22711b82ba15c1d8c00de9e6,False
unsb-sixdomain-expanded-phase-field-v1,FoggyCityscapes,FoggyCityscapes__1921,3,0.8600000000000001,4,0.7610590912462365,0.9582609249887214,8.872087154943031e-07,1.097406817492759,1.097406817492759,-0.1589492756670621,False,111b44a5b3c4fe12b5e1176a60a016f96d204cfa22711b82ba15c1d8c00de9e6,False
unsb-sixdomain-expanded-phase-field-v1,FoggyCityscapes,FoggyCityscapes__0166,1,0.5,4,0.4251021146904546,0.6623676258543733,9.953120061467757e-08,1.1974612175470374,1.1974612175470374,-0.4497681913272261,False,6f327b732d44868de3756855628939b27ae923f881f928bacf8274c70e804444,False
unsb-sixdomain-expanded-phase-field-v1,FoggyCityscapes,FoggyCityscapes__0166,2,0.74,4,0.6627084144863691,0.8970484756753727,2.266313345877791e-07,1.1364185423500897,1.1364185423500897,-0.2342158263515231,False,6f327b732d44868de3756855628939b27ae923f881f928bacf8274c70e804444,False
unsb-sixdomain-expanded-phase-field-v1,FoggyCityscapes,FoggyCityscapes__0166,3,0.8600000000000001,4,0.7726926029733461,0.964051333638034,8.834699085635833e-07,1.0599232535160183,1.0599232535160183,-0.1372676654468835,False,6f327b732d44868de3756855628939b27ae923f881f928bacf8274c70e804444,False
unsb-sixdomain-expanded-phase-field-v1,FoggyCityscapes,FoggyCityscapes__1157,1,0.5,4,0.1820972184370117,0.3247345430894332,1.871743516845825e-07,0.7659314957434389,0.7659314957434389,-0.6238866165108066,False,71d3a860590878f84b6763a0f88b76c83880001c479755ee09732f6f2277ad51,False
unsb-sixdomain-expanded-phase-field-v1,FoggyCityscapes,FoggyCityscapes__1157,2,0.74,4,0.3998782607429677,0.5931451153443728,1.6236958944038093e-07,1.0127258168737985,1.0127258168737985,-0.4035640868640698,False,71d3a860590878f84b6763a0f88b76c83880001c479755ee09732f6f2277ad51,False
unsb-sixdomain-expanded-phase-field-v1,FoggyCityscapes,FoggyCityscapes__1157,3,0.8600000000000001,4,0.5800743309572358,0.7471029672055494,4.53251953858036e-07,1.0187793292809886,1.0187793292809886,-0.2445964768815374,False,71d3a860590878f84b6763a0f88b76c83880001c479755ee09732f6f2277ad51,False
unsb-sixdomain-expanded-phase-field-v1,FoggyCityscapes,FoggyCityscapes__3249,1,0.5,4,0.1474094110985802,0.2630028895087478,1.2344514077611281e-08,0.5817920644856883,0.5817920644856883,-0.5962425820818595,False,8580d85e77dfeca5e291bdd428997a3442aa089dde0432383d75ac80ce71cc96,False
unsb-sixdomain-expanded-phase-field-v1,FoggyCityscapes,FoggyCityscapes__3249,2,0.74,4,0.3561035413860378,0.5433885796551603,8.715708088580244e-08,0.9059320762832778,0.9059320762832778,-0.4055193442916598,False,8580d85e77dfeca5e291bdd428997a3442aa089dde0432383d75ac80ce71cc96,False
unsb-sixdomain-expanded-phase-field-v1,FoggyCityscapes,FoggyCityscapes__3249,3,0.8600000000000001,4,0.5636783912233548,0.7427328244394784,2.76965272938412e-07,0.9585378879019212,0.9585378879019212,-0.2305778974761916,False,8580d85e77dfeca5e291bdd428997a3442aa089dde0432383d75ac80ce71cc96,False
unsb-sixdomain-expanded-phase-field-v1,FoggyCityscapes,FoggyCityscapes__1299,1,0.5,4,0.7432121767155785,0.99636954461112,3.45609586061002e-07,1.0432622141811128,1.0432622141811128,-0.1472806615123894,False,8b204da152f317ff5af1781337e8908f40af569e9ae75854c7d15c74a93fe1ff,False
unsb-sixdomain-expanded-phase-field-v1,FoggyCityscapes,FoggyCityscapes__1299,2,0.74,4,0.8527845244846718,1.0378712816234803,1.4014366744863338e-07,1.0149461684595151,1.0149461684595151,-0.0756036978015421,False,8b204da152f317ff5af1781337e8908f40af569e9ae75854c7d15c74a93fe1ff,False
unsb-sixdomain-expanded-phase-field-v1,FoggyCityscapes,FoggyCityscapes__1299,3,0.8600000000000001,4,0.8918892788973583,1.027918443215665,5.220059662303101e-08,0.9829753774145602,0.9829753774145602,-0.0422316958630018,False,8b204da152f317ff5af1781337e8908f40af569e9ae75854c7d15c74a93fe1ff,False
unsb-sixdomain-expanded-phase-field-v1,FoggyCityscapes,FoggyCityscapes__1029,1,0.5,4,0.1325669241265795,0.2483882979392395,3.6836003469709055e-08,0.5891338601618066,0.5891338601618066,-0.6477788045839804,False,20546e3bc7a538b0960a30b7e51ed673c4c47ca8c649d915261a8b4f072eb1b0,False
unsb-sixdomain-expanded-phase-field-v1,FoggyCityscapes,FoggyCityscapes__1029,2,0.74,4,0.3343268559376411,0.5304070662122606,4.3345644185066596e-08,0.926646819876836,0.926646819876836,-0.4427429754699534,False,20546e3bc7a538b0960a30b7e51ed673c4c47ca8c649d915261a8b4f072eb1b0,False
unsb-sixdomain-expanded-phase-field-v1,FoggyCityscapes,FoggyCityscapes__1029,3,0.8600000000000001,4,0.5490917465784337,0.7418089895161368,4.253685361721438e-07,0.9934900510905996,0.9934900510905996,-0.2575186065391137,False,20546e3bc7a538b0960a30b7e51ed673c4c47ca8c649d915261a8b4f072eb1b0,False
unsb-sixdomain-expanded-phase-field-v1,FoggyCityscapes,FoggyCityscapes__2920,1,0.5,4,0.6535291527902547,0.8868389945184958,3.712625185059437e-08,1.2267549055270406,1.2267549055270406,-0.2734928378411885,False,8bfaad948dc0f8f40c074be4299f405635a8de7b1d3159ad7959916c1f28d206,False
unsb-sixdomain-expanded-phase-field-v1,FoggyCityscapes,FoggyCityscapes__2920,2,0.74,4,0.8060927272813638,1.0090128951673571,4.071097782221145e-07,1.1445813839920909,1.1445813839920909,-0.152261675175867,False,8bfaad948dc0f8f40c074be4299f405635a8de7b1d3159ad7959916c1f28d206,False
unsb-sixdomain-expanded-phase-field-v1,FoggyCityscapes,FoggyCityscapes__2920,3,0.8600000000000001,4,0.8510834555378373,1.0220034811901426,2.161548725232443e-06,1.0805277163609148,1.0805277163609148,-0.1036637631279548,False,8bfaad948dc0f8f40c074be4299f405635a8de7b1d3159ad7959916c1f28d206,False
unsb-sixdomain-expanded-phase-field-v1,FoggyCityscapes,FoggyCityscapes__2455,1,0.5,4,0.697092517568472,0.9328115659589404,1.1308187164438267e-07,1.2347497137571972,1.2347497137571972,-0.2482885130101196,False,632561d56db9b58282145308328b5d45e363e58db30bf359caf2ebe74f512e64,False
unsb-sixdomain-expanded-phase-field-v1,FoggyCityscapes,FoggyCityscapes__2455,2,0.74,4,0.8133190218420016,1.0176451850827517,4.341595268853027e-07,1.1416062375647265,1.1416062375647265,-0.1472554033681486,False,632561d56db9b58282145308328b5d45e363e58db30bf359caf2ebe74f512e64,False
unsb-sixdomain-expanded-phase-field-v1,FoggyCityscapes,FoggyCityscapes__2455,3,0.8600000000000001,4,0.8617551011901476,1.0183239894422842,2.256881580287029e-06,1.07757315211947,1.07757315211947,-0.0970628994346727,False,632561d56db9b58282145308328b5d45e363e58db30bf359caf2ebe74f512e64,False
unsb-sixdomain-expanded-phase-field-v1,FoggyCityscapes,FoggyCityscapes__2840,1,0.5,4,0.305430212561619,0.4845342395995229,4.2844538472586187e-08,0.9944012592844296,0.9944012592844296,-0.51264967120304,False,33ef6414c5ebdeeecbb6aaf7f2dc7ce90933c51d95fd4e8bca4fade5a60ff58f,False
unsb-sixdomain-expanded-phase-field-v1,FoggyCityscapes,FoggyCityscapes__2840,2,0.74,4,0.5445664586896646,0.7356933574521951,1.5374468786966133e-07,1.119018227690385,1.119018227690385,-0.3127862723448469,False,33ef6414c5ebdeeecbb6aaf7f2dc7ce90933c51d95fd4e8bca4fade5a60ff58f,False
unsb-sixdomain-expanded-phase-field-v1,FoggyCityscapes,FoggyCityscapes__2840,3,0.8600000000000001,4,0.6913632427204394,0.8430373957243422,1.3610017679521746e-07,1.0979615931416975,1.0979615931416975,-0.200880862739031,False,33ef6414c5ebdeeecbb6aaf7f2dc7ce90933c51d95fd4e8bca4fade5a60ff58f,False
unsb-sixdomain-expanded-phase-field-v1,FoggyCityscapes,FoggyCityscapes__3067,1,0.5,4,0.3252961818167434,0.5116144792328956,8.026496578494857e-09,0.9852129279809152,0.9852129279809152,-0.4812511362687001,False,05a6125a819afce3bd74fce58cbc0e744c01c99b27c72333b1c5faad0dcf8e96,False
unsb-sixdomain-expanded-phase-field-v1,FoggyCityscapes,FoggyCityscapes__3067,2,0.74,4,0.5743483069094238,0.7899071555523844,5.301400318735716e-08,1.0792350783828235,1.0792350783828235,-0.2739407075966487,False,05a6125a819afce3bd74fce58cbc0e744c01c99b27c72333b1c5faad0dcf8e96,False
unsb-sixdomain-expanded-phase-field-v1,FoggyCityscapes,FoggyCityscapes__3067,3,0.8600000000000001,4,0.721669508523296,0.91130319223023,6.704158672654614e-07,1.0417458898903305,1.0417458898903305,-0.1594234394869138,False,05a6125a819afce3bd74fce58cbc0e744c01c99b27c72333b1c5faad0dcf8e96,False
unsb-sixdomain-expanded-phase-field-v1,FoggyCityscapes,FoggyCityscapes__3727,1,0.5,4,0.322859205483591,0.5490571059684123,2.8448088662536012e-08,0.9261074573614544,0.9261074573614544,-0.4576482076288774,False,ab6007bfbce0423758333666c9b58a18e89aa4502a7e9ff32469ec6378cd435d,False
unsb-sixdomain-expanded-phase-field-v1,FoggyCityscapes,FoggyCityscapes__3727,2,0.74,2,0.6033959645333125,0.8634466115005562,2.0405500944509214e-07,1.0486317784732844,1.0486317784732844,-0.2400206134216154,False,ab6007bfbce0423758333666c9b58a18e89aa4502a7e9ff32469ec6378cd435d,False
unsb-sixdomain-expanded-phase-field-v1,FoggyCityscapes,FoggyCityscapes__3727,3,0.8600000000000001,4,0.7794849714202786,0.9857794584864056,1.1374320353363387e-06,1.0477466066973955,1.0477466066973955,-0.1284485166257346,False,ab6007bfbce0423758333666c9b58a18e89aa4502a7e9ff32469ec6378cd435d,False
unsb-sixdomain-expanded-phase-field-v1,FoggyCityscapes,FoggyCityscapes__0085,1,0.5,4,0.3152161930742644,0.4625661409867667,1.380478824586362e-07,0.9634027615686768,0.9634027615686768,-0.4851993671983611,False,aad51e340ec6148cdcf1db208ac167e0925991e0e31ad3fcc279c198f1d954a9,False
unsb-sixdomain-expanded-phase-field-v1,FoggyCityscapes,FoggyCityscapes__0085,2,0.74,4,0.572667485588695,0.7529588969752672,2.8606982616086185e-07,1.0954274886102269,1.0954274886102269,-0.2816811090733525,False,aad51e340ec6148cdcf1db208ac167e0925991e0e31ad3fcc279c198f1d954a9,False
unsb-sixdomain-expanded-phase-field-v1,FoggyCityscapes,FoggyCityscapes__0085,3,0.8600000000000001,4,0.7250619355068089,0.8854615709318445,1.0840917452625832e-07,1.084851061000822,1.084851061000822,-0.1749950120494845,False,aad51e340ec6148cdcf1db208ac167e0925991e0e31ad3fcc279c198f1d954a9,False
unsb-sixdomain-expanded-phase-field-v1,FoggyCityscapes,FoggyCityscapes__2664,1,0.5,4,0.1359882790984375,0.2468327629062205,9.968707936902633e-08,0.573827287990293,0.573827287990293,-0.6252797190827954,False,1288705241b483457302fce64c2d80b4eb4b4ca0241056c98bccb39251af929e,False
unsb-sixdomain-expanded-phase-field-v1,FoggyCityscapes,FoggyCityscapes__2664,2,0.74,4,0.3517013916863336,0.5321974327560572,4.57258886310541e-08,0.95409769486117,0.95409769486117,-0.4334187597478326,False,1288705241b483457302fce64c2d80b4eb4b4ca0241056c98bccb39251af929e,False
unsb-sixdomain-expanded-phase-field-v1,FoggyCityscapes,FoggyCityscapes__2664,3,0.8600000000000001,4,0.5765861519501789,0.7361362882420891,5.001014924399527e-07,1.0356077250788729,1.0356077250788729,-0.2543310737876393,False,1288705241b483457302fce64c2d80b4eb4b4ca0241056c98bccb39251af929e,False
unsb-sixdomain-expanded-phase-field-v1,FoggyCityscapes,FoggyCityscapes__2625,1,0.5,4,0.5444834724979888,0.7562743683386837,2.632040225769572e-07,1.192226584716643,1.192226584716643,-0.3403741001454319,False,8ba6de85ec12950e9f62c64463879e02c1c8e2962bc2085e6bea536cc583bf8a,False
unsb-sixdomain-expanded-phase-field-v1,FoggyCityscapes,FoggyCityscapes__2625,2,0.74,4,0.7456257491662865,0.9478961974225886,2.2421848366871447e-07,1.1407122846255038,1.1407122846255038,-0.1846552212304764,False,8ba6de85ec12950e9f62c64463879e02c1c8e2962bc2085e6bea536cc583bf8a,False
unsb-sixdomain-expanded-phase-field-v1,FoggyCityscapes,FoggyCityscapes__2625,3,0.8600000000000001,4,0.8322632123546678,1.007118823613257,1.2124460835316597e-07,1.0752714626142563,1.0752714626142563,-0.1112574215092302,False,8ba6de85ec12950e9f62c64463879e02c1c8e2962bc2085e6bea536cc583bf8a,False
unsb-sixdomain-expanded-phase-field-v1,FoggyCityscapes,FoggyCityscapes__1850,1,0.5,4,0.1060297393226392,0.2191673204512808,1.5137819997512739e-07,0.4885974998240605,0.4885974998240605,-0.6635235466527325,False,72ef3e853b844ae401ba10ee9803129f718cf8abb9ae84eeb71056945363620b,False
unsb-sixdomain-expanded-phase-field-v1,FoggyCityscapes,FoggyCityscapes__1850,2,0.74,4,0.2717439598769325,0.478037212741498,2.875286098102947e-07,0.8034200979779017,0.8034200979779017,-0.4707827919460486,False,72ef3e853b844ae401ba10ee9803129f718cf8abb9ae84eeb71056945363620b,False
unsb-sixdomain-expanded-phase-field-v1,FoggyCityscapes,FoggyCityscapes__1850,3,0.8600000000000001,4,0.47656798992954,0.6821435122074779,2.3372616908545754e-07,0.8688497385320088,0.8688497385320088,-0.2608198064155045,False,72ef3e853b844ae401ba10ee9803129f718cf8abb9ae84eeb71056945363620b,False
unsb-sixdomain-expanded-phase-field-v1,FoggyCityscapes,FoggyCityscapes__4004,1,0.5,4,0.5097572257761397,0.724747882988091,4.840999601185558e-08,1.207427276872423,1.207427276872423,-0.374497592141903,False,de612cabc2dd18a03a5df7b634a53c53ed9649d0003b47ba2acdd86dbbfa216a,False
unsb-sixdomain-expanded-phase-field-v1,FoggyCityscapes,FoggyCityscapes__4004,2,0.74,4,0.7164801609611297,0.9259393825085808,2.978382354079656e-07,1.169041393868228,1.169041393868228,-0.2126257196347122,False,de612cabc2dd18a03a5df7b634a53c53ed9649d0003b47ba2acdd86dbbfa216a,False
unsb-sixdomain-expanded-phase-field-v1,FoggyCityscapes,FoggyCityscapes__4004,3,0.8600000000000001,4,0.8104655266393639,0.9900941853835534,8.651281639959763e-07,1.1019468107590842,1.1019468107590842,-0.1334260855599846,False,de612cabc2dd18a03a5df7b634a53c53ed9649d0003b47ba2acdd86dbbfa216a,False
unsb-sixdomain-expanded-phase-field-v1,FoggyCityscapes,FoggyCityscapes__1568,1,0.5,4,0.6025440019272867,0.8461733920614262,3.410304738604708e-07,1.0972843499104536,1.0972843499104536,-0.2603304175006894,False,6379dddcdee4dbac63c9f3136f1cf9602a6faf16af2233ca673e9d2320ca8d4c,False
unsb-sixdomain-expanded-phase-field-v1,FoggyCityscapes,FoggyCityscapes__1568,2,0.74,4,0.7578292166920113,0.9531438540442356,3.594522400840461e-07,1.0321725711845708,1.0321725711845708,-0.1341809693283452,False,6379dddcdee4dbac63c9f3136f1cf9602a6faf16af2233ca673e9d2320ca8d4c,False
unsb-sixdomain-expanded-phase-field-v1,FoggyCityscapes,FoggyCityscapes__1568,3,0.8600000000000001,4,0.8249729381014025,0.9609294824781962,2.144719351004909e-07,0.9805692198597282,0.9805692198597282,-0.0750385541303449,False,6379dddcdee4dbac63c9f3136f1cf9602a6faf16af2233ca673e9d2320ca8d4c,False
unsb-sixdomain-expanded-phase-field-v1,FoggyCityscapes,FoggyCityscapes__2892,1,0.5,4,0.1637292919664165,0.2857370510807448,4.9915453992355205e-09,0.6942063264473548,0.6942063264473548,-0.6273621834103614,False,cddf81e0555853338caf3a390674e98b3e3704440cff746568630799b34a78dd,False
unsb-sixdomain-expanded-phase-field-v1,FoggyCityscapes,FoggyCityscapes__2892,2,0.74,4,0.395520747261896,0.5815510981252769,1.0694011021161742e-07,1.0391469131449909,1.0391469131449909,-0.4195076822558802,False,cddf81e0555853338caf3a390674e98b3e3704440cff746568630799b34a78dd,False
unsb-sixdomain-expanded-phase-field-v1,FoggyCityscapes,FoggyCityscapes__2892,3,0.8600000000000001,4,0.6179360999082381,0.7844818019179691,5.447946265224601e-07,1.0765343954541202,1.0765343954541202,-0.2410843426657951,False,cddf81e0555853338caf3a390674e98b3e3704440cff746568630799b34a78dd,False
unsb-sixdomain-expanded-phase-field-v1,FoggyCityscapes,FoggyCityscapes__1047,1,0.5,4,0.1125699135472267,0.2076178701667029,1.0970609087834761e-08,0.4791506213009024,0.4791506213009024,-0.6290497230643576,False,56d99d72d2f1f5914c2beaf4962b98b5dd8f81123bde57ef9a8ccb9bcbf47b6c,False
unsb-sixdomain-expanded-phase-field-v1,FoggyCityscapes,FoggyCityscapes__1047,2,0.74,4,0.3005446383310302,0.4867995922878858,5.5575312907230057e-08,0.898283197797618,0.898283197797618,-0.475504291738474,False,56d99d72d2f1f5914c2beaf4962b98b5dd8f81123bde57ef9a8ccb9bcbf47b6c,False
unsb-sixdomain-expanded-phase-field-v1,FoggyCityscapes,FoggyCityscapes__1047,3,0.8600000000000001,4,0.5208844690284808,0.7145980437125514,5.856817086868915e-07,1.01956789220983,1.01956789220983,-0.2916747419307126,False,56d99d72d2f1f5914c2beaf4962b98b5dd8f81123bde57ef9a8ccb9bcbf47b6c,False
unsb-sixdomain-expanded-phase-field-v1,FoggyCityscapes,FoggyCityscapes__1320,1,0.5,4,0.4774623079643363,0.7861837308941786,3.474324896668435e-07,0.9668268405090152,0.9668268405090152,-0.3064096055339357,False,b48490df9f85acfbe7e9d5fd46dd8cbdd78c638025320caa7a58d5a1a8086d17,False
unsb-sixdomain-expanded-phase-field-v1,FoggyCityscapes,FoggyCityscapes__1320,2,0.74,4,0.7045360439850457,0.9583249909343926,3.246240647847287e-06,0.9853770892827204,0.9853770892827204,-0.1456992439301403,False,b48490df9f85acfbe7e9d5fd46dd8cbdd78c638025320caa7a58d5a1a8086d17,False
unsb-sixdomain-expanded-phase-field-v1,FoggyCityscapes,FoggyCityscapes__1320,3,0.8600000000000001,4,0.8147069401897358,1.0036181920503275,3.959663378294565e-07,0.970826889636319,0.970826889636319,-0.0761403808468663,False,b48490df9f85acfbe7e9d5fd46dd8cbdd78c638025320caa7a58d5a1a8086d17,False
unsb-sixdomain-expanded-phase-field-v1,FoggyCityscapes,FoggyCityscapes__4456,1,0.5,4,0.751737254679747,1.0085868853762507,1.084208005597276e-07,1.20438597928361,1.20438597928361,-0.2046996174878834,False,08b5e03b0c0255b7df48a51edd4f3835048be928bc9c0fb2ac1348dc1ddb947c,False
unsb-sixdomain-expanded-phase-field-v1,FoggyCityscapes,FoggyCityscapes__4456,2,0.74,4,0.8151267400782252,1.0373237928379635,4.57895128480601e-07,1.1177379170715505,1.1177379170715505,-0.1371148434519906,False,08b5e03b0c0255b7df48a51edd4f3835048be928bc9c0fb2ac1348dc1ddb947c,False
unsb-sixdomain-expanded-phase-field-v1,FoggyCityscapes,FoggyCityscapes__4456,3,0.8600000000000001,4,0.8447896883867052,1.0291772961704633,5.864599396110393e-07,1.0625205239015605,1.0625205239015605,-0.0995887235728469,False,08b5e03b0c0255b7df48a51edd4f3835048be928bc9c0fb2ac1348dc1ddb947c,False
unsb-sixdomain-expanded-phase-field-v1,FoggyCityscapes,FoggyCityscapes__3412,1,0.5,2,0.4713133435513405,0.772743629026525,8.139195435408197e-07,0.9664740242772446,0.9664740242772446,-0.3118804506494684,False,789cfe9ff13ca8fc0d431a69ed67e2cc3ac6c501633804352b09e759404163e7,False
unsb-sixdomain-expanded-phase-field-v1,FoggyCityscapes,FoggyCityscapes__3412,2,0.74,2,0.7240133196652,0.9761828187982772,1.4787047031283862e-08,1.0152093559955329,1.0152093559955329,-0.1468090555069546,False,789cfe9ff13ca8fc0d431a69ed67e2cc3ac6c501633804352b09e759404163e7,False
unsb-sixdomain-expanded-phase-field-v1,FoggyCityscapes,FoggyCityscapes__3412,3,0.8600000000000001,4,0.864305982893794,1.0310984728231734,7.436693365558966e-07,1.001282052791146,1.001282052791146,-0.0638889125601134,False,789cfe9ff13ca8fc0d431a69ed67e2cc3ac6c501633804352b09e759404163e7,False
unsb-sixdomain-expanded-phase-field-v1,FoggyCityscapes,FoggyCityscapes__4182,1,0.5,4,0.2078443565538999,0.348766436846296,2.273044008571645e-08,0.7774339258283816,0.7774339258283816,-0.5729252516217174,False,b7f453e67125e0eeec2d24a87137c8a90f875bc4f2d7694384e51b770ff61250,False
unsb-sixdomain-expanded-phase-field-v1,FoggyCityscapes,FoggyCityscapes__4182,2,0.74,4,0.4660672178712651,0.6610799729450945,1.1291888557529717e-07,1.0520561301830131,1.0520561301830131,-0.3535903545780967,False,b7f453e67125e0eeec2d24a87137c8a90f875bc4f2d7694384e51b770ff61250,False
unsb-sixdomain-expanded-phase-field-v1,FoggyCityscapes,FoggyCityscapes__4182,3,0.8600000000000001,4,0.6753060507957436,0.8462714451749167,2.0429074162331418e-06,1.0674438119388945,1.0674438119388945,-0.1988443828737532,False,b7f453e67125e0eeec2d24a87137c8a90f875bc4f2d7694384e51b770ff61250,False
unsb-sixdomain-expanded-phase-field-v1,FoggyCityscapes,FoggyCityscapes__1088,1,0.5,4,0.1351516212749928,0.2441940652247925,7.181410022205625e-09,0.5905849680818986,0.5905849680818986,-0.6404611289968896,False,84d4409899636fd5ddb101ad66791e0d99f670ee184cabb2b7622333f86a9c86,False
unsb-sixdomain-expanded-phase-field-v1,FoggyCityscapes,FoggyCityscapes__1088,2,0.74,4,0.327950659363447,0.50849417320724,3.106423287491112e-07,0.9542854458385877,0.9542854458385877,-0.463869791877701,False,84d4409899636fd5ddb101ad66791e0d99f670ee184cabb2b7622333f86a9c86,False
unsb-sixdomain-expanded-phase-field-v1,FoggyCityscapes,FoggyCityscapes__1088,3,0.8600000000000001,4,0.5338452503733517,0.7072269164283345,3.438565181479447e-07,1.0383695944184324,1.0383695944184324,-0.2889365794587664,False,84d4409899636fd5ddb101ad66791e0d99f670ee184cabb2b7622333f86a9c86,False
unsb-sixdomain-expanded-phase-field-v1,FoggyCityscapes,FoggyCityscapes__0383,1,0.5,4,0.4246023732414297,0.6233669048062097,2.903100759787946e-09,1.1357459337300937,1.1357459337300937,-0.4272987733494941,False,3e7e5165de64e4d4c98a9e96626edb04fa5db6f52ef583d296e8321f0a1ebccd,False
unsb-sixdomain-expanded-phase-field-v1,FoggyCityscapes,FoggyCityscapes__0383,2,0.74,4,0.6902697269023406,0.8828122097893599,4.3979444708242e-07,1.1307619330359284,1.1307619330359284,-0.2143523526002642,False,3e7e5165de64e4d4c98a9e96626edb04fa5db6f52ef583d296e8321f0a1ebccd,False
unsb-sixdomain-expanded-phase-field-v1,FoggyCityscapes,FoggyCityscapes__0383,3,0.8600000000000001,4,0.825019992390267,0.9745479644269224,1.8487039883385847e-06,1.0766489915928277,1.0766489915928277,-0.1156096651997263,False,3e7e5165de64e4d4c98a9e96626edb04fa5db6f52ef583d296e8321f0a1ebccd,False
unsb-sixdomain-expanded-phase-field-v1,FoggyCityscapes,FoggyCityscapes__0280,1,0.5,4,0.1959466048358724,0.3200914525584999,1.3217112937446984e-07,0.7599691217837323,0.7599691217837323,-0.588658204004655,False,7b2ecd6e1c7798f7ee2b277115552e7dbf416b248176f10bd3ed3e25b1746a21,False
unsb-sixdomain-expanded-phase-field-v1,FoggyCityscapes,FoggyCityscapes__0280,2,0.74,4,0.4285909978348959,0.604117539351866,6.1201839152147394e-09,1.0276876386756637,1.0276876386756637,-0.3798180878988397,False,7b2ecd6e1c7798f7ee2b277115552e7dbf416b248176f10bd3ed3e25b1746a21,False
unsb-sixdomain-expanded-phase-field-v1,FoggyCityscapes,FoggyCityscapes__0280,3,0.8600000000000001,4,0.6364756631193842,0.78697771109593,9.834133185560034e-08,1.0443472698543312,1.0443472698543312,-0.2150631335224595,False,7b2ecd6e1c7798f7ee2b277115552e7dbf416b248176f10bd3ed3e25b1746a21,False
unsb-sixdomain-expanded-phase-field-v1,FoggyCityscapes,FoggyCityscapes__2997,1,0.5,4,0.1552391989104882,0.2702262049993539,1.1038465252966034e-08,0.7168951564877917,0.7168951564877917,-0.6644542532384611,False,b34747dbe8751d8fe79d32e3dc8d539840140def75a171729d73626dd59911e3,False
unsb-sixdomain-expanded-phase-field-v1,FoggyCityscapes,FoggyCityscapes__2997,2,0.74,4,0.3564538387112012,0.5406010188015316,4.026118027855574e-08,1.019090888068829,1.019090888068829,-0.4562096224128714,False,b34747dbe8751d8fe79d32e3dc8d539840140def75a171729d73626dd59911e3,False
unsb-sixdomain-expanded-phase-field-v1,FoggyCityscapes,FoggyCityscapes__2997,3,0.8600000000000001,4,0.5515591267401551,0.7230379063128497,2.168423907100703e-07,1.0403303728971118,1.0403303728971118,-0.2755792027619068,False,b34747dbe8751d8fe79d32e3dc8d539840140def75a171729d73626dd59911e3,False
unsb-sixdomain-expanded-phase-field-v1,FoggyCityscapes,FoggyCityscapes__2047,1,0.5,4,0.1783757148175561,0.313030070128276,7.799153667331639e-08,0.7277259959718112,0.7277259959718112,-0.6106321626449727,False,1e33720866ea461739690d8eb5437d34a7907ae51cedb4e7e5a4c7d7a3944f43,False
unsb-sixdomain-expanded-phase-field-v1,FoggyCityscapes,FoggyCityscapes__2047,2,0.74,4,0.4235335191122617,0.6340586248606114,3.188239485751865e-07,1.0601861430208996,1.0601861430208996,-0.3984943367774431,False,1e33720866ea461739690d8eb5437d34a7907ae51cedb4e7e5a4c7d7a3944f43,False
unsb-sixdomain-expanded-phase-field-v1,FoggyCityscapes,FoggyCityscapes__2047,3,0.8600000000000001,4,0.6417360745739453,0.8318994693392765,4.056645419581173e-07,1.0927101960010608,1.0927101960010608,-0.2311485420437312,False,1e33720866ea461739690d8eb5437d34a7907ae51cedb4e7e5a4c7d7a3944f43,False
unsb-sixdomain-expanded-phase-field-v1,FoggyCityscapes,FoggyCityscapes__0845,1,0.5,4,0.087006158158145,0.1824610824735439,1.9225042446890942e-08,0.3875285013923201,0.3875285013923201,-0.6487536565004628,False,3a501e212014d07889a7a7586128279128b7bf936a11ca0476f3361deb272306,False
unsb-sixdomain-expanded-phase-field-v1,FoggyCityscapes,FoggyCityscapes__0845,2,0.74,4,0.2403681945090095,0.4253688325592584,3.170549622844021e-08,0.7969011825587422,0.7969011825587422,-0.5205274699562955,False,3a501e212014d07889a7a7586128279128b7bf936a11ca0476f3361deb272306,False
unsb-sixdomain-expanded-phase-field-v1,FoggyCityscapes,FoggyCityscapes__0845,3,0.8600000000000001,4,0.4418836985481444,0.6389599281151147,3.892597427723743e-07,0.9387809486948124,0.9387809486948124,-0.327256287210772,False,3a501e212014d07889a7a7586128279128b7bf936a11ca0476f3361deb272306,False
unsb-sixdomain-expanded-phase-field-v1,FoggyCityscapes,FoggyCityscapes__4473,1,0.5,4,0.391666829425251,0.6360693496045353,5.627989492218433e-07,1.1068297571809624,1.1068297571809624,-0.4511640342962071,False,3635543647c7442e64ac8ecc2026427f1f63c0790cd15c3694ad523417bcfb73,False
unsb-sixdomain-expanded-phase-field-v1,FoggyCityscapes,FoggyCityscapes__4473,2,0.74,4,0.6314468643599183,0.8747524012565245,2.266539984363547e-06,1.1177520547672983,1.1177520547672983,-0.2480086659352543,False,3635543647c7442e64ac8ecc2026427f1f63c0790cd15c3694ad523417bcfb73,False
unsb-sixdomain-expanded-phase-field-v1,FoggyCityscapes,FoggyCityscapes__4473,3,0.8600000000000001,4,0.7533595227831684,0.95855589581516,2.466296104008947e-07,1.0738726449802625,1.0738726449802625,-0.153950497322589,False,3635543647c7442e64ac8ecc2026427f1f63c0790cd15c3694ad523417bcfb73,False
unsb-sixdomain-expanded-phase-field-v1,FoggyCityscapes,FoggyCityscapes__2385,1,0.5,4,0.4274931767056634,0.6706377583046199,1.088387939662816e-06,1.1758736937231409,1.1758736937231409,-0.4394314873069885,False,4f10b26ce75c3b7835aa373dbc5334dd4b7ec75025d32fa19c50d5c0d4a61552,False
unsb-sixdomain-expanded-phase-field-v1,FoggyCityscapes,FoggyCityscapes__2385,2,0.74,4,0.6726011817563043,0.9126232762832304,5.815058532476769e-07,1.1395200949259845,1.1395200949259845,-0.2289643621400093,False,4f10b26ce75c3b7835aa373dbc5334dd4b7ec75025d32fa19c50d5c0d4a61552,False
unsb-sixdomain-expanded-phase-field-v1,FoggyCityscapes,FoggyCityscapes__2385,3,0.8600000000000001,4,0.7770496291298541,0.983091582378782,1.0664529814796708e-07,1.080642513394474,1.080642513394474,-0.1432332915533017,False,4f10b26ce75c3b7835aa373dbc5334dd4b7ec75025d32fa19c50d5c0d4a61552,False
unsb-sixdomain-expanded-phase-field-v1,FoggyCityscapes,FoggyCityscapes__0233,1,0.5,4,0.1495668668045287,0.2673995792287171,2.3448661456981768e-08,0.6119568088737947,0.6119568088737947,-0.6118853753275052,False,d1e18f570e978a5de8f60a40f88418d9a9fd423b05e1c6e8e156839ed9921357,False
unsb-sixdomain-expanded-phase-field-v1,FoggyCityscapes,FoggyCityscapes__0233,2,0.74,4,0.3896142266154116,0.5901531218486261,1.945684391380098e-07,1.0009796000467712,1.0009796000467712,-0.4097904200580037,False,d1e18f570e978a5de8f60a40f88418d9a9fd423b05e1c6e8e156839ed9921357,False
unsb-sixdomain-expanded-phase-field-v1,FoggyCityscapes,FoggyCityscapes__0233,3,0.8600000000000001,4,0.6212961135392236,0.8121309940174017,1.324693863491433e-07,1.0513801124916635,1.0513801124916635,-0.2284611208773769,False,d1e18f570e978a5de8f60a40f88418d9a9fd423b05e1c6e8e156839ed9921357,False
unsb-sixdomain-expanded-phase-field-v1,FoggyCityscapes,FoggyCityscapes__3057,1,0.5,4,0.5067982369882609,0.755569691155916,6.32825828961181e-07,1.1957090768136849,1.1957090768136849,-0.3727904306306147,False,10ceffc53861701ee1dc084ac9dbaf5b33a837cb82ac2bd7a7f4f60de00a6f0e,False
unsb-sixdomain-expanded-phase-field-v1,FoggyCityscapes,FoggyCityscapes__3057,2,0.74,4,0.7198742115076242,0.9506411229789,5.809131107259446e-07,1.1496913232976207,1.1496913232976207,-0.2033246379124265,False,10ceffc53861701ee1dc084ac9dbaf5b33a837cb82ac2bd7a7f4f60de00a6f0e,False
unsb-sixdomain-expanded-phase-field-v1,FoggyCityscapes,FoggyCityscapes__3057,3,0.8600000000000001,4,0.817908629240913,1.0051442370035568,6.331076840560003e-08,1.0819397022290465,1.0819397022290465,-0.1214982675193491,False,10ceffc53861701ee1dc084ac9dbaf5b33a837cb82ac2bd7a7f4f60de00a6f0e,False
unsb-sixdomain-expanded-phase-field-v1,FoggyCityscapes,FoggyCityscapes__0991,1,0.5,4,0.27693191092315,0.4273429267948905,1.8348297547987613e-08,0.8477939800142854,0.8477939800142854,-0.485917325944254,False,fa2d2c29398e6e5742ed14ef11a00059e2f36dc55b76a19deb9a3af4dd85c483,False
unsb-sixdomain-expanded-phase-field-v1,FoggyCityscapes,FoggyCityscapes__0991,2,0.74,5,0.5109204731935781,0.647273057724469,1.1325330420142166e-06,1.0204789934167753,1.0204789934167753,-0.300450763452383,False,fa2d2c29398e6e5742ed14ef11a00059e2f36dc55b76a19deb9a3af4dd85c483,False
unsb-sixdomain-expanded-phase-field-v1,FoggyCityscapes,FoggyCityscapes__0991,3,0.8600000000000001,5,0.6690328518981308,0.7495029597404586,1.572039347585985e-07,1.0193358188521175,1.0193358188521175,-0.1828698416299891,False,fa2d2c29398e6e5742ed14ef11a00059e2f36dc55b76a19deb9a3af4dd85c483,False
unsb-sixdomain-expanded-phase-field-v1,FoggyCityscapes,FoggyCityscapes__2137,1,0.5,4,0.4623461916988387,0.6714130195923868,8.714300225864947e-08,1.1338805374421623,1.1338805374421623,-0.3896000161479637,False,65c7998a7b217abf1a02002396d20d04a9bd3818764faed2dc719659d54d3993,False
unsb-sixdomain-expanded-phase-field-v1,FoggyCityscapes,FoggyCityscapes__2137,2,0.74,4,0.6772055899272496,0.8877728739980755,1.6472940345124698e-07,1.0997658265642336,1.0997658265642336,-0.2105796862670691,False,65c7998a7b217abf1a02002396d20d04a9bd3818764faed2dc719659d54d3993,False
unsb-sixdomain-expanded-phase-field-v1,FoggyCityscapes,FoggyCityscapes__2137,3,0.8600000000000001,4,0.7676771173851632,0.9443308477208876,6.590235723802351e-07,1.0439027904413862,1.0439027904413862,-0.1334814629709654,False,65c7998a7b217abf1a02002396d20d04a9bd3818764faed2dc719659d54d3993,False
unsb-sixdomain-expanded-phase-field-v1,FoggyCityscapes,FoggyCityscapes__0557,1,0.5,4,0.5696887499739929,0.7779366582885083,2.1360357971289545e-07,1.2474446267062236,1.2474446267062236,-0.3403836334231943,False,db537aefba4cb03b36335c1ef1d659b6e975b933605e0658c7fd6f5119d75f45,False
unsb-sixdomain-expanded-phase-field-v1,FoggyCityscapes,FoggyCityscapes__0557,2,0.74,4,0.7602601052350475,0.9456662829300426,1.431936954121582e-06,1.1993761409503874,1.1993761409503874,-0.1979932038025163,False,db537aefba4cb03b36335c1ef1d659b6e975b933605e0658c7fd6f5119d75f45,False
unsb-sixdomain-expanded-phase-field-v1,FoggyCityscapes,FoggyCityscapes__0557,3,0.8600000000000001,4,0.8301358056747619,0.9894101380118208,1.2346531719220621e-07,1.1128508481156736,1.1128508481156736,-0.1272878147284065,False,db537aefba4cb03b36335c1ef1d659b6e975b933605e0658c7fd6f5119d75f45,False
unsb-sixdomain-expanded-phase-field-v1,FoggyCityscapes,FoggyCityscapes__2757,1,0.5,4,0.6935006379169226,0.926033255761304,1.222388492649884e-07,1.2488123762008003,1.2488123762008003,-0.2554503292017361,False,0ba1b954cbb07eaa3b8031f69bf763500e418bf09e4781cc7b7ea581eeec16d5,False
unsb-sixdomain-expanded-phase-field-v1,FoggyCityscapes,FoggyCityscapes__2757,2,0.74,4,0.7991844306213135,1.0193340287735906,4.3598157306590224e-08,1.1657857623211827,1.1657857623211827,-0.1639717324446222,False,0ba1b954cbb07eaa3b8031f69bf763500e418bf09e4781cc7b7ea581eeec16d5,False
unsb-sixdomain-expanded-phase-field-v1,FoggyCityscapes,FoggyCityscapes__2757,3,0.8600000000000001,4,0.8472477189885035,1.03845510060634,1.046281661976067e-06,1.0972498835005855,1.0972498835005855,-0.112295135128965,False,0ba1b954cbb07eaa3b8031f69bf763500e418bf09e4781cc7b7ea581eeec16d5,False
unsb-sixdomain-expanded-phase-field-v1,FoggyCityscapes,FoggyCityscapes__1164,1,0.5,4,0.7393016040741445,0.9802323179825146,2.7746714281740026e-07,1.2718548843320925,1.2718548843320925,-0.235615913660079,False,7427eaf8b99ba8cdeb3602f25b90867dece15d5b246c55a5b30f2c602557bce1,False
unsb-sixdomain-expanded-phase-field-v1,FoggyCityscapes,FoggyCityscapes__1164,2,0.74,4,0.8410051722244214,1.0559802072759186,7.021588424027669e-07,1.1606299568555136,1.1606299568555136,-0.1398951091472336,False,7427eaf8b99ba8cdeb3602f25b90867dece15d5b246c55a5b30f2c602557bce1,False
unsb-sixdomain-expanded-phase-field-v1,FoggyCityscapes,FoggyCityscapes__1164,3,0.8600000000000001,4,0.8655795656258636,1.049080173954763,4.3159585760843566e-07,1.0868220097099828,1.0868220097099828,-0.0988514297492503,False,7427eaf8b99ba8cdeb3602f25b90867dece15d5b246c55a5b30f2c602557bce1,False
unsb-sixdomain-expanded-phase-field-v1,FoggyCityscapes,FoggyCityscapes__1170,1,0.5,4,0.5981673472896856,0.8653196136685075,1.0196113231497606e-06,1.2325034361527518,1.2325034361527518,-0.3139654366294279,False,6731c6ded961a49d3a016a6cac7f4532907669fd07ee93986efa8efecb3d2758,False
unsb-sixdomain-expanded-phase-field-v1,FoggyCityscapes,FoggyCityscapes__1170,2,0.74,4,0.7743209193049068,1.0100381580308364,2.777638059558996e-07,1.169744294120625,1.169744294120625,-0.1791699429676997,False,6731c6ded961a49d3a016a6cac7f4532907669fd07ee93986efa8efecb3d2758,False
unsb-sixdomain-expanded-phase-field-v1,FoggyCityscapes,FoggyCityscapes__1170,3,0.8600000000000001,4,0.8458561769664976,1.0415031083349937,1.0169653708036464e-06,1.1139129126520908,1.1139129126520908,-0.1195547132408796,False,6731c6ded961a49d3a016a6cac7f4532907669fd07ee93986efa8efecb3d2758,False
unsb-sixdomain-expanded-phase-field-v1,FoggyCityscapes,FoggyCityscapes__2609,1,0.5,4,0.1298890463780859,0.2562050396101768,1.153679400900387e-07,0.6172694925966873,0.6172694925966873,-0.6769022849924865,False,9476376efd0d0c7d421ac8b82ee515d6344ff8ced51f2070bc30e04d63bd6a2a,False
unsb-sixdomain-expanded-phase-field-v1,FoggyCityscapes,FoggyCityscapes__2609,2,0.74,4,0.3384101424047252,0.5473184416398507,5.2944804873611424e-08,0.9757965486460995,0.9757965486460995,-0.4599159070036377,False,9476376efd0d0c7d421ac8b82ee515d6344ff8ced51f2070bc30e04d63bd6a2a,False
unsb-sixdomain-expanded-phase-field-v1,FoggyCityscapes,FoggyCityscapes__2609,3,0.8600000000000001,4,0.559271484619482,0.7587840197590666,7.287282456358568e-07,1.031380653809128,1.031380653809128,-0.265796304168104,False,9476376efd0d0c7d421ac8b82ee515d6344ff8ced51f2070bc30e04d63bd6a2a,False
unsb-sixdomain-expanded-phase-field-v1,FoggyCityscapes,FoggyCityscapes__2486,1,0.5,4,0.2835037168231156,0.4900705230155175,9.65912194672569e-09,1.003787815590886,1.003787815590886,-0.549083162719503,False,3b44c5c0b580c2be2295461632c113751ea477b4dd7a70fbd34418b3db2a1d10,False
unsb-sixdomain-expanded-phase-field-v1,FoggyCityscapes,FoggyCityscapes__2486,2,0.74,4,0.5694810663180807,0.8018269147915094,6.923775275335943e-08,1.098727451689408,1.098727451689408,-0.285410685936297,False,3b44c5c0b580c2be2295461632c113751ea477b4dd7a70fbd34418b3db2a1d10,False
unsb-sixdomain-expanded-phase-field-v1,FoggyCityscapes,FoggyCityscapes__2486,3,0.8600000000000001,4,0.7469384858137808,0.933081249297137,1.0946618633767002e-07,1.0679179876911014,1.0679179876911014,-0.1552530647721414,False,3b44c5c0b580c2be2295461632c113751ea477b4dd7a70fbd34418b3db2a1d10,False
unsb-sixdomain-expanded-phase-field-v1,FoggyCityscapes,FoggyCityscapes__4199,1,0.5,4,0.5876192303542198,0.8079509365302637,8.886856250889252e-08,1.2997356670123985,1.2997356670123985,-0.3447590368799924,False,641e085276a854c04f2eb463d4424f5456c6d45ad36076f4b979de07bc92f8b6,False
unsb-sixdomain-expanded-phase-field-v1,FoggyCityscapes,FoggyCityscapes__4199,2,0.74,4,0.764074364717194,0.9680831120790464,2.949502042604024e-08,1.2099774606699292,1.2099774606699292,-0.1996416513869691,False,641e085276a854c04f2eb463d4424f5456c6d45ad36076f4b979de07bc92f8b6,False
unsb-sixdomain-expanded-phase-field-v1,FoggyCityscapes,FoggyCityscapes__4199,3,0.8600000000000001,4,0.8303558530693671,0.9985345890963888,1.0445501685829583e-06,1.1270347649740635,1.1270347649740635,-0.1326730613805855,False,641e085276a854c04f2eb463d4424f5456c6d45ad36076f4b979de07bc92f8b6,False
unsb-sixdomain-expanded-phase-field-v1,FoggyCityscapes,FoggyCityscapes__1124,1,0.5,4,0.6552049058817198,0.91335443248918,1.4670188008825138e-07,0.9981105608352254,0.9981105608352254,-0.1828015102397115,False,3909aa7b5e48553b560b7fa1497536d884145e5a6817aebce0329751e44ad0e7,False
unsb-sixdomain-expanded-phase-field-v1,FoggyCityscapes,FoggyCityscapes__1124,2,0.74,4,0.8137037774254364,1.0215501391522932,5.72820682664954e-07,1.0330968479647804,1.0330968479647804,-0.1036747043819028,False,3909aa7b5e48553b560b7fa1497536d884145e5a6817aebce0329751e44ad0e7,False
unsb-sixdomain-expanded-phase-field-v1,FoggyCityscapes,FoggyCityscapes__1124,3,0.8600000000000001,4,0.8742893862387613,1.0425524992014994,1.4542297703812324e-06,1.0167893520251752,1.0167893520251752,-0.0655757834299635,False,3909aa7b5e48553b560b7fa1497536d884145e5a6817aebce0329751e44ad0e7,False
unsb-sixdomain-expanded-phase-field-v1,FoggyCityscapes,FoggyCityscapes__1828,1,0.5,4,0.3730908945151789,0.5767475026856818,7.738314644623047e-08,1.048540315554932,1.048540315554932,-0.4487704834260159,False,c499500a4998c707dab09c477881e67d48d43c49b402f73bdfe997ad67725365,False
unsb-sixdomain-expanded-phase-field-v1,FoggyCityscapes,FoggyCityscapes__1828,2,0.74,4,0.5928874896339371,0.8069125344386228,6.241157659570007e-07,1.0376011008615134,1.0376011008615134,-0.2430581373427298,False,c499500a4998c707dab09c477881e67d48d43c49b402f73bdfe997ad67725365,False
unsb-sixdomain-expanded-phase-field-v1,FoggyCityscapes,FoggyCityscapes__1828,3,0.8600000000000001,4,0.6956415874518258,0.8764664934899048,9.656410095981729e-07,0.9962540197842552,0.9962540197842552,-0.1559845492637323,False,c499500a4998c707dab09c477881e67d48d43c49b402f73bdfe997ad67725365,False
unsb-sixdomain-expanded-phase-field-v1,FoggyCityscapes,FoggyCityscapes__1422,1,0.5,4,0.4756932396306476,0.7345706439983871,6.053653300863715e-08,1.1624101188192115,1.1624101188192115,-0.3880324024163369,False,9e1c6d96f514e7e7326a5bd672d4bf23cd223dcd187d46747d0f66fc9549bc7e,False
unsb-sixdomain-expanded-phase-field-v1,FoggyCityscapes,FoggyCityscapes__1422,2,0.74,4,0.6446430083329299,0.8562035291597778,1.1797977739202993e-07,1.0691906420315511,1.0691906420315511,-0.2197358722323643,False,9e1c6d96f514e7e7326a5bd672d4bf23cd223dcd187d46747d0f66fc9549bc7e,False
unsb-sixdomain-expanded-phase-field-v1,FoggyCityscapes,FoggyCityscapes__1422,3,0.8600000000000001,4,0.7048511817983174,0.8535136404192641,6.580507020403914e-07,0.9934126196013016,0.9934126196013016,-0.149032240414636,False,9e1c6d96f514e7e7326a5bd672d4bf23cd223dcd187d46747d0f66fc9549bc7e,False
unsb-sixdomain-expanded-phase-field-v1,FoggyCityscapes,FoggyCityscapes__0922,1,0.5,2,0.6641228110464735,0.9207703028012716,3.4479168631307295e-08,1.2584799800893978,1.2584799800893978,-0.2775979136961433,False,90927c3b24ffa143219b7550c96174aa053f2541835221d494e7b2ff44d5ad48,False
unsb-sixdomain-expanded-phase-field-v1,FoggyCityscapes,FoggyCityscapes__0922,2,0.74,4,0.8302564423700971,1.036611419125164,3.985519143601124e-07,1.1651663042989575,1.1651663042989575,-0.1471756624902468,False,90927c3b24ffa143219b7550c96174aa053f2541835221d494e7b2ff44d5ad48,False
unsb-sixdomain-expanded-phase-field-v1,FoggyCityscapes,FoggyCityscapes__0922,3,0.8600000000000001,4,0.8728867851977464,1.0479851630583452,1.677091649665563e-06,1.0789065741699926,1.0789065741699926,-0.0920259207452844,False,90927c3b24ffa143219b7550c96174aa053f2541835221d494e7b2ff44d5ad48,False
unsb-sixdomain-expanded-phase-field-v1,FoggyCityscapes,FoggyCityscapes__2107,1,0.5,4,0.1740672966063996,0.3003003630536165,8.160767839271443e-08,0.7075537616879558,0.7075537616879558,-0.6090422597616305,False,4f78f4287b1418792390fc909d4142bd6e65e1a6fa3be1c3f044fbdcf2d8cb4c,False
unsb-sixdomain-expanded-phase-field-v1,FoggyCityscapes,FoggyCityscapes__2107,2,0.74,4,0.4276719956043698,0.6200043144330382,6.0961316550312e-08,1.0260330434281888,1.0260330434281888,-0.3800505343235164,False,4f78f4287b1418792390fc909d4142bd6e65e1a6fa3be1c3f044fbdcf2d8cb4c,False
unsb-sixdomain-expanded-phase-field-v1,FoggyCityscapes,FoggyCityscapes__2107,3,0.8600000000000001,4,0.6621212325241899,0.8312461108531332,1.2401505996573192e-06,1.0567348485562045,1.0567348485562045,-0.2030285148284312,False,4f78f4287b1418792390fc909d4142bd6e65e1a6fa3be1c3f044fbdcf2d8cb4c,False
unsb-sixdomain-expanded-phase-field-v1,FoggyCityscapes,FoggyCityscapes__0446,1,0.5,4,0.2142543119927496,0.3705727527529407,4.678756315712462e-08,0.8082830277245314,0.8082830277245314,-0.5766338884925208,False,30caccb4b3a51fbb89ac4c08b7e035b666c8a734b3873dd8f5e2187b7d0fe599,False
unsb-sixdomain-expanded-phase-field-v1,FoggyCityscapes,FoggyCityscapes__0446,2,0.74,4,0.4527194216728913,0.6581761434271549,7.906900381104975e-07,1.0193465892523497,1.0193465892523497,-0.352492747963927,False,30caccb4b3a51fbb89ac4c08b7e035b666c8a734b3873dd8f5e2187b7d0fe599,False
unsb-sixdomain-expanded-phase-field-v1,FoggyCityscapes,FoggyCityscapes__0446,3,0.8600000000000001,4,0.6376230215475688,0.8187245393952767,2.6731085989162295e-07,1.0334135016502244,1.0334135016502244,-0.2097101423589813,False,30caccb4b3a51fbb89ac4c08b7e035b666c8a734b3873dd8f5e2187b7d0fe599,False
unsb-sixdomain-expanded-phase-field-v1,FoggyCityscapes,FoggyCityscapes__0910,1,0.5,4,0.3867569541820462,0.5786352013152551,7.262099832594515e-08,1.046378336684784,1.046378336684784,-0.4322506084296209,False,239811cd4a18628ed37dbf167471cd5007ad3afa093da2736981433a5f3fe96a,False
unsb-sixdomain-expanded-phase-field-v1,FoggyCityscapes,FoggyCityscapes__0910,2,0.74,4,0.6560410552319721,0.8615927738745482,7.480678765325878e-08,1.0909243617237243,1.0909243617237243,-0.2208636217121501,False,239811cd4a18628ed37dbf167471cd5007ad3afa093da2736981433a5f3fe96a,False
unsb-sixdomain-expanded-phase-field-v1,FoggyCityscapes,FoggyCityscapes__0910,3,0.8600000000000001,4,0.8016313025358315,0.9730488687905016,5.580610780153705e-07,1.0551733229733604,1.0551733229733604,-0.1193491353666301,False,239811cd4a18628ed37dbf167471cd5007ad3afa093da2736981433a5f3fe96a,False
unsb-sixdomain-expanded-phase-field-v1,FoggyCityscapes,FoggyCityscapes__0965,1,0.5,2,0.54344702696726,0.8355444317618482,1.0139875494807883e-07,0.9814736208820336,0.9814736208820336,-0.2567214143327471,False,61c60f22f54ede8c3159d669d5575875f0e7856abd2cfda9b9eca1d73cad1367,False
unsb-sixdomain-expanded-phase-field-v1,FoggyCityscapes,FoggyCityscapes__0965,2,0.74,2,0.7461625830858157,0.949200616375398,2.814123980510175e-07,0.9872788932928628,0.9872788932928628,-0.1216063852660498,False,61c60f22f54ede8c3159d669d5575875f0e7856abd2cfda9b9eca1d73cad1367,False
unsb-sixdomain-expanded-phase-field-v1,FoggyCityscapes,FoggyCityscapes__0965,3,0.8600000000000001,2,0.8458590934722137,0.9650196897722252,2.7756062408457183e-06,0.9600979838998224,0.9600979838998224,-0.0550175351374779,False,61c60f22f54ede8c3159d669d5575875f0e7856abd2cfda9b9eca1d73cad1367,False
unsb-sixdomain-expanded-phase-field-v1,FoggyCityscapes,FoggyCityscapes__1927,1,0.5,4,0.6376188630821731,0.9230682776430152,2.620790680030183e-07,1.1614213900603572,1.1614213900603572,-0.2604286636464442,False,a3767cba7279faa07596472986ba3fd73fb46513ddf3ca223eb9118652ed95c8,False
unsb-sixdomain-expanded-phase-field-v1,FoggyCityscapes,FoggyCityscapes__1927,2,0.74,4,0.7835414671932049,1.026562124434998,4.391909492751367e-07,1.1397902099824029,1.1397902099824029,-0.1627629368769519,False,a3767cba7279faa07596472986ba3fd73fb46513ddf3ca223eb9118652ed95c8,False
unsb-sixdomain-expanded-phase-field-v1,FoggyCityscapes,FoggyCityscapes__1927,3,0.8600000000000001,4,0.8527241762011437,1.0439734817049544,6.745907775940196e-06,1.0883046366811222,1.0883046366811222,-0.1059419033159307,False,a3767cba7279faa07596472986ba3fd73fb46513ddf3ca223eb9118652ed95c8,False
unsb-sixdomain-expanded-phase-field-v1,FoggyCityscapes,FoggyCityscapes__1621,1,0.5,4,0.1319323570637635,0.2393173789733206,2.959051459416884e-08,0.5626408458011875,0.5626408458011875,-0.6298799357834772,False,93247a24e18fe21b403425e7a115efda3e12f0039e96735b0c9d6a414970600f,False
unsb-sixdomain-expanded-phase-field-v1,FoggyCityscapes,FoggyCityscapes__1621,2,0.74,4,0.3401403491185041,0.5284859646719917,1.350062647231809e-07,0.9456933291758912,0.9456933291758912,-0.444092172444658,False,93247a24e18fe21b403425e7a115efda3e12f0039e96735b0c9d6a414970600f,False
unsb-sixdomain-expanded-phase-field-v1,FoggyCityscapes,FoggyCityscapes__1621,3,0.8600000000000001,4,0.5674998038931431,0.7483493286419076,2.332830243423345e-07,1.0310093857457732,1.0310093857457732,-0.2592969030915517,False,93247a24e18fe21b403425e7a115efda3e12f0039e96735b0c9d6a414970600f,False
unsb-sixdomain-expanded-phase-field-v1,FoggyCityscapes,FoggyCityscapes__3588,1,0.5,4,0.5011319007188644,0.6979561383938042,6.653827344660358e-08,1.1792035546222617,1.1792035546222617,-0.3716367300155019,False,9f4ebff1ef1cc5ab5eee2066988eee55d4248bc2231035fa12b09c30e4a2f472,False
unsb-sixdomain-expanded-phase-field-v1,FoggyCityscapes,FoggyCityscapes__3588,2,0.74,4,0.7111173864192462,0.8932911199194432,3.6381531398621547e-07,1.1579264402784422,1.1579264402784422,-0.211739673768356,False,9f4ebff1ef1cc5ab5eee2066988eee55d4248bc2231035fa12b09c30e4a2f472,False
unsb-sixdomain-expanded-phase-field-v1,FoggyCityscapes,FoggyCityscapes__3588,3,0.8600000000000001,4,0.8005537062370538,0.951411722668748,6.946145184594243e-07,1.0843245790711595,1.0843245790711595,-0.1317688298424536,False,9f4ebff1ef1cc5ab5eee2066988eee55d4248bc2231035fa12b09c30e4a2f472,False
unsb-sixdomain-expanded-phase-field-v1,FoggyCityscapes,FoggyCityscapes__3459,1,0.5,4,0.4554812160071132,0.6580034228295795,3.594463526823688e-08,1.1490958613824085,1.1490958613824085,-0.4018857890591218,False,294159196faa1149b2669249dc98ee185636b1b60537ba82476913fc86b564ac,False
unsb-sixdomain-expanded-phase-field-v1,FoggyCityscapes,FoggyCityscapes__3459,2,0.74,4,0.6906701173412872,0.8879999860053356,2.940033874132553e-07,1.1523819904351775,1.1523819904351775,-0.2223257963058713,False,294159196faa1149b2669249dc98ee185636b1b60537ba82476913fc86b564ac,False
unsb-sixdomain-expanded-phase-field-v1,FoggyCityscapes,FoggyCityscapes__3459,3,0.8600000000000001,4,0.7978326781635922,0.964138161494447,1.108066279398301e-06,1.0971216492748024,1.0971216492748024,-0.1383429645238708,False,294159196faa1149b2669249dc98ee185636b1b60537ba82476913fc86b564ac,False
unsb-sixdomain-expanded-phase-field-v1,FoggyCityscapes,FoggyCityscapes__2907,1,0.5,4,0.5478399540545935,0.813806590986693,1.0022107987950336e-07,1.073345016388069,1.073345016388069,-0.2920856419349297,False,d99496e44f48759102a97d60ae5c20fcf4cd0f1aae6b9abd59612b12a400cd96,False
unsb-sixdomain-expanded-phase-field-v1,FoggyCityscapes,FoggyCityscapes__2907,2,0.74,4,0.7521075539988042,0.9601598922776158,2.177142895853912e-06,1.0605448165898426,1.0605448165898426,-0.1492490750363258,False,d99496e44f48759102a97d60ae5c20fcf4cd0f1aae6b9abd59612b12a400cd96,False
unsb-sixdomain-expanded-phase-field-v1,FoggyCityscapes,FoggyCityscapes__2907,3,0.8600000000000001,4,0.8343069082274337,0.9848795117840674,5.087236085721258e-07,1.0205551165935194,1.0205551165935194,-0.0875106247597826,False,d99496e44f48759102a97d60ae5c20fcf4cd0f1aae6b9abd59612b12a400cd96,False
unsb-sixdomain-expanded-phase-field-v1,FoggyCityscapes,FoggyCityscapes__2715,1,0.5,4,0.3925441394864137,0.5882106060621872,2.0976364534242012e-08,1.101244905878234,1.101244905878234,-0.4479954145554082,False,1cb057920dfd4edaafe898564db72b29ab06eed864a98937c8a4e8fdbc1d5812,False
unsb-sixdomain-expanded-phase-field-v1,FoggyCityscapes,FoggyCityscapes__2715,2,0.74,4,0.6280022952810775,0.8418578896985167,9.357034725931968e-07,1.1514966285648802,1.1514966285648802,-0.2633014397031205,False,1cb057920dfd4edaafe898564db72b29ab06eed864a98937c8a4e8fdbc1d5812,False
unsb-sixdomain-expanded-phase-field-v1,FoggyCityscapes,FoggyCityscapes__2715,3,0.8600000000000001,4,0.7542664123277352,0.9432150874877334,1.1320361855693406e-06,1.1043901136853085,1.1043901136853085,-0.1655977413487671,False,1cb057920dfd4edaafe898564db72b29ab06eed864a98937c8a4e8fdbc1d5812,False
unsb-sixdomain-expanded-phase-field-v1,FoggyCityscapes,FoggyCityscapes__4142,1,0.5,4,0.1738665165484773,0.2961099436010052,9.961851588080607e-08,0.718428607282557,0.718428607282557,-0.6161676642488165,False,22d374c003b9976f65e68d38995a2236f3624d40da72d0500f98caa34df0ef71,False
unsb-sixdomain-expanded-phase-field-v1,FoggyCityscapes,FoggyCityscapes__4142,2,0.74,4,0.419614785031223,0.6080815478445392,2.0421694890693234e-07,1.0499721981633652,1.0499721981633652,-0.3983270176358871,False,22d374c003b9976f65e68d38995a2236f3624d40da72d0500f98caa34df0ef71,False
unsb-sixdomain-expanded-phase-field-v1,FoggyCityscapes,FoggyCityscapes__4142,3,0.8600000000000001,4,0.6446866367972435,0.8104091237300963,1.5882941939437958e-07,1.0824190445888917,1.0824190445888917,-0.2250467566822238,False,22d374c003b9976f65e68d38995a2236f3624d40da72d0500f98caa34df0ef71,False
unsb-sixdomain-expanded-phase-field-v1,FoggyCityscapes,FoggyCityscapes__4028,1,0.5,4,0.7082866734393695,0.9522401314524452,2.6629732374772175e-07,1.176868849964356,1.176868849964356,-0.2205189973126178,False,d6ca24c6364848c3b7ecf5cecbc816715181795cfa0cf83bc8dab8ba77c3c3ac,False
unsb-sixdomain-expanded-phase-field-v1,FoggyCityscapes,FoggyCityscapes__4028,2,0.74,4,0.8387513150218828,1.0379388626668402,1.2921124636910974e-07,1.1250654170908276,1.1250654170908276,-0.1275445612179182,False,d6ca24c6364848c3b7ecf5cecbc816715181795cfa0cf83bc8dab8ba77c3c3ac,False
unsb-sixdomain-expanded-phase-field-v1,FoggyCityscapes,FoggyCityscapes__4028,3,0.8600000000000001,4,0.8748629030894792,1.034955083836406,8.291787619851831e-07,1.064847132607253,1.064847132607253,-0.0853472642911521,False,d6ca24c6364848c3b7ecf5cecbc816715181795cfa0cf83bc8dab8ba77c3c3ac,False
unsb-sixdomain-expanded-phase-field-v1,FoggyCityscapes,FoggyCityscapes__2242,1,0.5,4,0.1246311632120553,0.2349320410933596,6.332563950994796e-08,0.5408318511636057,0.5408318511636057,-0.6374356121381564,False,a60709d7ce39558e918f6e3da050a9db458fd05e42f7163a74d59944c83e1199,False
unsb-sixdomain-expanded-phase-field-v1,FoggyCityscapes,FoggyCityscapes__2242,2,0.74,4,0.3392208552748061,0.532165687892934,7.596808492271734e-07,0.947643582908252,0.947643582908252,-0.4461624812695514,False,a60709d7ce39558e918f6e3da050a9db458fd05e42f7163a74d59944c83e1199,False
unsb-sixdomain-expanded-phase-field-v1,FoggyCityscapes,FoggyCityscapes__2242,3,0.8600000000000001,4,0.582595623366579,0.7626209828876871,7.071732754937443e-09,1.035687848715508,1.035687848715508,-0.2498616631308282,False,a60709d7ce39558e918f6e3da050a9db458fd05e42f7163a74d59944c83e1199,False
unsb-sixdomain-expanded-phase-field-v1,FoggyCityscapes,FoggyCityscapes__3111,1,0.5,4,0.5695986658157055,0.8194936357596383,6.645024575036018e-08,1.2065107886357933,1.2065107886357933,-0.3259622463570419,False,ddfb3a8892164cba81381ff05917d7ba734aca09aa6b1604832033486e5c7d42,False
unsb-sixdomain-expanded-phase-field-v1,FoggyCityscapes,FoggyCityscapes__3111,2,0.74,4,0.7557960208794396,0.9687612110267364,2.3259502546224558e-07,1.1546169334528122,1.1546169334528122,-0.1840333214019669,False,ddfb3a8892164cba81381ff05917d7ba734aca09aa6b1604832033486e5c7d42,False
unsb-sixdomain-expanded-phase-field-v1,FoggyCityscapes,FoggyCityscapes__3111,3,0.8600000000000001,4,0.8232677521811875,0.9948979522754856,4.898619999638143e-07,1.0897969160804004,1.0897969160804004,-0.1218044703905146,False,ddfb3a8892164cba81381ff05917d7ba734aca09aa6b1604832033486e5c7d42,False
unsb-sixdomain-expanded-phase-field-v1,FoggyCityscapes,FoggyCityscapes__0888,1,0.5,4,0.4679588889768427,0.6812439468773077,2.3998997145113776e-07,1.1620594320510589,1.1620594320510589,-0.3950206388554394,False,e47bc791a48f699c2e6e07accf1b39586c0faf059b06784ee6fb674a91bbe729,False
unsb-sixdomain-expanded-phase-field-v1,FoggyCityscapes,FoggyCityscapes__0888,2,0.74,4,0.6848985924451101,0.9135037462393923,8.143577804320401e-07,1.1471454205871987,1.1471454205871987,-0.2239922020725909,False,e47bc791a48f699c2e6e07accf1b39586c0faf059b06784ee6fb674a91bbe729,False
unsb-sixdomain-expanded-phase-field-v1,FoggyCityscapes,FoggyCityscapes__0888,3,0.8600000000000001,4,0.7885151662435643,0.9923271446557872,2.896526876128292e-07,1.0923439693420358,1.0923439693420358,-0.1415493644172096,False,e47bc791a48f699c2e6e07accf1b39586c0faf059b06784ee6fb674a91bbe729,False
unsb-sixdomain-expanded-phase-field-v1,FoggyCityscapes,FoggyCityscapes__4528,1,0.5,4,0.3170539877458191,0.5068639224483407,2.5254723423628892e-08,1.0894423365137218,1.0894423365137218,-0.5360710283651828,False,b490303d5620b14b4fb668440ff66927dec1f1c075465eb20f9fd88fb6188a0b,False
unsb-sixdomain-expanded-phase-field-v1,FoggyCityscapes,FoggyCityscapes__4528,2,0.74,4,0.6012399899131207,0.8180569900289095,6.067542002163863e-08,1.1762084527560983,1.1762084527560983,-0.2914364372671204,False,b490303d5620b14b4fb668440ff66927dec1f1c075465eb20f9fd88fb6188a0b,False
unsb-sixdomain-expanded-phase-field-v1,FoggyCityscapes,FoggyCityscapes__4528,3,0.8600000000000001,4,0.7760889671975819,0.9587279972921736,9.785342638402028e-07,1.1350954623957206,1.1350954623957206,-0.1651208779691221,False,b490303d5620b14b4fb668440ff66927dec1f1c075465eb20f9fd88fb6188a0b,False
unsb-sixdomain-expanded-phase-field-v1,FoggyCityscapes,FoggyCityscapes__2912,1,0.5,4,0.194435396937997,0.3424370756535874,8.041835386496389e-08,0.7846634381572861,0.7846634381572861,-0.6059080858384693,False,b0402025478205951f5be7e588dd7a62d67c506ffaaadd746ad14bab75d7717c,False
unsb-sixdomain-expanded-phase-field-v1,FoggyCityscapes,FoggyCityscapes__2912,2,0.74,4,0.4464232630256492,0.6703133486546609,1.8073787699801613e-07,1.0633849339444696,1.0633849339444696,-0.3769436854131827,False,b0402025478205951f5be7e588dd7a62d67c506ffaaadd746ad14bab75d7717c,False
unsb-sixdomain-expanded-phase-field-v1,FoggyCityscapes,FoggyCityscapes__2912,3,0.8600000000000001,4,0.6466475357167007,0.8550788445367039,1.0343455603134545e-07,1.082013498691575,1.082013498691575,-0.2235650519805936,False,b0402025478205951f5be7e588dd7a62d67c506ffaaadd746ad14bab75d7717c,False
unsb-sixdomain-expanded-phase-field-v1,FoggyCityscapes,FoggyCityscapes__1742,1,0.5,4,0.4353321644731479,0.6376901422265463,9.07179487086296e-08,1.147255563958926,1.147255563958926,-0.4208394164652098,False,76126342fd34d47b19ae002926dd0f4ff98926347ebde93fd3a8ab2637bfe876,False
unsb-sixdomain-expanded-phase-field-v1,FoggyCityscapes,FoggyCityscapes__1742,2,0.74,4,0.6620635941747197,0.8692082513251538,1.021937140466278e-07,1.1552359566820027,1.1552359566820027,-0.2417709904631828,False,76126342fd34d47b19ae002926dd0f4ff98926347ebde93fd3a8ab2637bfe876,False
unsb-sixdomain-expanded-phase-field-v1,FoggyCityscapes,FoggyCityscapes__1742,3,0.8600000000000001,4,0.7750643673054547,0.949897329332813,3.531702389425462e-07,1.088791286364207,1.088791286364207,-0.1476068653770535,False,76126342fd34d47b19ae002926dd0f4ff98926347ebde93fd3a8ab2637bfe876,False
unsb-sixdomain-expanded-phase-field-v1,FoggyCityscapes,FoggyCityscapes__3688,1,0.5,4,0.1673511390869457,0.2974354527117225,3.071295966439181e-07,0.6731128884119588,0.6731128884119588,-0.6044592335181088,False,e24af39bfea89df04f7f41471d52e9059da610a98f074c8985e7c8c181ae4587,False
unsb-sixdomain-expanded-phase-field-v1,FoggyCityscapes,FoggyCityscapes__3688,2,0.74,4,0.3898059896253669,0.5849566433528481,1.937455258449461e-07,0.9551759953792994,0.9551759953792994,-0.3892348915717968,False,e24af39bfea89df04f7f41471d52e9059da610a98f074c8985e7c8c181ae4587,False
unsb-sixdomain-expanded-phase-field-v1,FoggyCityscapes,FoggyCityscapes__3688,3,0.8600000000000001,4,0.5859324995369586,0.7646234870911609,5.98050325928412e-08,1.0066534180450355,1.0066534180450355,-0.2350323850957234,False,e24af39bfea89df04f7f41471d52e9059da610a98f074c8985e7c8c181ae4587,False
unsb-sixdomain-expanded-phase-field-v1,FoggyCityscapes,FoggyCityscapes__3960,1,0.5,4,0.1342907568135607,0.2415020192579071,1.5371022021870573e-07,0.5496327209253402,0.5496327209253402,-0.6120264580299337,False,5d7b14f1b27f4ea6a1fa1bb934b026814559dc562992937ac212b752861d9f8f,False
unsb-sixdomain-expanded-phase-field-v1,FoggyCityscapes,FoggyCityscapes__3960,2,0.74,4,0.3531850738699735,0.5495301258447509,5.070046182886757e-08,0.9577267745064364,0.9577267745064364,-0.4332392875017301,False,5d7b14f1b27f4ea6a1fa1bb934b026814559dc562992937ac212b752861d9f8f,False
unsb-sixdomain-expanded-phase-field-v1,FoggyCityscapes,FoggyCityscapes__3960,3,0.8600000000000001,4,0.5920623981089568,0.7787614478805152,1.571142653755686e-07,1.0526022173524896,1.0526022173524896,-0.249896800632858,False,5d7b14f1b27f4ea6a1fa1bb934b026814559dc562992937ac212b752861d9f8f,False
unsb-sixdomain-expanded-phase-field-v1,FoggyCityscapes,FoggyCityscapes__0288,1,0.5,4,0.3874078071249241,0.5931218250740586,4.807221931635297e-08,1.1858665334756269,1.1858665334756269,-0.485867444476024,False,4d2b5c5265132f4781b481f7d91b1223882c850f2ae553246398a2aaf7275df5,False
unsb-sixdomain-expanded-phase-field-v1,FoggyCityscapes,FoggyCityscapes__0288,2,0.74,4,0.6393408944645733,0.8402427481346435,3.620702315743074e-07,1.213316490960522,1.213316490960522,-0.2782416161062558,False,4d2b5c5265132f4781b481f7d91b1223882c850f2ae553246398a2aaf7275df5,False
unsb-sixdomain-expanded-phase-field-v1,FoggyCityscapes,FoggyCityscapes__0288,3,0.8600000000000001,4,0.7814716261827108,0.9431322615416652,1.6694954041440726e-07,1.136690663324335,1.136690663324335,-0.162729078556457,False,4d2b5c5265132f4781b481f7d91b1223882c850f2ae553246398a2aaf7275df5,False
unsb-sixdomain-expanded-phase-field-v1,FoggyCityscapes,FoggyCityscapes__3213,1,0.5,4,0.3625167006585154,0.5941629419399819,1.4257097513681316e-07,1.070648691852503,1.070648691852503,-0.4703189719691792,False,a41bd4b6a5cad154823427ba21414c0cac83b510ff38ebef316ace7553d55a96,False
unsb-sixdomain-expanded-phase-field-v1,FoggyCityscapes,FoggyCityscapes__3213,2,0.74,4,0.5665442780021599,0.7962312663810012,4.148431987927026e-07,1.0413698176318131,1.0413698176318131,-0.2643711286128868,False,a41bd4b6a5cad154823427ba21414c0cac83b510ff38ebef316ace7553d55a96,False
unsb-sixdomain-expanded-phase-field-v1,FoggyCityscapes,FoggyCityscapes__3213,3,0.8600000000000001,4,0.6678027451310209,0.8516496670744708,9.08434831803362e-08,1.0016059055281947,1.0016059055281947,-0.1760486765272447,False,a41bd4b6a5cad154823427ba21414c0cac83b510ff38ebef316ace7553d55a96,False
unsb-sixdomain-expanded-phase-field-v1,FoggyCityscapes,FoggyCityscapes__0210,1,0.5,4,0.3204556431563383,0.5115576388950003,1.5575076561802348e-08,1.0707821838852705,1.0707821838852705,-0.5239332127819842,False,85c4ab94cfcae37a073b0093d8300ad9625d82666ab75ebcffcda8e268b73269,False
unsb-sixdomain-expanded-phase-field-v1,FoggyCityscapes,FoggyCityscapes__0210,2,0.74,4,0.5841394736294372,0.8078198069368088,3.561605750324049e-07,1.166268496845077,1.166268496845077,-0.3002819896730697,False,85c4ab94cfcae37a073b0093d8300ad9625d82666ab75ebcffcda8e268b73269,False
unsb-sixdomain-expanded-phase-field-v1,FoggyCityscapes,FoggyCityscapes__0210,3,0.8600000000000001,4,0.7342009208241455,0.9382679505173726,2.816970238184169e-07,1.123895465519083,1.123895465519083,-0.1849109941549745,False,85c4ab94cfcae37a073b0093d8300ad9625d82666ab75ebcffcda8e268b73269,False
unsb-sixdomain-expanded-phase-field-v1,FoggyCityscapes,FoggyCityscapes__2134,1,0.5,4,0.5595974744580288,0.7959831418828474,9.503751863260137e-08,1.1956679273280817,1.1956679273280817,-0.3297348340655254,False,d5d7c0b1c4c69e6e568be6aa61bc6b1c0e84d2fbdfa0406df397e7664d4c3caa,False
unsb-sixdomain-expanded-phase-field-v1,FoggyCityscapes,FoggyCityscapes__2134,2,0.74,4,0.7626848977331194,0.9731957687363844,2.191781718341446e-07,1.1350440551394954,1.1350440551394954,-0.1726675715725519,False,d5d7c0b1c4c69e6e568be6aa61bc6b1c0e84d2fbdfa0406df397e7664d4c3caa,False
unsb-sixdomain-expanded-phase-field-v1,FoggyCityscapes,FoggyCityscapes__2134,3,0.8600000000000001,4,0.8554492163337637,1.0237769014347984,1.1004558816418708e-06,1.070531077262607,1.070531077262607,-0.0974050464896192,False,d5d7c0b1c4c69e6e568be6aa61bc6b1c0e84d2fbdfa0406df397e7664d4c3caa,False
unsb-sixdomain-expanded-phase-field-v1,FoggyCityscapes,FoggyCityscapes__3851,1,0.5,4,0.2029119464009097,0.3627784320191487,1.2171935126481516e-08,0.9277375225910296,0.9277375225910296,-0.6601175053187271,False,d175b48ad087866cca4dbb309a6bd99ad3ea3433c52f62acfe04ba8f0b7f72f2,False
unsb-sixdomain-expanded-phase-field-v1,FoggyCityscapes,FoggyCityscapes__3851,2,0.74,4,0.4689225205933092,0.685912650379419,5.862780558807401e-07,1.1481637793990365,1.1481637793990365,-0.388902751478538,False,d175b48ad087866cca4dbb309a6bd99ad3ea3433c52f62acfe04ba8f0b7f72f2,False
unsb-sixdomain-expanded-phase-field-v1,FoggyCityscapes,FoggyCityscapes__3851,3,0.8600000000000001,4,0.6836376516415518,0.8673108366255313,1.4540971748910894e-07,1.1481454065872094,1.1481454065872094,-0.2251709189953615,False,d175b48ad087866cca4dbb309a6bd99ad3ea3433c52f62acfe04ba8f0b7f72f2,False
unsb-sixdomain-expanded-phase-field-v1,FoggyCityscapes,FoggyCityscapes__0135,1,0.5,4,0.1616901977880313,0.2775922745215548,8.731885980939326e-08,0.7147807666574736,0.7147807666574736,-0.6454891656898699,False,186f233f6e2d6bfdfe21aac5a74461d40490e61faed2090438fdfcb442afdc10,False
unsb-sixdomain-expanded-phase-field-v1,FoggyCityscapes,FoggyCityscapes__0135,2,0.74,4,0.4097691769820582,0.5913116099010227,3.2914654113369586e-08,1.068482001449354,1.068482001449354,-0.4162279234105748,False,186f233f6e2d6bfdfe21aac5a74461d40490e61faed2090438fdfcb442afdc10,False
unsb-sixdomain-expanded-phase-field-v1,FoggyCityscapes,FoggyCityscapes__0135,3,0.8600000000000001,4,0.6450925033642159,0.7961324224883243,3.2808364991421257e-07,1.109173316417262,1.109173316417262,-0.2353774181538875,False,186f233f6e2d6bfdfe21aac5a74461d40490e61faed2090438fdfcb442afdc10,False
unsb-sixdomain-expanded-phase-field-v1,FoggyCityscapes,FoggyCityscapes__2401,1,0.5,4,0.224622602600889,0.3808300145205627,2.0251567534046444e-08,0.8456914931740657,0.8456914931740657,-0.5757585071230631,False,111050dcdf23abebe35dd4eea0f9124002d27079c45e5c416fdd315a76fa1958,False
unsb-sixdomain-expanded-phase-field-v1,FoggyCityscapes,FoggyCityscapes__2401,2,0.74,4,0.4874153823917876,0.6923155738729665,2.673345571579944e-07,1.0771424693574296,1.0771424693574296,-0.3443739184944911,False,111050dcdf23abebe35dd4eea0f9124002d27079c45e5c416fdd315a76fa1958,False
unsb-sixdomain-expanded-phase-field-v1,FoggyCityscapes,FoggyCityscapes__2401,3,0.8600000000000001,4,0.6813826897217814,0.8656195524875245,1.602712456083566e-07,1.0781873868885212,1.0781873868885212,-0.1993031506743446,False,111050dcdf23abebe35dd4eea0f9124002d27079c45e5c416fdd315a76fa1958,False
unsb-sixdomain-expanded-phase-field-v1,FoggyCityscapes,FoggyCityscapes__3576,1,0.5,4,0.1697582069488966,0.3058649068238959,4.4416643696365554e-08,0.6870367467358054,0.6870367467358054,-0.607149186885858,False,5781c5273003e479e669685d6f289a76e814ef93bbd2b898ef6866b538ac4021,False
unsb-sixdomain-expanded-phase-field-v1,FoggyCityscapes,FoggyCityscapes__3576,2,0.74,4,0.3882639556365785,0.5757377165457888,6.405366523853928e-07,0.992822149397116,0.992822149397116,-0.4077443826801662,False,5781c5273003e479e669685d6f289a76e814ef93bbd2b898ef6866b538ac4021,False
unsb-sixdomain-expanded-phase-field-v1,FoggyCityscapes,FoggyCityscapes__3576,3,0.8600000000000001,4,0.5860020448355154,0.7470731893474535,5.65853595979604e-07,1.0306642367206995,1.0306642367206995,-0.2452180751354163,False,5781c5273003e479e669685d6f289a76e814ef93bbd2b898ef6866b538ac4021,False
unsb-sixdomain-expanded-phase-field-v1,FoggyCityscapes,FoggyCityscapes__3684,1,0.5,4,0.3738761165149847,0.5671135577740003,2.5671218262246498e-08,1.1427266391562263,1.1427266391562263,-0.4852146287525914,False,11f5e2097ee456c251f783b6f3442de3e118c3ed9fadad6b53bfa210935e2827,False
unsb-sixdomain-expanded-phase-field-v1,FoggyCityscapes,FoggyCityscapes__3684,2,0.74,4,0.6359983914145226,0.8438031060252511,1.864973786513957e-08,1.162248302119704,1.162248302119704,-0.2618429031928274,False,11f5e2097ee456c251f783b6f3442de3e118c3ed9fadad6b53bfa210935e2827,False
unsb-sixdomain-expanded-phase-field-v1,FoggyCityscapes,FoggyCityscapes__3684,3,0.8600000000000001,4,0.7748649757867834,0.9601253430045268,1.2118067194144544e-06,1.116467847064147,1.116467847064147,-0.1586201893780747,False,11f5e2097ee456c251f783b6f3442de3e118c3ed9fadad6b53bfa210935e2827,False
unsb-sixdomain-expanded-phase-field-v1,FoggyCityscapes,FoggyCityscapes__2013,1,0.5,4,0.1592111997681422,0.281623057566702,2.447538731686905e-07,0.7047643234318683,0.7047643234318683,-0.6460702960349757,False,c624fa5be5c66e82e66b03f639d8b6cbd5870be67ac76d6bad03b84222943b82,False
unsb-sixdomain-expanded-phase-field-v1,FoggyCityscapes,FoggyCityscapes__2013,2,0.74,4,0.3881617049368745,0.5781130129597454,1.1044358938505638e-07,1.027085478318836,1.027085478318836,-0.422593902132798,False,c624fa5be5c66e82e66b03f639d8b6cbd5870be67ac76d6bad03b84222943b82,False
unsb-sixdomain-expanded-phase-field-v1,FoggyCityscapes,FoggyCityscapes__2013,3,0.8600000000000001,4,0.5909841238245637,0.7719833663339144,4.565782878440672e-07,1.0762148749077496,1.0762148749077496,-0.2603231761871488,False,c624fa5be5c66e82e66b03f639d8b6cbd5870be67ac76d6bad03b84222943b82,False
unsb-sixdomain-expanded-phase-field-v1,FoggyCityscapes,FoggyCityscapes__0668,1,0.5,4,0.1072134319766776,0.1964830910552996,5.8347465192731824e-08,0.4752182340854032,0.4752182340854032,-0.6466438978302338,False,e1d2321f04d4fffb42e0dd50975e2c8e0b1e4335d41dd297a0f29859431db8b1,False
unsb-sixdomain-expanded-phase-field-v1,FoggyCityscapes,FoggyCityscapes__0668,2,0.74,4,0.2990628485508942,0.4866590824771212,5.792489399247813e-08,0.895987811518721,0.895987811518721,-0.4765396362019589,False,e1d2321f04d4fffb42e0dd50975e2c8e0b1e4335d41dd297a0f29859431db8b1,False
unsb-sixdomain-expanded-phase-field-v1,FoggyCityscapes,FoggyCityscapes__0668,3,0.8600000000000001,4,0.5418119395645954,0.7424505841939746,2.642632943583578e-07,0.9975080590091312,0.9975080590091312,-0.2650678420258646,False,e1d2321f04d4fffb42e0dd50975e2c8e0b1e4335d41dd297a0f29859431db8b1,False
unsb-sixdomain-expanded-phase-field-v1,LowLightTrafficData,LowLightTrafficData__496,1,0.5,2,0.1728765769913342,0.2589290743085765,3.0204473978612256e-06,0.0374963177286487,0.0374963177286487,0.6637475342250247,True,e92b22309475f5919442465478830798f2225a3cd5617d72250b54cd67f799cd,False
unsb-sixdomain-expanded-phase-field-v1,LowLightTrafficData,LowLightTrafficData__496,2,0.74,2,0.6407593587114326,0.7428460233259526,5.302422970365761e-06,0.0619253972532949,0.0619253972532949,1.014826156773485,True,e92b22309475f5919442465478830798f2225a3cd5617d72250b54cd67f799cd,False
unsb-sixdomain-expanded-phase-field-v1,LowLightTrafficData,LowLightTrafficData__496,3,0.8600000000000001,3,0.8945802939331385,0.9349566694533964,2.7434719809038555e-05,0.0830973651041822,0.0830973651041822,1.0320320740159188,True,e92b22309475f5919442465478830798f2225a3cd5617d72250b54cd67f799cd,False
unsb-sixdomain-expanded-phase-field-v1,LowLightTrafficData,LowLightTrafficData__570,1,0.5,2,0.166287569911322,0.2397339546488331,9.40205363897384e-07,0.0371625472225721,0.0371625472225721,0.6507543125959813,True,a5e2ae02de16144a85d0447f451fcd8bb18c3cc680d90e68ff48eb1e4264e551,False
unsb-sixdomain-expanded-phase-field-v1,LowLightTrafficData,LowLightTrafficData__570,2,0.74,2,0.6297811954077783,0.7262573713540517,2.4949395087681125e-06,0.0626899147752605,0.0626899147752605,1.0019920094883776,True,a5e2ae02de16144a85d0447f451fcd8bb18c3cc680d90e68ff48eb1e4264e551,False
unsb-sixdomain-expanded-phase-field-v1,LowLightTrafficData,LowLightTrafficData__570,3,0.8600000000000001,3,0.8925710772789406,0.9257249835289504,1.0092086676904977e-05,0.0848243807533384,0.0848243807533384,1.0221221120913475,True,a5e2ae02de16144a85d0447f451fcd8bb18c3cc680d90e68ff48eb1e4264e551,False
unsb-sixdomain-expanded-phase-field-v1,LowLightTrafficData,LowLightTrafficData__652,1,0.5,2,0.1785678199499556,0.2539870311724516,9.324439065316881e-08,0.0472359038844044,0.0472359038844044,0.5775309663237272,True,af17902485296b1a07993047388d7ac3db08e2856bd3fccf3089d8155ba65257,False
unsb-sixdomain-expanded-phase-field-v1,LowLightTrafficData,LowLightTrafficData__652,2,0.74,3,0.653969318093731,0.7180889859504282,4.073730355491634e-06,0.0743688624189682,0.0743688624189682,0.9441662348840174,True,af17902485296b1a07993047388d7ac3db08e2856bd3fccf3089d8155ba65257,False
unsb-sixdomain-expanded-phase-field-v1,LowLightTrafficData,LowLightTrafficData__652,3,0.8600000000000001,3,0.91079807925556,0.931787412247164,9.209986952418704e-06,0.0978965122143846,0.0978965122143846,0.9686548867230632,True,af17902485296b1a07993047388d7ac3db08e2856bd3fccf3089d8155ba65257,False
unsb-sixdomain-expanded-phase-field-v1,LowLightTrafficData,LowLightTrafficData__054,1,0.5,2,0.1453892128306561,0.2349935394292951,5.192131091735774e-07,0.0415885678449259,0.0415885678449259,0.5435582200407176,True,b591ad1ed81cc8553184b70a74922429c72c61cc96a79b8e6bfa096346f4bd5e,False
unsb-sixdomain-expanded-phase-field-v1,LowLightTrafficData,LowLightTrafficData__054,2,0.74,3,0.579807834253413,0.6695206608728099,8.593853312532929e-06,0.0669219140550487,0.0669219140550487,0.9377157252942462,True,b591ad1ed81cc8553184b70a74922429c72c61cc96a79b8e6bfa096346f4bd5e,False
unsb-sixdomain-expanded-phase-field-v1,LowLightTrafficData,LowLightTrafficData__054,3,0.8600000000000001,3,0.8529731388966487,0.8857432390445881,4.253493383732376e-06,0.0892793003450916,0.0892793003450916,0.9801845767745327,True,b591ad1ed81cc8553184b70a74922429c72c61cc96a79b8e6bfa096346f4bd5e,False
unsb-sixdomain-expanded-phase-field-v1,LowLightTrafficData,LowLightTrafficData__606,1,0.5,2,0.1252709462187858,0.1993009157583976,3.522670726230359e-07,0.0354979280694611,0.0354979280694611,0.5476473527694868,True,37dfa14f15aaf3c7c576b883f55507c34f8350498f396554b8bf8ffadccaf48a,False
unsb-sixdomain-expanded-phase-field-v1,LowLightTrafficData,LowLightTrafficData__606,2,0.74,2,0.5082405276502356,0.6236832613400503,4.788343133999007e-06,0.055566374548078,0.055566374548078,0.9612572312205424,True,37dfa14f15aaf3c7c576b883f55507c34f8350498f396554b8bf8ffadccaf48a,False
unsb-sixdomain-expanded-phase-field-v1,LowLightTrafficData,LowLightTrafficData__606,3,0.8600000000000001,2,0.7985283312949174,0.8652379501396673,5.00143740878034e-06,0.0776448479620296,0.0776448479620296,1.012177685353561,True,37dfa14f15aaf3c7c576b883f55507c34f8350498f396554b8bf8ffadccaf48a,False
unsb-sixdomain-expanded-phase-field-v1,LowLightTrafficData,LowLightTrafficData__003,1,0.5,2,0.1762584817173181,0.2656039919952139,3.4107003122896278e-06,0.0432087458779113,0.0432087458779113,0.6105783635863469,True,a0ea03ee531458ee090763306f69723859caaa4c84fd445c0794aa4d427a79cf,False
unsb-sixdomain-expanded-phase-field-v1,LowLightTrafficData,LowLightTrafficData__003,2,0.74,2,0.5935472355148294,0.6957709215520382,6.274302577491397e-07,0.0660667554568482,0.0660667554568482,0.9534723074670356,True,a0ea03ee531458ee090763306f69723859caaa4c84fd445c0794aa4d427a79cf,False
unsb-sixdomain-expanded-phase-field-v1,LowLightTrafficData,LowLightTrafficData__003,3,0.8600000000000001,2,0.832003490011669,0.9004055022341804,7.184619918110258e-06,0.087896741126265,0.087896741126265,0.9761523746285652,True,a0ea03ee531458ee090763306f69723859caaa4c84fd445c0794aa4d427a79cf,False
unsb-sixdomain-expanded-phase-field-v1,LowLightTrafficData,LowLightTrafficData__022,1,0.5,2,0.201040536702993,0.2994258373993944,1.747851881872542e-05,0.0420071806291896,0.0420071806291896,0.6799601007484211,True,d1e116600f1014ac43472c7a75998de81744a622bd977114dd4175fab7dc3831,False
unsb-sixdomain-expanded-phase-field-v1,LowLightTrafficData,LowLightTrafficData__022,2,0.74,3,0.7035781928233182,0.7955796473743888,1.1443083285378464e-06,0.0680159329334643,0.0680159329334643,1.014701710781539,True,d1e116600f1014ac43472c7a75998de81744a622bd977114dd4175fab7dc3831,False
unsb-sixdomain-expanded-phase-field-v1,LowLightTrafficData,LowLightTrafficData__022,3,0.8600000000000001,3,0.9287791031586377,0.9653164877060628,8.790491325261218e-05,0.0888104024384853,0.0888104024384853,1.0194485974895315,True,d1e116600f1014ac43472c7a75998de81744a622bd977114dd4175fab7dc3831,False
unsb-sixdomain-expanded-phase-field-v1,LowLightTrafficData,LowLightTrafficData__405,1,0.5,2,0.1694669986263241,0.2327900740113448,8.192164278053582e-07,0.040410401511547,0.040410401511547,0.6225919723233224,True,1865d6b047a85f26154fdbf0ba589d5ba7837f8d657fa7de555483ad69f27a35,False
unsb-sixdomain-expanded-phase-field-v1,LowLightTrafficData,LowLightTrafficData__405,2,0.74,3,0.6632625867462671,0.7530390753402063,5.697564397832977e-06,0.0675167210885071,0.0675167210885071,0.9922741574780628,True,1865d6b047a85f26154fdbf0ba589d5ba7837f8d657fa7de555483ad69f27a35,False
unsb-sixdomain-expanded-phase-field-v1,LowLightTrafficData,LowLightTrafficData__405,3,0.8600000000000001,3,0.9418055347218516,0.9687163202611946,8.407422394740571e-05,0.0902389107938382,0.0902389107938382,1.0185673937061706,True,1865d6b047a85f26154fdbf0ba589d5ba7837f8d657fa7de555483ad69f27a35,False
unsb-sixdomain-expanded-phase-field-v1,LowLightTrafficData,LowLightTrafficData__356,1,0.5,2,0.2303524131011267,0.3223211327200676,6.09355132352718e-07,0.039389702168574,0.039389702168574,0.7670100690829251,True,dd402286e254e2e8038845325a241f4d5d6d4159ede5093cdb6bd2af60626113,False
unsb-sixdomain-expanded-phase-field-v1,LowLightTrafficData,LowLightTrafficData__356,2,0.74,3,0.7314541641975045,0.8041629107384025,2.8786112874379377e-05,0.0647495812115552,0.0647495812115552,1.052950152877823,True,dd402286e254e2e8038845325a241f4d5d6d4159ede5093cdb6bd2af60626113,False
unsb-sixdomain-expanded-phase-field-v1,LowLightTrafficData,LowLightTrafficData__356,3,0.8600000000000001,2,0.931573346412548,0.9609892389607356,2.8452172382786856e-05,0.0842260825819802,0.0842260825819802,1.0437704524761584,True,dd402286e254e2e8038845325a241f4d5d6d4159ede5093cdb6bd2af60626113,False
unsb-sixdomain-expanded-phase-field-v1,LowLightTrafficData,LowLightTrafficData__123,1,0.5,2,0.1402598077224833,0.2173652546061822,2.103268652797752e-06,0.0377009629886437,0.0377009629886437,0.5705807957446885,True,58b9c6bae2585cdddfd08a888ff21bcec129b654765e979ca6279eeeaa1b9d68,False
unsb-sixdomain-expanded-phase-field-v1,LowLightTrafficData,LowLightTrafficData__123,2,0.74,2,0.5572268270186,0.6739636248893676,6.984137488341702e-07,0.0609125425368101,0.0609125425368101,0.961325289168322,True,58b9c6bae2585cdddfd08a888ff21bcec129b654765e979ca6279eeeaa1b9d68,False
unsb-sixdomain-expanded-phase-field-v1,LowLightTrafficData,LowLightTrafficData__123,3,0.8600000000000001,2,0.8470128584837647,0.9054479805931448,3.1717452819712832e-06,0.0813204046386842,0.0813204046386842,1.0176904724324924,True,58b9c6bae2585cdddfd08a888ff21bcec129b654765e979ca6279eeeaa1b9d68,False
unsb-sixdomain-expanded-phase-field-v1,LowLightTrafficData,LowLightTrafficData__689,1,0.5,2,0.1454862320389014,0.2219143411696774,1.960035547199368e-07,0.0396617830788093,0.0396617830788093,0.564449661254426,True,fb992bc31f6c9ab9eee49b67da89f93c9c61eaa36c2b414b2a2edc76b2d5a065,False
unsb-sixdomain-expanded-phase-field-v1,LowLightTrafficData,LowLightTrafficData__689,2,0.74,3,0.6025467048214675,0.697128438756711,6.888449230690874e-06,0.0668442200997626,0.0668442200997626,0.9549268551853726,True,fb992bc31f6c9ab9eee49b67da89f93c9c61eaa36c2b414b2a2edc76b2d5a065,False
unsb-sixdomain-expanded-phase-field-v1,LowLightTrafficData,LowLightTrafficData__689,3,0.8600000000000001,3,0.8922167454482717,0.9198761976753252,4.121809822321687e-05,0.090647097949793,0.090647097949793,0.9931164651785792,True,fb992bc31f6c9ab9eee49b67da89f93c9c61eaa36c2b414b2a2edc76b2d5a065,False
unsb-sixdomain-expanded-phase-field-v1,LowLightTrafficData,LowLightTrafficData__506,1,0.5,2,0.1746188096855612,0.2483556298805088,3.898300108273745e-07,0.0463530296254384,0.0463530296254384,0.5760128986406184,True,257a4c1c86d0789c036faedf6640ba3524a0939661e2975dd86bbd5be3dea7db,False
unsb-sixdomain-expanded-phase-field-v1,LowLightTrafficData,LowLightTrafficData__506,2,0.74,2,0.6337735700931646,0.699086329923949,1.8182639591746157e-06,0.073378745740628,0.073378745740628,0.9363638399766732,True,257a4c1c86d0789c036faedf6640ba3524a0939661e2975dd86bbd5be3dea7db,False
unsb-sixdomain-expanded-phase-field-v1,LowLightTrafficData,LowLightTrafficData__506,3,0.8600000000000001,3,0.8980074290959318,0.9112080054827292,7.643489303266193e-06,0.0970051943534806,0.0970051943534806,0.9664849394099508,True,257a4c1c86d0789c036faedf6640ba3524a0939661e2975dd86bbd5be3dea7db,False
unsb-sixdomain-expanded-phase-field-v1,LowLightTrafficData,LowLightTrafficData__012,1,0.5,2,0.232335786736653,0.3448004490521804,7.753050116021676e-06,0.0491041814776904,0.0491041814776904,0.6749976332857124,True,3d59ea6f8d5d1c97f041e059ade465e0b862918ded5bac8e969a97506db44de4,False
unsb-sixdomain-expanded-phase-field-v1,LowLightTrafficData,LowLightTrafficData__012,2,0.74,2,0.6933359368734642,0.792788896747136,2.6414874383373643e-06,0.0734404356466512,0.0734404356466512,0.9750084666327568,True,3d59ea6f8d5d1c97f041e059ade465e0b862918ded5bac8e969a97506db44de4,False
unsb-sixdomain-expanded-phase-field-v1,LowLightTrafficData,LowLightTrafficData__012,3,0.8600000000000001,2,0.9203888003927544,0.9581414801787416,7.901210854910357e-05,0.0922779232007997,0.0922779232007997,0.9988735136161508,True,3d59ea6f8d5d1c97f041e059ade465e0b862918ded5bac8e969a97506db44de4,False
unsb-sixdomain-expanded-phase-field-v1,LowLightTrafficData,LowLightTrafficData__113,1,0.5,2,0.1646140974233157,0.2416172874695467,8.948989015378217e-07,0.0430193006173925,0.0430193006173925,0.5828036794998555,True,3fa3eafef9567c70fd27080d7abb071c2ba5300047f47b3cab19b7f63d69287b,False
unsb-sixdomain-expanded-phase-field-v1,LowLightTrafficData,LowLightTrafficData__113,2,0.74,2,0.5879243863330518,0.6953488487446424,1.8699519838127896e-06,0.0601061903983631,0.0601061903983631,0.9904022717806188,True,3fa3eafef9567c70fd27080d7abb071c2ba5300047f47b3cab19b7f63d69287b,False
unsb-sixdomain-expanded-phase-field-v1,LowLightTrafficData,LowLightTrafficData__113,3,0.8600000000000001,2,0.8406021329610212,0.9003570223585218,1.6856142777132987e-06,0.076803748361967,0.076803748361967,1.0392080716167296,True,3fa3eafef9567c70fd27080d7abb071c2ba5300047f47b3cab19b7f63d69287b,False
unsb-sixdomain-expanded-phase-field-v1,LowLightTrafficData,LowLightTrafficData__205,1,0.5,2,0.1856629855905726,0.2776935671960957,1.3149259766143118e-05,0.042958569859136,0.042958569859136,0.6356755151618497,True,c2037188ebe3ee17bfc7674e45e5f927379cc639e72d1e5afdd801375e3822fc,False
unsb-sixdomain-expanded-phase-field-v1,LowLightTrafficData,LowLightTrafficData__205,2,0.74,2,0.6514283929396241,0.7397054561312919,1.5098311422212518e-06,0.0699412195693518,0.0699412195693518,0.9691334827907144,True,c2037188ebe3ee17bfc7674e45e5f927379cc639e72d1e5afdd801375e3822fc,False
unsb-sixdomain-expanded-phase-field-v1,LowLightTrafficData,LowLightTrafficData__205,3,0.8600000000000001,2,0.8952139036477573,0.9259081439341392,3.6067632618097534e-05,0.0920577962384469,0.0920577962384469,0.9878662444810355,True,c2037188ebe3ee17bfc7674e45e5f927379cc639e72d1e5afdd801375e3822fc,False
unsb-sixdomain-expanded-phase-field-v1,LowLightTrafficData,LowLightTrafficData__504,1,0.5,2,0.1482330308070956,0.2269536681409389,1.052856242189648e-06,0.0388540618284323,0.0388540618284323,0.5815085614451203,True,4095fcb75f59fad70e213dfd7d65328055ab87199f9411ec8e9ced084926a63b,False
unsb-sixdomain-expanded-phase-field-v1,LowLightTrafficData,LowLightTrafficData__504,2,0.74,2,0.5451292740153656,0.6570305223344978,2.215499381508224e-06,0.0596579446505344,0.0596579446505344,0.9608312178492102,True,4095fcb75f59fad70e213dfd7d65328055ab87199f9411ec8e9ced084926a63b,False
unsb-sixdomain-expanded-phase-field-v1,LowLightTrafficData,LowLightTrafficData__504,3,0.8600000000000001,2,0.7940782636329812,0.8762787897327461,6.2325708678478975e-06,0.0781970726286015,0.0781970726286015,1.0066728130066878,True,4095fcb75f59fad70e213dfd7d65328055ab87199f9411ec8e9ced084926a63b,False
unsb-sixdomain-expanded-phase-field-v1,LowLightTrafficData,LowLightTrafficData__116,1,0.5,2,0.1195706947463482,0.1653008372004399,2.966617221877854e-07,0.049939965615653,0.049939965615653,0.3791765136474705,True,840d0f356acae1b3a40c9d3f1198af8d6944a7fb61ef46c8bb54d3a7e59b7890,False
unsb-sixdomain-expanded-phase-field-v1,LowLightTrafficData,LowLightTrafficData__116,2,0.74,2,0.4487500815640627,0.5330884698208374,7.636495629181894e-07,0.0883385876171722,0.0883385876171722,0.7058540891666777,True,840d0f356acae1b3a40c9d3f1198af8d6944a7fb61ef46c8bb54d3a7e59b7890,False
unsb-sixdomain-expanded-phase-field-v1,LowLightTrafficData,LowLightTrafficData__116,3,0.8600000000000001,3,0.787415183052254,0.8150082435145383,2.477072362672139e-06,0.1220259437268986,0.1220259437268986,0.8097516095626353,True,840d0f356acae1b3a40c9d3f1198af8d6944a7fb61ef46c8bb54d3a7e59b7890,False
unsb-sixdomain-expanded-phase-field-v1,LowLightTrafficData,LowLightTrafficData__482,1,0.5,2,0.1311553706704391,0.2072076163351353,4.312024393993141e-06,0.0330669060403496,0.0330669060403496,0.5983925178350217,True,417f04e41ac50f0b4e4c6e9e70a7a6a5e884811863d6b47bd34b8efffdab5ee1,False
unsb-sixdomain-expanded-phase-field-v1,LowLightTrafficData,LowLightTrafficData__482,2,0.74,2,0.5164569324831854,0.6444359594788459,1.5928568769751905e-05,0.0537977186007156,0.0537977186007156,0.98227025246047,True,417f04e41ac50f0b4e4c6e9e70a7a6a5e884811863d6b47bd34b8efffdab5ee1,False
unsb-sixdomain-expanded-phase-field-v1,LowLightTrafficData,LowLightTrafficData__482,3,0.8600000000000001,2,0.7938291996135854,0.874698247238884,4.300853142447103e-05,0.0758676941482177,0.0758676941482177,1.0196701848958103,True,417f04e41ac50f0b4e4c6e9e70a7a6a5e884811863d6b47bd34b8efffdab5ee1,False
unsb-sixdomain-expanded-phase-field-v1,LowLightTrafficData,LowLightTrafficData__294,1,0.5,2,0.1608678355135293,0.2503684086986757,6.400869599909598e-07,0.0339525537857314,0.0339525537857314,0.6755967725148888,True,cfa8e48d2d256eb88f6b9dfd379413dbbbe90dcc36a3a5a0b32eabe007323fdb,False
unsb-sixdomain-expanded-phase-field-v1,LowLightTrafficData,LowLightTrafficData__294,2,0.74,2,0.6302487398522316,0.7282769388484832,5.11655061596894e-06,0.0581030098023568,0.0581030098023568,1.035313356070708,True,cfa8e48d2d256eb88f6b9dfd379413dbbbe90dcc36a3a5a0b32eabe007323fdb,False
unsb-sixdomain-expanded-phase-field-v1,LowLightTrafficData,LowLightTrafficData__294,3,0.8600000000000001,3,0.8927783537046666,0.9269186101193176,1.4961637474275593e-05,0.0807451753457026,0.0807451753457026,1.0436270698329606,True,cfa8e48d2d256eb88f6b9dfd379413dbbbe90dcc36a3a5a0b32eabe007323fdb,False
unsb-sixdomain-expanded-phase-field-v1,LowLightTrafficData,LowLightTrafficData__086,1,0.5,2,0.1515281778184158,0.2213464713231738,3.7552916709593376e-06,0.0438249677290336,0.0438249677290336,0.5387717957381492,True,f4e86169fdff42702a24f168fad0eefe16d3ddc688456d0ef94a1fe30489345b,False
unsb-sixdomain-expanded-phase-field-v1,LowLightTrafficData,LowLightTrafficData__086,2,0.74,2,0.5966759453794384,0.6947223137713984,1.38168647700887e-06,0.07250871761482,0.07250871761482,0.9153483055921584,True,f4e86169fdff42702a24f168fad0eefe16d3ddc688456d0ef94a1fe30489345b,False
unsb-sixdomain-expanded-phase-field-v1,LowLightTrafficData,LowLightTrafficData__086,3,0.8600000000000001,3,0.8883443406234244,0.924553717520625,2.828202048321682e-05,0.0971104511637308,0.0971104511637308,0.9613153681169564,True,f4e86169fdff42702a24f168fad0eefe16d3ddc688456d0ef94a1fe30489345b,False
unsb-sixdomain-expanded-phase-field-v1,LowLightTrafficData,LowLightTrafficData__001,1,0.5,2,0.1846281151901836,0.2737305778740785,4.257779189220656e-07,0.0475863069200148,0.0475863069200148,0.5888158347684643,True,8f56956cf78dacdf49b7419927485ad4fb95b7a75aca2691803c2f081a6d0090,False
unsb-sixdomain-expanded-phase-field-v1,LowLightTrafficData,LowLightTrafficData__001,2,0.74,3,0.6718376306004716,0.7620973734913291,1.8490434731344152e-05,0.0754907997217535,0.0754907997217535,0.9493702994940888,True,8f56956cf78dacdf49b7419927485ad4fb95b7a75aca2691803c2f081a6d0090,False
unsb-sixdomain-expanded-phase-field-v1,LowLightTrafficData,LowLightTrafficData__001,3,0.8600000000000001,3,0.9254212169836848,0.9625641436863296,4.936239817954213e-05,0.0983053798253384,0.0983053798253384,0.9737621667457168,True,8f56956cf78dacdf49b7419927485ad4fb95b7a75aca2691803c2f081a6d0090,False
unsb-sixdomain-expanded-phase-field-v1,LowLightTrafficData,LowLightTrafficData__479,1,0.5,2,0.1311364768645539,0.2085812457284468,4.16642231271247e-06,0.0322670511183584,0.0322670511183584,0.6089642345451037,True,f3f108a080d44a1ef70ab060e121a761ae011d738ff7fc10569308e16bb7a550,False
unsb-sixdomain-expanded-phase-field-v1,LowLightTrafficData,LowLightTrafficData__479,2,0.74,2,0.5263379195719431,0.6234682941841612,4.80741493724679e-07,0.0563637948065133,0.0563637948065133,0.970264434341274,True,f3f108a080d44a1ef70ab060e121a761ae011d738ff7fc10569308e16bb7a550,False
unsb-sixdomain-expanded-phase-field-v1,LowLightTrafficData,LowLightTrafficData__479,3,0.8600000000000001,2,0.8189719757820296,0.8575574106625095,2.6340272569758127e-06,0.0778075992653113,0.0778075992653113,1.0222470255137026,True,f3f108a080d44a1ef70ab060e121a761ae011d738ff7fc10569308e16bb7a550,False
unsb-sixdomain-expanded-phase-field-v1,LowLightTrafficData,LowLightTrafficData__721,1,0.5,2,0.1390757909242824,0.2052490851589871,7.49870655569751e-07,0.0427737502729339,0.0427737502729339,0.5120742088947893,True,95642e9ab97071f5178babe50035e8ae7b353c995431a7026dbff13f32977bcb,False
unsb-sixdomain-expanded-phase-field-v1,LowLightTrafficData,LowLightTrafficData__721,2,0.74,2,0.5792918738088009,0.6661284534622927,1.015986696606408e-05,0.071100914143129,0.071100914143129,0.9110222518580792,True,95642e9ab97071f5178babe50035e8ae7b353c995431a7026dbff13f32977bcb,False
unsb-sixdomain-expanded-phase-field-v1,LowLightTrafficData,LowLightTrafficData__721,3,0.8600000000000001,2,0.8931607307788502,0.9098394857368656,2.088667459165805e-05,0.0962941835550001,0.0962941835550001,0.9673295650889407,True,95642e9ab97071f5178babe50035e8ae7b353c995431a7026dbff13f32977bcb,False
unsb-sixdomain-expanded-phase-field-v1,LowLightTrafficData,LowLightTrafficData__578,1,0.5,2,0.1447157344103272,0.2098718504326928,1.0983596943070496e-07,0.0363638448536802,0.0363638448536802,0.5998459567416419,True,e7de47e5590dca95eed25bc5e4d25227fa13da77a0cb9d5b7469699976227b33,False
unsb-sixdomain-expanded-phase-field-v1,LowLightTrafficData,LowLightTrafficData__578,2,0.74,3,0.6031435781621756,0.7029819851740633,1.123416104875652e-05,0.0632039465650881,0.0632039465650881,0.9796765108857008,True,e7de47e5590dca95eed25bc5e4d25227fa13da77a0cb9d5b7469699976227b33,False
unsb-sixdomain-expanded-phase-field-v1,LowLightTrafficData,LowLightTrafficData__578,3,0.8600000000000001,3,0.8909936233723912,0.9225995457746802,8.366657065161931e-06,0.0867334620961689,0.0867334620961689,1.011687913650411,True,e7de47e5590dca95eed25bc5e4d25227fa13da77a0cb9d5b7469699976227b33,False
unsb-sixdomain-expanded-phase-field-v1,LowLightTrafficData,LowLightTrafficData__231,1,0.5,2,0.1509974614050432,0.1949209568631723,1.71356138389811e-07,0.0571445366111225,0.0571445366111225,0.4219949305746215,True,3b1546a6b919ca155ad05bf915ac4f2b6e2ead8aa758e24a80233ec023bfb5d0,False
unsb-sixdomain-expanded-phase-field-v1,LowLightTrafficData,LowLightTrafficData__231,2,0.74,3,0.5750852586542801,0.6270377180473358,1.0991304424390336e-06,0.0965241986503439,0.0965241986503439,0.775096030553927,True,3b1546a6b919ca155ad05bf915ac4f2b6e2ead8aa758e24a80233ec023bfb5d0,False
unsb-sixdomain-expanded-phase-field-v1,LowLightTrafficData,LowLightTrafficData__231,3,0.8600000000000001,3,0.8894948739024742,0.8941359868479788,3.55608668378693e-06,0.1283510110399488,0.1283510110399488,0.8407441555921779,True,3b1546a6b919ca155ad05bf915ac4f2b6e2ead8aa758e24a80233ec023bfb5d0,False
unsb-sixdomain-expanded-phase-field-v1,LowLightTrafficData,LowLightTrafficData__305,1,0.5,2,0.1719528833309834,0.2693016806977369,1.2458930936931625e-06,0.0406769777472694,0.0406769777472694,0.6260607846559061,True,6cc270caebc4ee5195af3d4d7ce3b63048ceae29d7848ab5e8d0b9d948f76108,False
unsb-sixdomain-expanded-phase-field-v1,LowLightTrafficData,LowLightTrafficData__305,2,0.74,2,0.6409218663976182,0.7347482443359621,2.781907564752828e-06,0.067503547341111,0.067503547341111,0.9774784929040355,True,6cc270caebc4ee5195af3d4d7ce3b63048ceae29d7848ab5e8d0b9d948f76108,False
unsb-sixdomain-expanded-phase-field-v1,LowLightTrafficData,LowLightTrafficData__305,3,0.8600000000000001,3,0.9005096974315504,0.9313027217010784,2.048502374396577e-06,0.0893972244370364,0.0893972244370364,1.0031643587832422,True,6cc270caebc4ee5195af3d4d7ce3b63048ceae29d7848ab5e8d0b9d948f76108,False
unsb-sixdomain-expanded-phase-field-v1,LowLightTrafficData,LowLightTrafficData__392,1,0.5,2,0.1508403514922742,0.223133359613731,2.776143893545857e-06,0.0409459523060724,0.0409459523060724,0.5663065595015955,True,8f6ec2dc90eb3fe0df96f568bf6ba15587389c1da33ea98a3eaf7d2c2464294d,False
unsb-sixdomain-expanded-phase-field-v1,LowLightTrafficData,LowLightTrafficData__392,2,0.74,2,0.5881014352867439,0.6808351895143887,2.074480407010526e-06,0.0683347417457763,0.0683347417457763,0.9348106818620224,True,8f6ec2dc90eb3fe0df96f568bf6ba15587389c1da33ea98a3eaf7d2c2464294d,False
unsb-sixdomain-expanded-phase-field-v1,LowLightTrafficData,LowLightTrafficData__392,3,0.8600000000000001,3,0.8896656352739856,0.915527396366338,2.88169206352773e-06,0.0924582510499033,0.0924582510499033,0.9832811415655032,True,8f6ec2dc90eb3fe0df96f568bf6ba15587389c1da33ea98a3eaf7d2c2464294d,False
unsb-sixdomain-expanded-phase-field-v1,LowLightTrafficData,LowLightTrafficData__457,1,0.5,2,0.1116067404395789,0.1778918478953479,4.074536519294014e-07,0.0328899085224159,0.0328899085224159,0.530627758837449,True,49b489b8058ee5e1d5778f7f6cfc8f6938c5d9211f4fadae2bdbedeeee41470d,False
unsb-sixdomain-expanded-phase-field-v1,LowLightTrafficData,LowLightTrafficData__457,2,0.74,2,0.417144743427033,0.5728289795386836,4.895967038565097e-06,0.0610466467578502,0.0610466467578502,0.8346249617690109,True,49b489b8058ee5e1d5778f7f6cfc8f6938c5d9211f4fadae2bdbedeeee41470d,False
unsb-sixdomain-expanded-phase-field-v1,LowLightTrafficData,LowLightTrafficData__457,3,0.8600000000000001,2,0.7386625512500511,0.8387193157709243,2.316944657243525e-07,0.0910134482710043,0.0910134482710043,0.9093405126857133,True,49b489b8058ee5e1d5778f7f6cfc8f6938c5d9211f4fadae2bdbedeeee41470d,False
unsb-sixdomain-expanded-phase-field-v1,LowLightTrafficData,LowLightTrafficData__511,1,0.5,2,0.1033195702028595,0.1683948726087702,7.190501695175655e-07,0.0418928241822385,0.0418928241822385,0.3920429518080712,True,5608c85edbec230da82b44ed2d8fb42ea3be676f15997bd6cb2da5b2f975cb37,False
unsb-sixdomain-expanded-phase-field-v1,LowLightTrafficData,LowLightTrafficData__511,2,0.74,2,0.4043052465892077,0.5374612524180633,2.6033436962835665e-06,0.072642712638244,0.072642712638244,0.7455173237944313,True,5608c85edbec230da82b44ed2d8fb42ea3be676f15997bd6cb2da5b2f975cb37,False
unsb-sixdomain-expanded-phase-field-v1,LowLightTrafficData,LowLightTrafficData__511,3,0.8600000000000001,3,0.7319473429910005,0.810485439435298,3.602695554105751e-07,0.1026919189620128,0.1026919189620128,0.8529435691907613,True,5608c85edbec230da82b44ed2d8fb42ea3be676f15997bd6cb2da5b2f975cb37,False
unsb-sixdomain-expanded-phase-field-v1,LowLightTrafficData,LowLightTrafficData__371,1,0.5,2,0.1436356596964357,0.222504366819342,2.201729808803954e-06,0.0345847022519428,0.0345847022519428,0.6183782322857023,True,810208c724d5397937cc3f44dba6a2e9eb97155269299aad86e7a935b555cfef,False
unsb-sixdomain-expanded-phase-field-v1,LowLightTrafficData,LowLightTrafficData__371,2,0.74,2,0.5552471418444462,0.6730544309157231,1.912953720928368e-05,0.0563763486044616,0.0563763486044616,0.9933893877046228,True,810208c724d5397937cc3f44dba6a2e9eb97155269299aad86e7a935b555cfef,False
unsb-sixdomain-expanded-phase-field-v1,LowLightTrafficData,LowLightTrafficData__371,3,0.8600000000000001,3,0.8362274687112872,0.8889331858968303,3.012588702655528e-05,0.0755986271820254,0.0755986271820254,1.043810520220307,True,810208c724d5397937cc3f44dba6a2e9eb97155269299aad86e7a935b555cfef,False
unsb-sixdomain-expanded-phase-field-v1,LowLightTrafficData,LowLightTrafficData__629,1,0.5,2,0.1624800561679261,0.2538227586279965,1.3933954523537295e-06,0.0437108844817236,0.0437108844817236,0.5702104660736117,True,5b72a34328c8f03bd3eb6d6fc3a0446ad176bad7481d76dab726173ffe0ea816,False
unsb-sixdomain-expanded-phase-field-v1,LowLightTrafficData,LowLightTrafficData__629,2,0.74,2,0.6289941039646493,0.7262040877691525,9.756240155089912e-06,0.0685186597129535,0.0685186597129535,0.9628377153063912,True,5b72a34328c8f03bd3eb6d6fc3a0446ad176bad7481d76dab726173ffe0ea816,False
unsb-sixdomain-expanded-phase-field-v1,LowLightTrafficData,LowLightTrafficData__629,3,0.8600000000000001,3,0.9006931509573254,0.9282194342913804,9.672447828901198e-06,0.0887271285986913,0.0887271285986913,1.006520433253808,True,5b72a34328c8f03bd3eb6d6fc3a0446ad176bad7481d76dab726173ffe0ea816,False
unsb-sixdomain-expanded-phase-field-v1,LowLightTrafficData,LowLightTrafficData__281,1,0.5,2,0.1357312744547703,0.1926966050116376,1.307691086860352e-06,0.0405804025713575,0.0405804025713575,0.5243635758644788,True,381b1d9fd09d9491d843b06e1ab6b826f46f6bc6526a087a22de9f05a2dad0d9,False
unsb-sixdomain-expanded-phase-field-v1,LowLightTrafficData,LowLightTrafficData__281,2,0.74,2,0.5099402331976634,0.5985347283044706,1.3119616455670167e-05,0.0686871741060631,0.0686871741060631,0.8706436290088997,True,381b1d9fd09d9491d843b06e1ab6b826f46f6bc6526a087a22de9f05a2dad0d9,False
unsb-sixdomain-expanded-phase-field-v1,LowLightTrafficData,LowLightTrafficData__281,3,0.8600000000000001,2,0.7975701490706943,0.8539559574516414,4.791417897997974e-07,0.0975812485871049,0.0975812485871049,0.9124025203509476,True,381b1d9fd09d9491d843b06e1ab6b826f46f6bc6526a087a22de9f05a2dad0d9,False
unsb-sixdomain-expanded-phase-field-v1,LowLightTrafficData,LowLightTrafficData__211,1,0.5,2,0.1461908471596463,0.2144679610136456,5.659137291003091e-07,0.0509434409692779,0.0509434409692779,0.4578319067980373,True,2af4a016f762e9302e8600c8ce0891e6616f4e2690c4b3fc744ad1aeb00caa24,False
unsb-sixdomain-expanded-phase-field-v1,LowLightTrafficData,LowLightTrafficData__211,2,0.74,3,0.5879668114087221,0.6651894489837036,4.33942969160217e-05,0.0823877919863994,0.0823877919863994,0.8534899486050811,True,2af4a016f762e9302e8600c8ce0891e6616f4e2690c4b3fc744ad1aeb00caa24,False
unsb-sixdomain-expanded-phase-field-v1,LowLightTrafficData,LowLightTrafficData__211,3,0.8600000000000001,3,0.9031404839922286,0.918255128532728,1.1159723128817411e-05,0.1069676860192524,0.1069676860192524,0.9265027092856642,True,2af4a016f762e9302e8600c8ce0891e6616f4e2690c4b3fc744ad1aeb00caa24,False
unsb-sixdomain-expanded-phase-field-v1,LowLightTrafficData,LowLightTrafficData__409,1,0.5,2,0.2466192109100519,0.3507364990083271,6.691235472366941e-07,0.0458761363366937,0.0458761363366937,0.7304400691067651,True,7cb40a66b8dbaca13aae066723d645c8b9892d441c6d89db1f433c064913dd88,False
unsb-sixdomain-expanded-phase-field-v1,LowLightTrafficData,LowLightTrafficData__409,2,0.74,2,0.7135622758845159,0.8107536990669872,2.148674890456448e-06,0.0692767698266259,0.0692767698266259,1.0128442523913126,True,7cb40a66b8dbaca13aae066723d645c8b9892d441c6d89db1f433c064913dd88,False
unsb-sixdomain-expanded-phase-field-v1,LowLightTrafficData,LowLightTrafficData__409,3,0.8600000000000001,2,0.9157084359459366,0.969751552093303,4.508923036716794e-06,0.0863611137893637,0.0863611137893637,1.0254389803856665,True,7cb40a66b8dbaca13aae066723d645c8b9892d441c6d89db1f433c064913dd88,False
unsb-sixdomain-expanded-phase-field-v1,LowLightTrafficData,LowLightTrafficData__655,1,0.5,2,0.1173830169092406,0.1722165933149818,8.113563667588863e-07,0.0440397422965042,0.0440397422965042,0.425760498311864,True,41dbd6bb69a63302017bbe1b4b8883a00ed107fbe953bdd4fc0b197c4bbd51c0,False
unsb-sixdomain-expanded-phase-field-v1,LowLightTrafficData,LowLightTrafficData__655,2,0.74,2,0.422522366492959,0.5383329409410041,1.619519790596602e-05,0.084352704244373,0.084352704244373,0.69975069345011,True,41dbd6bb69a63302017bbe1b4b8883a00ed107fbe953bdd4fc0b197c4bbd51c0,False
unsb-sixdomain-expanded-phase-field-v1,LowLightTrafficData,LowLightTrafficData__655,3,0.8600000000000001,2,0.7351403265299528,0.8120287561990075,7.716072860763923e-05,0.1245505990869594,0.1245505990869594,0.7710244260355532,True,41dbd6bb69a63302017bbe1b4b8883a00ed107fbe953bdd4fc0b197c4bbd51c0,False
unsb-sixdomain-expanded-phase-field-v1,LowLightTrafficData,LowLightTrafficData__149,1,0.5,2,0.146594622413448,0.220850512732436,1.9520377693149622e-06,0.0360699677365682,0.0360699677365682,0.6089722853417752,True,19935f52a9804f01cd4529b0dc261206345c38b87f4184b195b88fd51df60a66,False
unsb-sixdomain-expanded-phase-field-v1,LowLightTrafficData,LowLightTrafficData__149,2,0.74,2,0.5878653846794704,0.6849435395023669,4.919749369003412e-07,0.0612367882557506,0.0612367882557506,0.98226548357524,True,19935f52a9804f01cd4529b0dc261206345c38b87f4184b195b88fd51df60a66,False
unsb-sixdomain-expanded-phase-field-v1,LowLightTrafficData,LowLightTrafficData__149,3,0.8600000000000001,3,0.8564067614955764,0.8958925504433086,4.630498291846585e-05,0.0835049076505067,0.0835049076505067,1.0109680874001885,True,19935f52a9804f01cd4529b0dc261206345c38b87f4184b195b88fd51df60a66,False
unsb-sixdomain-expanded-phase-field-v1,LowLightTrafficData,LowLightTrafficData__485,1,0.5,2,0.1906657548550092,0.2831394052610084,1.4515633978140483e-06,0.0422761637045406,0.0422761637045406,0.6541771262289765,True,20365a97fa5051c8c3411ff9f387060cf8382592b24e7ba9038a443523185beb,False
unsb-sixdomain-expanded-phase-field-v1,LowLightTrafficData,LowLightTrafficData__485,2,0.74,2,0.6673309310034692,0.7583979734064198,1.0525286224805086e-06,0.0672049263900123,0.0672049263900123,0.9969401452565314,True,20365a97fa5051c8c3411ff9f387060cf8382592b24e7ba9038a443523185beb,False
unsb-sixdomain-expanded-phase-field-v1,LowLightTrafficData,LowLightTrafficData__485,3,0.8600000000000001,3,0.8909007759110296,0.9363777492784382,4.2033038019528846e-05,0.086530522414986,0.086530522414986,1.0126600114600437,True,20365a97fa5051c8c3411ff9f387060cf8382592b24e7ba9038a443523185beb,False
unsb-sixdomain-expanded-phase-field-v1,LowLightTrafficData,LowLightTrafficData__662,1,0.5,2,0.2107638197590098,0.3005850703986759,1.0662740290712237e-07,0.0405029990033747,0.0405029990033747,0.7163088795616164,True,c91d61bcab59bd3d92135ff869bdcade19a436fdf15878de46bfbe035222e4d2,False
unsb-sixdomain-expanded-phase-field-v1,LowLightTrafficData,LowLightTrafficData__662,2,0.74,2,0.6777702676468655,0.779011034966478,3.4665140019596308e-06,0.0664291485702421,0.0664291485702421,1.0087238272530237,True,c91d61bcab59bd3d92135ff869bdcade19a436fdf15878de46bfbe035222e4d2,False
unsb-sixdomain-expanded-phase-field-v1,LowLightTrafficData,LowLightTrafficData__662,3,0.8600000000000001,2,0.8979341825815532,0.95168015104246,1.1646014956845363e-06,0.0857128634818747,0.0857128634818747,1.0201985004168936,True,c91d61bcab59bd3d92135ff869bdcade19a436fdf15878de46bfbe035222e4d2,False
unsb-sixdomain-expanded-phase-field-v1,LowLightTrafficData,LowLightTrafficData__278,1,0.5,2,0.1431554327291654,0.2186074730213111,1.8155604734060304e-06,0.0503103869232727,0.0503103869232727,0.4541501767038209,True,e6cc38721383058616a5064a2b0cdacbdf5f50255cf34d19fedb9f7e9dd7d602,False
unsb-sixdomain-expanded-phase-field-v1,LowLightTrafficData,LowLightTrafficData__278,2,0.74,3,0.5881355989101976,0.6683003610848944,6.789771371806808e-07,0.0813155661250844,0.0813155661250844,0.8593037774080327,True,e6cc38721383058616a5064a2b0cdacbdf5f50255cf34d19fedb9f7e9dd7d602,False
unsb-sixdomain-expanded-phase-field-v1,LowLightTrafficData,LowLightTrafficData__278,3,0.8600000000000001,3,0.9001815552469978,0.9124780330215124,8.770143181680012e-07,0.1077103833768349,0.1077103833768349,0.9220725382895252,True,e6cc38721383058616a5064a2b0cdacbdf5f50255cf34d19fedb9f7e9dd7d602,False
unsb-sixdomain-expanded-phase-field-v1,LowLightTrafficData,LowLightTrafficData__044,1,0.5,2,0.1248084666062832,0.1891216446648178,4.645070554865072e-07,0.0366752182538517,0.0366752182538517,0.5318713404777562,True,ffad7fb7c15a832c31fddecb641b980722822ef8a71a4070d3d5cca32cd548a8,False
unsb-sixdomain-expanded-phase-field-v1,LowLightTrafficData,LowLightTrafficData__044,2,0.74,2,0.4850429817847461,0.5965448338671915,1.9578489036664597e-06,0.0611362841598575,0.0611362841598575,0.8994811861005554,True,ffad7fb7c15a832c31fddecb641b980722822ef8a71a4070d3d5cca32cd548a8,False
unsb-sixdomain-expanded-phase-field-v1,LowLightTrafficData,LowLightTrafficData__044,3,0.8600000000000001,2,0.793815083683125,0.8549403540425567,2.5720805275075698e-05,0.0881834541408028,0.0881834541408028,0.9543322407817104,True,ffad7fb7c15a832c31fddecb641b980722822ef8a71a4070d3d5cca32cd548a8,False
unsb-sixdomain-expanded-phase-field-v1,LowLightTrafficData,LowLightTrafficData__185,1,0.5,2,0.1607400007889031,0.2439546516173617,1.2570616632068266e-06,0.0368292415189412,0.0368292415189412,0.6399311912596242,True,5d27746f33baeab87b6b2f5cbde43b89df327b6ccecd3311b991a43545f5277b,False
unsb-sixdomain-expanded-phase-field-v1,LowLightTrafficData,LowLightTrafficData__185,2,0.74,2,0.6210249539893478,0.715594475722805,4.771381071355663e-07,0.0621081240376235,0.0621081240376235,0.9999606396437476,True,5d27746f33baeab87b6b2f5cbde43b89df327b6ccecd3311b991a43545f5277b,False
unsb-sixdomain-expanded-phase-field-v1,LowLightTrafficData,LowLightTrafficData__185,3,0.8600000000000001,3,0.8902546019624407,0.9178171600339872,1.3304803081481964e-06,0.083678853738431,0.083678853738431,1.0268985048813537,True,5d27746f33baeab87b6b2f5cbde43b89df327b6ccecd3311b991a43545f5277b,False
unsb-sixdomain-expanded-phase-field-v1,LowLightTrafficData,LowLightTrafficData__189,1,0.5,2,0.1428467814420452,0.2232448205255582,4.175730874633743e-06,0.0391186392673186,0.0391186392673186,0.5624867199507667,True,ff759a2837d8035f2899ca6f8e1d7e36acf93c607d7f2530de64bf9eec653405,False
unsb-sixdomain-expanded-phase-field-v1,LowLightTrafficData,LowLightTrafficData__189,2,0.74,3,0.6006557767968655,0.694697408372025,1.296419954421868e-05,0.066370217671287,0.066370217671287,0.9566524162644268,True,ff759a2837d8035f2899ca6f8e1d7e36acf93c607d7f2530de64bf9eec653405,False
unsb-sixdomain-expanded-phase-field-v1,LowLightTrafficData,LowLightTrafficData__189,3,0.8600000000000001,3,0.9057081706784232,0.9218604565419068,4.661547435724778e-06,0.091807420821103,0.091807420821103,0.9941104988913008,True,ff759a2837d8035f2899ca6f8e1d7e36acf93c607d7f2530de64bf9eec653405,False
unsb-sixdomain-expanded-phase-field-v1,LowLightTrafficData,LowLightTrafficData__609,1,0.5,2,0.1294970345913425,0.1833813321455362,3.9641651450317283e-07,0.0470122615289362,0.0470122615289362,0.440048679963242,True,c6b0ca3a7e1a56b53662814f8e7fb2623aa69ab759a1ae8172e101e944ba9959,False
unsb-sixdomain-expanded-phase-field-v1,LowLightTrafficData,LowLightTrafficData__609,2,0.74,2,0.4543540424894528,0.5639404354984646,3.864594864178006e-05,0.0860636241384715,0.0860636241384715,0.7225747661481974,True,c6b0ca3a7e1a56b53662814f8e7fb2623aa69ab759a1ae8172e101e944ba9959,False
unsb-sixdomain-expanded-phase-field-v1,LowLightTrafficData,LowLightTrafficData__609,3,0.8600000000000001,2,0.7415114481479823,0.835728046980052,2.7939627457174154e-06,0.1236109867200727,0.1236109867200727,0.7780607872793049,True,c6b0ca3a7e1a56b53662814f8e7fb2623aa69ab759a1ae8172e101e944ba9959,False
unsb-sixdomain-expanded-phase-field-v1,LowLightTrafficData,LowLightTrafficData__293,1,0.5,2,0.1785043571126705,0.2650567122334395,7.411058644546387e-07,0.0377119711263572,0.0377119711263572,0.6751695885931869,True,8485bd71a14efa82fcecbff45c0930b95ae2580c96e3542c38ad36fd9d405d21,False
unsb-sixdomain-expanded-phase-field-v1,LowLightTrafficData,LowLightTrafficData__293,2,0.74,2,0.6190655383941129,0.7157907731706992,1.598850801265428e-05,0.0609986686346579,0.0609986686346579,1.006416272606078,True,8485bd71a14efa82fcecbff45c0930b95ae2580c96e3542c38ad36fd9d405d21,False
unsb-sixdomain-expanded-phase-field-v1,LowLightTrafficData,LowLightTrafficData__293,3,0.8600000000000001,3,0.8640228609751921,0.913057969702794,3.431501089945499e-06,0.0811293519631272,0.0811293519631272,1.0273472265424206,True,8485bd71a14efa82fcecbff45c0930b95ae2580c96e3542c38ad36fd9d405d21,False
unsb-sixdomain-expanded-phase-field-v1,LowLightTrafficData,LowLightTrafficData__605,1,0.5,2,0.1564073979988323,0.2247887940713794,2.7464835617996286e-06,0.0471868908378536,0.0471868908378536,0.5204359286774011,True,57a180bee741b9197f8297faf8fab5751bb2272a577c241b7c833368e9edc774,False
unsb-sixdomain-expanded-phase-field-v1,LowLightTrafficData,LowLightTrafficData__605,2,0.74,3,0.5982550657844474,0.6844858563930432,5.37204513317846e-07,0.0776352658006315,0.0776352658006315,0.8868273404865734,True,57a180bee741b9197f8297faf8fab5751bb2272a577c241b7c833368e9edc774,False
unsb-sixdomain-expanded-phase-field-v1,LowLightTrafficData,LowLightTrafficData__605,3,0.8600000000000001,3,0.8979574848656173,0.92212277996457,1.312144195486642e-05,0.1034589222001096,0.1034589222001096,0.938487825067028,True,57a180bee741b9197f8297faf8fab5751bb2272a577c241b7c833368e9edc774,False
unsb-sixdomain-expanded-phase-field-v1,LowLightTrafficData,LowLightTrafficData__458,1,0.5,2,0.1693798766856595,0.2469687304317333,6.263723295596435e-07,0.0368675844730654,0.0368675844730654,0.6622171283382433,True,d61a787099782416cf811b356aaa0aee1b06f227174f10b38e44e318a6e24891,False
unsb-sixdomain-expanded-phase-field-v1,LowLightTrafficData,LowLightTrafficData__458,2,0.74,2,0.6340729158178748,0.7397313154244303,9.512806466993596e-07,0.0616876687283405,0.0616876687283405,1.0119408449548557,True,d61a787099782416cf811b356aaa0aee1b06f227174f10b38e44e318a6e24891,False
unsb-sixdomain-expanded-phase-field-v1,LowLightTrafficData,LowLightTrafficData__458,3,0.8600000000000001,2,0.888577593781344,0.9307677245196154,1.9729743718666093e-05,0.0827772875760785,0.0827772875760785,1.0307841664907689,True,d61a787099782416cf811b356aaa0aee1b06f227174f10b38e44e318a6e24891,False
unsb-sixdomain-expanded-phase-field-v1,LowLightTrafficData,LowLightTrafficData__324,1,0.5,2,0.117054781533112,0.1605009768452711,2.535975947015601e-07,0.0443143039378667,0.0443143039378667,0.421845226684126,True,c024f22df2d3aa56dfba06f5576cc1601497ba90efe0e9dd29604678444dafd4,False
unsb-sixdomain-expanded-phase-field-v1,LowLightTrafficData,LowLightTrafficData__324,2,0.74,2,0.4360632932569376,0.5125919939578469,1.1809571155652064e-05,0.084706164393588,0.084706164393588,0.7116345135973609,True,c024f22df2d3aa56dfba06f5576cc1601497ba90efe0e9dd29604678444dafd4,False
unsb-sixdomain-expanded-phase-field-v1,LowLightTrafficData,LowLightTrafficData__324,3,0.8600000000000001,2,0.7300662902633941,0.7919291640984354,5.938741580724383e-06,0.1268887529096323,0.1268887529096323,0.7599391669295441,True,c024f22df2d3aa56dfba06f5576cc1601497ba90efe0e9dd29604678444dafd4,False
unsb-sixdomain-expanded-phase-field-v1,LowLightTrafficData,LowLightTrafficData__218,1,0.5,2,0.1537448789113726,0.2414383203969987,3.571226075971268e-07,0.0441825713878432,0.0441825713878432,0.5415496709270528,True,8d6826921c0af2ae4db52ee9dedba4a5f025e0687dc300cb6ef596b7c76d4148,False
unsb-sixdomain-expanded-phase-field-v1,LowLightTrafficData,LowLightTrafficData__218,2,0.74,2,0.5536739097555476,0.6621053286897819,2.802635409637766e-06,0.0586656220004518,0.0586656220004518,0.974870379519164,True,8d6826921c0af2ae4db52ee9dedba4a5f025e0687dc300cb6ef596b7c76d4148,False
unsb-sixdomain-expanded-phase-field-v1,LowLightTrafficData,LowLightTrafficData__218,3,0.8600000000000001,2,0.7971496408547563,0.8715449138142668,2.9576204755188407e-05,0.0737664292985986,0.0737664292985986,1.033681093039935,True,8d6826921c0af2ae4db52ee9dedba4a5f025e0687dc300cb6ef596b7c76d4148,False
unsb-sixdomain-expanded-phase-field-v1,LowLightTrafficData,LowLightTrafficData__093,1,0.5,2,0.1320508219007314,0.2052076625234848,6.705477146873307e-07,0.0318347005061988,0.0318347005061988,0.6178403401709228,True,4bfb44fa2b56790a863d870f55e34573c21048f3406ca01c3f0d4650e85db378,False
unsb-sixdomain-expanded-phase-field-v1,LowLightTrafficData,LowLightTrafficData__093,2,0.74,3,0.5818821837730823,0.6945860709234494,7.245090842822322e-07,0.0559791505509563,0.0559791505509563,1.0168087560138843,True,4bfb44fa2b56790a863d870f55e34573c21048f3406ca01c3f0d4650e85db378,False
unsb-sixdomain-expanded-phase-field-v1,LowLightTrafficData,LowLightTrafficData__093,3,0.8600000000000001,3,0.8839055279968577,0.9176736242857176,1.9120663675042948e-05,0.0789746256400293,0.0789746256400293,1.0489182740907346,True,4bfb44fa2b56790a863d870f55e34573c21048f3406ca01c3f0d4650e85db378,False
unsb-sixdomain-expanded-phase-field-v1,LowLightTrafficData,LowLightTrafficData__383,1,0.5,2,0.2065321792712233,0.3086539379091306,6.016854702250996e-07,0.0388432363126843,0.0388432363126843,0.7256723206340002,True,740e540b368235b95f5f7ed44f59267596b3c06fc76fe766ac2108696570319d,False
unsb-sixdomain-expanded-phase-field-v1,LowLightTrafficData,LowLightTrafficData__383,2,0.74,2,0.65950657962572,0.7480567831985109,5.193828518379462e-07,0.0603186808977871,0.0603186808977871,1.0387672972446813,True,740e540b368235b95f5f7ed44f59267596b3c06fc76fe766ac2108696570319d,False
unsb-sixdomain-expanded-phase-field-v1,LowLightTrafficData,LowLightTrafficData__383,3,0.8600000000000001,2,0.8739122010356738,0.9209427678884547,7.939221876585023e-06,0.0771097339194049,0.0771097339194049,1.054358598223882,True,740e540b368235b95f5f7ed44f59267596b3c06fc76fe766ac2108696570319d,False
unsb-sixdomain-expanded-phase-field-v1,LowLightTrafficData,LowLightTrafficData__650,1,0.5,2,0.1202826524620563,0.1878856078241184,2.3180304400405305e-06,0.0316894204696353,0.0316894204696353,0.5792886995818627,True,6b9fefe1854fa19ca298f5ba87a859d6e8e1edf4303744de20b62a830c0fe78f,False
unsb-sixdomain-expanded-phase-field-v1,LowLightTrafficData,LowLightTrafficData__650,2,0.74,2,0.4709028474825211,0.5925190474318207,1.5538247106761105e-06,0.0579116922115097,0.0579116922115097,0.9101650611185296,True,6b9fefe1854fa19ca298f5ba87a859d6e8e1edf4303744de20b62a830c0fe78f,False
unsb-sixdomain-expanded-phase-field-v1,LowLightTrafficData,LowLightTrafficData__650,3,0.8600000000000001,3,0.7861862506408173,0.8494887471572973,2.6678168034699468e-06,0.0870969688214701,0.0870969688214701,0.955522403503739,True,6b9fefe1854fa19ca298f5ba87a859d6e8e1edf4303744de20b62a830c0fe78f,False
unsb-sixdomain-expanded-phase-field-v1,LowLightTrafficData,LowLightTrafficData__178,1,0.5,2,0.1746077520391811,0.2509062786052426,2.8427679782394577e-06,0.0447373983158247,0.0447373983158247,0.5913927968237888,True,00da3cd0f9462260bcdd1c7d2637c3cb320435090fe68646225311238479e27c,False
unsb-sixdomain-expanded-phase-field-v1,LowLightTrafficData,LowLightTrafficData__178,2,0.74,3,0.6652715361495146,0.7608855060542082,1.688785969755635e-05,0.0760996020898077,0.0760996020898077,0.9416165564792816,True,00da3cd0f9462260bcdd1c7d2637c3cb320435090fe68646225311238479e27c,False
unsb-sixdomain-expanded-phase-field-v1,LowLightTrafficData,LowLightTrafficData__178,3,0.8600000000000001,1,0.9410310711080392,0.9698957464954132,4.788687965717742e-06,0.1029220302102633,0.1029220302102633,0.9610956188715496,True,00da3cd0f9462260bcdd1c7d2637c3cb320435090fe68646225311238479e27c,False
unsb-sixdomain-expanded-phase-field-v1,LowLightTrafficData,LowLightTrafficData__625,1,0.5,2,0.1688893011117271,0.2462947496163797,2.549560007558682e-07,0.0444420933529632,0.0444420933529632,0.579807631225255,True,ee668b1b36e0b27da8a75f1b8724a204e983fcd45b557b3033f311ab576cc052,False
unsb-sixdomain-expanded-phase-field-v1,LowLightTrafficData,LowLightTrafficData__625,2,0.74,3,0.6511329551443001,0.7460024220306497,5.474745747635623e-06,0.0717960762161988,0.0717960762161988,0.9575689664904868,True,ee668b1b36e0b27da8a75f1b8724a204e983fcd45b557b3033f311ab576cc052,False
unsb-sixdomain-expanded-phase-field-v1,LowLightTrafficData,LowLightTrafficData__625,3,0.8600000000000001,3,0.9151267756851742,0.9554234860352842,6.478607120330437e-06,0.0941003405723411,0.0941003405723411,0.987890067301503,True,ee668b1b36e0b27da8a75f1b8724a204e983fcd45b557b3033f311ab576cc052,False
unsb-sixdomain-expanded-phase-field-v1,LowLightTrafficData,LowLightTrafficData__554,1,0.5,2,0.1398018631295166,0.2174987077652895,2.460014633998142e-06,0.0549044002967876,0.0549044002967876,0.4059058070085175,True,1c59c5973836874d0d0773996af6649056e2f6cce170c54a6fc560d9ad194b42,False
unsb-sixdomain-expanded-phase-field-v1,LowLightTrafficData,LowLightTrafficData__554,2,0.74,2,0.5764291831049617,0.6717763441606459,5.378039324988038e-07,0.0860227824471369,0.0860227824471369,0.8261324739868585,True,1c59c5973836874d0d0773996af6649056e2f6cce170c54a6fc560d9ad194b42,False
unsb-sixdomain-expanded-phase-field-v1,LowLightTrafficData,LowLightTrafficData__554,3,0.8600000000000001,2,0.906429493813452,0.9104101243514174,9.538848195966844e-05,0.1105960414848451,0.1105960414848451,0.9135944456156542,True,1c59c5973836874d0d0773996af6649056e2f6cce170c54a6fc560d9ad194b42,False
unsb-sixdomain-expanded-phase-field-v1,LowLightTrafficData,LowLightTrafficData__177,1,0.5,2,0.122949698172298,0.1821679852017682,6.955498138783156e-06,0.0376495490707882,0.0376495490707882,0.5139676879074897,True,51a140b10f12c54a8a81b1cb4abc65019481f885ceb356f4a1b6342df65dfd00,False
unsb-sixdomain-expanded-phase-field-v1,LowLightTrafficData,LowLightTrafficData__177,2,0.74,2,0.4925683075899094,0.5821399623578475,7.781900662306995e-06,0.0595097928210053,0.0595097928210053,0.9178780270873642,True,51a140b10f12c54a8a81b1cb4abc65019481f885ceb356f4a1b6342df65dfd00,False
unsb-sixdomain-expanded-phase-field-v1,LowLightTrafficData,LowLightTrafficData__177,3,0.8600000000000001,2,0.7732076344471107,0.843419733633039,4.366815528400458e-06,0.0854806523191672,0.0854806523191672,0.9564283057929656,True,51a140b10f12c54a8a81b1cb4abc65019481f885ceb356f4a1b6342df65dfd00,False
unsb-sixdomain-expanded-phase-field-v1,LowLightTrafficData,LowLightTrafficData__531,1,0.5,2,0.1664032452467357,0.2524922833419319,7.434025793839893e-07,0.0400181766674866,0.0400181766674866,0.6189044946106765,True,02d7f6c01520ebc23a637789cd097f5c3bc60c15b9f74c01a1f2eca413bf12f7,False
unsb-sixdomain-expanded-phase-field-v1,LowLightTrafficData,LowLightTrafficData__531,2,0.74,2,0.6145634338537405,0.7216735400426173,3.2156893627899308e-06,0.063330208429459,0.063330208429459,0.9869557990687796,True,02d7f6c01520ebc23a637789cd097f5c3bc60c15b9f74c01a1f2eca413bf12f7,False
unsb-sixdomain-expanded-phase-field-v1,LowLightTrafficData,LowLightTrafficData__531,3,0.8600000000000001,3,0.872390751660423,0.916376407760636,3.0390250355116777e-05,0.0835220251832279,0.0835220251832279,1.0189100366557189,True,02d7f6c01520ebc23a637789cd097f5c3bc60c15b9f74c01a1f2eca413bf12f7,False
unsb-sixdomain-expanded-phase-field-v1,LowLightTrafficData,LowLightTrafficData__255,1,0.5,1,0.1778287732816429,0.2541528616500163,1.6539636786827572e-06,0.0539084016789881,0.0539084016789881,0.5183455768963331,True,0875a0435f1cb8d3963ff21972e9fa67f332a3978b4f5031fbd6464eb5c4513e,False
unsb-sixdomain-expanded-phase-field-v1,LowLightTrafficData,LowLightTrafficData__255,2,0.74,3,0.6321547568618007,0.7096020087259258,1.004954634786781e-05,0.0834350614112078,0.0834350614112078,0.8794748203398519,True,0875a0435f1cb8d3963ff21972e9fa67f332a3978b4f5031fbd6464eb5c4513e,False
unsb-sixdomain-expanded-phase-field-v1,LowLightTrafficData,LowLightTrafficData__255,3,0.8600000000000001,3,0.905692212201225,0.924771951713671,1.143634205069688e-05,0.1054432679363321,0.1054432679363321,0.9339617761041464,True,0875a0435f1cb8d3963ff21972e9fa67f332a3978b4f5031fbd6464eb5c4513e,False
unsb-sixdomain-expanded-phase-field-v1,LowLightTrafficData,LowLightTrafficData__077,1,0.5,2,0.2044411564275022,0.3029861293636501,3.718749324033155e-07,0.0418119871514869,0.0418119871514869,0.6892675206132163,True,c3f555973d6fbec5627d9649a84a7521a2444d89bca64f9cb07f9f9bad82f145,False
unsb-sixdomain-expanded-phase-field-v1,LowLightTrafficData,LowLightTrafficData__077,2,0.74,2,0.6815655104879152,0.7751018735832232,5.096416599958964e-06,0.0656760722746614,0.0656760722746614,1.0161004334249044,True,c3f555973d6fbec5627d9649a84a7521a2444d89bca64f9cb07f9f9bad82f145,False
unsb-sixdomain-expanded-phase-field-v1,LowLightTrafficData,LowLightTrafficData__077,3,0.8600000000000001,3,0.9107636438348724,0.94583469538586,7.36206891072122e-06,0.0847092540787071,0.0847092540787071,1.031474828466926,True,c3f555973d6fbec5627d9649a84a7521a2444d89bca64f9cb07f9f9bad82f145,False
unsb-sixdomain-expanded-phase-field-v1,LowLightTrafficData,LowLightTrafficData__585,1,0.5,2,0.1755052887644288,0.2936617421873236,2.568384499745946e-06,0.0500210272757248,0.0500210272757248,0.5451376017018703,True,8625aea29fc5b8774210d1bd3fa4facdf87c7f19e53163181617aee2878cc49c,False
unsb-sixdomain-expanded-phase-field-v1,LowLightTrafficData,LowLightTrafficData__585,2,0.74,3,0.6667894205349686,0.7566376229264926,6.390746495887889e-06,0.0789016837830732,0.0789016837830732,0.9269024293007068,True,8625aea29fc5b8774210d1bd3fa4facdf87c7f19e53163181617aee2878cc49c,False
unsb-sixdomain-expanded-phase-field-v1,LowLightTrafficData,LowLightTrafficData__585,3,0.8600000000000001,4,0.9336141015351324,0.9585706776543308,1.774773221230319e-05,0.1042334038461663,0.1042334038461663,0.9521604824537964,True,8625aea29fc5b8774210d1bd3fa4facdf87c7f19e53163181617aee2878cc49c,False
unsb-sixdomain-expanded-phase-field-v1,LowLightTrafficData,LowLightTrafficData__550,1,0.5,3,0.1025243934245257,0.1354952861330554,4.9334462906003296e-06,0.0775436539331491,0.0775436539331491,0.1212809469692596,True,b88aff106959feb932d7cffc0db81f9742874e122d7ace74623119e528399666,False
unsb-sixdomain-expanded-phase-field-v1,LowLightTrafficData,LowLightTrafficData__550,2,0.74,3,0.3733665812966112,0.4877944807666097,9.66514743128144e-06,0.1331512784444976,0.1331512784444976,0.4477901025603162,True,b88aff106959feb932d7cffc0db81f9742874e122d7ace74623119e528399666,False
unsb-sixdomain-expanded-phase-field-v1,LowLightTrafficData,LowLightTrafficData__550,3,0.8600000000000001,3,0.7466602625157125,0.8106306909704658,8.587824233707853e-05,0.1668733673689467,0.1668733673689467,0.6507360089148932,True,b88aff106959feb932d7cffc0db81f9742874e122d7ace74623119e528399666,False
unsb-sixdomain-expanded-phase-field-v1,LowLightTrafficData,LowLightTrafficData__130,1,0.5,2,0.1401348443266172,0.1990085511299598,4.0554777366308414e-06,0.046434674740309,0.046434674740309,0.4797037275986264,True,965b9dcd314d50e3234bf6c7a005499132e62ce570298f18642299cc2bff3dbe,False
unsb-sixdomain-expanded-phase-field-v1,LowLightTrafficData,LowLightTrafficData__130,2,0.74,2,0.5522715060881082,0.6501694592477706,1.106838300568569e-06,0.0766699579346562,0.0766699579346562,0.8575274118163545,True,965b9dcd314d50e3234bf6c7a005499132e62ce570298f18642299cc2bff3dbe,False
unsb-sixdomain-expanded-phase-field-v1,LowLightTrafficData,LowLightTrafficData__130,3,0.8600000000000001,2,0.8627917165888879,0.9020591296699711,9.518702503097389e-06,0.1019960606620064,0.1019960606620064,0.927322568344484,True,965b9dcd314d50e3234bf6c7a005499132e62ce570298f18642299cc2bff3dbe,False
unsb-sixdomain-expanded-phase-field-v1,LowLightTrafficData,LowLightTrafficData__242,1,0.5,2,0.1320600287085966,0.1854548976236494,2.903256250297304e-06,0.0675479487623185,0.0675479487623185,0.291159222066246,True,e4c68408841ae37f90904e80922f9821cc76045941cbf7d40b2e3a7a3633c6f9,False
unsb-sixdomain-expanded-phase-field-v1,LowLightTrafficData,LowLightTrafficData__242,2,0.74,3,0.490432503783164,0.5728488240466102,9.286471554514897e-06,0.1077626482003094,0.1077626482003094,0.6581109902907295,True,e4c68408841ae37f90904e80922f9821cc76045941cbf7d40b2e3a7a3633c6f9,False
unsb-sixdomain-expanded-phase-field-v1,LowLightTrafficData,LowLightTrafficData__242,3,0.8600000000000001,2,0.8025354409183122,0.8482322654086176,8.911403153066821e-06,0.1349751435812328,0.1349751435812328,0.7742104223290363,True,e4c68408841ae37f90904e80922f9821cc76045941cbf7d40b2e3a7a3633c6f9,False
unsb-sixdomain-expanded-phase-field-v1,LowLightTrafficData,LowLightTrafficData__075,1,0.5,2,0.1663737856410315,0.2402219127856735,5.9523208398859495e-06,0.0436097828904005,0.0436097828904005,0.5815009740194179,True,e98407a0fe508f70a618496e984df3396bee7b76985663228a7c78807992abd1,False
unsb-sixdomain-expanded-phase-field-v1,LowLightTrafficData,LowLightTrafficData__075,2,0.74,2,0.6346315103564953,0.7084105382478323,4.085436875467252e-07,0.0698959948742513,0.0698959948742513,0.9580693407773186,True,e98407a0fe508f70a618496e984df3396bee7b76985663228a7c78807992abd1,False
unsb-sixdomain-expanded-phase-field-v1,LowLightTrafficData,LowLightTrafficData__075,3,0.8600000000000001,3,0.9141304030504196,0.9231892746645952,4.581688478144663e-05,0.0910960922246659,0.0910960922246659,1.0015084060554442,True,e98407a0fe508f70a618496e984df3396bee7b76985663228a7c78807992abd1,False
unsb-sixdomain-expanded-phase-field-v1,LowLightTrafficData,LowLightTrafficData__472,1,0.5,2,0.1444724366900571,0.2308285731913135,3.3669625275623005e-06,0.0386614404656401,0.0386614404656401,0.5725069665689322,True,33d1568ca6a487fbc259f413385669855a8b8e225f856f4c481135b64e31ed35,False
unsb-sixdomain-expanded-phase-field-v1,LowLightTrafficData,LowLightTrafficData__472,2,0.74,2,0.5667147082527062,0.6892721878282688,4.9168359038676e-06,0.064632552749132,0.064632552749132,0.9429131749579546,True,33d1568ca6a487fbc259f413385669855a8b8e225f856f4c481135b64e31ed35,False
unsb-sixdomain-expanded-phase-field-v1,LowLightTrafficData,LowLightTrafficData__472,3,0.8600000000000001,2,0.8522679918427646,0.9106173824010696,9.378243246160878e-05,0.0895182556246753,0.0895182556246753,0.9786645673562088,True,33d1568ca6a487fbc259f413385669855a8b8e225f856f4c481135b64e31ed35,False
unsb-sixdomain-expanded-phase-field-v1,LowLightTrafficData,LowLightTrafficData__330,1,0.5,2,0.1300422717532611,0.2016803636846746,1.5212202119085916e-06,0.0393948353866013,0.0393948353866013,0.5186452576259711,True,242c80cae674a3efeeaac2f20a579589bace529a01b8c0512e15f9f6f0f739d9,False
unsb-sixdomain-expanded-phase-field-v1,LowLightTrafficData,LowLightTrafficData__330,2,0.74,2,0.5411470239475764,0.6581428349412931,1.4167968185319069e-06,0.0609650210632437,0.0609650210632437,0.948234546184192,True,242c80cae674a3efeeaac2f20a579589bace529a01b8c0512e15f9f6f0f739d9,False
unsb-sixdomain-expanded-phase-field-v1,LowLightTrafficData,LowLightTrafficData__330,3,0.8600000000000001,2,0.840859305636453,0.8976361377587466,1.775646703905398e-05,0.0841289285593771,0.0841289285593771,0.9997779768901032,True,242c80cae674a3efeeaac2f20a579589bace529a01b8c0512e15f9f6f0f739d9,False
unsb-sixdomain-expanded-phase-field-v1,LowLightTrafficData,LowLightTrafficData__095,1,0.5,2,0.1261893979307902,0.196969908887105,1.862644532946156e-06,0.032753692763318,0.032753692763318,0.5857625973283441,True,67f44ef160fe7fef5e04053f4036b68404b3410c5f303381ed564b2ea2478608,False
unsb-sixdomain-expanded-phase-field-v1,LowLightTrafficData,LowLightTrafficData__095,2,0.74,2,0.4885316855664763,0.5904294932993291,6.973918777797294e-06,0.0563596350361947,0.0563596350361947,0.9379245646507336,True,67f44ef160fe7fef5e04053f4036b68404b3410c5f303381ed564b2ea2478608,False
unsb-sixdomain-expanded-phase-field-v1,LowLightTrafficData,LowLightTrafficData__095,3,0.8600000000000001,2,0.7854444392014966,0.8414301364638171,1.3468576693598244e-05,0.0789165270626809,0.0789165270626809,0.9979475046322334,True,67f44ef160fe7fef5e04053f4036b68404b3410c5f303381ed564b2ea2478608,False
unsb-sixdomain-expanded-phase-field-v1,LowLightTrafficData,LowLightTrafficData__310,1,0.5,2,0.1965468895789591,0.2844504575509957,2.234405442003151e-06,0.0492012165102169,0.0492012165102169,0.6014903344260568,True,921b1f9141264eb4c11c1e1ff835d027040cc94585a77dcf00ba89be5e4924f0,False
unsb-sixdomain-expanded-phase-field-v1,LowLightTrafficData,LowLightTrafficData__310,2,0.74,2,0.6367183640665138,0.7219938706695914,4.947823643020044e-07,0.0774289118179157,0.0774289118179157,0.915044220095443,True,921b1f9141264eb4c11c1e1ff835d027040cc94585a77dcf00ba89be5e4924f0,False
unsb-sixdomain-expanded-phase-field-v1,LowLightTrafficData,LowLightTrafficData__310,3,0.8600000000000001,3,0.8658019073963783,0.9116179572835592,2.2654195949267653e-05,0.0992642634776482,0.0992642634776482,0.940625613693393,True,921b1f9141264eb4c11c1e1ff835d027040cc94585a77dcf00ba89be5e4924f0,False
unsb-sixdomain-expanded-phase-field-v1,LowLightTrafficData,LowLightTrafficData__408,1,0.5,2,0.1297803119456571,0.1630764051777057,3.4215796340664184e-06,0.0631363156797724,0.0631363156797724,0.3129295786722336,True,d7afef323ebf06f524cf8fd9f0b387a05f48c2d37f46935701af1b1ff6c4ed05,False
unsb-sixdomain-expanded-phase-field-v1,LowLightTrafficData,LowLightTrafficData__408,2,0.74,3,0.4814054239424519,0.5485745473754811,3.183121426775237e-06,0.1070523603687378,0.1070523603687378,0.6529147317336261,True,d7afef323ebf06f524cf8fd9f0b387a05f48c2d37f46935701af1b1ff6c4ed05,False
unsb-sixdomain-expanded-phase-field-v1,LowLightTrafficData,LowLightTrafficData__408,3,0.8600000000000001,3,0.8042684752536906,0.8543981351400596,2.59449120213473e-05,0.1423312009089796,0.1423312009089796,0.7521009323836663,True,d7afef323ebf06f524cf8fd9f0b387a05f48c2d37f46935701af1b1ff6c4ed05,False
unsb-sixdomain-expanded-phase-field-v1,LowLightTrafficData,LowLightTrafficData__533,1,0.5,2,0.1585951404879979,0.2253214452363554,1.1289874901621033e-07,0.0385736098699827,0.0385736098699827,0.6139995922123043,True,68296f6e90498e1c7009af556564d05f39cc45bf53c0be72db1133300f4bc39e,False
unsb-sixdomain-expanded-phase-field-v1,LowLightTrafficData,LowLightTrafficData__533,2,0.74,3,0.630941355080042,0.7261773441822015,3.1277251404393525e-06,0.0667107135181527,0.0667107135181527,0.9757934084214748,True,68296f6e90498e1c7009af556564d05f39cc45bf53c0be72db1133300f4bc39e,False
unsb-sixdomain-expanded-phase-field-v1,LowLightTrafficData,LowLightTrafficData__533,3,0.8600000000000001,3,0.9067768294733394,0.9327572069015242,1.828900797917754e-05,0.0902081019590421,0.0902081019590421,1.0022548691691155,True,68296f6e90498e1c7009af556564d05f39cc45bf53c0be72db1133300f4bc39e,False
unsb-sixdomain-expanded-phase-field-v1,LowLightTrafficData,LowLightTrafficData__347,1,0.5,2,0.1823272095869364,0.2759745464190738,1.4317570670163704e-06,0.0401443433387999,0.0401443433387999,0.6572271270498043,True,3d5f0787ffef3307a76aaf2f7d2a8a060d6f0a6bdb0688cea29c559e2653def8,False
unsb-sixdomain-expanded-phase-field-v1,LowLightTrafficData,LowLightTrafficData__347,2,0.74,2,0.6702577008506436,0.7674217526099426,3.963742092105704e-06,0.0640972554149206,0.0640972554149206,1.0194023786254962,True,3d5f0787ffef3307a76aaf2f7d2a8a060d6f0a6bdb0688cea29c559e2653def8,False
unsb-sixdomain-expanded-phase-field-v1,LowLightTrafficData,LowLightTrafficData__347,3,0.8600000000000001,3,0.9033272190692304,0.9505732622655452,1.6047068339686277e-05,0.0840642055075941,0.0840642055075941,1.0312339837872433,True,3d5f0787ffef3307a76aaf2f7d2a8a060d6f0a6bdb0688cea29c559e2653def8,False
unsb-sixdomain-expanded-phase-field-v1,LowLightTrafficData,LowLightTrafficData__412,1,0.5,2,0.1579932634593092,0.2267167958038478,4.883458731841372e-07,0.0432699198227961,0.0432699198227961,0.5624524793565763,True,ea404ffec4dfb5e8bfd0edaf5110e5a3d9277acec6d51eae6df85d86b738ebd5,False
unsb-sixdomain-expanded-phase-field-v1,LowLightTrafficData,LowLightTrafficData__412,2,0.74,2,0.565411159098486,0.6421640040066336,8.193092793984391e-06,0.0668110357405457,0.0668110357405457,0.927516171106628,True,ea404ffec4dfb5e8bfd0edaf5110e5a3d9277acec6d51eae6df85d86b738ebd5,False
unsb-sixdomain-expanded-phase-field-v1,LowLightTrafficData,LowLightTrafficData__412,3,0.8600000000000001,3,0.8199215803458831,0.8720603128507467,7.676783674392951e-05,0.0876592990080576,0.0876592990080576,0.9709743238190046,True,ea404ffec4dfb5e8bfd0edaf5110e5a3d9277acec6d51eae6df85d86b738ebd5,False
unsb-sixdomain-expanded-phase-field-v1,LowLightTrafficData,LowLightTrafficData__289,1,0.5,2,0.1239360778383608,0.2166809532710345,2.475947346924912e-06,0.0398318136179776,0.0398318136179776,0.4929676669478876,True,3ce29e7ac607a0aeeb72df64f6ad696de63db809d3b129dfeda251c7baf239fb,False
unsb-sixdomain-expanded-phase-field-v1,LowLightTrafficData,LowLightTrafficData__289,2,0.74,2,0.5104999454443617,0.6361034460698072,2.4779681235820306e-06,0.0628485962715516,0.0628485962715516,0.9097001178769434,True,3ce29e7ac607a0aeeb72df64f6ad696de63db809d3b129dfeda251c7baf239fb,False
unsb-sixdomain-expanded-phase-field-v1,LowLightTrafficData,LowLightTrafficData__289,3,0.8600000000000001,2,0.8248841479887732,0.8714423023323575,2.378712009809547e-06,0.086117033881618,0.086117033881618,0.9813038946728389,True,3ce29e7ac607a0aeeb72df64f6ad696de63db809d3b129dfeda251c7baf239fb,False
unsb-sixdomain-expanded-phase-field-v1,LowLightTrafficData,LowLightTrafficData__538,1,0.5,2,0.1377382934126773,0.2217783256355093,4.365923992333265e-07,0.0324873524610963,0.0324873524610963,0.6273403775353359,True,284892aad8414406e787ef377d510177c0bcb3b161bb2efbf2ec52f9c38348b6,False
unsb-sixdomain-expanded-phase-field-v1,LowLightTrafficData,LowLightTrafficData__538,2,0.74,2,0.558110426383543,0.673808069333508,8.126344333225788e-06,0.0554278871612765,0.0554278871612765,1.002991811722596,True,284892aad8414406e787ef377d510177c0bcb3b161bb2efbf2ec52f9c38348b6,False
unsb-sixdomain-expanded-phase-field-v1,LowLightTrafficData,LowLightTrafficData__538,3,0.8600000000000001,2,0.8528653811387131,0.8924547033922969,1.3972864544076202e-05,0.0776473270686141,0.0776473270686141,1.040753976042537,True,284892aad8414406e787ef377d510177c0bcb3b161bb2efbf2ec52f9c38348b6,False
unsb-sixdomain-expanded-phase-field-v1,LowLightTrafficData,LowLightTrafficData__459,1,0.5,2,0.1441831249393909,0.2437337519505704,5.013522019092775e-06,0.0422543701181068,0.0422543701181068,0.5330428018198673,True,3ed89c8a0c774f9fa0c1d197d90a4b49a817af65a4e0fa193d15f81606b3c83f,False
unsb-sixdomain-expanded-phase-field-v1,LowLightTrafficData,LowLightTrafficData__459,2,0.74,1,0.6120615688640273,0.7103339187908302,8.098523027744164e-07,0.0709527636809896,0.0709527636809896,0.9358257948216422,True,3ed89c8a0c774f9fa0c1d197d90a4b49a817af65a4e0fa193d15f81606b3c83f,False
unsb-sixdomain-expanded-phase-field-v1,LowLightTrafficData,LowLightTrafficData__459,3,0.8600000000000001,3,0.9065295733132808,0.9261404454833908,3.2488348779669e-05,0.0975219275360055,0.0975219275360055,0.9682796998625608,True,3ed89c8a0c774f9fa0c1d197d90a4b49a817af65a4e0fa193d15f81606b3c83f,False
unsb-sixdomain-expanded-phase-field-v1,LowLightTrafficData,LowLightTrafficData__466,1,0.5,2,0.1843854217866357,0.2742393862280209,4.281705685560411e-07,0.0376544008120339,0.0376544008120339,0.689910839951368,True,c00f7dd37d08973762d38d229f44f882676dd1be71029e9d469abf1fce0f93b7,False
unsb-sixdomain-expanded-phase-field-v1,LowLightTrafficData,LowLightTrafficData__466,2,0.74,2,0.6393949687310805,0.7367016825766565,4.752578914080097e-06,0.0605299467327838,0.0605299467327838,1.0237989228403166,True,c00f7dd37d08973762d38d229f44f882676dd1be71029e9d469abf1fce0f93b7,False
unsb-sixdomain-expanded-phase-field-v1,LowLightTrafficData,LowLightTrafficData__466,3,0.8600000000000001,3,0.8862806121368789,0.9247258926415992,1.0240682779549817e-06,0.0798353929451032,0.0798353929451032,1.0453757817748133,True,c00f7dd37d08973762d38d229f44f882676dd1be71029e9d469abf1fce0f93b7,False
unsb-sixdomain-expanded-phase-field-v1,LowLightTrafficData,LowLightTrafficData__735,1,0.5,2,0.1175516068181505,0.166794229254112,2.260106499507586e-06,0.0528761544604389,0.0528761544604389,0.3469687073234501,True,ce255a6cd21b980dd75cc4d79d5905c6e98afab42aacd06575973b846986c7a1,False
unsb-sixdomain-expanded-phase-field-v1,LowLightTrafficData,LowLightTrafficData__735,2,0.74,2,0.4694608638680904,0.5604927952356583,1.0639697713421548e-05,0.0966960922156286,0.0966960922156286,0.6861904703142438,True,ce255a6cd21b980dd75cc4d79d5905c6e98afab42aacd06575973b846986c7a1,False
unsb-sixdomain-expanded-phase-field-v1,LowLightTrafficData,LowLightTrafficData__735,3,0.8600000000000001,3,0.8156229142547315,0.8567347102571089,9.116732975433806e-06,0.1316252664205346,0.1316252664205346,0.7921501551781444,True,ce255a6cd21b980dd75cc4d79d5905c6e98afab42aacd06575973b846986c7a1,False
unsb-sixdomain-expanded-phase-field-v1,LowLightTrafficData,LowLightTrafficData__342,1,0.5,2,0.1495076265378908,0.2244736524696595,1.480776108508941e-06,0.038152188479285,0.038152188479285,0.593143892094568,True,cdbd2405dcf81d5ad4dcc13e72539074e0338caec46ac0bb9f16c12b2e57c95e,False
unsb-sixdomain-expanded-phase-field-v1,LowLightTrafficData,LowLightTrafficData__342,2,0.74,2,0.5424273509919963,0.6380995389627357,1.3128381110005805e-05,0.0582142157184412,0.0582142157184412,0.9693125291040894,True,cdbd2405dcf81d5ad4dcc13e72539074e0338caec46ac0bb9f16c12b2e57c95e,False
unsb-sixdomain-expanded-phase-field-v1,LowLightTrafficData,LowLightTrafficData__342,3,0.8600000000000001,2,0.8065506329868051,0.8707839795613015,6.141433275852481e-05,0.0790184279018487,0.0790184279018487,1.0089032513685865,True,cdbd2405dcf81d5ad4dcc13e72539074e0338caec46ac0bb9f16c12b2e57c95e,False
unsb-sixdomain-expanded-phase-field-v1,LowLightTrafficData,LowLightTrafficData__076,1,0.5,2,0.1360841880207945,0.2076033742430161,9.149772937089296e-07,0.0388476094751081,0.0388476094751081,0.5444433670784534,True,0523dc90e8fa9c38b967a1dbba77756eb8986e58008a75af4b14db5ad5b321d7,False
unsb-sixdomain-expanded-phase-field-v1,LowLightTrafficData,LowLightTrafficData__076,2,0.74,2,0.5397809026180511,0.6381894607812251,3.7485916287716137e-06,0.0657798593813618,0.0657798593813618,0.9141245744516512,True,0523dc90e8fa9c38b967a1dbba77756eb8986e58008a75af4b14db5ad5b321d7,False
unsb-sixdomain-expanded-phase-field-v1,LowLightTrafficData,LowLightTrafficData__076,3,0.8600000000000001,2,0.8248963838979182,0.8767504652254008,3.039168239293844e-07,0.0902972601824757,0.0902972601824757,0.9607248267216356,True,0523dc90e8fa9c38b967a1dbba77756eb8986e58008a75af4b14db5ad5b321d7,False
unsb-sixdomain-expanded-phase-field-v1,LowLightTrafficData,LowLightTrafficData__108,1,0.5,2,0.1695498475585977,0.2701909391398663,1.602096932007413e-06,0.0403131315001732,0.0403131315001732,0.6238508684326365,True,6113bf373bc78b96cb3d7bf322dfa3acb5b8042947318a74b337469690132f84,False
unsb-sixdomain-expanded-phase-field-v1,LowLightTrafficData,LowLightTrafficData__108,2,0.74,3,0.6467827374406228,0.7292228865049254,1.1446953973592857e-06,0.0659817760709198,0.0659817760709198,0.9913344185807657,True,6113bf373bc78b96cb3d7bf322dfa3acb5b8042947318a74b337469690132f84,False
unsb-sixdomain-expanded-phase-field-v1,LowLightTrafficData,LowLightTrafficData__108,3,0.8600000000000001,3,0.9159592758594516,0.932932499817948,1.561303960895266e-05,0.088850987519595,0.088850987519595,1.0132139060174348,True,6113bf373bc78b96cb3d7bf322dfa3acb5b8042947318a74b337469690132f84,False
unsb-sixdomain-expanded-phase-field-v1,LowLightTrafficData,LowLightTrafficData__685,1,0.5,2,0.1410696462038745,0.2184255807503543,2.883143424003976e-07,0.0309393436755454,0.0309393436755454,0.6589224804854547,True,a9c7736f08b553c8f249198ba023db0e726dcabe4e604494beb309930f27e44f,False
unsb-sixdomain-expanded-phase-field-v1,LowLightTrafficData,LowLightTrafficData__685,2,0.74,2,0.5718437218443383,0.679520443642748,1.0362942116648457e-06,0.0534302608605753,0.0534302608605753,1.0294900629047383,True,a9c7736f08b553c8f249198ba023db0e726dcabe4e604494beb309930f27e44f,False
unsb-sixdomain-expanded-phase-field-v1,LowLightTrafficData,LowLightTrafficData__685,3,0.8600000000000001,3,0.8556641761478098,0.8930203217195152,4.275130661146598e-05,0.0742841360068172,0.0742841360068172,1.061407273404238,True,a9c7736f08b553c8f249198ba023db0e726dcabe4e604494beb309930f27e44f,False
unsb-sixdomain-expanded-phase-field-v1,RainCityscapes,RainCityscapes__0409,1,0.5,4,0.7757596184991551,0.9105995265711008,7.254729205152799e-07,1.4269312046619504,1.4269312046619504,-0.2646758663476866,False,e2a241535f9ee1e6462ec8d467e4c9f62039a885ba45f725db05c672084f132b,False
unsb-sixdomain-expanded-phase-field-v1,RainCityscapes,RainCityscapes__0409,2,0.74,4,0.91486617465584,0.9721739859631774,8.257827370794502e-07,1.3604180240053532,1.3604180240053532,-0.1723148064878545,False,e2a241535f9ee1e6462ec8d467e4c9f62039a885ba45f725db05c672084f132b,False
unsb-sixdomain-expanded-phase-field-v1,RainCityscapes,RainCityscapes__0409,3,0.8600000000000001,6,0.9562421234712652,0.9562421234712652,2.8115287340479966e-06,1.3046037336809992,1.3046037336809992,-0.1349107461974936,False,e2a241535f9ee1e6462ec8d467e4c9f62039a885ba45f725db05c672084f132b,False
unsb-sixdomain-expanded-phase-field-v1,RainCityscapes,RainCityscapes__0149,1,0.5,4,0.2717613705576621,0.3391250180256161,7.761939910810867e-07,0.8119051203992169,0.8119051203992169,-0.4753175562365469,False,537184cc2077de5df004b3d5bd15330dda63b3f08fc6c437efaa351613213a84,False
unsb-sixdomain-expanded-phase-field-v1,RainCityscapes,RainCityscapes__0149,2,0.74,3,0.567638317765579,0.6908789238926084,9.232759420330084e-07,1.1388016961629397,1.1388016961629397,-0.3023764010055736,False,537184cc2077de5df004b3d5bd15330dda63b3f08fc6c437efaa351613213a84,False
unsb-sixdomain-expanded-phase-field-v1,RainCityscapes,RainCityscapes__0149,3,0.8600000000000001,4,0.7654720588260235,0.7875586856890591,8.062201095615507e-07,1.1834993724041432,1.1834993724041432,-0.1892386892078409,False,537184cc2077de5df004b3d5bd15330dda63b3f08fc6c437efaa351613213a84,False
unsb-sixdomain-expanded-phase-field-v1,RainCityscapes,RainCityscapes__0099,1,0.5,4,0.662295949875003,0.7830789365139895,7.759743494428761e-07,1.3503629919235227,1.3503629919235227,-0.3093984279378935,False,00ce163baa0eefaee616aab5fde6f912ec7bc19aed4e5d4a5935314f79e35b09,False
unsb-sixdomain-expanded-phase-field-v1,RainCityscapes,RainCityscapes__0099,2,0.74,4,0.8433549450743516,0.9020133126896842,5.060452586080899e-06,1.3197934483269202,1.3197934483269202,-0.1944955723299351,False,00ce163baa0eefaee616aab5fde6f912ec7bc19aed4e5d4a5935314f79e35b09,False
unsb-sixdomain-expanded-phase-field-v1,RainCityscapes,RainCityscapes__0099,3,0.8600000000000001,6,0.9174512875329216,0.9174512875329216,5.881399680052191e-06,1.2853833782616884,1.2853833782616884,-0.1464496651122905,False,00ce163baa0eefaee616aab5fde6f912ec7bc19aed4e5d4a5935314f79e35b09,False
unsb-sixdomain-expanded-phase-field-v1,RainCityscapes,RainCityscapes__0015,1,0.5,4,0.2094653722938053,0.2600632893949998,9.437250858557179e-08,0.6752332646389897,0.6752332646389897,-0.5083415912207615,False,7477e2c843e44c76546c7cc1b9fa1f39657f4f6f70991db2509b505f7eb6b3f9,False
unsb-sixdomain-expanded-phase-field-v1,RainCityscapes,RainCityscapes__0015,2,0.74,3,0.4910701280021505,0.6107579790730482,1.3286437463566614e-06,1.0790086053977517,1.0790086053977517,-0.341881391693999,False,7477e2c843e44c76546c7cc1b9fa1f39657f4f6f70991db2509b505f7eb6b3f9,False
unsb-sixdomain-expanded-phase-field-v1,RainCityscapes,RainCityscapes__0015,3,0.8600000000000001,3,0.7490959733548861,0.7750469685412451,4.295244013796662e-07,1.1641210130000008,1.1641210130000008,-0.1914606659523863,False,7477e2c843e44c76546c7cc1b9fa1f39657f4f6f70991db2509b505f7eb6b3f9,False
unsb-sixdomain-expanded-phase-field-v1,RainCityscapes,RainCityscapes__1135,1,0.5,4,0.5922514954656491,0.7168801224883321,3.659459213434247e-07,1.3268002077714485,1.3268002077714485,-0.3502993648435617,False,ce913997b00690cbaa5311a453be043a07d018c0c34096188f73eb909447f849,False
unsb-sixdomain-expanded-phase-field-v1,RainCityscapes,RainCityscapes__1135,2,0.74,4,0.8170128796715344,0.8775272081445018,3.349813654462963e-06,1.2959338117016557,1.2959338117016557,-0.2003539180661842,False,ce913997b00690cbaa5311a453be043a07d018c0c34096188f73eb909447f849,False
unsb-sixdomain-expanded-phase-field-v1,RainCityscapes,RainCityscapes__1135,3,0.8600000000000001,6,0.8892758018582786,0.8892758018582786,2.005101887525562e-06,1.2466768335771443,1.2466768335771443,-0.1467174143964738,False,ce913997b00690cbaa5311a453be043a07d018c0c34096188f73eb909447f849,False
unsb-sixdomain-expanded-phase-field-v1,RainCityscapes,RainCityscapes__0094,1,0.5,4,0.625080161214959,0.7398681556168245,2.636882894258008e-07,1.2726203694578329,1.2726203694578329,-0.30876315474794,False,594f8f20f895f10865582e68665e0673dfda92c1f13c27e255bdc86300a6ebff,False
unsb-sixdomain-expanded-phase-field-v1,RainCityscapes,RainCityscapes__0094,2,0.74,4,0.8271208308105,0.8919416364368611,1.377942682068145e-06,1.2773502047147152,1.2773502047147152,-0.1887410233834396,False,594f8f20f895f10865582e68665e0673dfda92c1f13c27e255bdc86300a6ebff,False
unsb-sixdomain-expanded-phase-field-v1,RainCityscapes,RainCityscapes__0094,3,0.8600000000000001,4,0.9012083060230326,0.907629016651054,3.210300814737721e-06,1.255384759188807,1.255384759188807,-0.143951666096252,False,594f8f20f895f10865582e68665e0673dfda92c1f13c27e255bdc86300a6ebff,False
unsb-sixdomain-expanded-phase-field-v1,RainCityscapes,RainCityscapes__0824,1,0.5,4,0.6205891759040211,0.7564243287007171,3.284716464380111e-07,1.3250900986778988,1.3250900986778988,-0.3294412123557573,False,49fd20cb699267b1b8de6c856823c58eb994a8b323d00aa330d7d5037c2d0dcc,False
unsb-sixdomain-expanded-phase-field-v1,RainCityscapes,RainCityscapes__0824,2,0.74,4,0.8259847102569486,0.9104987491994088,6.755796413404624e-07,1.308932888709848,1.308932888709848,-0.1999453718787138,False,49fd20cb699267b1b8de6c856823c58eb994a8b323d00aa330d7d5037c2d0dcc,False
unsb-sixdomain-expanded-phase-field-v1,RainCityscapes,RainCityscapes__0824,3,0.8600000000000001,4,0.9028287766027157,0.93781738271462,2.9556013803055947e-06,1.276203761790131,1.276203761790131,-0.1503146271813373,False,49fd20cb699267b1b8de6c856823c58eb994a8b323d00aa330d7d5037c2d0dcc,False
unsb-sixdomain-expanded-phase-field-v1,RainCityscapes,RainCityscapes__0604,1,0.5,4,0.5461415423146465,0.6606038045949075,1.6832245397502277e-07,1.284881082441459,1.284881082441459,-0.3715577225111421,False,1b63e4a2509dac260c8d20c548b4d482e5a8b69b1bd6a632939db2ae923ad2ad,False
unsb-sixdomain-expanded-phase-field-v1,RainCityscapes,RainCityscapes__0604,2,0.74,4,0.8032066323403114,0.8669606172709995,2.815185669913234e-06,1.317707045226789,1.317707045226789,-0.2149915820060475,False,1b63e4a2509dac260c8d20c548b4d482e5a8b69b1bd6a632939db2ae923ad2ad,False
unsb-sixdomain-expanded-phase-field-v1,RainCityscapes,RainCityscapes__0604,3,0.8600000000000001,4,0.8995976975928262,0.9082008103484712,4.174274783608212e-06,1.297982507354584,1.297982507354584,-0.159220504362613,False,1b63e4a2509dac260c8d20c548b4d482e5a8b69b1bd6a632939db2ae923ad2ad,False
unsb-sixdomain-expanded-phase-field-v1,RainCityscapes,RainCityscapes__0418,1,0.5,3,0.788916429209957,0.8986003402298326,1.023533667598997e-06,1.424003128440407,1.424003128440407,-0.2564799430667455,False,4093b54fc157821ad644cd4abec821470b9bae3337ff6c1fe5bf7d08a84a8899,False
unsb-sixdomain-expanded-phase-field-v1,RainCityscapes,RainCityscapes__0418,2,0.74,3,0.9339232455390024,0.9710312366657718,2.683044838525106e-06,1.3568519962603487,1.3568519962603487,-0.1622212927230057,False,4093b54fc157821ad644cd4abec821470b9bae3337ff6c1fe5bf7d08a84a8899,False
unsb-sixdomain-expanded-phase-field-v1,RainCityscapes,RainCityscapes__0418,3,0.8600000000000001,6,0.9318956513319768,0.9318956513319768,4.534611664497312e-06,1.3040782609331538,1.3040782609331538,-0.1459363701405179,False,4093b54fc157821ad644cd4abec821470b9bae3337ff6c1fe5bf7d08a84a8899,False
unsb-sixdomain-expanded-phase-field-v1,RainCityscapes,RainCityscapes__0498,1,0.5,1,0.7865088732721324,1.079109983811421,3.4914730460133825e-06,1.4166148972702906,1.4166148972702906,-0.2555481779418043,False,7619d9bc1107a78ebf10b37874bbc180ac8aba76385c5f34a51039604ece3528,False
unsb-sixdomain-expanded-phase-field-v1,RainCityscapes,RainCityscapes__0498,2,0.74,3,0.942451599238171,1.0385156998955165,1.229794186485833e-06,1.3552164184324047,1.3552164184324047,-0.1577495987684734,False,7619d9bc1107a78ebf10b37874bbc180ac8aba76385c5f34a51039604ece3528,False
unsb-sixdomain-expanded-phase-field-v1,RainCityscapes,RainCityscapes__0498,3,0.8600000000000001,3,0.939317806172813,0.9731303261681647,2.1482308213416346e-06,1.3022157822588878,1.3022157822588878,-0.141870399377304,False,7619d9bc1107a78ebf10b37874bbc180ac8aba76385c5f34a51039604ece3528,False
unsb-sixdomain-expanded-phase-field-v1,RainCityscapes,RainCityscapes__0109,1,0.5,4,0.2553663398666522,0.3228691285981728,2.826481049211793e-07,0.7854562969241665,0.7854562969241665,-0.4879583739025435,False,608688749105f439ec35907861e372b7d4dfdc50fe68baaa87ae59cdec8e83cd,False
unsb-sixdomain-expanded-phase-field-v1,RainCityscapes,RainCityscapes__0109,2,0.74,3,0.5534152222176587,0.6370114103005553,1.4090516616827031e-06,1.1098705244241711,1.1098705244241711,-0.3022212170416728,False,608688749105f439ec35907861e372b7d4dfdc50fe68baaa87ae59cdec8e83cd,False
unsb-sixdomain-expanded-phase-field-v1,RainCityscapes,RainCityscapes__0109,3,0.8600000000000001,4,0.7462964550372616,0.7642586407415574,4.87687139039128e-06,1.1633208696409798,1.1633208696409798,-0.1927881405859874,False,608688749105f439ec35907861e372b7d4dfdc50fe68baaa87ae59cdec8e83cd,False
unsb-sixdomain-expanded-phase-field-v1,RainCityscapes,RainCityscapes__0863,1,0.5,4,0.8970335821412166,1.037010070172594,4.6611821402642317e-07,1.4161384666191954,1.4161384666191954,-0.198297017721338,False,c447869dcd3ca60b98fc3f4a8f801a9f310a0cc69bbfa069afca2b387125d95a,False
unsb-sixdomain-expanded-phase-field-v1,RainCityscapes,RainCityscapes__0863,2,0.74,4,0.9718094137037,1.0446245977456448,2.536965657329304e-06,1.3584132133278346,1.3584132133278346,-0.1454507956539776,False,c447869dcd3ca60b98fc3f4a8f801a9f310a0cc69bbfa069afca2b387125d95a,False
unsb-sixdomain-expanded-phase-field-v1,RainCityscapes,RainCityscapes__0863,3,0.8600000000000001,4,0.9919046236536138,1.0144226065625723,4.389645424818234e-06,1.3028455645562902,1.3028455645562902,-0.1184230241032783,False,c447869dcd3ca60b98fc3f4a8f801a9f310a0cc69bbfa069afca2b387125d95a,False
unsb-sixdomain-expanded-phase-field-v1,RainCityscapes,RainCityscapes__0707,1,0.5,4,0.5017930298212748,0.6092690140102819,1.811176477684029e-07,1.1578076752766773,1.1578076752766773,-0.3631117998081839,False,ebef7d6eb4738cf5582a876937b923fecee445b49b960968103cddac9cec41d4,False
unsb-sixdomain-expanded-phase-field-v1,RainCityscapes,RainCityscapes__0707,2,0.74,4,0.7810027115171418,0.8502613244441654,1.6174272248203891e-06,1.2291016348693709,1.2291016348693709,-0.1969352546614105,False,ebef7d6eb4738cf5582a876937b923fecee445b49b960968103cddac9cec41d4,False
unsb-sixdomain-expanded-phase-field-v1,RainCityscapes,RainCityscapes__0707,3,0.8600000000000001,4,0.8882167339761767,0.9004060267318615,1.6445102452022908e-06,1.2202139009779267,1.2202139009779267,-0.1379170172648201,False,ebef7d6eb4738cf5582a876937b923fecee445b49b960968103cddac9cec41d4,False
unsb-sixdomain-expanded-phase-field-v1,RainCityscapes,RainCityscapes__1148,1,0.5,4,0.4435926082813812,0.5446023848519985,2.835588750804696e-06,1.198556975007405,1.198556975007405,-0.431674382871986,False,bc3c1cd58631d039155c5a2f35b947cc93f618a044d858abd59804dc8644e50e,False
unsb-sixdomain-expanded-phase-field-v1,RainCityscapes,RainCityscapes__1148,2,0.74,3,0.7195897534777541,0.7967125271171542,2.510084320284101e-06,1.2334459033259546,1.2334459033259546,-0.2340351362569367,False,bc3c1cd58631d039155c5a2f35b947cc93f618a044d858abd59804dc8644e50e,False
unsb-sixdomain-expanded-phase-field-v1,RainCityscapes,RainCityscapes__1148,3,0.8600000000000001,6,0.8502788595446387,0.8502788595446387,1.2012369023928215e-06,1.214353169722446,1.214353169722446,-0.1547836293940605,False,bc3c1cd58631d039155c5a2f35b947cc93f618a044d858abd59804dc8644e50e,False
unsb-sixdomain-expanded-phase-field-v1,RainCityscapes,RainCityscapes__1129,1,0.5,4,0.3081288950317218,0.3881797505834226,2.001736596479731e-07,0.8764438359689724,0.8764438359689724,-0.4539916644455156,False,8727c42d264c17194b4cf8fdf4ff9fc9198efc73932e81623ed66f6493a7c9a4,False
unsb-sixdomain-expanded-phase-field-v1,RainCityscapes,RainCityscapes__1129,2,0.74,3,0.6364377450647549,0.7259440694284369,1.703456090296207e-06,1.1223201568213244,1.1223201568213244,-0.2463608345578827,False,8727c42d264c17194b4cf8fdf4ff9fc9198efc73932e81623ed66f6493a7c9a4,False
unsb-sixdomain-expanded-phase-field-v1,RainCityscapes,RainCityscapes__1129,3,0.8600000000000001,4,0.8177310326725916,0.8291811241589809,8.995981695125721e-07,1.166780657636903,1.166780657636903,-0.1543787415477759,False,8727c42d264c17194b4cf8fdf4ff9fc9198efc73932e81623ed66f6493a7c9a4,False
unsb-sixdomain-expanded-phase-field-v1,RainCityscapes,RainCityscapes__0911,1,0.5,4,0.4949255310544886,0.6039560100894841,1.8302984505780278e-07,1.1589718921737255,1.1589718921737255,-0.3695330456646594,False,f4b20fd35fdb4d5e9b8e4a58d7456c990b55f1d324491b367e057b3bc3ff3400,False
unsb-sixdomain-expanded-phase-field-v1,RainCityscapes,RainCityscapes__0911,2,0.74,4,0.776964575371341,0.8478085337904566,8.35296809276187e-07,1.2355074288955492,1.2355074288955492,-0.2014441428902905,False,f4b20fd35fdb4d5e9b8e4a58d7456c990b55f1d324491b367e057b3bc3ff3400,False
unsb-sixdomain-expanded-phase-field-v1,RainCityscapes,RainCityscapes__0911,3,0.8600000000000001,4,0.8817496962176232,0.896885239286163,5.655175485674846e-06,1.2262516447390803,1.2262516447390803,-0.1432342841805766,False,f4b20fd35fdb4d5e9b8e4a58d7456c990b55f1d324491b367e057b3bc3ff3400,False
unsb-sixdomain-expanded-phase-field-v1,RainCityscapes,RainCityscapes__0609,1,0.5,4,0.7318449325270937,0.8431194839301704,2.275420878383727e-07,1.3641657431704206,1.3641657431704206,-0.2704480693433884,False,29b00655d282d2b73603ae3eadcc2ca8376fc677261c8e9dc58023a6b0921770,False
unsb-sixdomain-expanded-phase-field-v1,RainCityscapes,RainCityscapes__0609,2,0.74,4,0.8478779816085174,0.8841912573293074,1.837236041080104e-06,1.2770500688215445,1.2770500688215445,-0.1778745675217219,False,29b00655d282d2b73603ae3eadcc2ca8376fc677261c8e9dc58023a6b0921770,False
unsb-sixdomain-expanded-phase-field-v1,RainCityscapes,RainCityscapes__0609,3,0.8600000000000001,6,0.8527009892795656,0.8527009892795656,9.96565355571022e-07,1.2177753774501252,1.2177753774501252,-0.1547704218425813,False,29b00655d282d2b73603ae3eadcc2ca8376fc677261c8e9dc58023a6b0921770,False
unsb-sixdomain-expanded-phase-field-v1,RainCityscapes,RainCityscapes__0433,1,0.5,4,0.3405682456265737,0.4325468642543374,4.715868493487818e-07,1.0405101882375811,1.0405101882375811,-0.4850421848319902,False,01e33d5b492025df12fd294c2bb918d7e980b4fc1d2f2a3d7b43313dc7bd50e6,False
unsb-sixdomain-expanded-phase-field-v1,RainCityscapes,RainCityscapes__0433,2,0.74,4,0.6747456893106125,0.7734726933442078,5.899161391598184e-07,1.2262567914537854,1.2262567914537854,-0.2594413069765022,False,01e33d5b492025df12fd294c2bb918d7e980b4fc1d2f2a3d7b43313dc7bd50e6,False
unsb-sixdomain-expanded-phase-field-v1,RainCityscapes,RainCityscapes__0433,3,0.8600000000000001,4,0.8391664213654413,0.8620534582583811,1.034920117604088e-06,1.2369848727166888,1.2369848727166888,-0.1685162910505719,False,01e33d5b492025df12fd294c2bb918d7e980b4fc1d2f2a3d7b43313dc7bd50e6,False
unsb-sixdomain-expanded-phase-field-v1,RainCityscapes,RainCityscapes__0626,1,0.5,4,0.4436512562663219,0.5381775548817813,2.086516757149326e-07,1.1275266827324482,1.1275266827324482,-0.4050851125502071,False,fefa9a9c21d68111817a99d7edc13c04c1a1f71b10bd6b87cfc59497e0e2d6a9,False
unsb-sixdomain-expanded-phase-field-v1,RainCityscapes,RainCityscapes__0626,2,0.74,4,0.7131631042780933,0.7742448942553242,2.624469465972723e-06,1.238385242435427,1.238385242435427,-0.2396669012573662,False,fefa9a9c21d68111817a99d7edc13c04c1a1f71b10bd6b87cfc59497e0e2d6a9,False
unsb-sixdomain-expanded-phase-field-v1,RainCityscapes,RainCityscapes__0626,3,0.8600000000000001,6,0.832858071380983,0.832858071380983,4.8942649603089805e-06,1.2307490470187183,1.2307490470187183,-0.1695985092417014,False,fefa9a9c21d68111817a99d7edc13c04c1a1f71b10bd6b87cfc59497e0e2d6a9,False
unsb-sixdomain-expanded-phase-field-v1,RainCityscapes,RainCityscapes__0248,1,0.5,4,0.4401926748964799,0.5398575266882994,1.006441169071337e-06,1.2069566127794014,1.2069566127794014,-0.4380488471994084,False,5c4dc6d7af8c43443a8dcd0ade18072c15415cfd8e21a7e0e2cb8b37b27db2f4,False
unsb-sixdomain-expanded-phase-field-v1,RainCityscapes,RainCityscapes__0248,2,0.74,3,0.7104731227694123,0.7887452165573596,6.309575624197095e-07,1.2386192087876278,1.2386192087876278,-0.2413901576686318,False,5c4dc6d7af8c43443a8dcd0ade18072c15415cfd8e21a7e0e2cb8b37b27db2f4,False
unsb-sixdomain-expanded-phase-field-v1,RainCityscapes,RainCityscapes__0248,3,0.8600000000000001,6,0.8506973754700968,0.8506973754700968,4.46920916608029e-07,1.2175455873459784,1.2175455873459784,-0.1557101381035071,False,5c4dc6d7af8c43443a8dcd0ade18072c15415cfd8e21a7e0e2cb8b37b27db2f4,False
unsb-sixdomain-expanded-phase-field-v1,RainCityscapes,RainCityscapes__0859,1,0.5,3,0.8041184164871114,0.9531782282838336,3.308140910096569e-07,1.4049056177247632,1.4049056177247632,-0.2423271403477615,False,19fb81ccf45c56f00c06d6b886236406d8b2acd98703378b79c15e64f5ff9e9f,False
unsb-sixdomain-expanded-phase-field-v1,RainCityscapes,RainCityscapes__0859,2,0.74,3,0.9390786553304664,1.0204633930379496,4.571043966672406e-07,1.3617135155008482,1.3617135155008482,-0.1613837785963654,False,19fb81ccf45c56f00c06d6b886236406d8b2acd98703378b79c15e64f5ff9e9f,False
unsb-sixdomain-expanded-phase-field-v1,RainCityscapes,RainCityscapes__0859,3,0.8600000000000001,4,0.9857228312504704,0.9973787536735836,8.605020827667786e-06,1.3120109553245112,1.3120109553245112,-0.1241826456519875,False,19fb81ccf45c56f00c06d6b886236406d8b2acd98703378b79c15e64f5ff9e9f,False
unsb-sixdomain-expanded-phase-field-v1,RainCityscapes,RainCityscapes__0360,1,0.5,3,0.5091878485790389,0.6154621758315058,5.023837061912673e-07,1.2439383692235313,1.2439383692235313,-0.387920832856112,False,4819de337f70a0a07613c9f825b969ea26f7825156c108a27e0d4e10e8f1037f,False
unsb-sixdomain-expanded-phase-field-v1,RainCityscapes,RainCityscapes__0360,2,0.74,4,0.777790787925945,0.8413490600583782,3.0486629296611056e-06,1.2537793217676587,1.2537793217676587,-0.2073583077613956,False,4819de337f70a0a07613c9f825b969ea26f7825156c108a27e0d4e10e8f1037f,False
unsb-sixdomain-expanded-phase-field-v1,RainCityscapes,RainCityscapes__0360,3,0.8600000000000001,6,0.8651398754932634,0.8651398754932634,1.962484198037018e-06,1.223006384756443,1.223006384756443,-0.1503423945827168,False,4819de337f70a0a07613c9f825b969ea26f7825156c108a27e0d4e10e8f1037f,False
unsb-sixdomain-expanded-phase-field-v1,RainCityscapes,RainCityscapes__0992,1,0.5,4,0.4232294081039239,0.5182350096648785,9.797591364879563e-07,1.2107669070491711,1.2107669070491711,-0.4564847051761563,False,c76778bc4153ebcd6c7ca0620c31d01137c44889cdc0814ae30a40c471e288a8,False
unsb-sixdomain-expanded-phase-field-v1,RainCityscapes,RainCityscapes__0992,2,0.74,3,0.7196994677035102,0.7925221377463025,2.204376524650442e-07,1.2978959309490994,1.2978959309490994,-0.2560886893926912,False,c76778bc4153ebcd6c7ca0620c31d01137c44889cdc0814ae30a40c471e288a8,False
unsb-sixdomain-expanded-phase-field-v1,RainCityscapes,RainCityscapes__0992,3,0.8600000000000001,4,0.8581417405241432,0.8758556603448159,3.196146635020547e-06,1.2800347470279658,1.2800347470279658,-0.1736627320687785,False,c76778bc4153ebcd6c7ca0620c31d01137c44889cdc0814ae30a40c471e288a8,False
unsb-sixdomain-expanded-phase-field-v1,RainCityscapes,RainCityscapes__0212,1,0.5,4,0.8079154247538314,0.9390288938637624,9.199503218093597e-07,1.3705506929233455,1.3705506929233455,-0.2295292037599267,False,49cc4a020cdd878dc41e050da978befe526e6c048b10f41d50243aecf45ce364,False
unsb-sixdomain-expanded-phase-field-v1,RainCityscapes,RainCityscapes__0212,2,0.74,4,0.9266378733400522,0.990155563612558,1.012573143110984e-06,1.3528417922549174,1.3528417922549174,-0.164336964488622,False,49cc4a020cdd878dc41e050da978befe526e6c048b10f41d50243aecf45ce364,False
unsb-sixdomain-expanded-phase-field-v1,RainCityscapes,RainCityscapes__0212,3,0.8600000000000001,6,0.9685356328921396,0.9685356328921396,3.441338501830593e-06,1.3063683292370682,1.3063683292370682,-0.129950039844818,False,49cc4a020cdd878dc41e050da978befe526e6c048b10f41d50243aecf45ce364,False
unsb-sixdomain-expanded-phase-field-v1,RainCityscapes,RainCityscapes__0222,1,0.5,4,0.3872971628292197,0.4644831842143159,2.61132204859571e-07,1.0651840790197804,1.0651840790197804,-0.4393803510030709,False,d8b29fa34061fee7df85107172592bea1eeb502e5641e56d4db9c129f111462b,False
unsb-sixdomain-expanded-phase-field-v1,RainCityscapes,RainCityscapes__0222,2,0.74,4,0.6783607732681329,0.7410072772795385,1.384194754483481e-06,1.1987649577269597,1.1987649577269597,-0.2472733126080469,False,d8b29fa34061fee7df85107172592bea1eeb502e5641e56d4db9c129f111462b,False
unsb-sixdomain-expanded-phase-field-v1,RainCityscapes,RainCityscapes__0222,3,0.8600000000000001,6,0.8199881617513605,0.8199881617513605,5.07124575843676e-06,1.1973934559078538,1.1973934559078538,-0.164429297797035,False,d8b29fa34061fee7df85107172592bea1eeb502e5641e56d4db9c129f111462b,False
unsb-sixdomain-expanded-phase-field-v1,RainCityscapes,RainCityscapes__0171,1,0.5,4,0.6242455741766955,0.7305971593864908,1.3832257926837954e-06,1.25413921464051,1.25413921464051,-0.3029902757135843,False,912d1b0057442fd52bdd4a33a84342dae5305c83e6fb5c66e3a0b286784e5224,False
unsb-sixdomain-expanded-phase-field-v1,RainCityscapes,RainCityscapes__0171,2,0.74,4,0.82961910716596,0.9005978709414475,4.432453408087511e-06,1.291082414020165,1.291082414020165,-0.1920752197492115,False,912d1b0057442fd52bdd4a33a84342dae5305c83e6fb5c66e3a0b286784e5224,False
unsb-sixdomain-expanded-phase-field-v1,RainCityscapes,RainCityscapes__0171,3,0.8600000000000001,4,0.9076818824529228,0.9302774170827632,2.1726299287427864e-06,1.263200917698276,1.263200917698276,-0.1435387655988752,False,912d1b0057442fd52bdd4a33a84342dae5305c83e6fb5c66e3a0b286784e5224,False
unsb-sixdomain-expanded-phase-field-v1,RainCityscapes,RainCityscapes__0553,1,0.5,4,0.4717953317077387,0.5720388423567704,2.216090408957428e-07,1.241715562181328,1.241715562181328,-0.4202684847430825,False,6ab9648deece600bbb31f170f4193fa9ea58583e13101e4e62728c70ae37887e,False
unsb-sixdomain-expanded-phase-field-v1,RainCityscapes,RainCityscapes__0553,2,0.74,4,0.7572582199969953,0.8205098491557787,1.8646991484239093e-06,1.293779664656643,1.293779664656643,-0.2326163244394403,False,6ab9648deece600bbb31f170f4193fa9ea58583e13101e4e62728c70ae37887e,False
unsb-sixdomain-expanded-phase-field-v1,RainCityscapes,RainCityscapes__0553,3,0.8600000000000001,4,0.8819059098558834,0.8906397287333554,1.5143830420782931e-06,1.2762455022590888,1.2762455022590888,-0.1605119716372999,False,6ab9648deece600bbb31f170f4193fa9ea58583e13101e4e62728c70ae37887e,False
unsb-sixdomain-expanded-phase-field-v1,RainCityscapes,RainCityscapes__0231,1,0.5,4,0.3229154944950411,0.406989271793996,1.712343097315383e-07,1.0092426203418774,1.0092426203418774,-0.4949066981748327,False,3b6f998197477e6fa33618fa3600cbc9d85301ada458557cae9cfbce0a6d41dd,False
unsb-sixdomain-expanded-phase-field-v1,RainCityscapes,RainCityscapes__0231,2,0.74,3,0.6345112274678778,0.7239607200987721,9.849429121189246e-07,1.2083646412648277,1.2083646412648277,-0.2797586974196017,False,3b6f998197477e6fa33618fa3600cbc9d85301ada458557cae9cfbce0a6d41dd,False
unsb-sixdomain-expanded-phase-field-v1,RainCityscapes,RainCityscapes__0231,3,0.8600000000000001,3,0.8264503064568529,0.8296257395911095,8.623597339552092e-07,1.2228332708776897,1.2228332708776897,-0.1701505014640547,False,3b6f998197477e6fa33618fa3600cbc9d85301ada458557cae9cfbce0a6d41dd,False
unsb-sixdomain-expanded-phase-field-v1,RainCityscapes,RainCityscapes__0029,1,0.5,4,0.6005503681090143,0.7069595454046527,1.2349148035273316e-06,1.239292027548096,1.239292027548096,-0.3146242183499819,False,81917912fe4f0663191089960ade53bc00d87b403fd41f2cf0895846cab8d49a,False
unsb-sixdomain-expanded-phase-field-v1,RainCityscapes,RainCityscapes__0029,2,0.74,4,0.8157717958831837,0.8881865143244737,3.1921588193872807e-06,1.2816918769045875,1.2816918769045875,-0.1962149457127106,False,81917912fe4f0663191089960ade53bc00d87b403fd41f2cf0895846cab8d49a,False
unsb-sixdomain-expanded-phase-field-v1,RainCityscapes,RainCityscapes__0029,3,0.8600000000000001,4,0.902839351463472,0.9245918937246776,2.8208573683574656e-06,1.2615075442730337,1.2615075442730337,-0.1452793719743996,False,81917912fe4f0663191089960ade53bc00d87b403fd41f2cf0895846cab8d49a,False
unsb-sixdomain-expanded-phase-field-v1,RainCityscapes,RainCityscapes__0331,1,0.5,4,0.4715340098565282,0.5714126431072817,5.996533686269956e-07,1.1928381119436051,1.1928381119436051,-0.4030684845318166,False,d3ca83deb735fa65a5fb45aae0ab351efdd281e9f6ac90f8068143cb83990b39,False
unsb-sixdomain-expanded-phase-field-v1,RainCityscapes,RainCityscapes__0331,2,0.74,4,0.7844333575368025,0.836678606839896,3.2117088739624933e-06,1.2668898443564154,1.2668898443564154,-0.2081828012774383,False,d3ca83deb735fa65a5fb45aae0ab351efdd281e9f6ac90f8068143cb83990b39,False
unsb-sixdomain-expanded-phase-field-v1,RainCityscapes,RainCityscapes__0331,3,0.8600000000000001,6,0.8837949831005557,0.8837949831005557,2.769870104391004e-07,1.24811940262041,1.24811940262041,-0.1499046026175824,False,d3ca83deb735fa65a5fb45aae0ab351efdd281e9f6ac90f8068143cb83990b39,False
unsb-sixdomain-expanded-phase-field-v1,RainCityscapes,RainCityscapes__0486,1,0.5,4,0.3536544825279198,0.4235151549626576,2.840776208934414e-06,1.0845934431017128,1.0845934431017128,-0.4866878075002694,False,d36964203734c60f9d9062601b3f5e0d87336a28ddf8717a20b5d134d2d1f31a,False
unsb-sixdomain-expanded-phase-field-v1,RainCityscapes,RainCityscapes__0486,2,0.74,3,0.6287762367959863,0.7112111741469676,1.2203670591848237e-06,1.1638986219127931,1.1638986219127931,-0.2674190338279721,False,d36964203734c60f9d9062601b3f5e0d87336a28ddf8717a20b5d134d2d1f31a,False
unsb-sixdomain-expanded-phase-field-v1,RainCityscapes,RainCityscapes__0486,3,0.8600000000000001,6,0.7908287027147478,0.7908287027147478,8.477943375106989e-07,1.1694958408593352,1.1694958408593352,-0.1699162582239317,False,d36964203734c60f9d9062601b3f5e0d87336a28ddf8717a20b5d134d2d1f31a,False
unsb-sixdomain-expanded-phase-field-v1,RainCityscapes,RainCityscapes__0646,1,0.5,4,0.5102996771379353,0.6291430839610207,5.170691450562259e-07,1.276574232156774,1.276574232156774,-0.3982207803241294,False,595fe836e336abcc8487cf0f296002ec2df88669bc5a2be3d6fc33e4554ca768,False
unsb-sixdomain-expanded-phase-field-v1,RainCityscapes,RainCityscapes__0646,2,0.74,4,0.78716658137689,0.8655344870494452,2.2003058353092802e-07,1.3041921278071191,1.3041921278071191,-0.2192749263108396,False,595fe836e336abcc8487cf0f296002ec2df88669bc5a2be3d6fc33e4554ca768,False
unsb-sixdomain-expanded-phase-field-v1,RainCityscapes,RainCityscapes__0646,3,0.8600000000000001,4,0.8874599247897342,0.909099100547294,8.186080451277888e-07,1.2733739326123985,1.2733739326123985,-0.1568072044805152,False,595fe836e336abcc8487cf0f296002ec2df88669bc5a2be3d6fc33e4554ca768,False
unsb-sixdomain-expanded-phase-field-v1,RainCityscapes,RainCityscapes__0062,1,0.5,4,0.222289492293852,0.2870936686749787,1.867960284229753e-07,0.7781141367753583,0.7781141367753583,-0.5441243717223457,False,478c9e14e34975d9bf343804420180e29c3b620610c3a299af3f1c988796ec6f,False
unsb-sixdomain-expanded-phase-field-v1,RainCityscapes,RainCityscapes__0062,2,0.74,3,0.5288342350484327,0.6315238261664168,1.4131308445630708e-07,1.0899348846506716,1.0899348846506716,-0.3140809906783989,False,478c9e14e34975d9bf343804420180e29c3b620610c3a299af3f1c988796ec6f,False
unsb-sixdomain-expanded-phase-field-v1,RainCityscapes,RainCityscapes__0062,3,0.8600000000000001,4,0.7481052816802987,0.7782586499675299,2.4041772026528463e-06,1.1567061743158948,1.1567061743158948,-0.189260332877399,False,478c9e14e34975d9bf343804420180e29c3b620610c3a299af3f1c988796ec6f,False
unsb-sixdomain-expanded-phase-field-v1,RainCityscapes,RainCityscapes__0624,1,0.5,4,0.2618090203194254,0.3172799027438133,6.230357740832916e-08,0.8797634468326623,0.8797634468326623,-0.5263813080003352,False,c13ce00f8b584e6b5e24c1e95ab0c08bbb1ac13989f5575d9d40d9a04475564a,False
unsb-sixdomain-expanded-phase-field-v1,RainCityscapes,RainCityscapes__0624,2,0.74,3,0.5482397090763897,0.6416080330427667,1.4187365391382656e-06,1.068443662053873,1.068443662053873,-0.2897811388468416,False,c13ce00f8b584e6b5e24c1e95ab0c08bbb1ac13989f5575d9d40d9a04475564a,False
unsb-sixdomain-expanded-phase-field-v1,RainCityscapes,RainCityscapes__0624,3,0.8600000000000001,4,0.7534193770293953,0.7661571984059787,1.4598771064244789e-06,1.117942257528398,1.117942257528398,-0.1713825869902162,False,c13ce00f8b584e6b5e24c1e95ab0c08bbb1ac13989f5575d9d40d9a04475564a,False
unsb-sixdomain-expanded-phase-field-v1,RainCityscapes,RainCityscapes__0891,1,0.5,4,0.2703846959147515,0.3445259668037748,1.169462231498386e-07,0.9824262071642638,0.9824262071642638,-0.5603178327762928,False,13ea685bdb3acd65fa01b0284e9feaa3580b1a422d73bf03b97fa131eaf9ca12,False
unsb-sixdomain-expanded-phase-field-v1,RainCityscapes,RainCityscapes__0891,2,0.74,3,0.5847413093078612,0.6852217923040606,9.931039131050312e-07,1.2304374264519056,1.2304374264519056,-0.3230957568302686,False,13ea685bdb3acd65fa01b0284e9feaa3580b1a422d73bf03b97fa131eaf9ca12,False
unsb-sixdomain-expanded-phase-field-v1,RainCityscapes,RainCityscapes__0891,3,0.8600000000000001,4,0.7965732899413058,0.8125796503945227,3.1830837983193305e-06,1.2529376520910631,1.2529376520910631,-0.1967037205359796,False,13ea685bdb3acd65fa01b0284e9feaa3580b1a422d73bf03b97fa131eaf9ca12,False
unsb-sixdomain-expanded-phase-field-v1,RainCityscapes,RainCityscapes__1185,1,0.5,4,0.7983124753649258,0.9203510729069672,9.86172099426419e-07,1.4147068022501663,1.4147068022501663,-0.2484935256086787,False,e962abea52f2879ea7aeb0b3ce68bf99206fe80a53fbf08847c886b1c7da96c2,False
unsb-sixdomain-expanded-phase-field-v1,RainCityscapes,RainCityscapes__1185,2,0.74,4,0.921170179925518,0.9959774021096058,3.000031575495221e-06,1.3162143884098496,1.3162143884098496,-0.1549867634892115,False,e962abea52f2879ea7aeb0b3ce68bf99206fe80a53fbf08847c886b1c7da96c2,False
unsb-sixdomain-expanded-phase-field-v1,RainCityscapes,RainCityscapes__1185,3,0.8600000000000001,4,0.957466250244604,0.9800043475875508,4.514591087523279e-06,1.2554688232561393,1.2554688232561393,-0.1176824580045177,False,e962abea52f2879ea7aeb0b3ce68bf99206fe80a53fbf08847c886b1c7da96c2,False
unsb-sixdomain-expanded-phase-field-v1,RainCityscapes,RainCityscapes__0617,1,0.5,3,0.4987248502496588,0.6030845546823891,1.0537554373524216e-06,1.2395377855774732,1.2395377855774732,-0.3953987615673917,False,b717e5b8123a5b625e68f11e425650f372de52556ab934866a07245be63bc096,False
unsb-sixdomain-expanded-phase-field-v1,RainCityscapes,RainCityscapes__0617,2,0.74,4,0.7745464161434257,0.8389359487545262,9.612645146539478e-07,1.263722161757854,1.263722161757854,-0.2126041529472652,False,b717e5b8123a5b625e68f11e425650f372de52556ab934866a07245be63bc096,False
unsb-sixdomain-expanded-phase-field-v1,RainCityscapes,RainCityscapes__0617,3,0.8600000000000001,6,0.8626256408073408,0.8626256408073408,1.585276522497736e-06,1.231514888930236,1.231514888930236,-0.1546173037643099,False,b717e5b8123a5b625e68f11e425650f372de52556ab934866a07245be63bc096,False
unsb-sixdomain-expanded-phase-field-v1,RainCityscapes,RainCityscapes__1137,1,0.5,4,0.6003030569383327,0.6853773555642284,1.5102869588279333e-07,1.2189476332109304,1.2189476332109304,-0.307614493513047,False,9c559227322e3e9ad22fdae95a417b7971a3e874a678442123d6268f5394a9a5,False
unsb-sixdomain-expanded-phase-field-v1,RainCityscapes,RainCityscapes__1137,2,0.74,4,0.8158438445636764,0.8554390969270941,2.2398731249761994e-06,1.182590547197166,1.182590547197166,-0.1612273620425487,False,9c559227322e3e9ad22fdae95a417b7971a3e874a678442123d6268f5394a9a5,False
unsb-sixdomain-expanded-phase-field-v1,RainCityscapes,RainCityscapes__1137,3,0.8600000000000001,6,0.8743706464987951,0.8743706464987951,1.414712528902129e-06,1.153586273501286,1.153586273501286,-0.120354510260892,False,9c559227322e3e9ad22fdae95a417b7971a3e874a678442123d6268f5394a9a5,False
unsb-sixdomain-expanded-phase-field-v1,RainCityscapes,RainCityscapes__0107,1,0.5,3,0.4224410973813839,0.5354254367669415,2.3565938855885094e-07,1.2184771874307665,1.2184771874307665,-0.4600512405250334,False,70e2571725f71f21552d208b4adf03cb0cb0ef14b751d801d4bdf1a26e9bd70c,False
unsb-sixdomain-expanded-phase-field-v1,RainCityscapes,RainCityscapes__0107,2,0.74,3,0.7465296699930705,0.8197662412135761,2.775851795089324e-07,1.278782644252268,1.278782644252268,-0.2337496604012865,False,70e2571725f71f21552d208b4adf03cb0cb0ef14b751d801d4bdf1a26e9bd70c,False
unsb-sixdomain-expanded-phase-field-v1,RainCityscapes,RainCityscapes__0107,3,0.8600000000000001,6,0.8853837804236485,0.8853837804236485,4.168411003702133e-06,1.248450352489514,1.248450352489514,-0.1492397145460799,False,70e2571725f71f21552d208b4adf03cb0cb0ef14b751d801d4bdf1a26e9bd70c,False
unsb-sixdomain-expanded-phase-field-v1,RainCityscapes,RainCityscapes__0276,1,0.5,4,0.3170392607839786,0.4005894157501235,7.320011685685301e-08,1.0027830188328342,1.0027830188328342,-0.5000939242713107,False,8365e2aaae97a794d0c6b721ddcf6f5bcba9f18765be44623b914120283bee7a,False
unsb-sixdomain-expanded-phase-field-v1,RainCityscapes,RainCityscapes__0276,2,0.74,3,0.6297304732959663,0.7229275785405447,4.255678734965685e-07,1.2082179165580136,1.2082179165580136,-0.28299056179503,False,8365e2aaae97a794d0c6b721ddcf6f5bcba9f18765be44623b914120283bee7a,False
unsb-sixdomain-expanded-phase-field-v1,RainCityscapes,RainCityscapes__0276,3,0.8600000000000001,3,0.8289418807950182,0.8343035237650962,5.101683588693007e-06,1.2260476779733251,1.2260476779733251,-0.169983277016244,False,8365e2aaae97a794d0c6b721ddcf6f5bcba9f18765be44623b914120283bee7a,False
unsb-sixdomain-expanded-phase-field-v1,RainCityscapes,RainCityscapes__0268,1,0.5,4,0.8186418615033539,0.9323744058120756,2.608566102013654e-07,1.455396290905565,1.455396290905565,-0.2498873151230884,False,977d5f16d802aa225249ecc7cdb3c4a419e95b3c16fe1ea53a1e51f0b0c6bbe1,False
unsb-sixdomain-expanded-phase-field-v1,RainCityscapes,RainCityscapes__0268,2,0.74,4,0.9428454559295536,1.0017705437492013,7.986936741311013e-06,1.3782790874213444,1.3782790874213444,-0.1648966543518872,False,977d5f16d802aa225249ecc7cdb3c4a419e95b3c16fe1ea53a1e51f0b0c6bbe1,False
unsb-sixdomain-expanded-phase-field-v1,RainCityscapes,RainCityscapes__0268,3,0.8600000000000001,4,0.956290414176206,0.9659366073451772,7.775820139999112e-07,1.321246096322045,1.321246096322045,-0.1403939147313042,False,977d5f16d802aa225249ecc7cdb3c4a419e95b3c16fe1ea53a1e51f0b0c6bbe1,False
unsb-sixdomain-expanded-phase-field-v1,RainCityscapes,RainCityscapes__0041,1,0.5,3,0.5209605266803008,0.6254430123752355,1.1568304596476509e-06,1.248218437902065,1.248218437902065,-0.3794857754821805,False,63e2528596bb0f681dc6dc10c44dc474f2f49cdec7be9c76d627ca332707f0b2,False
unsb-sixdomain-expanded-phase-field-v1,RainCityscapes,RainCityscapes__0041,2,0.74,4,0.7826565763198734,0.8439176471659852,1.670927848085313e-06,1.2628235309458593,1.2628235309458593,-0.2077714269842258,False,63e2528596bb0f681dc6dc10c44dc474f2f49cdec7be9c76d627ca332707f0b2,False
unsb-sixdomain-expanded-phase-field-v1,RainCityscapes,RainCityscapes__0041,3,0.8600000000000001,6,0.868102476859072,0.868102476859072,7.626541047578428e-07,1.2280343308695658,1.2280343308695658,-0.1506395127442874,False,63e2528596bb0f681dc6dc10c44dc474f2f49cdec7be9c76d627ca332707f0b2,False
unsb-sixdomain-expanded-phase-field-v1,RainCityscapes,RainCityscapes__0981,1,0.5,4,0.7944561227191986,0.9186951482425616,2.975909041413871e-07,1.411364880062342,1.411364880062342,-0.2495693899801483,False,9d1bca3eb2848f0fc6d91968a6d1a3625e9a61f5bcdd9a0aeb3235e69b92b2d3,False
unsb-sixdomain-expanded-phase-field-v1,RainCityscapes,RainCityscapes__0981,2,0.74,4,0.9207550706925274,0.9942285728107234,1.4811525529401235e-06,1.3154462754799336,1.3154462754799336,-0.1549289964000496,False,9d1bca3eb2848f0fc6d91968a6d1a3625e9a61f5bcdd9a0aeb3235e69b92b2d3,False
unsb-sixdomain-expanded-phase-field-v1,RainCityscapes,RainCityscapes__0981,3,0.8600000000000001,4,0.9628989978103344,0.9789989698098168,3.725796622333633e-06,1.2508179749173152,1.2508179749173152,-0.1136133789671956,False,9d1bca3eb2848f0fc6d91968a6d1a3625e9a61f5bcdd9a0aeb3235e69b92b2d3,False
unsb-sixdomain-expanded-phase-field-v1,RainCityscapes,RainCityscapes__0192,1,0.5,4,0.2929782914299859,0.3676706341827956,7.974453009040873e-08,0.9010390573721306,0.9010390573721306,-0.4879081747770665,False,2301c49d8f6be080a440d9888b67e213d143ce281f52117acff7c7f2ba1a1008,False
unsb-sixdomain-expanded-phase-field-v1,RainCityscapes,RainCityscapes__0192,2,0.74,4,0.603883254799646,0.6847622386209444,5.420306159464872e-07,1.087373554793999,1.087373554793999,-0.2554257795035637,False,2301c49d8f6be080a440d9888b67e213d143ce281f52117acff7c7f2ba1a1008,False
unsb-sixdomain-expanded-phase-field-v1,RainCityscapes,RainCityscapes__0192,3,0.8600000000000001,4,0.7626603119896078,0.773519842937741,1.834327243988021e-06,1.1243388286881355,1.1243388286881355,-0.1685660623804721,False,2301c49d8f6be080a440d9888b67e213d143ce281f52117acff7c7f2ba1a1008,False
unsb-sixdomain-expanded-phase-field-v1,RainCityscapes,RainCityscapes__1141,1,0.5,4,0.2642585456183519,0.3378739036461108,1.6336896058177788e-07,0.8195027898108967,0.8195027898108967,-0.4915213959013073,False,6d9cbb167be0a04da72c797c74376e1f99bd0063c52a87cc031c76b7f5113737,False
unsb-sixdomain-expanded-phase-field-v1,RainCityscapes,RainCityscapes__1141,2,0.74,4,0.5818967744708563,0.667228644603597,5.189668311755824e-07,1.1242537364287568,1.1242537364287568,-0.2860183897591521,False,6d9cbb167be0a04da72c797c74376e1f99bd0063c52a87cc031c76b7f5113737,False
unsb-sixdomain-expanded-phase-field-v1,RainCityscapes,RainCityscapes__1141,3,0.8600000000000001,4,0.7697909426788483,0.7872281370593709,6.577918429950813e-07,1.1907131139979878,1.1907131139979878,-0.1894343398822888,False,6d9cbb167be0a04da72c797c74376e1f99bd0063c52a87cc031c76b7f5113737,False
unsb-sixdomain-expanded-phase-field-v1,RainCityscapes,RainCityscapes__0919,1,0.5,4,0.3398448254254158,0.4309791639250208,1.733018973881784e-07,1.0712300283227814,1.0712300283227814,-0.4986020765389911,False,0bae7eeaf6d9f1a89b71c2aa032e396152446224657cae60c003d302b91cf9c2,False
unsb-sixdomain-expanded-phase-field-v1,RainCityscapes,RainCityscapes__0919,2,0.74,4,0.659572833700804,0.7387485199264295,1.649966730576935e-06,1.2143544897011491,1.2143544897011491,-0.2650827230821604,False,0bae7eeaf6d9f1a89b71c2aa032e396152446224657cae60c003d302b91cf9c2,False
unsb-sixdomain-expanded-phase-field-v1,RainCityscapes,RainCityscapes__0919,3,0.8600000000000001,4,0.8240838189657714,0.8326238266982394,3.701595189253837e-07,1.2127265831678855,1.2127265831678855,-0.167791510707711,False,0bae7eeaf6d9f1a89b71c2aa032e396152446224657cae60c003d302b91cf9c2,False
unsb-sixdomain-expanded-phase-field-v1,RainCityscapes,RainCityscapes__0702,1,0.5,3,0.8108227973905091,0.92351155715154,8.082408102794147e-07,1.4292876690435958,1.4292876690435958,-0.2461936959435196,False,2c647fc7c8a945262062247ee44a1e3586a90c5dc64b25684932c6b0fb958453,False
unsb-sixdomain-expanded-phase-field-v1,RainCityscapes,RainCityscapes__0702,2,0.74,3,0.942428151791986,0.9822140534445056,1.7511772757439203e-06,1.3634101216021115,1.3634101216021115,-0.1603782630763368,False,2c647fc7c8a945262062247ee44a1e3586a90c5dc64b25684932c6b0fb958453,False
unsb-sixdomain-expanded-phase-field-v1,RainCityscapes,RainCityscapes__0702,3,0.8600000000000001,6,0.9366095927046284,0.9366095927046284,3.1746255868547735e-07,1.3068849320795093,1.3068849320795093,-0.1446787492411211,False,2c647fc7c8a945262062247ee44a1e3586a90c5dc64b25684932c6b0fb958453,False
unsb-sixdomain-expanded-phase-field-v1,RainCityscapes,RainCityscapes__0387,1,0.5,3,0.9039288448901076,1.0236830822642788,1.784658334558209e-06,1.3146140547540468,1.3146140547540468,-0.1626640258811991,False,4624be161f20dfafe3d58868d04020f936dd3ddf8d59f7513ce328d647fca78e,False
unsb-sixdomain-expanded-phase-field-v1,RainCityscapes,RainCityscapes__0387,2,0.74,3,0.985307083843856,1.0320037618293934,1.5307983759482724e-06,1.266615269454717,1.266615269454717,-0.1090731141308255,False,4624be161f20dfafe3d58868d04020f936dd3ddf8d59f7513ce328d647fca78e,False
unsb-sixdomain-expanded-phase-field-v1,RainCityscapes,RainCityscapes__0387,3,0.8600000000000001,6,0.9874175326912578,0.9874175326912578,5.573058491914473e-06,1.231818623516333,1.231818623516333,-0.0960459314476382,False,4624be161f20dfafe3d58868d04020f936dd3ddf8d59f7513ce328d647fca78e,False
unsb-sixdomain-expanded-phase-field-v1,RainCityscapes,RainCityscapes__0934,1,0.5,3,0.3066088720299221,0.3851342781120789,3.649739435118704e-07,0.9420023458817626,0.9420023458817626,-0.4874672668838853,False,3bb9afb0bf796d0f0e1aa32f596bc1f6ba277cf194b07271b5e4ca4416a28b48,False
unsb-sixdomain-expanded-phase-field-v1,RainCityscapes,RainCityscapes__0934,2,0.74,3,0.6427736928504076,0.7333471667237248,1.0201315958635604e-06,1.1813488734513045,1.1813488734513045,-0.2643200776351457,False,3bb9afb0bf796d0f0e1aa32f596bc1f6ba277cf194b07271b5e4ca4416a28b48,False
unsb-sixdomain-expanded-phase-field-v1,RainCityscapes,RainCityscapes__0934,3,0.8600000000000001,6,0.8267728064867454,0.8267728064867454,3.937648353713463e-06,1.203225133591447,1.203225133591447,-0.162960711368167,False,3bb9afb0bf796d0f0e1aa32f596bc1f6ba277cf194b07271b5e4ca4416a28b48,False
unsb-sixdomain-expanded-phase-field-v1,RainCityscapes,RainCityscapes__0377,1,0.5,4,0.7455061344086259,0.8722623152099522,8.775243620640084e-08,1.3997240254036725,1.3997240254036725,-0.2735911956618935,False,366aba042fa368781be38e69bcb8ff82c48ee10a20d9541f76e706abd92c4c10,False
unsb-sixdomain-expanded-phase-field-v1,RainCityscapes,RainCityscapes__0377,2,0.74,4,0.905859525796413,0.9732973370151766,6.243648306147875e-06,1.3533178118657303,1.3533178118657303,-0.1743389422551075,False,366aba042fa368781be38e69bcb8ff82c48ee10a20d9541f76e706abd92c4c10,False
unsb-sixdomain-expanded-phase-field-v1,RainCityscapes,RainCityscapes__0377,3,0.8600000000000001,4,0.957735980466404,0.9745887843582258,1.315324613115898e-06,1.307175528276495,1.307175528276495,-0.1350881053963751,False,366aba042fa368781be38e69bcb8ff82c48ee10a20d9541f76e706abd92c4c10,False
unsb-sixdomain-expanded-phase-field-v1,RainCityscapes,RainCityscapes__0860,1,0.5,4,0.8155107195293209,0.9374674491532436,3.180849281081421e-06,1.3912894758291194,1.3912894758291194,-0.2319878259723885,False,d86a01ea4379c632f0afea1e42c6aa4050d7602125b5c81771b2b9152bef04a7,False
unsb-sixdomain-expanded-phase-field-v1,RainCityscapes,RainCityscapes__0860,2,0.74,4,0.9411036532109748,1.0016234778580435,2.683737478914594e-06,1.3303319333806185,1.3303319333806185,-0.1503225567608162,False,d86a01ea4379c632f0afea1e42c6aa4050d7602125b5c81771b2b9152bef04a7,False
unsb-sixdomain-expanded-phase-field-v1,RainCityscapes,RainCityscapes__0860,3,0.8600000000000001,4,0.965573483528648,0.9683487840391458,3.553541640943792e-07,1.2875136730542245,1.2875136730542245,-0.1249665191235754,False,d86a01ea4379c632f0afea1e42c6aa4050d7602125b5c81771b2b9152bef04a7,False
unsb-sixdomain-expanded-phase-field-v1,RainCityscapes,RainCityscapes__0841,1,0.5,4,0.8357999513629937,0.9620224637215246,1.1745672203744562e-06,1.3932271683479212,1.3932271683479212,-0.2219195932062302,False,35cb30722a6f89b860310f1708bb46b8f2b654d4d20bd7212a9e59527d500c75,False
unsb-sixdomain-expanded-phase-field-v1,RainCityscapes,RainCityscapes__0841,2,0.74,4,0.9378416748254949,0.9951806415747746,1.5372467521146405e-06,1.3578336877035024,1.3578336877035024,-0.1607170517152379,False,35cb30722a6f89b860310f1708bb46b8f2b654d4d20bd7212a9e59527d500c75,False
unsb-sixdomain-expanded-phase-field-v1,RainCityscapes,RainCityscapes__0841,3,0.8600000000000001,6,0.9728856675105036,0.9728856675105036,3.296898502425094e-06,1.3131220025839538,1.3131220025839538,-0.1302432729615541,False,35cb30722a6f89b860310f1708bb46b8f2b654d4d20bd7212a9e59527d500c75,False
unsb-sixdomain-expanded-phase-field-v1,RainCityscapes,RainCityscapes__1066,1,0.5,4,0.595776722899933,0.7210140590666354,1.7364367255190419e-07,1.3274745525321,1.3274745525321,-0.3479426732297908,False,8f192ea03c6bb20a367a00efd7bd8dca7f02fe0337af431e9e4469fc8dbe6b3c,False
unsb-sixdomain-expanded-phase-field-v1,RainCityscapes,RainCityscapes__1066,2,0.74,4,0.8212165353616323,0.8823014739858925,1.7373166196765766e-06,1.2957963317894412,1.2957963317894412,-0.1980790607923325,False,8f192ea03c6bb20a367a00efd7bd8dca7f02fe0337af431e9e4469fc8dbe6b3c,False
unsb-sixdomain-expanded-phase-field-v1,RainCityscapes,RainCityscapes__1066,3,0.8600000000000001,6,0.8906554489857985,0.8906554489857985,1.1153311458844684e-06,1.248746921071969,1.248746921071969,-0.1467647011926102,False,8f192ea03c6bb20a367a00efd7bd8dca7f02fe0337af431e9e4469fc8dbe6b3c,False
unsb-sixdomain-expanded-phase-field-v1,RainCityscapes,RainCityscapes__0535,1,0.5,4,0.2236582075297247,0.2861925750142544,1.2902379542545361e-07,0.8514438096292994,0.8514438096292994,-0.5805711523190741,False,a337c61e4a4ed0bc896c6bae108c729707da2d275871575ec7328d45c8585863,False
unsb-sixdomain-expanded-phase-field-v1,RainCityscapes,RainCityscapes__0535,2,0.74,3,0.5361648822573617,0.6332485550469293,3.3668974541711805e-07,1.113184837646632,1.113184837646632,-0.3172689171622201,False,a337c61e4a4ed0bc896c6bae108c729707da2d275871575ec7328d45c8585863,False
unsb-sixdomain-expanded-phase-field-v1,RainCityscapes,RainCityscapes__0535,3,0.8600000000000001,4,0.7542212599341334,0.7723485773632337,3.412934758140196e-07,1.1653627400667788,1.1653627400667788,-0.1889623582530954,False,a337c61e4a4ed0bc896c6bae108c729707da2d275871575ec7328d45c8585863,False
unsb-sixdomain-expanded-phase-field-v1,RainCityscapes,RainCityscapes__1054,1,0.5,4,0.5642410760358565,0.6866723138414019,1.3504023634869355e-06,1.312084812258933,1.312084812258933,-0.3664972093842873,False,e30a79737a2e25f26d50070d24372c61e66d848bdd5b060e11d6864e344fed29,False
unsb-sixdomain-expanded-phase-field-v1,RainCityscapes,RainCityscapes__1054,2,0.74,4,0.8114069962178256,0.8874499047664153,1.046377002711374e-06,1.3092895917694038,1.3092895917694038,-0.2077969674420482,False,e30a79737a2e25f26d50070d24372c61e66d848bdd5b060e11d6864e344fed29,False
unsb-sixdomain-expanded-phase-field-v1,RainCityscapes,RainCityscapes__1054,3,0.8600000000000001,4,0.9011252161745282,0.9230561156350332,1.1436338099857224e-06,1.2782535763125429,1.2782535763125429,-0.1518318737579539,False,e30a79737a2e25f26d50070d24372c61e66d848bdd5b060e11d6864e344fed29,False
unsb-sixdomain-expanded-phase-field-v1,RainCityscapes,RainCityscapes__1182,1,0.5,4,0.4469762590834385,0.5509696459703568,7.955275989068866e-07,1.113502791633316,1.113502791633316,-0.3964068537649173,False,8632b5fe4f43c19804c999b6ea180186e37feeb48b79c56c4ba4ad86f5afc1e3,False
unsb-sixdomain-expanded-phase-field-v1,RainCityscapes,RainCityscapes__1182,2,0.74,4,0.7224193713297715,0.7977344909060702,2.1981164677331577e-06,1.2436883558233722,1.2436883558233722,-0.2359221853541482,False,8632b5fe4f43c19804c999b6ea180186e37feeb48b79c56c4ba4ad86f5afc1e3,False
unsb-sixdomain-expanded-phase-field-v1,RainCityscapes,RainCityscapes__1182,3,0.8600000000000001,4,0.8487274010260304,0.8701029475789919,5.367661346844521e-06,1.2577986015738296,1.2577986015738296,-0.1708428840123936,False,8632b5fe4f43c19804c999b6ea180186e37feeb48b79c56c4ba4ad86f5afc1e3,False
unsb-sixdomain-expanded-phase-field-v1,RainCityscapes,RainCityscapes__0030,1,0.5,4,0.5647398636432617,0.6919185413399265,1.7007052171003068e-06,1.2773478479257288,1.2773478479257288,-0.3544607359998127,False,e82e4c81ec163d950ecf5d0d5155a5bba03732bc6e820afc5ba8d7a4b3a70774,False
unsb-sixdomain-expanded-phase-field-v1,RainCityscapes,RainCityscapes__0030,2,0.74,4,0.7972287128008141,0.8689798937788152,3.153085158413837e-06,1.2647942544139994,1.2647942544139994,-0.2004369522996275,False,e82e4c81ec163d950ecf5d0d5155a5bba03732bc6e820afc5ba8d7a4b3a70774,False
unsb-sixdomain-expanded-phase-field-v1,RainCityscapes,RainCityscapes__0030,3,0.8600000000000001,4,0.889525062068371,0.9020454901864944,2.364373303809231e-07,1.2307356622410992,1.2307356622410992,-0.1410065963606012,False,e82e4c81ec163d950ecf5d0d5155a5bba03732bc6e820afc5ba8d7a4b3a70774,False
unsb-sixdomain-expanded-phase-field-v1,RainCityscapes,RainCityscapes__0931,1,0.5,3,0.5531988160477972,0.6703360506820704,5.255028372452841e-07,1.279826288849283,1.279826288849283,-0.3642697847817059,False,4008558a1055096691d2d9c0ede37d90e0e7f97d3118bc31f51b0f4e744f7f57,False
unsb-sixdomain-expanded-phase-field-v1,RainCityscapes,RainCityscapes__0931,2,0.74,4,0.8328611301069163,0.8935688974966657,3.0664765704457864e-06,1.2826964562259002,1.2826964562259002,-0.1875513009949228,False,4008558a1055096691d2d9c0ede37d90e0e7f97d3118bc31f51b0f4e744f7f57,False
unsb-sixdomain-expanded-phase-field-v1,RainCityscapes,RainCityscapes__0931,3,0.8600000000000001,6,0.933322391030492,0.933322391030492,1.43682081854557e-06,1.2462301041533297,1.2462301041533297,-0.1255665529697248,False,4008558a1055096691d2d9c0ede37d90e0e7f97d3118bc31f51b0f4e744f7f57,False
unsb-sixdomain-expanded-phase-field-v1,RainCityscapes,RainCityscapes__0391,1,0.5,4,0.5889235633800194,0.7051633480085253,9.946266420479688e-07,1.3123368437442644,1.3123368437442644,-0.3479863905858044,False,39bd2a2ebce9730c0ae4ab7a01ed8abce3d2278f90cc56c652a11420a7fb6a40,False
unsb-sixdomain-expanded-phase-field-v1,RainCityscapes,RainCityscapes__0391,2,0.74,4,0.8242182457045606,0.8863100642493567,4.005564718800869e-07,1.3272729612508438,1.3272729612508438,-0.2069180229213973,False,39bd2a2ebce9730c0ae4ab7a01ed8abce3d2278f90cc56c652a11420a7fb6a40,False
unsb-sixdomain-expanded-phase-field-v1,RainCityscapes,RainCityscapes__0391,3,0.8600000000000001,4,0.9111693373957992,0.9218643590413552,4.798316161180871e-06,1.3050076343097037,1.3050076343097037,-0.1560139558386498,False,39bd2a2ebce9730c0ae4ab7a01ed8abce3d2278f90cc56c652a11420a7fb6a40,False
unsb-sixdomain-expanded-phase-field-v1,RainCityscapes,RainCityscapes__0965,1,0.5,3,0.5913376513510755,0.6888656181474277,3.469227074504033e-07,1.329529438828286,1.329529438828286,-0.3518624259911271,False,0499aa4480bed354937bc2966bb3032024bf14aaf857ff2e96332002540daccb,False
unsb-sixdomain-expanded-phase-field-v1,RainCityscapes,RainCityscapes__0965,2,0.74,3,0.8384701268282835,0.8761962871401884,1.649917966806136e-06,1.304078579315652,1.304078579315652,-0.1918161671924286,False,0499aa4480bed354937bc2966bb3032024bf14aaf857ff2e96332002540daccb,False
unsb-sixdomain-expanded-phase-field-v1,RainCityscapes,RainCityscapes__0965,3,0.8600000000000001,6,0.8826212404739302,0.8826212404739302,1.1284933343347348e-06,1.2597132319120217,1.2597132319120217,-0.154497316541751,False,0499aa4480bed354937bc2966bb3032024bf14aaf857ff2e96332002540daccb,False
unsb-sixdomain-expanded-phase-field-v1,RainCityscapes,RainCityscapes__0090,1,0.5,3,0.3899242967785668,0.4832668672311002,2.237942641203361e-07,1.0675738375034294,1.0675738375034294,-0.4374176246244103,False,5cc79156e03ce3c990667763738604fc7d93adc503b1c27d526916cf53962df9,False
unsb-sixdomain-expanded-phase-field-v1,RainCityscapes,RainCityscapes__0090,2,0.74,4,0.6910500690580919,0.7803353919762239,5.980723523091314e-07,1.223841215471592,1.223841215471592,-0.2482155601942529,False,5cc79156e03ce3c990667763738604fc7d93adc503b1c27d526916cf53962df9,False
unsb-sixdomain-expanded-phase-field-v1,RainCityscapes,RainCityscapes__0090,3,0.8600000000000001,4,0.820810589659914,0.8428178915541158,8.479849491482838e-07,1.224612169831524,1.224612169831524,-0.1737556201710028,False,5cc79156e03ce3c990667763738604fc7d93adc503b1c27d526916cf53962df9,False
unsb-sixdomain-expanded-phase-field-v1,RainCityscapes,RainCityscapes__0182,1,0.5,4,0.3765030932479219,0.4411435595189109,3.726485786614831e-07,1.041220985770373,1.041220985770373,-0.4417743641160886,False,a46fb8ef4f913b8e53eb2535edeeb4d18253d13a79669014049bbef5bda0d023,False
unsb-sixdomain-expanded-phase-field-v1,RainCityscapes,RainCityscapes__0182,2,0.74,4,0.6643404718824233,0.7184040519041517,7.6141115510353075e-06,1.1003859574439294,1.1003859574439294,-0.2191543288734888,False,a46fb8ef4f913b8e53eb2535edeeb4d18253d13a79669014049bbef5bda0d023,False
unsb-sixdomain-expanded-phase-field-v1,RainCityscapes,RainCityscapes__0182,3,0.8600000000000001,6,0.7877314930223821,0.7877314930223821,6.976246806900122e-07,1.1062424626495355,1.1062424626495355,-0.1474721160194708,False,a46fb8ef4f913b8e53eb2535edeeb4d18253d13a79669014049bbef5bda0d023,False
unsb-sixdomain-expanded-phase-field-v1,RainCityscapes,RainCityscapes__0843,1,0.5,4,0.5029508465514316,0.609712119830594,7.297734195832462e-07,1.164999017525302,1.164999017525302,-0.3648000156333368,False,c44aa982152aa4d82e855bd84e4289ed29a874893298b7ca060ba6c08cda6044,False
unsb-sixdomain-expanded-phase-field-v1,RainCityscapes,RainCityscapes__0843,2,0.74,4,0.7797155383830682,0.8492585847726506,1.0557857075266242e-06,1.2360741609550283,1.2360741609550283,-0.200108338930026,False,c44aa982152aa4d82e855bd84e4289ed29a874893298b7ca060ba6c08cda6044,False
unsb-sixdomain-expanded-phase-field-v1,RainCityscapes,RainCityscapes__0843,3,0.8600000000000001,4,0.8850781463926065,0.8993884958483417,1.9746938613174336e-06,1.224015326290468,1.224015326290468,-0.1408052381390643,False,c44aa982152aa4d82e855bd84e4289ed29a874893298b7ca060ba6c08cda6044,False
unsb-sixdomain-expanded-phase-field-v1,RainCityscapes,RainCityscapes__0869,1,0.5,4,0.6116451890280037,0.697730279122244,6.978596419626726e-07,1.2154025890099962,1.2154025890099962,-0.2982205930457334,False,216f70a814cf35928f5ca6a97e2f07c6742bc600ecdd262cf97b952de20f2e69,False
unsb-sixdomain-expanded-phase-field-v1,RainCityscapes,RainCityscapes__0869,2,0.74,4,0.8233675389865477,0.8617822949383387,3.4935258428347997e-06,1.1853441911828733,1.1853441911828733,-0.1582507346976518,False,216f70a814cf35928f5ca6a97e2f07c6742bc600ecdd262cf97b952de20f2e69,False
unsb-sixdomain-expanded-phase-field-v1,RainCityscapes,RainCityscapes__0869,3,0.8600000000000001,6,0.8785217295470957,0.8785217295470957,2.646472063050353e-06,1.1542773296130275,1.1542773296130275,-0.1185576581576193,False,216f70a814cf35928f5ca6a97e2f07c6742bc600ecdd262cf97b952de20f2e69,False
unsb-sixdomain-expanded-phase-field-v1,RainCityscapes,RainCityscapes__0557,1,0.5,4,0.3455891773845886,0.4132777306269257,6.377739281138162e-07,1.068435601555098,1.068435601555098,-0.4901882173304301,False,9e889077704ab06d3275dddcd8cb117c968b24df829dd8885c5688ce27a220c6,False
unsb-sixdomain-expanded-phase-field-v1,RainCityscapes,RainCityscapes__0557,2,0.74,3,0.6267145521896399,0.7100936550357042,4.1411896978260643e-07,1.1632275483662495,1.1632275483662495,-0.268594899851118,False,9e889077704ab06d3275dddcd8cb117c968b24df829dd8885c5688ce27a220c6,False
unsb-sixdomain-expanded-phase-field-v1,RainCityscapes,RainCityscapes__0557,3,0.8600000000000001,6,0.7904656396703966,0.7904656396703966,6.681100205296886e-07,1.174655487872413,1.174655487872413,-0.1720275154447413,False,9e889077704ab06d3275dddcd8cb117c968b24df829dd8885c5688ce27a220c6,False
unsb-sixdomain-expanded-phase-field-v1,RainCityscapes,RainCityscapes__0726,1,0.5,4,0.6437839123802409,0.7797965602132648,3.634746637004582e-07,1.350337010609183,1.350337010609183,-0.321702051317657,False,9eba2f60ec999cba3d673e17f09508c346b3691561927245a6c346524667c507,False
unsb-sixdomain-expanded-phase-field-v1,RainCityscapes,RainCityscapes__0726,2,0.74,3,0.8623993585809385,0.9387634568247138,4.222239200490918e-07,1.339806560318035,1.339806560318035,-0.191333675137062,False,9eba2f60ec999cba3d673e17f09508c346b3691561927245a6c346524667c507,False
unsb-sixdomain-expanded-phase-field-v1,RainCityscapes,RainCityscapes__0726,3,0.8600000000000001,4,0.935956483661372,0.9468475760184464,6.690492407201987e-06,1.2964468030149283,1.2964468030149283,-0.141499043974305,False,9eba2f60ec999cba3d673e17f09508c346b3691561927245a6c346524667c507,False
unsb-sixdomain-expanded-phase-field-v1,RainCityscapes,RainCityscapes__0246,1,0.5,4,0.2170653677698653,0.276812924751723,6.341967210277133e-07,0.8336351144116285,0.8336351144116285,-0.584385461312979,False,df7b0881aeff1ae49f9f8a89f2b09df77d9209c5b6af3ad0bebd44271cd4dac4,False
unsb-sixdomain-expanded-phase-field-v1,RainCityscapes,RainCityscapes__0246,2,0.74,3,0.5276553720142243,0.6278710363437385,1.1114240883181026e-06,1.1191634407049444,1.1191634407049444,-0.3265431507659785,False,df7b0881aeff1ae49f9f8a89f2b09df77d9209c5b6af3ad0bebd44271cd4dac4,False
unsb-sixdomain-expanded-phase-field-v1,RainCityscapes,RainCityscapes__0246,3,0.8600000000000001,4,0.7560056508857729,0.7787886133817086,6.42607515755067e-07,1.169826156898749,1.169826156898749,-0.1895962860892794,False,df7b0881aeff1ae49f9f8a89f2b09df77d9209c5b6af3ad0bebd44271cd4dac4,False
unsb-sixdomain-expanded-phase-field-v1,RainCityscapes,RainCityscapes__0477,1,0.5,3,0.4520511165854174,0.5512576329814594,3.655533982183101e-07,1.1547879424319312,1.1547879424319312,-0.4073146942959277,False,d9fdd541fd807c5627400fb65fc02e8b399f7b15ae99a4892fe82fb1205bb93e,False
unsb-sixdomain-expanded-phase-field-v1,RainCityscapes,RainCityscapes__0477,2,0.74,4,0.7257064760594585,0.7936968914090976,2.4084481209385444e-07,1.2012749183703986,1.2012749183703986,-0.2188814108017148,False,d9fdd541fd807c5627400fb65fc02e8b399f7b15ae99a4892fe82fb1205bb93e,False
unsb-sixdomain-expanded-phase-field-v1,RainCityscapes,RainCityscapes__0477,3,0.8600000000000001,4,0.8372550573382728,0.8418176658712146,1.1338226750812197e-06,1.1978734510082594,1.1978734510082594,-0.1555531600391846,False,d9fdd541fd807c5627400fb65fc02e8b399f7b15ae99a4892fe82fb1205bb93e,False
unsb-sixdomain-expanded-phase-field-v1,RainCityscapes,RainCityscapes__0001,1,0.5,3,0.6087653948019311,0.7422781370997632,4.687421464311115e-07,1.379590709998116,1.379590709998116,-0.3553003041718933,False,78e2b04bb41c0989f0a5a7d63cc1de8922ffb36b191621cafba34e1c377db3e5,False
unsb-sixdomain-expanded-phase-field-v1,RainCityscapes,RainCityscapes__0001,2,0.74,3,0.8665979578939478,0.9294876623036898,5.933977962335746e-07,1.34364971516146,1.34364971516146,-0.1904684031013253,False,78e2b04bb41c0989f0a5a7d63cc1de8922ffb36b191621cafba34e1c377db3e5,False
unsb-sixdomain-expanded-phase-field-v1,RainCityscapes,RainCityscapes__0001,3,0.8600000000000001,6,0.9463187479323412,0.9463187479323412,5.665282936107019e-07,1.2938170172893722,1.2938170172893722,-0.135835414848035,False,78e2b04bb41c0989f0a5a7d63cc1de8922ffb36b191621cafba34e1c377db3e5,False
unsb-sixdomain-expanded-phase-field-v1,RainCityscapes,RainCityscapes__0451,1,0.5,4,0.4930108294919559,0.595273954576764,1.0167534435501224e-06,1.1597077685206494,1.1597077685206494,-0.3714921072659374,False,57023f0fb0ef86c030ae5794d0dbd28612584948555277aed6ab6377c2fa7cf0,False
unsb-sixdomain-expanded-phase-field-v1,RainCityscapes,RainCityscapes__0451,2,0.74,4,0.7502685908420386,0.8155833876983158,5.568184394677544e-07,1.236981064040838,1.236981064040838,-0.2171462858345091,False,57023f0fb0ef86c030ae5794d0dbd28612584948555277aed6ab6377c2fa7cf0,False
unsb-sixdomain-expanded-phase-field-v1,RainCityscapes,RainCityscapes__0451,3,0.8600000000000001,6,0.8526292909843773,0.8526292909843773,1.8853741996505136e-06,1.2161241137561205,1.2161241137561205,-0.1542176517142838,False,57023f0fb0ef86c030ae5794d0dbd28612584948555277aed6ab6377c2fa7cf0,False
unsb-sixdomain-expanded-phase-field-v1,RainCityscapes,RainCityscapes__0742,1,0.5,3,0.4351519104134698,0.5519675615945785,4.833747755395024e-07,1.233849804539804,1.233849804539804,-0.4526214021139318,False,45df7c99844b197d58b195e0b3122212cc255b76ca52d6b390070b5ad62e1311,False
unsb-sixdomain-expanded-phase-field-v1,RainCityscapes,RainCityscapes__0742,2,0.74,3,0.7491873210341696,0.8227978598111625,6.719746972194685e-07,1.2847211468616206,1.2847211468616206,-0.2342184538585092,False,45df7c99844b197d58b195e0b3122212cc255b76ca52d6b390070b5ad62e1311,False
unsb-sixdomain-expanded-phase-field-v1,RainCityscapes,RainCityscapes__0742,3,0.8600000000000001,6,0.8849845292032056,0.8849845292032056,2.358859743090136e-06,1.2463295394434275,1.2463295394434275,-0.1486972097473773,False,45df7c99844b197d58b195e0b3122212cc255b76ca52d6b390070b5ad62e1311,False
unsb-sixdomain-expanded-phase-field-v1,RainCityscapes,RainCityscapes__0321,1,0.5,4,0.2784849312294703,0.3562998095646207,8.924101395635375e-07,1.0016173825226615,1.0016173825226615,-0.5559001523265238,False,eeb049b48031b60df9c31b750bec4caa356d3ad54c98567416f1febe8f233a56,False
unsb-sixdomain-expanded-phase-field-v1,RainCityscapes,RainCityscapes__0321,2,0.74,3,0.5904735258028122,0.6882349734403312,1.114868502738453e-06,1.2348962092688205,1.2348962092688205,-0.3204300269251129,False,eeb049b48031b60df9c31b750bec4caa356d3ad54c98567416f1febe8f233a56,False
unsb-sixdomain-expanded-phase-field-v1,RainCityscapes,RainCityscapes__0321,3,0.8600000000000001,4,0.7997342047203246,0.8121078426590571,4.804196267582661e-06,1.254274666227424,1.254274666227424,-0.195446979264277,False,eeb049b48031b60df9c31b750bec4caa356d3ad54c98567416f1febe8f233a56,False
unsb-sixdomain-expanded-phase-field-v1,RainCityscapes,RainCityscapes__0147,1,0.5,4,0.5845975724369044,0.7088546653185164,1.3317092306674996e-07,1.3182651692811782,1.3182651692811782,-0.3531457698584984,False,2f4b8ec61c902e48bb77fdcaed60edef405b9a48105060d425fabf0c3024cf05,False
unsb-sixdomain-expanded-phase-field-v1,RainCityscapes,RainCityscapes__0147,2,0.74,4,0.8195206932715555,0.8924533265979813,1.2101565598499064e-06,1.3094025812861836,1.3094025812861836,-0.2035132685526648,False,2f4b8ec61c902e48bb77fdcaed60edef405b9a48105060d425fabf0c3024cf05,False
unsb-sixdomain-expanded-phase-field-v1,RainCityscapes,RainCityscapes__0147,3,0.8600000000000001,4,0.907229884336638,0.9240562779910332,7.529475146705877e-07,1.2779834558061918,1.2779834558061918,-0.1488078841464866,False,2f4b8ec61c902e48bb77fdcaed60edef405b9a48105060d425fabf0c3024cf05,False
unsb-sixdomain-expanded-phase-field-v1,RainCityscapes,RainCityscapes__1079,1,0.5,4,0.4517583740435333,0.5547542443361846,1.049284133913808e-06,1.2196199613909977,1.2196199613909977,-0.4313183121720532,False,0ca593045fa36435dd7737fdfd5cce5683012432d4e3d11eb578189fa1163fbd,False
unsb-sixdomain-expanded-phase-field-v1,RainCityscapes,RainCityscapes__1079,2,0.74,3,0.7187556261527879,0.7973407766197758,6.988053619094714e-07,1.2383817645805353,1.2383817645805353,-0.2362732911051183,False,0ca593045fa36435dd7737fdfd5cce5683012432d4e3d11eb578189fa1163fbd,False
unsb-sixdomain-expanded-phase-field-v1,RainCityscapes,RainCityscapes__1079,3,0.8600000000000001,6,0.8501398247051151,0.8501398247051151,2.106719096839349e-06,1.215417172393855,1.215417172393855,-0.1552350069866135,False,0ca593045fa36435dd7737fdfd5cce5683012432d4e3d11eb578189fa1163fbd,False
unsb-sixdomain-expanded-phase-field-v1,RainCityscapes,RainCityscapes__0089,1,0.5,4,0.3106233538669931,0.3906396956708467,8.354188749670755e-07,0.8834045341586121,0.8834045341586121,-0.4539255194238136,False,288f0004825b370bf9b9679dd74545e8e45645027b72d2d370fbd52f8ba5a587,False
unsb-sixdomain-expanded-phase-field-v1,RainCityscapes,RainCityscapes__0089,2,0.74,3,0.6397645637224596,0.7308167748688679,2.822771609789499e-07,1.130713987380391,1.130713987380391,-0.2473325835630468,False,288f0004825b370bf9b9679dd74545e8e45645027b72d2d370fbd52f8ba5a587,False
unsb-sixdomain-expanded-phase-field-v1,RainCityscapes,RainCityscapes__0089,3,0.8600000000000001,4,0.818518219506309,0.8271498252753633,7.837982987091152e-07,1.1697603109197845,1.1697603109197845,-0.1550685311203137,False,288f0004825b370bf9b9679dd74545e8e45645027b72d2d370fbd52f8ba5a587,False
unsb-sixdomain-expanded-phase-field-v1,RainCityscapes,RainCityscapes__0750,1,0.5,4,0.4229418072446334,0.5120208228563762,7.92932978832539e-07,1.1659256694986202,1.1659256694986202,-0.4403902473005671,False,7891b9a743908354c5ff7993ed400ac69d6a8afd9622855a52bda4e7c61287f3,False
unsb-sixdomain-expanded-phase-field-v1,RainCityscapes,RainCityscapes__0750,2,0.74,3,0.7311588003882881,0.7890168009092478,3.282134388271629e-06,1.24038525276973,1.24038525276973,-0.2295448825410687,False,7891b9a743908354c5ff7993ed400ac69d6a8afd9622855a52bda4e7c61287f3,False
unsb-sixdomain-expanded-phase-field-v1,RainCityscapes,RainCityscapes__0750,3,0.8600000000000001,6,0.831680579584432,0.831680579584432,3.689216248270455e-06,1.2219642202287022,1.2219642202287022,-0.1671019292422569,False,7891b9a743908354c5ff7993ed400ac69d6a8afd9622855a52bda4e7c61287f3,False
unsb-sixdomain-expanded-phase-field-v1,RainCityscapes,RainCityscapes__0496,1,0.5,3,0.8995794633415738,1.013262425769495,1.980865901307638e-07,1.323194815115086,1.323194815115086,-0.1675842581550933,False,b1f24d8853fd39bac907826653a4084be995c06cdae8f22c61803ba33c5bf67d,False
unsb-sixdomain-expanded-phase-field-v1,RainCityscapes,RainCityscapes__0496,2,0.74,3,0.981976046801255,1.0268343697291948,3.963310943988496e-06,1.276978368348119,1.276978368348119,-0.1140826462660216,False,b1f24d8853fd39bac907826653a4084be995c06cdae8f22c61803ba33c5bf67d,False
unsb-sixdomain-expanded-phase-field-v1,RainCityscapes,RainCityscapes__0496,3,0.8600000000000001,6,0.984196114666542,0.984196114666542,8.620221043087462e-06,1.237153863771745,1.237153863771745,-0.0993420695954754,False,b1f24d8853fd39bac907826653a4084be995c06cdae8f22c61803ba33c5bf67d,False
unsb-sixdomain-expanded-phase-field-v1,RainCityscapes,RainCityscapes__0038,1,0.5,4,0.8659364256488158,0.9862402852960794,2.1928433091567e-07,1.4226941095365635,1.4226941095365635,-0.2156255247377601,False,6a731eab5f2b48b0d04f24223a7237adfd44c4fadab970303df225fe84913f9a,False
unsb-sixdomain-expanded-phase-field-v1,RainCityscapes,RainCityscapes__0038,2,0.74,4,0.9387030466984966,1.0036097565562696,2.6283900478318856e-06,1.3503563940145458,1.3503563940145458,-0.1579201777468277,False,6a731eab5f2b48b0d04f24223a7237adfd44c4fadab970303df225fe84913f9a,False
unsb-sixdomain-expanded-phase-field-v1,RainCityscapes,RainCityscapes__0038,3,0.8600000000000001,4,0.9434389068812268,0.9605105324758836,4.532305937665626e-06,1.3038532832331813,1.3038532832331813,-0.1405149425981281,False,6a731eab5f2b48b0d04f24223a7237adfd44c4fadab970303df225fe84913f9a,False
unsb-sixdomain-expanded-phase-field-v1,RainCityscapes,RainCityscapes__0515,1,0.5,4,0.7549538819184902,0.8808329980713541,2.836634652725323e-07,1.4096087858216184,1.4096087858216184,-0.2711781753809679,False,66d4716f1113a7d022151df0162083226d340180d8c784eefef7f6e27717eaf2,False
unsb-sixdomain-expanded-phase-field-v1,RainCityscapes,RainCityscapes__0515,2,0.74,4,0.9078808580963726,0.9758299842895692,3.331133797135344e-06,1.358353237883228,1.358353237883228,-0.1749838628503353,False,66d4716f1113a7d022151df0162083226d340180d8c784eefef7f6e27717eaf2,False
unsb-sixdomain-expanded-phase-field-v1,RainCityscapes,RainCityscapes__0515,3,0.8600000000000001,4,0.9549996287432968,0.9706581974703832,1.1116412258260766e-05,1.3094608772556102,1.3094608772556102,-0.1370893247932431,False,66d4716f1113a7d022151df0162083226d340180d8c784eefef7f6e27717eaf2,False
unsb-sixdomain-expanded-phase-field-v1,RainCityscapes,RainCityscapes__0256,1,0.5,4,0.245482094241595,0.3077682060513654,8.75688042079048e-08,0.7530165897553595,0.7530165897553595,-0.4867847246198613,False,bd8f4aaefdc592284f68fb788a69663666d52cbb92edb034e43490dc7fc8d448,False
unsb-sixdomain-expanded-phase-field-v1,RainCityscapes,RainCityscapes__0256,2,0.74,3,0.546842741161661,0.6354673040870504,4.118877825476376e-07,1.1035980805866252,1.1035980805866252,-0.3049484848425309,False,bd8f4aaefdc592284f68fb788a69663666d52cbb92edb034e43490dc7fc8d448,False
unsb-sixdomain-expanded-phase-field-v1,RainCityscapes,RainCityscapes__0256,3,0.8600000000000001,4,0.756190179116905,0.7715949347865343,4.810527096665851e-07,1.1655108128363445,1.1655108128363445,-0.1878852742291004,False,bd8f4aaefdc592284f68fb788a69663666d52cbb92edb034e43490dc7fc8d448,False
unsb-sixdomain-expanded-phase-field-v1,RainDS-syn,RainDS-syn__024,1,0.5,4,0.6555408378331455,0.7195924279761953,1.429098486216418e-07,0.7684454429709418,0.7684454429709418,-0.0690132876389938,False,e913694003780d8b1bb83ed14ee20c1225b7f8393a0c778675e69348429b548c,False
unsb-sixdomain-expanded-phase-field-v1,RainDS-syn,RainDS-syn__024,2,0.74,4,0.9716246264810358,1.0098016136622086,3.6114323531677435e-08,0.4511752173955646,0.4511752173955646,0.3331532774904788,True,e913694003780d8b1bb83ed14ee20c1225b7f8393a0c778675e69348429b548c,False
unsb-sixdomain-expanded-phase-field-v1,RainDS-syn,RainDS-syn__024,3,0.8600000000000001,4,1.0710305513726617,1.0969804310086675,5.593415182136852e-07,0.3225053045624126,0.3225053045624126,0.5212649970502615,True,e913694003780d8b1bb83ed14ee20c1225b7f8393a0c778675e69348429b548c,False
unsb-sixdomain-expanded-phase-field-v1,RainDS-syn,RainDS-syn__189,1,0.5,4,0.9599588971602246,0.998743982258224,8.71656232748208e-08,0.4278194579205503,0.4278194579205503,0.3509921050239181,True,390b73a8bcfbf041e7f4bc09327fccbb6a4c3715ee4db9786c027d6fdaae40a2,False
unsb-sixdomain-expanded-phase-field-v1,RainDS-syn,RainDS-syn__189,2,0.74,4,1.130656228852817,1.1611891644383996,8.594949137963326e-07,0.3170882131858503,0.3170882131858503,0.5521504809137745,True,390b73a8bcfbf041e7f4bc09327fccbb6a4c3715ee4db9786c027d6fdaae40a2,False
unsb-sixdomain-expanded-phase-field-v1,RainDS-syn,RainDS-syn__189,3,0.8600000000000001,4,1.1681402934416787,1.1941265251915674,1.866830148689047e-06,0.2688389849651553,0.2688389849651553,0.6380027575983245,True,390b73a8bcfbf041e7f4bc09327fccbb6a4c3715ee4db9786c027d6fdaae40a2,False
unsb-sixdomain-expanded-phase-field-v1,RainDS-syn,RainDS-syn__034,1,0.5,4,1.0198610586923054,1.0491660267847418,2.961416025737407e-07,0.3928295966628476,0.3928295966628476,0.4143368083861059,True,d4592b8a4ec487aea504691471521299ea6dd5ff4153354a3e5177005a1f001a,False
unsb-sixdomain-expanded-phase-field-v1,RainDS-syn,RainDS-syn__034,2,0.74,4,1.137927566148652,1.167398169697877,1.2676555560808822e-07,0.3198432456957525,0.3198432456957525,0.5511774343597716,True,d4592b8a4ec487aea504691471521299ea6dd5ff4153354a3e5177005a1f001a,False
unsb-sixdomain-expanded-phase-field-v1,RainDS-syn,RainDS-syn__034,3,0.8600000000000001,4,1.1556198925511023,1.18651905408666,1.020781474236898e-06,0.2837504223207951,0.2837504223207951,0.609878492486518,True,d4592b8a4ec487aea504691471521299ea6dd5ff4153354a3e5177005a1f001a,False
unsb-sixdomain-expanded-phase-field-v1,RainDS-syn,RainDS-syn__109,1,0.5,3,0.682293641540235,0.7640358224377417,2.0846437898125458e-07,0.6776053347260349,0.6776053347260349,0.0029945075056343,True,df5c578a0759915a85d8c510354c7e999badb46ed86406b4a5fb1ab50f5411f1,False
unsb-sixdomain-expanded-phase-field-v1,RainDS-syn,RainDS-syn__109,2,0.74,3,0.9694297182745144,1.0032339750892867,2.2393293452882546e-07,0.4200028001124554,0.4200028001124554,0.3632641432685971,True,df5c578a0759915a85d8c510354c7e999badb46ed86406b4a5fb1ab50f5411f1,False
unsb-sixdomain-expanded-phase-field-v1,RainDS-syn,RainDS-syn__109,3,0.8600000000000001,4,1.0486277538535238,1.0596755461938614,1.5101435067998992e-06,0.3122638702276128,0.3122638702276128,0.5260996098339813,True,df5c578a0759915a85d8c510354c7e999badb46ed86406b4a5fb1ab50f5411f1,False
unsb-sixdomain-expanded-phase-field-v1,RainDS-syn,RainDS-syn__066,1,0.5,3,0.6266584508421611,0.7506515269437602,1.1294555413154941e-07,0.8729982224392054,0.8729982224392054,-0.1439824586643987,False,dc92b492515b76134dfce200c96c5fcd89a58e8295ed852e412a23e975eaf8ed,False
unsb-sixdomain-expanded-phase-field-v1,RainDS-syn,RainDS-syn__066,2,0.74,4,0.9329419841442896,0.9858375099397426,2.7541449343360117e-08,0.4488195719219151,0.4488195719219151,0.3177828504043524,True,dc92b492515b76134dfce200c96c5fcd89a58e8295ed852e412a23e975eaf8ed,False
unsb-sixdomain-expanded-phase-field-v1,RainDS-syn,RainDS-syn__066,3,0.8600000000000001,4,1.0098094720504125,1.03377183368256,1.9063824097109721e-07,0.305533059111347,0.305533059111347,0.5191812316746172,True,dc92b492515b76134dfce200c96c5fcd89a58e8295ed852e412a23e975eaf8ed,False
unsb-sixdomain-expanded-phase-field-v1,RainDS-syn,RainDS-syn__064,1,0.5,3,0.5945492110254749,0.7612776165512007,4.0426226921574944e-08,0.6571012150997156,0.6571012150997156,-0.043444463147193,False,3dfcd9a08ec15f9fd2ed46e9c55ccba5bd2ba9511ce8d7d142759f6683c7e1e9,False
unsb-sixdomain-expanded-phase-field-v1,RainDS-syn,RainDS-syn__064,2,0.74,3,0.9355198025461404,1.0064734089502043,3.1434609659708457e-07,0.4251459660512294,0.4251459660512294,0.3425149221503482,True,3dfcd9a08ec15f9fd2ed46e9c55ccba5bd2ba9511ce8d7d142759f6683c7e1e9,False
unsb-sixdomain-expanded-phase-field-v1,RainDS-syn,RainDS-syn__064,3,0.8600000000000001,3,1.025591761436714,1.0578100958390952,1.6978635952735746e-07,0.315866815300887,0.315866815300887,0.5114705218140924,True,3dfcd9a08ec15f9fd2ed46e9c55ccba5bd2ba9511ce8d7d142759f6683c7e1e9,False
unsb-sixdomain-expanded-phase-field-v1,RainDS-syn,RainDS-syn__068,1,0.5,4,0.6813234273063655,0.7557817043002512,3.2076053813057115e-08,0.7457406990491549,0.7457406990491549,-0.0392345230925156,False,1e05742806956bed9f37d8d0e55dca088af4f8ac2269deafcf66eccef717cc77,False
unsb-sixdomain-expanded-phase-field-v1,RainDS-syn,RainDS-syn__068,2,0.74,4,0.980803215015582,1.0209000899765557,2.371299887560241e-07,0.4291270124108018,0.4291270124108018,0.3589960276855492,True,1e05742806956bed9f37d8d0e55dca088af4f8ac2269deafcf66eccef717cc77,False
unsb-sixdomain-expanded-phase-field-v1,RainDS-syn,RainDS-syn__068,3,0.8600000000000001,4,1.0653834860655953,1.089360584148942,4.3367752744494236e-07,0.3105617641643503,0.3105617641643503,0.5353579756490086,True,1e05742806956bed9f37d8d0e55dca088af4f8ac2269deafcf66eccef717cc77,False
unsb-sixdomain-expanded-phase-field-v1,RainDS-syn,RainDS-syn__009,1,0.5,3,0.36213491398537,0.4799740852937891,1.6406250469280792e-08,0.6169841925669681,0.6169841925669681,-0.2314036395047516,False,49e154b5b184fa422a993c629a81cade6ace95b05835621d85d7272f6a326914,False
unsb-sixdomain-expanded-phase-field-v1,RainDS-syn,RainDS-syn__009,2,0.74,4,0.7522185503562873,0.8091686375650817,3.6192636321263915e-07,0.4752545111316386,0.4752545111316386,0.1994177913987576,True,49e154b5b184fa422a993c629a81cade6ace95b05835621d85d7272f6a326914,False
unsb-sixdomain-expanded-phase-field-v1,RainDS-syn,RainDS-syn__009,3,0.8600000000000001,4,0.9115835529677552,0.9344814480635608,1.591917692111977e-07,0.3382565591950545,0.3382565591950545,0.4305502540866219,True,49e154b5b184fa422a993c629a81cade6ace95b05835621d85d7272f6a326914,False
unsb-sixdomain-expanded-phase-field-v1,RainDS-syn,RainDS-syn__107,1,0.5,3,0.7891016070143119,0.8942418799832335,1.4621654109703286e-08,0.4567918038121161,0.4567918038121161,0.237414625040287,True,33fc7cd5adf4b22976589303e70fc3a255d0fda7d34164cfb69d5eda5645256d,False
unsb-sixdomain-expanded-phase-field-v1,RainDS-syn,RainDS-syn__107,2,0.74,3,1.0226806861047733,1.0754272715650026,2.773990900317713e-07,0.3388592986970936,0.3388592986970936,0.4797206464414388,True,33fc7cd5adf4b22976589303e70fc3a255d0fda7d34164cfb69d5eda5645256d,False
unsb-sixdomain-expanded-phase-field-v1,RainDS-syn,RainDS-syn__107,3,0.8600000000000001,4,1.0787045303601672,1.1065569784635352,1.0669947621000375e-06,0.2775391290567202,0.2775391290567202,0.5895782815921979,True,33fc7cd5adf4b22976589303e70fc3a255d0fda7d34164cfb69d5eda5645256d,False
unsb-sixdomain-expanded-phase-field-v1,RainDS-syn,RainDS-syn__030,1,0.5,4,0.8668886421790132,0.9360433018962532,1.3433670753570937e-07,0.5557388334845821,0.5557388334845821,0.1930925678026357,True,2ea662b3eddaa66257b9cd5b7ba071ea9c2f06535d37a989131168ae3b29c309,False
unsb-sixdomain-expanded-phase-field-v1,RainDS-syn,RainDS-syn__030,2,0.74,4,1.0679058605483691,1.1076884159629885,9.314075299915461e-08,0.3741592390073109,0.3741592390073109,0.4554764962756797,True,2ea662b3eddaa66257b9cd5b7ba071ea9c2f06535d37a989131168ae3b29c309,False
unsb-sixdomain-expanded-phase-field-v1,RainDS-syn,RainDS-syn__030,3,0.8600000000000001,4,1.120528909200522,1.144178356394146,9.78918906380244e-07,0.295523087570755,0.295523087570755,0.5788316500909906,True,2ea662b3eddaa66257b9cd5b7ba071ea9c2f06535d37a989131168ae3b29c309,False
unsb-sixdomain-expanded-phase-field-v1,RainDS-syn,RainDS-syn__177,1,0.5,3,0.5776975521637155,0.697448794367438,7.206642271828656e-08,0.8216144116784372,0.8216144116784372,-0.1529675211373653,False,696619bee0cf4b7339f74ec248f1b77c2cc084a3540dd75e40a1b82247bef678,False
unsb-sixdomain-expanded-phase-field-v1,RainDS-syn,RainDS-syn__177,2,0.74,3,0.910688939456424,0.9581176106014012,4.230872585608836e-07,0.4502080683173393,0.4502080683173393,0.3059567881336293,True,696619bee0cf4b7339f74ec248f1b77c2cc084a3540dd75e40a1b82247bef678,False
unsb-sixdomain-expanded-phase-field-v1,RainDS-syn,RainDS-syn__177,3,0.8600000000000001,3,0.99677673993319,1.014149030493622,9.244280518849737e-08,0.3079175678842014,0.3079175678842014,0.5101634272635701,True,696619bee0cf4b7339f74ec248f1b77c2cc084a3540dd75e40a1b82247bef678,False
unsb-sixdomain-expanded-phase-field-v1,RainDS-syn,RainDS-syn__114,1,0.5,4,0.6602236834401356,0.7633126631066213,3.231542601289661e-07,0.7424879096681589,0.7424879096681589,-0.050998286977958,False,3f6489796cba832d002c2d4bc389067a8b4636546a3445f5930462e96b175a93,False
unsb-sixdomain-expanded-phase-field-v1,RainDS-syn,RainDS-syn__114,2,0.74,4,0.9649046830589488,1.0199793106246116,7.850917638219101e-08,0.4574498972191163,0.4574498972191163,0.3241408798549094,True,3f6489796cba832d002c2d4bc389067a8b4636546a3445f5930462e96b175a93,False
unsb-sixdomain-expanded-phase-field-v1,RainDS-syn,RainDS-syn__114,3,0.8600000000000001,4,1.057254018379134,1.0865934824940826,1.975143647747757e-06,0.3374413430524325,0.3374413430524325,0.4959810535374691,True,3f6489796cba832d002c2d4bc389067a8b4636546a3445f5930462e96b175a93,False
unsb-sixdomain-expanded-phase-field-v1,RainDS-syn,RainDS-syn__041,1,0.5,4,1.016595103686442,1.059756552158539,9.371197240426454e-08,0.4497600628826689,0.4497600628826689,0.3541671246579548,True,92133ea9cffabb9e6cf2aee70235bba8a5839088552b87d9a71c713b6b58b599,False
unsb-sixdomain-expanded-phase-field-v1,RainDS-syn,RainDS-syn__041,2,0.74,4,1.162560102589028,1.199879568542178,1.5923483087654233e-07,0.3185676066747596,0.3185676066747596,0.5622138017273035,True,92133ea9cffabb9e6cf2aee70235bba8a5839088552b87d9a71c713b6b58b599,False
unsb-sixdomain-expanded-phase-field-v1,RainDS-syn,RainDS-syn__041,3,0.8600000000000001,4,1.190437547177187,1.2235997025722116,5.139124107378379e-07,0.2650553217190454,0.2650553217190454,0.6523700880344729,True,92133ea9cffabb9e6cf2aee70235bba8a5839088552b87d9a71c713b6b58b599,False
unsb-sixdomain-expanded-phase-field-v1,RainDS-syn,RainDS-syn__072,1,0.5,3,0.4740215189077954,0.5935719491040228,5.5831463230404665e-08,0.9040426651128092,0.9040426651128092,-0.280390869357614,False,11c06c73e56f5e82850a3532c5a3c86b77ac3a1cac858b4e6e24b57fee242d53,False
unsb-sixdomain-expanded-phase-field-v1,RainDS-syn,RainDS-syn__072,2,0.74,4,0.8609511532754041,0.9150871059479572,4.655086238702921e-08,0.5166674881753104,0.5166674881753104,0.2217673781358859,True,11c06c73e56f5e82850a3532c5a3c86b77ac3a1cac858b4e6e24b57fee242d53,False
unsb-sixdomain-expanded-phase-field-v1,RainDS-syn,RainDS-syn__072,3,0.8600000000000001,4,0.9745608240844084,0.9945216764526954,2.598320408830901e-07,0.3384654417632932,0.3384654417632932,0.4592946167502306,True,11c06c73e56f5e82850a3532c5a3c86b77ac3a1cac858b4e6e24b57fee242d53,False
unsb-sixdomain-expanded-phase-field-v1,RainDS-syn,RainDS-syn__078,1,0.5,5,0.8258342099102047,0.8886522386167618,1.6367293298458208e-08,0.6021010484082705,0.6021010484082705,0.1372234859940835,True,1664c04a276e12b2199c6ffbf9e4704e9faa0b857e82c45ce5ba8f52afcd3b6b,False
unsb-sixdomain-expanded-phase-field-v1,RainDS-syn,RainDS-syn__078,2,0.74,4,1.0666552196085086,1.1174445798393324,1.4843854212465146e-07,0.3819013268563331,0.3819013268563331,0.4460728956283682,True,1664c04a276e12b2199c6ffbf9e4704e9faa0b857e82c45ce5ba8f52afcd3b6b,False
unsb-sixdomain-expanded-phase-field-v1,RainDS-syn,RainDS-syn__078,3,0.8600000000000001,4,1.1427327868631807,1.1872844594601375,6.044146010353302e-07,0.2946808305983925,0.2946808305983925,0.5885928028704578,True,1664c04a276e12b2199c6ffbf9e4704e9faa0b857e82c45ce5ba8f52afcd3b6b,False
unsb-sixdomain-expanded-phase-field-v1,RainDS-syn,RainDS-syn__155,1,0.5,3,0.3796663472930512,0.5036146503455048,1.1576936964630136e-08,0.9259075970125668,0.9259075970125668,-0.3871655434366431,False,632257534017d4e6f1c5d33cf96d7b14b9e4f2e83bf1c00707864e67eb1038a7,False
unsb-sixdomain-expanded-phase-field-v1,RainDS-syn,RainDS-syn__155,2,0.74,3,0.8317004070431759,0.8990306381508102,1.2092460677237682e-07,0.5699072551800042,0.5699072551800042,0.1641627282552157,True,632257534017d4e6f1c5d33cf96d7b14b9e4f2e83bf1c00707864e67eb1038a7,False
unsb-sixdomain-expanded-phase-field-v1,RainDS-syn,RainDS-syn__155,3,0.8600000000000001,4,0.9615317522059446,0.9963635761834362,3.3291639534027695e-07,0.3681836895714444,0.3681836895714444,0.4168990848337625,True,632257534017d4e6f1c5d33cf96d7b14b9e4f2e83bf1c00707864e67eb1038a7,False
unsb-sixdomain-expanded-phase-field-v1,RainDS-syn,RainDS-syn__103,1,0.5,3,0.6932834708764909,0.8039952586944461,3.310734241201985e-07,0.7409213725228434,0.7409213725228434,-0.028861276604464,False,909dd594a0ef9681a851b0342e5291bcbe2a511c71ed843906814ea9084b3af0,False
unsb-sixdomain-expanded-phase-field-v1,RainDS-syn,RainDS-syn__103,2,0.74,3,0.983829008899099,1.0321858706704217,2.1728424015599049e-07,0.421458049774759,0.421458049774759,0.3681652706933179,True,909dd594a0ef9681a851b0342e5291bcbe2a511c71ed843906814ea9084b3af0,False
unsb-sixdomain-expanded-phase-field-v1,RainDS-syn,RainDS-syn__103,3,0.8600000000000001,4,1.0553958253553506,1.0850557249365176,1.6053103690794046e-07,0.3049395628131726,0.3049395628131726,0.5392015986589785,True,909dd594a0ef9681a851b0342e5291bcbe2a511c71ed843906814ea9084b3af0,False
unsb-sixdomain-expanded-phase-field-v1,RainDS-syn,RainDS-syn__061,1,0.5,4,0.6774189824359991,0.7833505322065997,4.1049424304162585e-08,0.8323392722456028,0.8323392722456028,-0.0894430242715765,False,3855beca5a58faba37b084892d6bebb06a2ddef1f5085b8eba23cc5df0572ed4,False
unsb-sixdomain-expanded-phase-field-v1,RainDS-syn,RainDS-syn__061,2,0.74,4,0.9702526743440298,1.0195010054397091,7.28937283867026e-08,0.4453627384254149,0.4453627384254149,0.3381709697988977,True,3855beca5a58faba37b084892d6bebb06a2ddef1f5085b8eba23cc5df0572ed4,False
unsb-sixdomain-expanded-phase-field-v1,RainDS-syn,RainDS-syn__061,3,0.8600000000000001,4,1.0390337435572554,1.0684301313119182,3.52609355158684e-07,0.3130479054926672,0.3130479054926672,0.5210188494900035,True,3855beca5a58faba37b084892d6bebb06a2ddef1f5085b8eba23cc5df0572ed4,False
unsb-sixdomain-expanded-phase-field-v1,RainDS-syn,RainDS-syn__082,1,0.5,5,0.8827972867786001,0.9385491032689652,8.79423636135357e-08,0.5806235533715244,0.5806235533715244,0.1819663404241979,True,efc6e52db9729176199b9f55af2888ebd3d19a8b0e45a4df63545aec63a57905,False
unsb-sixdomain-expanded-phase-field-v1,RainDS-syn,RainDS-syn__082,2,0.74,4,1.0908212885079245,1.1222655406787525,3.089417440760301e-07,0.3603235277914002,0.3603235277914002,0.4810609841893029,True,efc6e52db9729176199b9f55af2888ebd3d19a8b0e45a4df63545aec63a57905,False
unsb-sixdomain-expanded-phase-field-v1,RainDS-syn,RainDS-syn__082,3,0.8600000000000001,4,1.13494854980219,1.161002433714652,1.2704136842511818e-07,0.2822266835626502,0.2822266835626502,0.6043781018552989,True,efc6e52db9729176199b9f55af2888ebd3d19a8b0e45a4df63545aec63a57905,False
unsb-sixdomain-expanded-phase-field-v1,RainDS-syn,RainDS-syn__165,1,0.5,3,0.5433815950528829,0.6656736415554102,2.0064057970614613e-08,0.7567412493896641,0.7567412493896641,-0.1438424833869429,False,0626a5f418734abf093ce02490ae79477475d3f21b35ea243a9b85a27641c53b,False
unsb-sixdomain-expanded-phase-field-v1,RainDS-syn,RainDS-syn__165,2,0.74,4,0.8626581889156577,0.9250908216558884,3.6257533864159086e-08,0.455203128697966,0.455203128697966,0.277633510893629,True,0626a5f418734abf093ce02490ae79477475d3f21b35ea243a9b85a27641c53b,False
unsb-sixdomain-expanded-phase-field-v1,RainDS-syn,RainDS-syn__165,3,0.8600000000000001,4,0.9666802571288108,0.997753971347209,7.770689510744333e-07,0.3132274099442348,0.3132274099442348,0.4894230895785609,True,0626a5f418734abf093ce02490ae79477475d3f21b35ea243a9b85a27641c53b,False
unsb-sixdomain-expanded-phase-field-v1,RainDS-syn,RainDS-syn__063,1,0.5,3,0.7493158826446522,0.8900656588775977,7.144033453698739e-08,0.4241958896420114,0.4241958896420114,0.247098482095246,True,2f1956c134066e5f22495d786f4a17fa0d59e2259293a393dfde5e8411d119b7,False
unsb-sixdomain-expanded-phase-field-v1,RainDS-syn,RainDS-syn__063,2,0.74,4,0.9666432508093938,1.045898166610887,1.6096005506227584e-07,0.3430783500043384,0.3430783500043384,0.4498729102837304,True,2f1956c134066e5f22495d786f4a17fa0d59e2259293a393dfde5e8411d119b7,False
unsb-sixdomain-expanded-phase-field-v1,RainDS-syn,RainDS-syn__063,3,0.8600000000000001,4,1.0087390519264168,1.0636572849376682,3.273257467295565e-07,0.2876416843321294,0.2876416843321294,0.5449270110882826,True,2f1956c134066e5f22495d786f4a17fa0d59e2259293a393dfde5e8411d119b7,False
unsb-sixdomain-expanded-phase-field-v1,RainDS-syn,RainDS-syn__087,1,0.5,3,0.6469213476216411,0.7811832981528722,4.345203119537899e-08,0.483807184561402,0.483807184561402,0.1261791692001062,True,040ab07e4235bec16df43cb53d8e75d2b6f679648748909ce59c60b64b31bca5,False
unsb-sixdomain-expanded-phase-field-v1,RainDS-syn,RainDS-syn__087,2,0.74,3,0.9451081608594762,1.0068060264756749,7.741774710190441e-08,0.3722080778277936,0.3722080778277936,0.4046957190935163,True,040ab07e4235bec16df43cb53d8e75d2b6f679648748909ce59c60b64b31bca5,False
unsb-sixdomain-expanded-phase-field-v1,RainDS-syn,RainDS-syn__087,3,0.8600000000000001,3,1.032459715531314,1.056259108225513,1.1179588721432765e-07,0.2951754761615586,0.2951754761615586,0.5437928428812189,True,040ab07e4235bec16df43cb53d8e75d2b6f679648748909ce59c60b64b31bca5,False
unsb-sixdomain-expanded-phase-field-v1,RainDS-syn,RainDS-syn__108,1,0.5,5,0.8358451995220841,0.9094969482800944,1.3715568203398476e-07,0.6002763209782545,0.6002763209782545,0.1437746404003848,True,c531e786c3c46840866f2c4328686262b8eeefa37f74574529362e08be2ffbf6,False
unsb-sixdomain-expanded-phase-field-v1,RainDS-syn,RainDS-syn__108,2,0.74,4,1.0820893828020202,1.1256566324715789,1.811053473854685e-07,0.3726459114222153,0.3726459114222153,0.4629667752443617,True,c531e786c3c46840866f2c4328686262b8eeefa37f74574529362e08be2ffbf6,False
unsb-sixdomain-expanded-phase-field-v1,RainDS-syn,RainDS-syn__108,3,0.8600000000000001,3,1.145426378712881,1.1849096187766763,7.556767922523022e-08,0.2828578852060635,0.2828578852060635,0.6073988904832822,True,c531e786c3c46840866f2c4328686262b8eeefa37f74574529362e08be2ffbf6,False
unsb-sixdomain-expanded-phase-field-v1,RainDS-syn,RainDS-syn__099,1,0.5,3,0.7556882103441018,0.8682776355479056,4.161236244470956e-08,0.3772245535808981,0.3772245535808981,0.3017426934944086,True,a12d46a05904e2226aca8f716ae1fa19165e74c353e08a244f56bce6c11a6d34,False
unsb-sixdomain-expanded-phase-field-v1,RainDS-syn,RainDS-syn__099,2,0.74,3,1.004630501478302,1.0635546251458343,5.400332998561908e-07,0.3203190037575023,0.3203190037575023,0.4964236545135401,True,a12d46a05904e2226aca8f716ae1fa19165e74c353e08a244f56bce6c11a6d34,False
unsb-sixdomain-expanded-phase-field-v1,RainDS-syn,RainDS-syn__099,3,0.8600000000000001,3,1.071026528147911,1.1013102201962814,6.045564620027477e-07,0.2744245693433247,0.2744245693433247,0.5913772366230301,True,a12d46a05904e2226aca8f716ae1fa19165e74c353e08a244f56bce6c11a6d34,False
unsb-sixdomain-expanded-phase-field-v1,RainDS-syn,RainDS-syn__077,1,0.5,3,0.6448142152265591,0.7956423037971185,5.871871722185063e-08,0.6674979770401004,0.6674979770401004,-0.0150153507147745,False,1fec55d4b85af2094f5640fb31cab66d41d4788227a1f111808aa32b8a63b47e,False
unsb-sixdomain-expanded-phase-field-v1,RainDS-syn,RainDS-syn__077,2,0.74,3,0.9591775945050468,1.021073746656779,7.721863015675012e-08,0.4193679601984734,0.4193679601984734,0.3593037782884413,True,1fec55d4b85af2094f5640fb31cab66d41d4788227a1f111808aa32b8a63b47e,False
unsb-sixdomain-expanded-phase-field-v1,RainDS-syn,RainDS-syn__077,3,0.8600000000000001,3,1.0424485655561546,1.0710300891862934,2.2889489059707563e-07,0.3125105968989442,0.3125105968989442,0.5231898876809645,True,1fec55d4b85af2094f5640fb31cab66d41d4788227a1f111808aa32b8a63b47e,False
unsb-sixdomain-expanded-phase-field-v1,RainDS-syn,RainDS-syn__059,1,0.5,3,0.6110170653883169,0.7153980767252968,2.0363270625267663e-08,0.8273270460515995,0.8273270460515995,-0.1316238819987479,False,ffed710a4d2ca05eba1f1bd9b0f03358dcb9679ec35cfafa59aa6d14edfa3f73,False
unsb-sixdomain-expanded-phase-field-v1,RainDS-syn,RainDS-syn__059,2,0.74,3,0.9433272321614488,0.9897599698836408,3.8726862050531e-08,0.4771847023013005,0.4771847023013005,0.2959758594127594,True,ffed710a4d2ca05eba1f1bd9b0f03358dcb9679ec35cfafa59aa6d14edfa3f73,False
unsb-sixdomain-expanded-phase-field-v1,RainDS-syn,RainDS-syn__059,3,0.8600000000000001,4,1.0293006371716495,1.0524955939180949,2.799268241648889e-07,0.3410398759504442,0.3410398759504442,0.4797370799487344,True,ffed710a4d2ca05eba1f1bd9b0f03358dcb9679ec35cfafa59aa6d14edfa3f73,False
unsb-sixdomain-expanded-phase-field-v1,RainDS-syn,RainDS-syn__192,1,0.5,4,0.8729036826282977,0.9237708002642142,1.7534833141041872e-08,0.5405869589422099,0.5405869589422099,0.2081007610901746,True,b4acced88fe159c524db1b6cbbfa1b5bc425189aa6d537987ee4ccebecce75eb,False
unsb-sixdomain-expanded-phase-field-v1,RainDS-syn,RainDS-syn__192,2,0.74,4,1.077595337671568,1.1202250415171835,2.6694695720586026e-07,0.374912503111423,0.374912503111423,0.4585257795693966,True,b4acced88fe159c524db1b6cbbfa1b5bc425189aa6d537987ee4ccebecce75eb,False
unsb-sixdomain-expanded-phase-field-v1,RainDS-syn,RainDS-syn__192,3,0.8600000000000001,4,1.1355622292425642,1.172328028450229,9.12387897678002e-07,0.3027811980299665,0.3027811980299665,0.574082035666989,True,b4acced88fe159c524db1b6cbbfa1b5bc425189aa6d537987ee4ccebecce75eb,False
unsb-sixdomain-expanded-phase-field-v1,RainDS-syn,RainDS-syn__184,1,0.5,3,0.301075069448944,0.3918556298877575,1.1930411103477924e-08,0.5758309151910758,0.5758309151910758,-0.2816201823512024,False,d5cb892a123b44e028fcb82e95c9e10f9913928712e6712ddaf87c9bdb1ee99f,False
unsb-sixdomain-expanded-phase-field-v1,RainDS-syn,RainDS-syn__184,2,0.74,4,0.688386981180097,0.7555873461963403,8.205895229984607e-08,0.5223550704273157,0.5223550704273157,0.1198668336295175,True,d5cb892a123b44e028fcb82e95c9e10f9913928712e6712ddaf87c9bdb1ee99f,False
unsb-sixdomain-expanded-phase-field-v1,RainDS-syn,RainDS-syn__184,3,0.8600000000000001,4,0.8818922561935363,0.9157030755905816,1.4634316125583524e-07,0.3631500181308547,0.3631500181308547,0.3853294589430291,True,d5cb892a123b44e028fcb82e95c9e10f9913928712e6712ddaf87c9bdb1ee99f,False
unsb-sixdomain-expanded-phase-field-v1,RainDS-syn,RainDS-syn__116,1,0.5,3,0.4637089302850976,0.54930199003946,2.7824562320866164e-08,0.918047569328534,0.918047569328534,-0.2966197252939003,False,1afb7b36fa92884f518b9a6fde70d7d8874831b3b981688648e94c7f2e021128,False
unsb-sixdomain-expanded-phase-field-v1,RainDS-syn,RainDS-syn__116,2,0.74,3,0.8822631052082668,0.9239219157786818,4.3337252453312665e-08,0.5318852774959283,0.5318852774959283,0.2197801488439751,True,1afb7b36fa92884f518b9a6fde70d7d8874831b3b981688648e94c7f2e021128,False
unsb-sixdomain-expanded-phase-field-v1,RainDS-syn,RainDS-syn__116,3,0.8600000000000001,4,1.009462041149242,1.0272272791785004,9.527578237467085e-08,0.3532522431662611,0.3532522431662611,0.4560050644719826,True,1afb7b36fa92884f518b9a6fde70d7d8874831b3b981688648e94c7f2e021128,False
unsb-sixdomain-expanded-phase-field-v1,RainDS-syn,RainDS-syn__003,1,0.5,3,0.6869691161658212,0.8083535051483821,2.4185628832995576e-08,0.5738246108187085,0.5738246108187085,0.0781580422636313,True,d737cf29907f59c27ada54110569bfc9b9848e9ce21ee3d6a0915e0167a63329,False
unsb-sixdomain-expanded-phase-field-v1,RainDS-syn,RainDS-syn__003,2,0.74,3,0.9739249573783394,1.0235393778966762,1.8003901214314058e-07,0.3838756315821382,0.3838756315821382,0.4043349510306381,True,d737cf29907f59c27ada54110569bfc9b9848e9ce21ee3d6a0915e0167a63329,False
unsb-sixdomain-expanded-phase-field-v1,RainDS-syn,RainDS-syn__003,3,0.8600000000000001,4,1.0484569954502163,1.072970847437153,7.444258576239093e-08,0.2964846749686847,0.2964846749686847,0.5485483717315819,True,d737cf29907f59c27ada54110569bfc9b9848e9ce21ee3d6a0915e0167a63329,False
unsb-sixdomain-expanded-phase-field-v1,RainDS-syn,RainDS-syn__191,1,0.5,3,0.7522810402812803,0.8731811673358972,4.189590674386068e-09,0.7282295063471522,0.7282295063471522,0.0141118447801549,True,d62a5258b896736280395b6f7143cfbeec1ba1a1663857a09571f8c91a0cfb6d,False
unsb-sixdomain-expanded-phase-field-v1,RainDS-syn,RainDS-syn__191,2,0.74,3,0.9968940969116078,1.057954962120596,4.6427096389578544e-08,0.4129556069769384,0.4129556069769384,0.3827456571410245,True,d62a5258b896736280395b6f7143cfbeec1ba1a1663857a09571f8c91a0cfb6d,False
unsb-sixdomain-expanded-phase-field-v1,RainDS-syn,RainDS-syn__191,3,0.8600000000000001,4,1.049660207048076,1.0866809676631286,6.201382974913017e-07,0.3006003884043294,0.3006003884043294,0.5430591958707465,True,d62a5258b896736280395b6f7143cfbeec1ba1a1663857a09571f8c91a0cfb6d,False
unsb-sixdomain-expanded-phase-field-v1,RainDS-syn,RainDS-syn__010,1,0.5,5,0.9649018112814588,0.9950003620294916,5.524976430804074e-07,0.4658763258660916,0.4658763258660916,0.3162124798966105,True,a45ff0ac98e5332f78b6fce4ce85c5a4c32809a590bbcb4667514607e73d62f0,False
unsb-sixdomain-expanded-phase-field-v1,RainDS-syn,RainDS-syn__010,2,0.74,4,1.1208074125091412,1.1398682609278226,3.447874709072707e-07,0.3435431959204371,0.3435431959204371,0.5135496430132501,True,a45ff0ac98e5332f78b6fce4ce85c5a4c32809a590bbcb4667514607e73d62f0,False
unsb-sixdomain-expanded-phase-field-v1,RainDS-syn,RainDS-syn__010,3,0.8600000000000001,3,1.1478058103750146,1.1682098441709488,1.0735523969795937e-07,0.2918351815833615,0.2918351815833615,0.5947307727014102,True,a45ff0ac98e5332f78b6fce4ce85c5a4c32809a590bbcb4667514607e73d62f0,False
unsb-sixdomain-expanded-phase-field-v1,RainDS-syn,RainDS-syn__170,1,0.5,4,0.6668057762685108,0.7786423041999309,1.0889768420341284e-08,0.6669257945509988,0.6669257945509988,-7.816157177809036e-05,False,5729045cc2bff7d2f6506c013eae08039e50c6ef5fd97f20968ffe38bb451d4a,False
unsb-sixdomain-expanded-phase-field-v1,RainDS-syn,RainDS-syn__170,2,0.74,4,0.9574500486799422,1.015158497204271,4.3959516604630267e-07,0.4356219490182857,0.4356219490182857,0.3420063717976654,True,5729045cc2bff7d2f6506c013eae08039e50c6ef5fd97f20968ffe38bb451d4a,False
unsb-sixdomain-expanded-phase-field-v1,RainDS-syn,RainDS-syn__170,3,0.8600000000000001,4,1.0391654348112147,1.0719029038491317,1.8091688624988225e-06,0.3307239050575934,0.3307239050575934,0.4972191053139809,True,5729045cc2bff7d2f6506c013eae08039e50c6ef5fd97f20968ffe38bb451d4a,False
unsb-sixdomain-expanded-phase-field-v1,RainDS-syn,RainDS-syn__104,1,0.5,5,0.8434553179990346,0.8808508979497454,1.1517558906604108e-08,0.333056837146371,0.333056837146371,0.4035437273220267,True,50ee79f928c3c30533b429372acbd6deb1aced39fc1e2f35768d3c8f834394ef,False
unsb-sixdomain-expanded-phase-field-v1,RainDS-syn,RainDS-syn__104,2,0.74,5,1.0340060188560387,1.0663399960157836,4.690853806499362e-07,0.2852375656874895,0.2852375656874895,0.5593163453756204,True,50ee79f928c3c30533b429372acbd6deb1aced39fc1e2f35768d3c8f834394ef,False
unsb-sixdomain-expanded-phase-field-v1,RainDS-syn,RainDS-syn__104,3,0.8600000000000001,5,1.1072158961781464,1.1318793959344924,1.406246882273976e-07,0.2568972997185126,0.2568972997185126,0.6344727729111544,True,50ee79f928c3c30533b429372acbd6deb1aced39fc1e2f35768d3c8f834394ef,False
unsb-sixdomain-expanded-phase-field-v1,RainDS-syn,RainDS-syn__153,1,0.5,3,0.6941625371660576,0.8221174096161432,4.803757613913717e-09,0.4420257409247127,0.4420257409247127,0.1960136110057421,True,ac513b062b48b80b58c52894beef99a856f950dba5a0426c5400f34722a0e4c4,False
unsb-sixdomain-expanded-phase-field-v1,RainDS-syn,RainDS-syn__153,2,0.74,3,0.971025435181009,1.0280105714760055,1.2577162022964217e-07,0.3516155052025218,0.3516155052025218,0.441162588104273,True,ac513b062b48b80b58c52894beef99a856f950dba5a0426c5400f34722a0e4c4,False
unsb-sixdomain-expanded-phase-field-v1,RainDS-syn,RainDS-syn__153,3,0.8600000000000001,4,1.041400209216793,1.0674559557468668,5.67809530505059e-08,0.2875833836509093,0.2875833836509093,0.5588538713571063,True,ac513b062b48b80b58c52894beef99a856f950dba5a0426c5400f34722a0e4c4,False
unsb-sixdomain-expanded-phase-field-v1,RainDS-syn,RainDS-syn__151,1,0.5,3,0.7908008618320691,0.8896554449434978,3.5066209602696574e-08,0.7796292607393029,0.7796292607393029,0.0061790034240618,True,c4efa28bb4eaa854548b7a207410b01f7332fa861e358867c242f732cc7956cc,False
unsb-sixdomain-expanded-phase-field-v1,RainDS-syn,RainDS-syn__151,2,0.74,4,1.0181654413967651,1.070716420248428,1.3439322432695633e-07,0.4175231194009458,0.4175231194009458,0.3871378235512251,True,c4efa28bb4eaa854548b7a207410b01f7332fa861e358867c242f732cc7956cc,False
unsb-sixdomain-expanded-phase-field-v1,RainDS-syn,RainDS-syn__151,3,0.8600000000000001,4,1.0632515950272712,1.1009228039208487,2.42144960527213e-07,0.3029191920791595,0.3029191920791595,0.5453092530484186,True,c4efa28bb4eaa854548b7a207410b01f7332fa861e358867c242f732cc7956cc,False
unsb-sixdomain-expanded-phase-field-v1,RainDS-syn,RainDS-syn__001,1,0.5,3,0.2884584147064193,0.3905928258542021,2.4421357602832927e-08,0.5858712373238653,0.5858712373238653,-0.307718964928084,False,29bd36ba890bdd9538b9a0aea5c3d6e025116c289fccccd79b2c66d55dab955d,False
unsb-sixdomain-expanded-phase-field-v1,RainDS-syn,RainDS-syn__001,2,0.74,4,0.6904376335039882,0.759093522545163,4.1709636189324335e-08,0.5287585527403655,0.5287585527403655,0.1158670501168761,True,29bd36ba890bdd9538b9a0aea5c3d6e025116c289fccccd79b2c66d55dab955d,False
unsb-sixdomain-expanded-phase-field-v1,RainDS-syn,RainDS-syn__001,3,0.8600000000000001,4,0.8787729758250518,0.913181913560698,2.669727336979122e-07,0.3629227945759974,0.3629227945759974,0.3840624465859087,True,29bd36ba890bdd9538b9a0aea5c3d6e025116c289fccccd79b2c66d55dab955d,False
unsb-sixdomain-expanded-phase-field-v1,RainDS-syn,RainDS-syn__020,1,0.5,3,0.7539548177221125,0.869924523724589,1.5009552789546635e-07,0.7896082510150217,0.7896082510150217,-0.0200663571791351,False,900070af4dfa72ab8ceb652d74248ab62cabc306ac1b2c0e33025bb7f0ed4bbc,False
unsb-sixdomain-expanded-phase-field-v1,RainDS-syn,RainDS-syn__020,2,0.74,4,0.9901588583842196,1.040475442742651,1.2684929262540834e-07,0.416348715784559,0.416348715784559,0.3762476477802909,True,900070af4dfa72ab8ceb652d74248ab62cabc306ac1b2c0e33025bb7f0ed4bbc,False
unsb-sixdomain-expanded-phase-field-v1,RainDS-syn,RainDS-syn__020,3,0.8600000000000001,4,1.039158110830649,1.0637133806798722,1.279951419297376e-07,0.2967069009311752,0.2967069009311752,0.5443539842771354,True,900070af4dfa72ab8ceb652d74248ab62cabc306ac1b2c0e33025bb7f0ed4bbc,False
unsb-sixdomain-expanded-phase-field-v1,RainDS-syn,RainDS-syn__027,1,0.5,4,1.0268060290072152,1.1180016717448853,3.0728564137660896e-08,0.4667142595978772,0.4667142595978772,0.342437339856416,True,e6d31b8caf848bd668e71e375b3143973771ecbb8a885753ac14b589708e4a36,False
unsb-sixdomain-expanded-phase-field-v1,RainDS-syn,RainDS-syn__027,2,0.74,4,1.1581505790555622,1.2361313234347522,5.355398708939418e-07,0.3415344198639097,0.3415344198639097,0.5303305501961749,True,e6d31b8caf848bd668e71e375b3143973771ecbb8a885753ac14b589708e4a36,False
unsb-sixdomain-expanded-phase-field-v1,RainDS-syn,RainDS-syn__027,3,0.8600000000000001,4,1.1695998142525004,1.2401650709300358,5.194380131579024e-07,0.2880998455577619,0.2880998455577619,0.6084942651737054,True,e6d31b8caf848bd668e71e375b3143973771ecbb8a885753ac14b589708e4a36,False
unsb-sixdomain-expanded-phase-field-v1,RainDS-syn,RainDS-syn__137,1,0.5,3,0.5787174762392477,0.7311131279203889,1.3447759350526668e-08,0.7616992605659834,0.7616992605659834,-0.119316936510725,False,ff5ce5adf7f5a67819b3f49b93193ef5d7c5caa3d45b8f32650942b8f9d654c5,False
unsb-sixdomain-expanded-phase-field-v1,RainDS-syn,RainDS-syn__137,2,0.74,3,0.9322583906611972,0.9982038701252854,9.47881200197287e-08,0.4488176264459833,0.4488176264459833,0.3174663961965988,True,ff5ce5adf7f5a67819b3f49b93193ef5d7c5caa3d45b8f32650942b8f9d654c5,False
unsb-sixdomain-expanded-phase-field-v1,RainDS-syn,RainDS-syn__137,3,0.8600000000000001,3,1.0208983586268905,1.0536154748887647,4.575374676907274e-07,0.3229528787837454,0.3229528787837454,0.499843345395109,True,ff5ce5adf7f5a67819b3f49b93193ef5d7c5caa3d45b8f32650942b8f9d654c5,False
unsb-sixdomain-expanded-phase-field-v1,RainDS-syn,RainDS-syn__156,1,0.5,4,0.6365813247993268,0.7300926291866314,4.4035029400646415e-08,0.5546978793525187,0.5546978793525187,0.0597973881563543,True,653ddf25911507badc3a47085b5c97dc92c0e682850b9094b48e8593284fad73,False
unsb-sixdomain-expanded-phase-field-v1,RainDS-syn,RainDS-syn__156,2,0.74,4,0.9419745070933953,0.9995696741775516,7.052585293543245e-08,0.386473153687382,0.386473153687382,0.3869198184376929,True,653ddf25911507badc3a47085b5c97dc92c0e682850b9094b48e8593284fad73,False
unsb-sixdomain-expanded-phase-field-v1,RainDS-syn,RainDS-syn__156,3,0.8600000000000001,4,1.0418777392897556,1.077489916479062,1.0441111575332229e-07,0.300622966855268,0.300622966855268,0.5397946024646744,True,653ddf25911507badc3a47085b5c97dc92c0e682850b9094b48e8593284fad73,False
unsb-sixdomain-expanded-phase-field-v1,RainDS-syn,RainDS-syn__050,1,0.5,4,0.7935316034182072,0.8641271131085215,4.2182472848040227e-08,0.6068785938754864,0.6068785938754864,0.1164624086632587,True,1bacf99aa7ee44c2aa0e250a1fc7153b98e77afbe88cb2121df4fd5d0641ddb5,False
unsb-sixdomain-expanded-phase-field-v1,RainDS-syn,RainDS-syn__050,2,0.74,4,1.022911762961681,1.0628244172241117,2.415555734325281e-07,0.3972359163738862,0.3972359163738862,0.4107896641512174,True,1bacf99aa7ee44c2aa0e250a1fc7153b98e77afbe88cb2121df4fd5d0641ddb5,False
unsb-sixdomain-expanded-phase-field-v1,RainDS-syn,RainDS-syn__050,3,0.8600000000000001,4,1.087865918714125,1.1087185743009849,3.445311100858106e-07,0.307365279113183,0.307365279113183,0.548920564390314,True,1bacf99aa7ee44c2aa0e250a1fc7153b98e77afbe88cb2121df4fd5d0641ddb5,False
unsb-sixdomain-expanded-phase-field-v1,RainDS-syn,RainDS-syn__146,1,0.5,3,0.7722243968515685,0.8873291698211774,9.879684181868242e-09,0.6116098179691867,0.6116098179691867,0.101269069769929,True,57ce458e8935a1013bd64a0ae32a9f28d87acfda56fb9dc6a123306ac469ea58,False
unsb-sixdomain-expanded-phase-field-v1,RainDS-syn,RainDS-syn__146,2,0.74,3,1.0122600744759047,1.059445602830432,1.4783033797094449e-08,0.3724474629185206,0.3724474629185206,0.4342270875167894,True,57ce458e8935a1013bd64a0ae32a9f28d87acfda56fb9dc6a123306ac469ea58,False
unsb-sixdomain-expanded-phase-field-v1,RainDS-syn,RainDS-syn__146,3,0.8600000000000001,4,1.059277078201704,1.0848400437559411,2.413463991990384e-07,0.2821767244207601,0.2821767244207601,0.5744883868852626,True,57ce458e8935a1013bd64a0ae32a9f28d87acfda56fb9dc6a123306ac469ea58,False
unsb-sixdomain-expanded-phase-field-v1,RainDS-syn,RainDS-syn__091,1,0.5,3,0.2933509754436233,0.4342824745309762,1.42093072197369e-07,0.909753790540042,0.909753790540042,-0.4915363371129445,False,c34704c860429456d705e37b41310512f7b665936632e43fe9bca65937436a22,False
unsb-sixdomain-expanded-phase-field-v1,RainDS-syn,RainDS-syn__091,2,0.74,3,0.7738774541236786,0.8720829255398228,1.0947396011928845e-07,0.6069930726377648,0.6069930726377648,0.1054884595803369,True,c34704c860429456d705e37b41310512f7b665936632e43fe9bca65937436a22,False
unsb-sixdomain-expanded-phase-field-v1,RainDS-syn,RainDS-syn__091,3,0.8600000000000001,3,0.9364809271710246,0.9784549339592588,2.064881052810108e-07,0.3821696061938024,0.3821696061938024,0.389242791932392,True,c34704c860429456d705e37b41310512f7b665936632e43fe9bca65937436a22,False
unsb-sixdomain-expanded-phase-field-v1,RainDS-syn,RainDS-syn__093,1,0.5,3,0.5683506945813719,0.7045916775367509,1.3423670508494467e-08,0.8605945897556663,0.8605945897556663,-0.1801822164215593,False,42a38e79c0a133921cd1c91b7ffcbb850816a784ba1ff342a0b4266095cdfd6f,False
unsb-sixdomain-expanded-phase-field-v1,RainDS-syn,RainDS-syn__093,2,0.74,4,0.9185058369077383,0.9768331224497832,5.076414281157682e-07,0.4654683123278538,0.4654683123278538,0.2951917996270513,True,42a38e79c0a133921cd1c91b7ffcbb850816a784ba1ff342a0b4266095cdfd6f,False
unsb-sixdomain-expanded-phase-field-v1,RainDS-syn,RainDS-syn__093,3,0.8600000000000001,3,1.011881548989123,1.0384757783252074,3.91760206497338e-07,0.3131452231741211,0.3131452231741211,0.5093838856896963,True,42a38e79c0a133921cd1c91b7ffcbb850816a784ba1ff342a0b4266095cdfd6f,False
unsb-sixdomain-expanded-phase-field-v1,RainDS-syn,RainDS-syn__065,1,0.5,4,0.7077280602635521,0.8447924423087128,2.469984772268674e-08,0.5261613315195995,0.5261613315195995,0.128747487123253,True,767d2f706511c7a7effe9da95aef8019013024854b13b982d13e0a93fd502868,False
unsb-sixdomain-expanded-phase-field-v1,RainDS-syn,RainDS-syn__065,2,0.74,3,0.9723978889426264,1.0581883723084953,7.895211973085736e-08,0.3853925904490818,0.3853925904490818,0.4019406466646509,True,767d2f706511c7a7effe9da95aef8019013024854b13b982d13e0a93fd502868,False
unsb-sixdomain-expanded-phase-field-v1,RainDS-syn,RainDS-syn__065,3,0.8600000000000001,3,1.0511324321577276,1.114108897368689,1.188484004543966e-07,0.3079494783319769,0.3079494783319769,0.5331779634992242,True,767d2f706511c7a7effe9da95aef8019013024854b13b982d13e0a93fd502868,False
unsb-sixdomain-expanded-phase-field-v1,RainDS-syn,RainDS-syn__032,1,0.5,4,0.9445783336071728,0.9924742994413904,2.0245031207011266e-08,0.4182118732499187,0.4182118732499187,0.3538416211660196,True,e42fa4c51620d3f4aadfdcf1c804ff2c934009620ea24cbdb39d5fe65c35e2cc,False
unsb-sixdomain-expanded-phase-field-v1,RainDS-syn,RainDS-syn__032,2,0.74,4,1.123575207844141,1.1598135796928544,8.777791393743685e-08,0.3124099427588473,0.3124099427588473,0.5558773004638664,True,e42fa4c51620d3f4aadfdcf1c804ff2c934009620ea24cbdb39d5fe65c35e2cc,False
unsb-sixdomain-expanded-phase-field-v1,RainDS-syn,RainDS-syn__032,3,0.8600000000000001,4,1.162678734211867,1.1961606298596017,3.962840120497191e-07,0.2644943726426474,0.2644943726426474,0.643043292682731,True,e42fa4c51620d3f4aadfdcf1c804ff2c934009620ea24cbdb39d5fe65c35e2cc,False
unsb-sixdomain-expanded-phase-field-v1,RainDS-syn,RainDS-syn__025,1,0.5,3,0.810470563962822,0.8956702211699629,9.883945883970569e-09,0.6873906834240564,0.6873906834240564,0.0715336044170315,True,e9da1676624ffc312a20cbda01c17acf54f065932d282c23f8ccc6066d566ac4,False
unsb-sixdomain-expanded-phase-field-v1,RainDS-syn,RainDS-syn__025,2,0.74,3,1.0379318748281636,1.0783070092350924,2.6624915550055306e-07,0.3931492696164702,0.3931492696164702,0.4216113761332313,True,e9da1676624ffc312a20cbda01c17acf54f065932d282c23f8ccc6066d566ac4,False
unsb-sixdomain-expanded-phase-field-v1,RainDS-syn,RainDS-syn__025,3,0.8600000000000001,4,1.08726172083905,1.1155192609830142,3.599957364430751e-07,0.2949850787507412,0.2949850787507412,0.5665340495310759,True,e9da1676624ffc312a20cbda01c17acf54f065932d282c23f8ccc6066d566ac4,False
unsb-sixdomain-expanded-phase-field-v1,RainDS-syn,RainDS-syn__062,1,0.5,3,0.8478426334481162,0.909537262848816,1.0178797071880297e-07,0.6474102724587476,0.6474102724587476,0.11713566504416,True,108a17b9eb984051f429b59dd70ff5d83979ef46810de0dbea3ccafa363eb785,False
unsb-sixdomain-expanded-phase-field-v1,RainDS-syn,RainDS-syn__062,2,0.74,3,1.0624111338728204,1.096417652283788,1.2702976670553312e-07,0.3881052079980788,0.3881052079980788,0.4373431427804226,True,108a17b9eb984051f429b59dd70ff5d83979ef46810de0dbea3ccafa363eb785,False
unsb-sixdomain-expanded-phase-field-v1,RainDS-syn,RainDS-syn__062,3,0.8600000000000001,3,1.1180122068704412,1.1374618769042126,1.706758998576419e-07,0.2993413795991535,0.2993413795991535,0.5722797894668615,True,108a17b9eb984051f429b59dd70ff5d83979ef46810de0dbea3ccafa363eb785,False
unsb-sixdomain-expanded-phase-field-v1,RainDS-syn,RainDS-syn__188,1,0.5,5,0.6795066448456781,0.7466168435553099,1.3622253103307004e-08,0.7564319643536986,0.7564319643536986,-0.0465761644092977,False,cd7fa1a2eda9385f3f6bb603f160bb84b412378cfc3d8787325a2522cc18b22b,False
unsb-sixdomain-expanded-phase-field-v1,RainDS-syn,RainDS-syn__188,2,0.74,4,0.9817905709656224,1.019691349043805,4.305809486737644e-07,0.4411051458602284,0.4411051458602284,0.3474767326394229,True,cd7fa1a2eda9385f3f6bb603f160bb84b412378cfc3d8787325a2522cc18b22b,False
unsb-sixdomain-expanded-phase-field-v1,RainDS-syn,RainDS-syn__188,3,0.8600000000000001,4,1.0752399209455392,1.103776427808363,5.237579059347297e-07,0.3181063824084831,0.3181063824084831,0.5289329974937435,True,cd7fa1a2eda9385f3f6bb603f160bb84b412378cfc3d8787325a2522cc18b22b,False
unsb-sixdomain-expanded-phase-field-v1,RainDS-syn,RainDS-syn__101,1,0.5,3,0.6547444317322679,0.7869426072163314,1.3959451394818245e-07,0.5194896847188152,0.5194896847188152,0.1004948852777606,True,4fbf979321228aa1224908b84e714ef38df0828c0fbd761b2661a017597b8b06,False
unsb-sixdomain-expanded-phase-field-v1,RainDS-syn,RainDS-syn__101,2,0.74,3,0.9536024307932284,1.0080107367077682,3.2845677178094945e-08,0.3813045521462743,0.3813045521462743,0.3980953593780432,True,4fbf979321228aa1224908b84e714ef38df0828c0fbd761b2661a017597b8b06,False
unsb-sixdomain-expanded-phase-field-v1,RainDS-syn,RainDS-syn__101,3,0.8600000000000001,3,1.031613750419767,1.0503591687750546,3.969886619437091e-07,0.2980960695585454,0.2980960695585454,0.5391608723990681,True,4fbf979321228aa1224908b84e714ef38df0828c0fbd761b2661a017597b8b06,False
unsb-sixdomain-expanded-phase-field-v1,RainDS-syn,RainDS-syn__053,1,0.5,3,0.6373500187285063,0.6996247794729542,1.2061421639231185e-08,0.7092178911797341,0.7092178911797341,-0.0464016799477575,False,fc9fd868e2a8a7d75cf923b601f3b561b2dd2618b8d68883260ed7ac5528b172,False
unsb-sixdomain-expanded-phase-field-v1,RainDS-syn,RainDS-syn__053,2,0.74,4,0.9447691599407688,0.979422227424996,3.646480273289399e-08,0.4462644638206394,0.4462644638206394,0.3257334029687067,True,fc9fd868e2a8a7d75cf923b601f3b561b2dd2618b8d68883260ed7ac5528b172,False
unsb-sixdomain-expanded-phase-field-v1,RainDS-syn,RainDS-syn__053,3,0.8600000000000001,4,1.0474505543859711,1.0686108573818516,3.797068757194211e-07,0.3260037025863168,0.3260037025863168,0.5069109983610863,True,fc9fd868e2a8a7d75cf923b601f3b561b2dd2618b8d68883260ed7ac5528b172,False
unsb-sixdomain-expanded-phase-field-v1,RainDS-syn,RainDS-syn__136,1,0.5,3,0.8076964785673854,0.8689991698038779,4.899783379030964e-08,0.6139390592887918,0.6139390592887918,0.1191229250101586,True,7a705527c0af2295207cf3a2efafb83f389f62b806f42317d9091b4be4c8a2c5,False
unsb-sixdomain-expanded-phase-field-v1,RainDS-syn,RainDS-syn__136,2,0.74,4,1.0415389101090602,1.0749235246431978,5.4082690659207344e-08,0.3950128664437945,0.3950128664437945,0.4210642572940085,True,7a705527c0af2295207cf3a2efafb83f389f62b806f42317d9091b4be4c8a2c5,False
unsb-sixdomain-expanded-phase-field-v1,RainDS-syn,RainDS-syn__136,3,0.8600000000000001,4,1.101965333255194,1.124894844403097,1.5600516822811272e-07,0.3049107058863149,0.3049107058863149,0.5579952588688515,True,7a705527c0af2295207cf3a2efafb83f389f62b806f42317d9091b4be4c8a2c5,False
unsb-sixdomain-expanded-phase-field-v1,RainDS-syn,RainDS-syn__058,1,0.5,4,0.6124941232077978,0.6786506780324061,2.4766759199046362e-08,0.7966882134791639,0.7966882134791639,-0.1141864660243804,False,91e45e325e82c4865c4dd2f36c7920fe08de48dbe60ea76968349a9bd6261efe,False
unsb-sixdomain-expanded-phase-field-v1,RainDS-syn,RainDS-syn__058,2,0.74,4,0.9414224860918122,0.9794804070806744,1.305510687332756e-07,0.4606938233090664,0.4606938233090664,0.3103721777707803,True,91e45e325e82c4865c4dd2f36c7920fe08de48dbe60ea76968349a9bd6261efe,False
unsb-sixdomain-expanded-phase-field-v1,RainDS-syn,RainDS-syn__058,3,0.8600000000000001,4,1.0452214749582145,1.071389315743216,2.3067538257315334e-07,0.3234343377863731,0.3234343377863731,0.5094221986911868,True,91e45e325e82c4865c4dd2f36c7920fe08de48dbe60ea76968349a9bd6261efe,False
unsb-sixdomain-expanded-phase-field-v1,RainDS-syn,RainDS-syn__194,1,0.5,3,0.7493326407908533,0.8586064274670637,6.862084855896455e-08,0.7433318698601831,0.7433318698601831,0.003491897507652,True,4cc016994479fdbfd4062f20f37172d3b92bc2fef9dafcafdbcd16aa275df5b8,False
unsb-sixdomain-expanded-phase-field-v1,RainDS-syn,RainDS-syn__194,2,0.74,4,0.9992027182009928,1.045981694136647,3.6601790531776157e-07,0.4162400382536831,0.4162400382536831,0.3803097540077895,True,4cc016994479fdbfd4062f20f37172d3b92bc2fef9dafcafdbcd16aa275df5b8,False
unsb-sixdomain-expanded-phase-field-v1,RainDS-syn,RainDS-syn__194,3,0.8600000000000001,4,1.045658349362878,1.0749286764692267,3.0613474488738746e-07,0.303370905998494,0.303370905998494,0.5374158809959092,True,4cc016994479fdbfd4062f20f37172d3b92bc2fef9dafcafdbcd16aa275df5b8,False
unsb-sixdomain-expanded-phase-field-v1,RainDS-syn,RainDS-syn__200,1,0.5,3,0.6455105143141517,0.7638934660647102,3.3415468392306025e-08,0.5399664263263458,0.5399664263263458,0.0775365632204496,True,04cc337121c8051ca2984caafa2b116465f7509a1181123c5b17763b943be80b,False
unsb-sixdomain-expanded-phase-field-v1,RainDS-syn,RainDS-syn__200,2,0.74,4,0.9443124814687404,1.0049731020715715,3.325716240176746e-07,0.3860764070619473,0.3860764070619473,0.3884424671050673,True,04cc337121c8051ca2984caafa2b116465f7509a1181123c5b17763b943be80b,False
unsb-sixdomain-expanded-phase-field-v1,RainDS-syn,RainDS-syn__200,3,0.8600000000000001,4,1.0121720857672774,1.0595054654030105,1.0864994326453825e-07,0.3005105353728605,0.3005105353728605,0.5273946537180056,True,04cc337121c8051ca2984caafa2b116465f7509a1181123c5b17763b943be80b,False
unsb-sixdomain-expanded-phase-field-v1,RainDS-syn,RainDS-syn__015,1,0.5,3,0.6866053826267656,0.7938744251242211,3.2968210827988293e-08,0.7826952807052376,0.7826952807052376,-0.0568855114860317,False,2ed684b8298c8f14ed89bdcba14814dafc6d8a1124e9c9b0f0c97ee87eac660c,False
unsb-sixdomain-expanded-phase-field-v1,RainDS-syn,RainDS-syn__015,2,0.74,4,0.9760730687854328,1.0237221807327692,1.1285795786797337e-07,0.4211239551507619,0.4211239551507619,0.3650723836842537,True,2ed684b8298c8f14ed89bdcba14814dafc6d8a1124e9c9b0f0c97ee87eac660c,False
unsb-sixdomain-expanded-phase-field-v1,RainDS-syn,RainDS-syn__015,3,0.8600000000000001,4,1.047289662621632,1.073663988720875,1.7775618523785397e-06,0.2975203049697412,0.2975203049697412,0.546550206286744,True,2ed684b8298c8f14ed89bdcba14814dafc6d8a1124e9c9b0f0c97ee87eac660c,False
unsb-sixdomain-expanded-phase-field-v1,RainDS-syn,RainDS-syn__019,1,0.5,3,0.2701238072756994,0.3466776343005408,4.566437228348264e-08,0.5186131484949903,0.5186131484949903,-0.2832806610403018,False,e795f56989688f5ed71f16b3ce49f5916e6068be33818d065ecb8c2200fc553b,False
unsb-sixdomain-expanded-phase-field-v1,RainDS-syn,RainDS-syn__019,2,0.74,4,0.6557501967598689,0.7176001149390405,6.13063826371274e-08,0.5573153332157206,0.5573153332157206,0.0706374377657044,True,e795f56989688f5ed71f16b3ce49f5916e6068be33818d065ecb8c2200fc553b,False
unsb-sixdomain-expanded-phase-field-v1,RainDS-syn,RainDS-syn__019,3,0.8600000000000001,4,0.8729733085841137,0.9009969699399532,1.8241993171574933e-07,0.3915017897489774,0.3915017897489774,0.3482672134522156,True,e795f56989688f5ed71f16b3ce49f5916e6068be33818d065ecb8c2200fc553b,False
unsb-sixdomain-expanded-phase-field-v1,RainDS-syn,RainDS-syn__135,1,0.5,3,0.6636030395733132,0.7751127760018187,2.6212530923608316e-08,0.7636297935572236,0.7636297935572236,-0.060974497755674,False,cf6b2bef504819313146aadf3d2fa36b6e08e1b34c0299c36bc1e338d269e77b,False
unsb-sixdomain-expanded-phase-field-v1,RainDS-syn,RainDS-syn__135,2,0.74,3,0.963892117871173,1.0164219880365035,2.543120030118473e-07,0.4304748050948513,0.4304748050948513,0.3500806908169802,True,cf6b2bef504819313146aadf3d2fa36b6e08e1b34c0299c36bc1e338d269e77b,False
unsb-sixdomain-expanded-phase-field-v1,RainDS-syn,RainDS-syn__135,3,0.8600000000000001,3,1.0418820305521406,1.072155151483961,1.447931398113056e-07,0.3072344093332968,0.3072344093332968,0.5303486940077243,True,cf6b2bef504819313146aadf3d2fa36b6e08e1b34c0299c36bc1e338d269e77b,False
unsb-sixdomain-expanded-phase-field-v1,RainDS-syn,RainDS-syn__164,1,0.5,4,1.0004692661701835,1.0687071949904996,2.021276672703465e-07,0.3742716526194123,0.3742716526194123,0.4270168170612834,True,95777b6874bdd7df14457ac463c7f8751a0d2eaa3bf6cf43a3152b3069772f71,False
unsb-sixdomain-expanded-phase-field-v1,RainDS-syn,RainDS-syn__164,2,0.74,4,1.139652136309251,1.1974627281781205,4.879244832611818e-07,0.3120519325370634,0.3120519325370634,0.5625454324253975,True,95777b6874bdd7df14457ac463c7f8751a0d2eaa3bf6cf43a3152b3069772f71,False
unsb-sixdomain-expanded-phase-field-v1,RainDS-syn,RainDS-syn__164,3,0.8600000000000001,4,1.160716657693138,1.210975408934694,1.1746390389255623e-06,0.2767859325423557,0.2767859325423557,0.6225822035149005,True,95777b6874bdd7df14457ac463c7f8751a0d2eaa3bf6cf43a3152b3069772f71,False
unsb-sixdomain-expanded-phase-field-v1,RainDS-syn,RainDS-syn__081,1,0.5,4,0.9761814573165132,1.0088709354094596,1.0936828720442549e-07,0.3501114172414671,0.3501114172414671,0.4453242804492817,True,a8b594edbde5774addefbb5a3cbb644740bcca0c09da8748676e8c4f29e11ab3,False
unsb-sixdomain-expanded-phase-field-v1,RainDS-syn,RainDS-syn__081,2,0.74,4,1.1329640328523407,1.1603463272851502,1.682772023947621e-07,0.2879024868372827,0.2879024868372827,0.5949707067082171,True,a8b594edbde5774addefbb5a3cbb644740bcca0c09da8748676e8c4f29e11ab3,False
unsb-sixdomain-expanded-phase-field-v1,RainDS-syn,RainDS-syn__081,3,0.8600000000000001,4,1.168612501108635,1.1934693131106755,1.3736652237916758e-06,0.2547019057999022,0.2547019057999022,0.6616383332449387,True,a8b594edbde5774addefbb5a3cbb644740bcca0c09da8748676e8c4f29e11ab3,False
unsb-sixdomain-expanded-phase-field-v1,RainDS-syn,RainDS-syn__141,1,0.5,4,0.6822700836756102,0.759861241266954,1.752332501325782e-07,0.7715215859060057,0.7715215859060057,-0.0533917527547632,False,87720573799af0ecf5ad357f6793e34d8129e3be6b8d1bbee6ecae6bc3514304,False
unsb-sixdomain-expanded-phase-field-v1,RainDS-syn,RainDS-syn__141,2,0.74,4,0.9834940866324992,1.0299989050900278,1.2598494281146344e-07,0.4379478575729719,0.4379478575729719,0.3513493468899536,True,87720573799af0ecf5ad357f6793e34d8129e3be6b8d1bbee6ecae6bc3514304,False
unsb-sixdomain-expanded-phase-field-v1,RainDS-syn,RainDS-syn__141,3,0.8600000000000001,4,1.0730780852060806,1.1066872908050955,5.880352192955129e-07,0.315108267481613,0.315108267481613,0.5321715277486465,True,87720573799af0ecf5ad357f6793e34d8129e3be6b8d1bbee6ecae6bc3514304,False
unsb-sixdomain-expanded-phase-field-v1,RainDS-syn,RainDS-syn__067,1,0.5,5,0.9333644740608869,0.9784903756104312,7.436456650466995e-08,0.5051208485113914,0.5051208485113914,0.2666559725594546,True,07fcbf484e61226b5e8c85543400cb6ebc1caa027aa5e226c647c46bde1b7e49,False
unsb-sixdomain-expanded-phase-field-v1,RainDS-syn,RainDS-syn__067,2,0.74,4,1.1046377836972836,1.1402240582005891,3.938057369090586e-08,0.3619553721664077,0.3619553721664077,0.484564867170691,True,07fcbf484e61226b5e8c85543400cb6ebc1caa027aa5e226c647c46bde1b7e49,False
unsb-sixdomain-expanded-phase-field-v1,RainDS-syn,RainDS-syn__067,3,0.8600000000000001,4,1.148111176816788,1.179700373952389,2.450299000367196e-07,0.3016236879845232,0.3016236879845232,0.5805184989947998,True,07fcbf484e61226b5e8c85543400cb6ebc1caa027aa5e226c647c46bde1b7e49,False
unsb-sixdomain-expanded-phase-field-v1,RainDS-syn,RainDS-syn__171,1,0.5,3,0.3611651514408519,0.4732096763712889,1.0392574800732746e-08,0.615479932658229,0.615479932658229,-0.2315080586865379,False,93b581243a1058131d958debe18d0d5d8f01e5e94f8b3029922c1e09df974b3a,False
unsb-sixdomain-expanded-phase-field-v1,RainDS-syn,RainDS-syn__171,2,0.74,4,0.7450904030214057,0.8098721772416322,4.0773334597510313e-08,0.488080099238055,0.488080099238055,0.1837178693089967,True,93b581243a1058131d958debe18d0d5d8f01e5e94f8b3029922c1e09df974b3a,False
unsb-sixdomain-expanded-phase-field-v1,RainDS-syn,RainDS-syn__171,3,0.8600000000000001,4,0.908088748999512,0.9391106657904752,2.1394478699754418e-07,0.3474323129801,0.3474323129801,0.4172580873098684,True,93b581243a1058131d958debe18d0d5d8f01e5e94f8b3029922c1e09df974b3a,False
unsb-sixdomain-expanded-phase-field-v1,RainDS-syn,RainDS-syn__096,1,0.5,3,0.7056050982931839,0.8143973448892433,5.576052419797861e-08,0.7074103925342416,0.7074103925342416,-0.0011097256311546,False,6299213b6f663f969c096a760eca1971f0b8059bca92c75478c606cbd6fc1b37,False
unsb-sixdomain-expanded-phase-field-v1,RainDS-syn,RainDS-syn__096,2,0.74,3,0.9849536991942592,1.0329965923934874,1.9983396504219547e-07,0.4116578784700371,0.4116578784700371,0.3788793840914224,True,6299213b6f663f969c096a760eca1971f0b8059bca92c75478c606cbd6fc1b37,False
unsb-sixdomain-expanded-phase-field-v1,RainDS-syn,RainDS-syn__096,3,0.8600000000000001,4,1.058861182813049,1.0826244122119522,3.207126294535456e-07,0.3033205319155209,0.3033205319155209,0.5429372187203659,True,6299213b6f663f969c096a760eca1971f0b8059bca92c75478c606cbd6fc1b37,False
unsb-sixdomain-expanded-phase-field-v1,RainDS-syn,RainDS-syn__122,1,0.5,4,0.9944959141379812,1.1142119327466409,1.8195328133074892e-08,0.4557275471458381,0.4557275471458381,0.3388977222079513,True,1787f10bc2c7dbf316c00d3323fb4c69f390df9ee2b269496f9be20c66e6a6dd,False
unsb-sixdomain-expanded-phase-field-v1,RainDS-syn,RainDS-syn__122,2,0.74,4,1.1200692204198508,1.1955337127091583,9.328841854561176e-08,0.3396054998101019,0.3396054998101019,0.5182701480538358,True,1787f10bc2c7dbf316c00d3323fb4c69f390df9ee2b269496f9be20c66e6a6dd,False
unsb-sixdomain-expanded-phase-field-v1,RainDS-syn,RainDS-syn__122,3,0.8600000000000001,3,1.1288814618684149,1.1771404848492737,3.411216275006624e-07,0.2846791296190301,0.2846791296190301,0.5982927119109809,True,1787f10bc2c7dbf316c00d3323fb4c69f390df9ee2b269496f9be20c66e6a6dd,False
unsb-sixdomain-expanded-phase-field-v1,RainDS-syn,RainDS-syn__139,1,0.5,3,0.8203379677492826,0.909039365086487,7.055562656343994e-08,0.5049367758610483,0.5049367758610483,0.2107558098461299,True,e5bbede9d13613dd4a72ab19dfac1823a9124f30f7fa3d7e6f7dcd2cea466ef1,False
unsb-sixdomain-expanded-phase-field-v1,RainDS-syn,RainDS-syn__139,2,0.74,3,1.0408656829672174,1.0821670875795015,1.5295916122592956e-07,0.3569016982312514,0.3569016982312514,0.4648460757643624,True,e5bbede9d13613dd4a72ab19dfac1823a9124f30f7fa3d7e6f7dcd2cea466ef1,False
unsb-sixdomain-expanded-phase-field-v1,RainDS-syn,RainDS-syn__139,3,0.8600000000000001,4,1.0891223086318207,1.1137005238445168,1.863504196397692e-06,0.2892520607929209,0.2892520607929209,0.5758001920513005,True,e5bbede9d13613dd4a72ab19dfac1823a9124f30f7fa3d7e6f7dcd2cea466ef1,False
unsb-sixdomain-expanded-phase-field-v1,RainDS-syn,RainDS-syn__042,1,0.5,3,0.6680238811487358,0.7954244060080009,4.104865358733889e-08,0.7466861800324314,0.7466861800324314,-0.0483461249835104,False,bbcd1e6d7bf8d0b96b7327f3cc7d13eb12fe6e1714ef0ce2056131765777070b,False
unsb-sixdomain-expanded-phase-field-v1,RainDS-syn,RainDS-syn__042,2,0.74,3,0.9624828062467556,1.012411638649692,7.659225165213003e-08,0.4175726481281316,0.4175726481281316,0.362660936291208,True,bbcd1e6d7bf8d0b96b7327f3cc7d13eb12fe6e1714ef0ce2056131765777070b,False
unsb-sixdomain-expanded-phase-field-v1,RainDS-syn,RainDS-syn__042,3,0.8600000000000001,4,1.0322288539125526,1.0533623359535746,5.958377005121918e-07,0.3006958660909784,0.3006958660909784,0.535648537199977,True,bbcd1e6d7bf8d0b96b7327f3cc7d13eb12fe6e1714ef0ce2056131765777070b,False
unsb-sixdomain-expanded-phase-field-v1,RainDS-syn,RainDS-syn__193,1,0.5,3,0.7500769275026544,0.8630147204502131,2.208989724472588e-08,0.7857654613541817,0.7857654613541817,-0.0201871286078518,False,e53e6cadeb7b56197149114a713aa183ef009d43e9f8d248009af58a983f39a6,False
unsb-sixdomain-expanded-phase-field-v1,RainDS-syn,RainDS-syn__193,2,0.74,4,0.9819024692125852,1.0261652994159596,1.260119021351258e-07,0.4203352218704783,0.4203352218704783,0.3684725690457708,True,e53e6cadeb7b56197149114a713aa183ef009d43e9f8d248009af58a983f39a6,False
unsb-sixdomain-expanded-phase-field-v1,RainDS-syn,RainDS-syn__193,3,0.8600000000000001,4,1.0264312268116225,1.0449477612146023,3.689577288135126e-08,0.3038123719697854,0.3038123719697854,0.5287244005768733,True,e53e6cadeb7b56197149114a713aa183ef009d43e9f8d248009af58a983f39a6,False
unsb-sixdomain-expanded-phase-field-v1,RainDS-syn,RainDS-syn__039,1,0.5,3,0.3691427096442054,0.4859765016219255,2.199386595069797e-08,0.6168084826567556,0.6168084826567556,-0.2229560419395948,False,4adbdf767aee99f976599ed5847a89a26e04e345adafdfb43c258f66d279a9e2,False
unsb-sixdomain-expanded-phase-field-v1,RainDS-syn,RainDS-syn__039,2,0.74,4,0.7472275232098988,0.8122152706399369,2.3173308161261733e-08,0.4874966961541553,0.4874966961541553,0.1854811834623445,True,4adbdf767aee99f976599ed5847a89a26e04e345adafdfb43c258f66d279a9e2,False
unsb-sixdomain-expanded-phase-field-v1,RainDS-syn,RainDS-syn__039,3,0.8600000000000001,4,0.910142063104892,0.9409379067972524,4.122813476170606e-07,0.3461182343674447,0.3461182343674447,0.4198847065665428,True,4adbdf767aee99f976599ed5847a89a26e04e345adafdfb43c258f66d279a9e2,False
unsb-sixdomain-expanded-phase-field-v1,RainDS-syn,RainDS-syn__080,1,0.5,5,0.9970972490494756,1.0264968730687554,1.0196386934779866e-07,0.4259959289950792,0.4259959289950792,0.369332069243177,True,4cf0a6c5041a60ac54e8c8cbbdae1245be60e805416f7a00b78f4f5029d0785e,False
unsb-sixdomain-expanded-phase-field-v1,RainDS-syn,RainDS-syn__080,2,0.74,4,1.1461857671540083,1.1671343809864745,7.618709438883542e-07,0.3129318816489933,0.3129318816489933,0.563805199741856,True,4cf0a6c5041a60ac54e8c8cbbdae1245be60e805416f7a00b78f4f5029d0785e,False
unsb-sixdomain-expanded-phase-field-v1,RainDS-syn,RainDS-syn__080,3,0.8600000000000001,3,1.1722603610210631,1.192377248266415,3.144981005620551e-07,0.2636534346627701,0.2636534346627701,0.6479906465975106,True,4cf0a6c5041a60ac54e8c8cbbdae1245be60e805416f7a00b78f4f5029d0785e,False
unsb-sixdomain-expanded-phase-field-v1,RainDS-syn,RainDS-syn__131,1,0.5,4,0.695716492068401,0.7463044037199638,1.4645721402306577e-07,0.7315372838231278,0.7315372838231278,-0.0218041669540489,False,e3fc71c2495d18a2bbe07bf04561640c49116fc589e80dfccf47fc6f48c9ddf1,False
unsb-sixdomain-expanded-phase-field-v1,RainDS-syn,RainDS-syn__131,2,0.74,3,0.9825115325126972,1.008300796951514,5.000327285564765e-07,0.4323630272085171,0.4323630272085171,0.3564891078211329,True,e3fc71c2495d18a2bbe07bf04561640c49116fc589e80dfccf47fc6f48c9ddf1,False
unsb-sixdomain-expanded-phase-field-v1,RainDS-syn,RainDS-syn__131,3,0.8600000000000001,3,1.0670988824075829,1.0807193316670385,1.285475894619026e-07,0.3147256467965023,0.3147256467965023,0.5302725303185482,True,e3fc71c2495d18a2bbe07bf04561640c49116fc589e80dfccf47fc6f48c9ddf1,False
unsb-sixdomain-expanded-phase-field-v1,RainDS-syn,RainDS-syn__134,1,0.5,3,0.4449230748532601,0.5959975816970688,2.403168353204421e-08,0.7000492227062132,0.7000492227062132,-0.1968436477662453,False,84e87ebed14b2a772aff162cded71cc6d243ee063d23dd0eba7b606382bf1cc3,False
unsb-sixdomain-expanded-phase-field-v1,RainDS-syn,RainDS-syn__134,2,0.74,3,0.8539680031779044,0.9336039851359186,1.1194844717898889e-07,0.4676402711557461,0.4676402711557461,0.2615296950093468,True,84e87ebed14b2a772aff162cded71cc6d243ee063d23dd0eba7b606382bf1cc3,False
unsb-sixdomain-expanded-phase-field-v1,RainDS-syn,RainDS-syn__134,3,0.8600000000000001,3,0.9652692683244783,0.9999178533645148,1.8567138937442e-07,0.3306475967634293,0.3306475967634293,0.465283109115754,True,84e87ebed14b2a772aff162cded71cc6d243ee063d23dd0eba7b606382bf1cc3,False
unsb-sixdomain-expanded-phase-field-v1,RainDS-syn,RainDS-syn__199,1,0.5,3,0.6249377759974957,0.6908018314176958,4.91902272248268e-08,0.8051597683691278,0.8051597683691278,-0.1100452887253728,False,c55d9439075ba4305f61396af4556aed785792e9acb4778aef28f8cfa065f07a,False
unsb-sixdomain-expanded-phase-field-v1,RainDS-syn,RainDS-syn__199,2,0.74,3,0.9487388149010396,0.9853141042147237,1.383063994442324e-07,0.460451872991933,0.460451872991933,0.3139624249443956,True,c55d9439075ba4305f61396af4556aed785792e9acb4778aef28f8cfa065f07a,False
unsb-sixdomain-expanded-phase-field-v1,RainDS-syn,RainDS-syn__199,3,0.8600000000000001,3,1.045692778583395,1.068840856828581,8.175308303659534e-07,0.3239177491609901,0.3239177491609901,0.5089693629016093,True,c55d9439075ba4305f61396af4556aed785792e9acb4778aef28f8cfa065f07a,False
unsb-sixdomain-expanded-phase-field-v1,RainDS-syn,RainDS-syn__035,1,0.5,3,0.4802338920944274,0.5951018579150642,1.803097537944609e-08,0.9257868801297392,0.9257868801297392,-0.2850582150848687,False,897819cea7189a4de4b51381d3ab3cdba3bd9472b3abba2af74741b5bff1b46d,False
unsb-sixdomain-expanded-phase-field-v1,RainDS-syn,RainDS-syn__035,2,0.74,3,0.8756280782578345,0.9254886414835818,2.4386923813679573e-08,0.5063512250682667,0.5063512250682667,0.2378678143375638,True,897819cea7189a4de4b51381d3ab3cdba3bd9472b3abba2af74741b5bff1b46d,False
unsb-sixdomain-expanded-phase-field-v1,RainDS-syn,RainDS-syn__035,3,0.8600000000000001,3,0.9882411907253754,1.0084790415973577,2.217789963898653e-07,0.3329415260951551,0.3329415260951551,0.4724949858233142,True,897819cea7189a4de4b51381d3ab3cdba3bd9472b3abba2af74741b5bff1b46d,False
unsb-sixdomain-expanded-phase-field-v1,RainDS-syn,RainDS-syn__037,1,0.5,4,1.0234062071651613,1.1043572620947222,3.9807467544505926e-08,0.3501469477821053,0.3501469477821053,0.4657977017552439,True,2691955ede88283d4e27e291f929ddf7b3bd167280deb830f22f3532418cc8a9,False
unsb-sixdomain-expanded-phase-field-v1,RainDS-syn,RainDS-syn__037,2,0.74,4,1.1379754920093812,1.2138369841788874,2.8728288969936958e-08,0.3019048083046258,0.3019048083046258,0.5762628790879855,True,2691955ede88283d4e27e291f929ddf7b3bd167280deb830f22f3532418cc8a9,False
unsb-sixdomain-expanded-phase-field-v1,RainDS-syn,RainDS-syn__037,3,0.8600000000000001,4,1.1442971474140942,1.2172854418091386,2.4929791297978454e-07,0.2732291079446574,0.2732291079446574,0.6220118510866773,True,2691955ede88283d4e27e291f929ddf7b3bd167280deb830f22f3532418cc8a9,False
unsb-sixdomain-expanded-phase-field-v1,RainDS-syn,RainDS-syn__018,1,0.5,3,0.7819244729086803,0.9035368934353036,1.0844144004984457e-07,0.6144484329885362,0.6144484329885362,0.1046793650298903,True,a7075a5b03394bb2240c5b676ae016713a9cdb8d4e93f1f48f1976258bce8aa4,False
unsb-sixdomain-expanded-phase-field-v1,RainDS-syn,RainDS-syn__018,2,0.74,3,1.0142476941339065,1.0661406697976497,3.5618768490230934e-07,0.3727346967137095,0.3727346967137095,0.4347442072611588,True,a7075a5b03394bb2240c5b676ae016713a9cdb8d4e93f1f48f1976258bce8aa4,False
unsb-sixdomain-expanded-phase-field-v1,RainDS-syn,RainDS-syn__018,3,0.8600000000000001,4,1.0628582841511989,1.0905553177327842,3.5306456780404005e-07,0.2847710633165804,0.2847710633165804,0.5719795050013657,True,a7075a5b03394bb2240c5b676ae016713a9cdb8d4e93f1f48f1976258bce8aa4,False
unsb-sixdomain-expanded-phase-field-v1,RainDS-syn,RainDS-syn__106,1,0.5,3,0.4190219149696919,0.5210764280281625,2.1899971502925556e-08,0.9202061950826046,0.9202061950826046,-0.3416484154388901,False,59eebd24d49015365fba5a14af3b39ac859913926a1616102dae21c7bacd3a66,False
unsb-sixdomain-expanded-phase-field-v1,RainDS-syn,RainDS-syn__106,2,0.74,4,0.8265249197405111,0.8889792910912716,1.2151407546845405e-07,0.5333611467218993,0.5333611467218993,0.1902345762427248,True,59eebd24d49015365fba5a14af3b39ac859913926a1616102dae21c7bacd3a66,False
unsb-sixdomain-expanded-phase-field-v1,RainDS-syn,RainDS-syn__106,3,0.8600000000000001,4,0.9521001060343806,0.9804152645041442,7.088923108522494e-07,0.3409823566768785,0.3409823566768785,0.445950705486874,True,59eebd24d49015365fba5a14af3b39ac859913926a1616102dae21c7bacd3a66,False
unsb-sixdomain-expanded-phase-field-v1,RainDS-syn,RainDS-syn__075,1,0.5,5,0.9070893049843562,0.9737573517887186,1.1390443122039073e-07,0.5690035901721919,0.5690035901721919,0.2025350398159031,True,1490c885eb2f19245f9bdd22d345bfd36d6f5e3af4a74516ce9e78202a5b7b6b,False
unsb-sixdomain-expanded-phase-field-v1,RainDS-syn,RainDS-syn__075,2,0.74,4,1.1123922866899432,1.156549352226269,1.1118967226941834e-06,0.3571582634863222,0.3571582634863222,0.4933972660652705,True,1490c885eb2f19245f9bdd22d345bfd36d6f5e3af4a74516ce9e78202a5b7b6b,False
unsb-sixdomain-expanded-phase-field-v1,RainDS-syn,RainDS-syn__075,3,0.8600000000000001,3,1.161805086628228,1.2028826393746934,2.716389575496692e-07,0.2781483429359861,0.2781483429359861,0.6208567965936417,True,1490c885eb2f19245f9bdd22d345bfd36d6f5e3af4a74516ce9e78202a5b7b6b,False
unsb-sixdomain-expanded-phase-field-v1,RainDS-syn,RainDS-syn__105,1,0.5,3,0.8191979681092459,0.948597330467836,1.3437892132373008e-07,0.4900600840906584,0.4900600840906584,0.2231395362233072,True,a910677cc394bd43f232e3826c25df0ceb3362f93354dcbb6a120ea754d56fcd,False
unsb-sixdomain-expanded-phase-field-v1,RainDS-syn,RainDS-syn__105,2,0.74,4,1.0239782307518788,1.0959318620297434,1.4902294442897812e-07,0.3599543316216832,0.3599543316216832,0.454043319712515,True,a910677cc394bd43f232e3826c25df0ceb3362f93354dcbb6a120ea754d56fcd,False
unsb-sixdomain-expanded-phase-field-v1,RainDS-syn,RainDS-syn__105,3,0.8600000000000001,4,1.066197530652072,1.1129699800976989,4.398829783758274e-07,0.2946057436540306,0.2946057436540306,0.5585964627244726,True,a910677cc394bd43f232e3826c25df0ceb3362f93354dcbb6a120ea754d56fcd,False
unsb-sixdomain-expanded-phase-field-v1,RSCityscapes,RSCityscapes__0763,1,0.5,2,0.3087798313858658,0.402493308012859,1.005260274689057e-06,1.1689418024933689,1.1689418024933689,-0.5781439639836717,False,164cd84e0ac7d47a14f1f64ad12b9063072316e01768e19aad34bb65fb20bddd,False
unsb-sixdomain-expanded-phase-field-v1,RSCityscapes,RSCityscapes__0763,2,0.74,2,0.6188888257513513,0.7360828517911469,2.328602771228816e-05,1.339153475816664,1.339153475816664,-0.3352177114459724,False,164cd84e0ac7d47a14f1f64ad12b9063072316e01768e19aad34bb65fb20bddd,False
unsb-sixdomain-expanded-phase-field-v1,RSCityscapes,RSCityscapes__0763,3,0.8600000000000001,2,0.8260444691890376,0.8910287042790189,4.066788983236869e-06,1.3594282169966003,1.3594282169966003,-0.2163528524088259,False,164cd84e0ac7d47a14f1f64ad12b9063072316e01768e19aad34bb65fb20bddd,False
unsb-sixdomain-expanded-phase-field-v1,RSCityscapes,RSCityscapes__1075,1,0.5,3,0.1425595188013152,0.2177504758617561,1.2155904955957195e-06,0.8350773721278619,0.8350773721278619,-0.7677304951103678,False,652af02d1923483d0abf3b89d9754d506b595a57cb3c5ffb697fc769dd6c0e0c,False
unsb-sixdomain-expanded-phase-field-v1,RSCityscapes,RSCityscapes__1075,2,0.74,2,0.4469482530877709,0.5729861126733511,1.2643468315642892e-06,1.267763832647142,1.267763832647142,-0.4527811136957804,False,652af02d1923483d0abf3b89d9754d506b595a57cb3c5ffb697fc769dd6c0e0c,False
unsb-sixdomain-expanded-phase-field-v1,RSCityscapes,RSCityscapes__1075,3,0.8600000000000001,2,0.7269126887971893,0.8021125406202674,8.871675258759204e-06,1.3412998159874507,1.3412998159874507,-0.2660436151528121,False,652af02d1923483d0abf3b89d9754d506b595a57cb3c5ffb697fc769dd6c0e0c,False
unsb-sixdomain-expanded-phase-field-v1,RSCityscapes,RSCityscapes__0865,1,0.5,2,0.3463430572302816,0.4505393084580816,2.0897067096736777e-06,1.2707003528173195,1.2707003528173195,-0.5645366642834638,False,383d8d4deb27a3c251fa0a9adbbd92164ca68788dab249a3ec30b21f2b348d20,False
unsb-sixdomain-expanded-phase-field-v1,RSCityscapes,RSCityscapes__0865,2,0.74,2,0.6642883149377238,0.7750019576658782,1.6520178218404347e-05,1.3699642188090893,1.3699642188090893,-0.3143526111354688,False,383d8d4deb27a3c251fa0a9adbbd92164ca68788dab249a3ec30b21f2b348d20,False
unsb-sixdomain-expanded-phase-field-v1,RSCityscapes,RSCityscapes__0865,3,0.8600000000000001,2,0.8586814887469962,0.9122633227861884,5.889151321070152e-05,1.3720140771272962,1.3720140771272962,-0.2035264667563652,False,383d8d4deb27a3c251fa0a9adbbd92164ca68788dab249a3ec30b21f2b348d20,False
unsb-sixdomain-expanded-phase-field-v1,RSCityscapes,RSCityscapes__0240,1,0.5,2,0.5910553987016207,0.7001032497738775,1.3114272464642696e-06,1.4273171314227309,1.4273171314227309,-0.3828922899234854,False,a687844345585b70c5c4f6a4b58856822694bd2a9b53aa87bfa60d32536a0b64,False
unsb-sixdomain-expanded-phase-field-v1,RSCityscapes,RSCityscapes__0240,2,0.74,2,0.8471067388146915,0.9057601539274334,1.8921421185424947e-06,1.400065116366371,1.400065116366371,-0.2182100983698747,False,a687844345585b70c5c4f6a4b58856822694bd2a9b53aa87bfa60d32536a0b64,False
unsb-sixdomain-expanded-phase-field-v1,RSCityscapes,RSCityscapes__0240,3,0.8600000000000001,4,0.9029483651918307,0.9296163549113938,1.2244061679766992e-05,1.3580544439261804,1.3580544439261804,-0.1772542649716589,False,a687844345585b70c5c4f6a4b58856822694bd2a9b53aa87bfa60d32536a0b64,False
unsb-sixdomain-expanded-phase-field-v1,RSCityscapes,RSCityscapes__1063,1,0.5,2,0.3102662010157307,0.4049716311151958,4.564444767929388e-06,1.2438867544283014,1.2438867544283014,-0.6030463751415477,False,93b464a5b960fd362b364fc9982da25a2059b1fd2592954e626d24e6906c9c40,False
unsb-sixdomain-expanded-phase-field-v1,RSCityscapes,RSCityscapes__1063,2,0.74,2,0.6494922545313948,0.7607125664970873,1.1669847741480055e-06,1.3640271473151515,1.3640271473151515,-0.3222490375818096,False,93b464a5b960fd362b364fc9982da25a2059b1fd2592954e626d24e6906c9c40,False
unsb-sixdomain-expanded-phase-field-v1,RSCityscapes,RSCityscapes__1063,3,0.8600000000000001,2,0.8497965383506396,0.8842832188138916,8.066858557809198e-06,1.3597813906955762,1.3597813906955762,-0.2041541356793527,False,93b464a5b960fd362b364fc9982da25a2059b1fd2592954e626d24e6906c9c40,False
unsb-sixdomain-expanded-phase-field-v1,RSCityscapes,RSCityscapes__0360,1,0.5,3,0.2433432461167775,0.3827065488928485,6.284854345839364e-07,1.073480903203368,1.073480903203368,-0.6445750258169662,False,e58dc8c9f5246ac3cf22923fe4fb36565af38c19597c265c2dc05de31c1457be,False
unsb-sixdomain-expanded-phase-field-v1,RSCityscapes,RSCityscapes__0360,2,0.74,2,0.5495567934411736,0.6662872466194056,1.7657706476548185e-05,1.2649126622799085,1.2649126622799085,-0.362047959214922,False,e58dc8c9f5246ac3cf22923fe4fb36565af38c19597c265c2dc05de31c1457be,False
unsb-sixdomain-expanded-phase-field-v1,RSCityscapes,RSCityscapes__0360,3,0.8600000000000001,2,0.7377307558343151,0.7895613737283806,2.0572902566629026e-05,1.282252668568711,1.282252668568711,-0.2400757220953121,False,e58dc8c9f5246ac3cf22923fe4fb36565af38c19597c265c2dc05de31c1457be,False
unsb-sixdomain-expanded-phase-field-v1,RSCityscapes,RSCityscapes__0293,1,0.5,2,0.5575641441507166,0.5919752139157513,1.1059152599246502e-06,1.3895992476481756,1.3895992476481756,-0.3965947329372338,False,80123bbe91d65e860505796784d8df7d9138b06afad164d494832d15ddfd91c0,False
unsb-sixdomain-expanded-phase-field-v1,RSCityscapes,RSCityscapes__0293,2,0.74,2,0.8346960470508445,0.853211102601619,5.97052963102751e-06,1.4017253788415824,1.4017253788415824,-0.2251345797239673,False,80123bbe91d65e860505796784d8df7d9138b06afad164d494832d15ddfd91c0,False
unsb-sixdomain-expanded-phase-field-v1,RSCityscapes,RSCityscapes__0293,3,0.8600000000000001,4,0.9371865487010598,0.9400353542670614,3.851867701909484e-05,1.3680228434583586,1.3680228434583586,-0.1642673027557041,False,80123bbe91d65e860505796784d8df7d9138b06afad164d494832d15ddfd91c0,False
unsb-sixdomain-expanded-phase-field-v1,RSCityscapes,RSCityscapes__0444,1,0.5,2,0.2198329122533104,0.2804023084054967,1.1357507324616378e-06,1.049870029687661,1.049870029687661,-0.6790428249352071,False,7c34969ca9a5ef6a4d48e3d6c78c5a48803d08199e3d62a9947381b0fbd6e8e6,False
unsb-sixdomain-expanded-phase-field-v1,RSCityscapes,RSCityscapes__0444,2,0.74,2,0.5423985392656202,0.6651462885845273,1.8398830006205456e-06,1.3243887217786077,1.3243887217786077,-0.3876969624715942,False,7c34969ca9a5ef6a4d48e3d6c78c5a48803d08199e3d62a9947381b0fbd6e8e6,False
unsb-sixdomain-expanded-phase-field-v1,RSCityscapes,RSCityscapes__0444,3,0.8600000000000001,2,0.7979969860078227,0.8735809886474912,2.368067200131385e-05,1.3515644753045477,1.3515644753045477,-0.22883551715366,False,7c34969ca9a5ef6a4d48e3d6c78c5a48803d08199e3d62a9947381b0fbd6e8e6,False
unsb-sixdomain-expanded-phase-field-v1,RSCityscapes,RSCityscapes__0303,1,0.5,3,0.3093513674859042,0.3591166097656745,4.735533901678579e-07,1.2020264132040548,1.2020264132040548,-0.5894619707560765,False,f70b796038cf61bc057d9b135727599bc16fa8ee8f2b370433d3f04882189321,False
unsb-sixdomain-expanded-phase-field-v1,RSCityscapes,RSCityscapes__0303,2,0.74,2,0.6567920766544073,0.7209929601893654,5.17622139828422e-06,1.318861253556818,1.318861253556818,-0.3027712044895809,False,f70b796038cf61bc057d9b135727599bc16fa8ee8f2b370433d3f04882189321,False
unsb-sixdomain-expanded-phase-field-v1,RSCityscapes,RSCityscapes__0303,3,0.8600000000000001,4,0.8246514481607627,0.8680306754753858,6.215441735624161e-06,1.312574214734035,1.312574214734035,-0.2018534424009685,False,f70b796038cf61bc057d9b135727599bc16fa8ee8f2b370433d3f04882189321,False
unsb-sixdomain-expanded-phase-field-v1,RSCityscapes,RSCityscapes__0850,1,0.5,3,0.4900198621477917,0.6445801283794698,4.717432557921342e-06,1.3151848774862906,1.3151848774862906,-0.4287731227385295,False,fdabc5bc5c617b2ef98bbf741236364cc6a06df0d95ad29a6080d94c12c79745,False
unsb-sixdomain-expanded-phase-field-v1,RSCityscapes,RSCityscapes__0850,2,0.74,2,0.7714517654692374,0.8727265914339779,2.6743338144008533e-07,1.3039834436063715,1.3039834436063715,-0.2279633000263945,False,fdabc5bc5c617b2ef98bbf741236364cc6a06df0d95ad29a6080d94c12c79745,False
unsb-sixdomain-expanded-phase-field-v1,RSCityscapes,RSCityscapes__0850,3,0.8600000000000001,3,0.8713402091588863,0.9124318158065368,2.6215165276344266e-05,1.2603774970473882,1.2603774970473882,-0.1603128850218156,False,fdabc5bc5c617b2ef98bbf741236364cc6a06df0d95ad29a6080d94c12c79745,False
unsb-sixdomain-expanded-phase-field-v1,RSCityscapes,RSCityscapes__0504,1,0.5,3,0.2130236823667283,0.3210008714889696,3.0301516551478613e-06,1.0418287457413915,1.0418287457413915,-0.6893684484395897,False,c34f1cd4e47271181415910058858fd406e6732062bc6d9463bdce1a782dffab,False
unsb-sixdomain-expanded-phase-field-v1,RSCityscapes,RSCityscapes__0504,2,0.74,2,0.5357842960824123,0.6451981281430054,2.0122602042427218e-06,1.3062265415046883,1.3062265415046883,-0.3870285238163818,False,c34f1cd4e47271181415910058858fd406e6732062bc6d9463bdce1a782dffab,False
unsb-sixdomain-expanded-phase-field-v1,RSCityscapes,RSCityscapes__0504,3,0.8600000000000001,2,0.770381316734711,0.8032560003679119,9.03875838731416e-06,1.3316131271934697,1.3316131271934697,-0.2376723260827825,False,c34f1cd4e47271181415910058858fd406e6732062bc6d9463bdce1a782dffab,False
unsb-sixdomain-expanded-phase-field-v1,RSCityscapes,RSCityscapes__0747,1,0.5,3,0.2318680251366199,0.3568892945958717,6.990036649501263e-08,1.048913850647733,1.048913850647733,-0.6554989571331284,False,287cfdc86a1dbfe0975399206abe36dcb3be160248844b30c67235f6c4e708ad,False
unsb-sixdomain-expanded-phase-field-v1,RSCityscapes,RSCityscapes__0747,2,0.74,2,0.561136728744795,0.716871050940082,7.121387061936879e-06,1.252840718143101,1.252840718143101,-0.3488271637743762,False,287cfdc86a1dbfe0975399206abe36dcb3be160248844b30c67235f6c4e708ad,False
unsb-sixdomain-expanded-phase-field-v1,RSCityscapes,RSCityscapes__0747,3,0.8600000000000001,2,0.7657578730527028,0.8494167370236294,1.5247571706011875e-05,1.257195759950866,1.257195759950866,-0.215311436984598,False,287cfdc86a1dbfe0975399206abe36dcb3be160248844b30c67235f6c4e708ad,False
unsb-sixdomain-expanded-phase-field-v1,RSCityscapes,RSCityscapes__1020,1,0.5,2,0.8598585892244675,0.9057039617000736,1.14059517888343e-05,1.4907168940170892,1.4907168940170892,-0.2389681394339104,False,6625743ece84b48fb62b45f4b18be7ea923d047e464d6cee2d1454de497dfa84,False
unsb-sixdomain-expanded-phase-field-v1,RSCityscapes,RSCityscapes__1020,2,0.74,2,0.947759102625012,0.9620820324120292,9.861660872156897e-05,1.42116658975174,1.42116658975174,-0.175947024853536,False,6625743ece84b48fb62b45f4b18be7ea923d047e464d6cee2d1454de497dfa84,False
unsb-sixdomain-expanded-phase-field-v1,RSCityscapes,RSCityscapes__1020,3,0.8600000000000001,6,0.9676101502687368,0.9676101502687368,2.8126480736800907e-05,1.3745325095899044,1.3745325095899044,-0.1524546004843707,False,6625743ece84b48fb62b45f4b18be7ea923d047e464d6cee2d1454de497dfa84,False
unsb-sixdomain-expanded-phase-field-v1,RSCityscapes,RSCityscapes__0065,1,0.5,3,0.3646700897537653,0.4359500364388922,4.649126578382123e-06,1.2897199118616955,1.2897199118616955,-0.5485952609837292,False,b5c2b2d6647e44c2625c2d3f1ec47aee4d8d0fec56e28b1135f00a2ea0f63704,False
unsb-sixdomain-expanded-phase-field-v1,RSCityscapes,RSCityscapes__0065,2,0.74,2,0.6752563630029949,0.7281940805272973,5.669774670424843e-06,1.34295596958052,1.34295596958052,-0.2985930887614757,False,b5c2b2d6647e44c2625c2d3f1ec47aee4d8d0fec56e28b1135f00a2ea0f63704,False
unsb-sixdomain-expanded-phase-field-v1,RSCityscapes,RSCityscapes__0065,3,0.8600000000000001,4,0.7994818783164788,0.8135650863714321,1.314093448845366e-05,1.312771757412034,1.312771757412034,-0.2153806007264073,False,b5c2b2d6647e44c2625c2d3f1ec47aee4d8d0fec56e28b1135f00a2ea0f63704,False
unsb-sixdomain-expanded-phase-field-v1,RSCityscapes,RSCityscapes__0875,1,0.5,2,0.5466997679216266,0.6446302852892176,1.653107168819723e-06,1.3900339868964828,1.3900339868964828,-0.4052765295300406,False,c889a484bffde4c654b4039c909906a5a602cadfd9d31db46bb50d121754b44d,False
unsb-sixdomain-expanded-phase-field-v1,RSCityscapes,RSCityscapes__0875,2,0.74,2,0.8075556532885972,0.8735710905452183,1.819729320118313e-06,1.4099583355371723,1.4099583355371723,-0.24203381762664,False,c889a484bffde4c654b4039c909906a5a602cadfd9d31db46bb50d121754b44d,False
unsb-sixdomain-expanded-phase-field-v1,RSCityscapes,RSCityscapes__0875,3,0.8600000000000001,2,0.934862334436898,0.944637031268148,2.5363901804409394e-05,1.389198869080114,1.389198869080114,-0.1720167586606736,False,c889a484bffde4c654b4039c909906a5a602cadfd9d31db46bb50d121754b44d,False
unsb-sixdomain-expanded-phase-field-v1,RSCityscapes,RSCityscapes__0140,1,0.5,3,0.1622706543422795,0.2786517993089955,3.472860397701893e-06,0.8724531403091266,0.8724531403091266,-0.7305021227630517,False,188946904e31df321d98369aba02728f1e494c3c5b3c0ba898fa76d84c126b5f,False
unsb-sixdomain-expanded-phase-field-v1,RSCityscapes,RSCityscapes__0140,2,0.74,2,0.4750800081378944,0.6243837235881655,9.463727206338036e-07,1.2427792881095892,1.2427792881095892,-0.4176272515458358,False,188946904e31df321d98369aba02728f1e494c3c5b3c0ba898fa76d84c126b5f,False
unsb-sixdomain-expanded-phase-field-v1,RSCityscapes,RSCityscapes__0140,3,0.8600000000000001,2,0.7280317624620016,0.7927360968960486,6.09852937401012e-05,1.2983502895321042,1.2983502895321042,-0.2512415520642379,False,188946904e31df321d98369aba02728f1e494c3c5b3c0ba898fa76d84c126b5f,False
unsb-sixdomain-expanded-phase-field-v1,RSCityscapes,RSCityscapes__0797,1,0.5,2,0.6074321483520067,0.6872957915652042,6.282491701203874e-06,1.45205015336491,1.45205015336491,-0.3784838437903792,False,f01509dde9402ae393ed78ac20709ac7876285aae92d6bb9f342c3473a8fd89f,False
unsb-sixdomain-expanded-phase-field-v1,RSCityscapes,RSCityscapes__0797,2,0.74,2,0.854499504037452,0.8991064566498189,2.0656386340522918e-05,1.4272431321475034,1.4272431321475034,-0.2227861468844095,False,f01509dde9402ae393ed78ac20709ac7876285aae92d6bb9f342c3473a8fd89f,False
unsb-sixdomain-expanded-phase-field-v1,RSCityscapes,RSCityscapes__0797,3,0.8600000000000001,4,0.9601145204202968,0.966695148417813,3.801984222007171e-06,1.3885966327465105,1.3885966327465105,-0.1602530699343617,False,f01509dde9402ae393ed78ac20709ac7876285aae92d6bb9f342c3473a8fd89f,False
unsb-sixdomain-expanded-phase-field-v1,RSCityscapes,RSCityscapes__0978,1,0.5,2,0.6908064640740668,0.774499915199788,5.475693142464877e-06,1.4096705867132524,1.4096705867132524,-0.3097612453929884,False,a29f52123cf019934fd11471a7a57b761581f732d7a739de898968f292d9146b,False
unsb-sixdomain-expanded-phase-field-v1,RSCityscapes,RSCityscapes__0978,2,0.74,2,0.8912994379357739,0.9272146941527964,7.728731532541389e-07,1.3815313920389545,1.3815313920389545,-0.190337125029116,False,a29f52123cf019934fd11471a7a57b761581f732d7a739de898968f292d9146b,False
unsb-sixdomain-expanded-phase-field-v1,RSCityscapes,RSCityscapes__0978,3,0.8600000000000001,3,0.9650713368428576,0.967414468394802,8.544540407995349e-06,1.3491557321627818,1.3491557321627818,-0.1455026658681764,False,a29f52123cf019934fd11471a7a57b761581f732d7a739de898968f292d9146b,False
unsb-sixdomain-expanded-phase-field-v1,RSCityscapes,RSCityscapes__0234,1,0.5,2,0.3893538085747752,0.4995528564431046,2.643873587060419e-06,1.3186011270227047,1.3186011270227047,-0.5297690153755973,False,0a5501b19e6cfd3f17d48b83b65dfa89963c0601becefa730c9ef1822a35cb5c,False
unsb-sixdomain-expanded-phase-field-v1,RSCityscapes,RSCityscapes__0234,2,0.74,2,0.7119272555151082,0.8189544984963506,9.443542572484809e-06,1.3814148558278232,1.3814148558278232,-0.2878885022854934,False,0a5501b19e6cfd3f17d48b83b65dfa89963c0601becefa730c9ef1822a35cb5c,False
unsb-sixdomain-expanded-phase-field-v1,RSCityscapes,RSCityscapes__0234,3,0.8600000000000001,4,0.8629979102363771,0.8999552227018117,2.1262114841769097e-05,1.3566134347182333,1.3566134347182333,-0.196446369559261,False,0a5501b19e6cfd3f17d48b83b65dfa89963c0601becefa730c9ef1822a35cb5c,False
unsb-sixdomain-expanded-phase-field-v1,RSCityscapes,RSCityscapes__1183,1,0.5,2,0.6583309404673079,0.7407019318541779,1.1750595660942054e-06,1.4454278906033553,1.4454278906033553,-0.3415521638012881,False,4756e559875af3408bd2b0f30ee96e1822d1f0929f1cc03393b0369681b6bb96,False
unsb-sixdomain-expanded-phase-field-v1,RSCityscapes,RSCityscapes__1183,2,0.74,2,0.8740851477175277,0.903441695072124,3.993403404922713e-05,1.3892143855619703,1.3892143855619703,-0.2012155310058391,False,4756e559875af3408bd2b0f30ee96e1822d1f0929f1cc03393b0369681b6bb96,False
unsb-sixdomain-expanded-phase-field-v1,RSCityscapes,RSCityscapes__1183,3,0.8600000000000001,6,0.9201015987406458,0.9201015987406458,2.7059758625491703e-05,1.337172107822811,1.337172107822811,-0.1623515237126953,False,4756e559875af3408bd2b0f30ee96e1822d1f0929f1cc03393b0369681b6bb96,False
unsb-sixdomain-expanded-phase-field-v1,RSCityscapes,RSCityscapes__0325,1,0.5,2,0.5803816002808995,0.6917230739778069,1.622288677172179e-06,1.4078292690924084,1.4078292690924084,-0.3848363544073722,False,1f268e617b9e7021e18aae738be1d4020e275ceb87bf953671d2af1c05488242,False
unsb-sixdomain-expanded-phase-field-v1,RSCityscapes,RSCityscapes__0325,2,0.74,4,0.8144355868709874,0.8605026714400649,1.0463076360767154e-05,1.3814713269457986,1.3814713269457986,-0.2294851334077006,False,1f268e617b9e7021e18aae738be1d4020e275ceb87bf953671d2af1c05488242,False
unsb-sixdomain-expanded-phase-field-v1,RSCityscapes,RSCityscapes__0325,3,0.8600000000000001,3,0.8767080528319777,0.8870320407938297,2.0026476332146718e-05,1.3334097068346562,1.3334097068346562,-0.1821086166378484,False,1f268e617b9e7021e18aae738be1d4020e275ceb87bf953671d2af1c05488242,False
unsb-sixdomain-expanded-phase-field-v1,RSCityscapes,RSCityscapes__1178,1,0.5,3,0.2803641795652024,0.3814147471066831,2.394145372175416e-06,1.1723238723535687,1.1723238723535687,-0.6213250830721415,False,60bebf81a74078b5efe309518809afd3e35409ace5a57f3797de8b6a47ca3e06,False
unsb-sixdomain-expanded-phase-field-v1,RSCityscapes,RSCityscapes__1178,2,0.74,2,0.6093347566969001,0.7182516814019618,4.062149158046147e-06,1.3381423765953144,1.3381423765953144,-0.3416463730925958,False,60bebf81a74078b5efe309518809afd3e35409ace5a57f3797de8b6a47ca3e06,False
unsb-sixdomain-expanded-phase-field-v1,RSCityscapes,RSCityscapes__1178,3,0.8600000000000001,2,0.8145622568680786,0.8361571936050107,3.7695225402867294e-05,1.345586066594556,1.345586066594556,-0.2179871984286232,False,60bebf81a74078b5efe309518809afd3e35409ace5a57f3797de8b6a47ca3e06,False
unsb-sixdomain-expanded-phase-field-v1,RSCityscapes,RSCityscapes__0010,1,0.5,2,0.4083042439600171,0.4224703622886302,1.1892751853315175e-06,1.303242431966332,1.303242431966332,-0.50404131757073,False,d16bb7a66a52beee7a8acea4f3b9b47823529278e886445f8dc8ec1df06d59d3,False
unsb-sixdomain-expanded-phase-field-v1,RSCityscapes,RSCityscapes__0010,2,0.74,4,0.6890876282761864,0.7287267821314015,3.858158176162085e-06,1.3656272158938898,1.3656272158938898,-0.2970577105861068,False,d16bb7a66a52beee7a8acea4f3b9b47823529278e886445f8dc8ec1df06d59d3,False
unsb-sixdomain-expanded-phase-field-v1,RSCityscapes,RSCityscapes__0010,3,0.8600000000000001,4,0.7997563092319924,0.8292464381838662,1.988181252565724e-05,1.3471186450493884,1.3471186450493884,-0.2264481722177641,False,d16bb7a66a52beee7a8acea4f3b9b47823529278e886445f8dc8ec1df06d59d3,False
unsb-sixdomain-expanded-phase-field-v1,RSCityscapes,RSCityscapes__0064,1,0.5,3,0.1668614803917172,0.2482997428388096,2.189894049431373e-06,0.9255038105140344,0.9255038105140344,-0.7440221188648156,False,6bcdc7563107a7a8b67e2fbcddf254e8ac20fc876b3da5497629451548ec1592,False
unsb-sixdomain-expanded-phase-field-v1,RSCityscapes,RSCityscapes__0064,2,0.74,2,0.4849682232403464,0.598834339448715,9.066770313426176e-07,1.2690873258998128,1.2690873258998128,-0.4177782238360459,False,6bcdc7563107a7a8b67e2fbcddf254e8ac20fc876b3da5497629451548ec1592,False
unsb-sixdomain-expanded-phase-field-v1,RSCityscapes,RSCityscapes__0064,3,0.8600000000000001,2,0.7350627165604477,0.7823999701553417,2.475146141378559e-06,1.304892829537929,1.304892829537929,-0.2492504493946808,False,6bcdc7563107a7a8b67e2fbcddf254e8ac20fc876b3da5497629451548ec1592,False
unsb-sixdomain-expanded-phase-field-v1,RSCityscapes,RSCityscapes__0840,1,0.5,3,0.4092085659397483,0.5556966579101333,1.296184443666526e-06,1.26261729001543,1.26261729001543,-0.4893270159714855,False,7de66ab4b8585059a3e20557909358ea75dcf6d4aafd8014a4d8894ebf1196bd,False
unsb-sixdomain-expanded-phase-field-v1,RSCityscapes,RSCityscapes__0840,2,0.74,2,0.7183288632293032,0.8323207501986962,2.1288107335148965e-05,1.3255953345030005,1.3255953345030005,-0.2660876496881376,False,7de66ab4b8585059a3e20557909358ea75dcf6d4aafd8014a4d8894ebf1196bd,False
unsb-sixdomain-expanded-phase-field-v1,RSCityscapes,RSCityscapes__0840,3,0.8600000000000001,3,0.8703419394927778,0.9160612468206216,1.647280753624969e-05,1.3036170312268267,1.3036170312268267,-0.1754601141736431,False,7de66ab4b8585059a3e20557909358ea75dcf6d4aafd8014a4d8894ebf1196bd,False
unsb-sixdomain-expanded-phase-field-v1,RSCityscapes,RSCityscapes__0328,1,0.5,2,0.6375188463111625,0.7243921605935214,1.959287245667518e-06,1.4475305994292018,1.4475305994292018,-0.3561347251761905,False,9274afde4aa92241bb28539d20d5f3b952036f060ffc11fd4a82aa290dfd5ecf,False
unsb-sixdomain-expanded-phase-field-v1,RSCityscapes,RSCityscapes__0328,2,0.74,4,0.8415299752646039,0.8803410382564358,1.3668573674463502e-05,1.3879714338130047,1.3879714338130047,-0.2173109377476139,False,9274afde4aa92241bb28539d20d5f3b952036f060ffc11fd4a82aa290dfd5ecf,False
unsb-sixdomain-expanded-phase-field-v1,RSCityscapes,RSCityscapes__0328,3,0.8600000000000001,6,0.8981260385553855,0.8981260385553855,2.8943707827022717e-05,1.3320681545060695,1.3320681545060695,-0.1711891581530663,False,9274afde4aa92241bb28539d20d5f3b952036f060ffc11fd4a82aa290dfd5ecf,False
unsb-sixdomain-expanded-phase-field-v1,RSCityscapes,RSCityscapes__0533,1,0.5,3,0.2453929581337557,0.3867340290411875,5.126720920789474e-06,1.0686315308198433,1.0686315308198433,-0.6389658883056879,False,531bd95f6ebc7e96479fd80874d436243935008f482dc537789ced0b820dc123,False
unsb-sixdomain-expanded-phase-field-v1,RSCityscapes,RSCityscapes__0533,2,0.74,2,0.5802802288511868,0.7326002544026179,3.7302281948869975e-06,1.2755896430108165,1.2755896430108165,-0.342073210731445,False,531bd95f6ebc7e96479fd80874d436243935008f482dc537789ced0b820dc123,False
unsb-sixdomain-expanded-phase-field-v1,RSCityscapes,RSCityscapes__0533,3,0.8600000000000001,2,0.7997363117247502,0.9137700026688332,2.584637733060724e-06,1.2873793039889294,1.2873793039889294,-0.2067597076549417,False,531bd95f6ebc7e96479fd80874d436243935008f482dc537789ced0b820dc123,False
unsb-sixdomain-expanded-phase-field-v1,RSCityscapes,RSCityscapes__0495,1,0.5,3,0.2499625828099164,0.3614277505438439,3.600455238172984e-06,1.113881582631242,1.113881582631242,-0.6489640197125939,False,8872b99c261e863ad9d30c7310fdd0e7fe130cd41365fab18754553a8dd247fb,False
unsb-sixdomain-expanded-phase-field-v1,RSCityscapes,RSCityscapes__0495,2,0.74,2,0.5809189557931829,0.6860987225399042,1.5775157406916485e-05,1.3145353669627335,1.3145353669627335,-0.3546567270490691,False,8872b99c261e863ad9d30c7310fdd0e7fe130cd41365fab18754553a8dd247fb,False
unsb-sixdomain-expanded-phase-field-v1,RSCityscapes,RSCityscapes__0495,3,0.8600000000000001,4,0.7864639273794226,0.8161190660093531,5.701153204085152e-06,1.321625340999944,1.321625340999944,-0.2254295495718707,False,8872b99c261e863ad9d30c7310fdd0e7fe130cd41365fab18754553a8dd247fb,False
unsb-sixdomain-expanded-phase-field-v1,RSCityscapes,RSCityscapes__0827,1,0.5,3,0.1876976824275275,0.2577413429585313,3.349676622743658e-07,0.9555920934343156,0.9555920934343156,-0.7068136374794036,False,7222f15b5ec6f58acaa77d9cf9256ba09448ff8998683e64ba527d29e7832a5a,False
unsb-sixdomain-expanded-phase-field-v1,RSCityscapes,RSCityscapes__0827,2,0.74,2,0.5059772546591962,0.6025375770169578,1.5491131708622596e-05,1.2881781097847789,1.2881781097847789,-0.4058449205329075,False,7222f15b5ec6f58acaa77d9cf9256ba09448ff8998683e64ba527d29e7832a5a,False
unsb-sixdomain-expanded-phase-field-v1,RSCityscapes,RSCityscapes__0827,3,0.8600000000000001,2,0.7585009252400969,0.8035182341951177,5.3795899830344496e-06,1.3310358049000075,1.3310358049000075,-0.244233623277835,False,7222f15b5ec6f58acaa77d9cf9256ba09448ff8998683e64ba527d29e7832a5a,False
unsb-sixdomain-expanded-phase-field-v1,RSCityscapes,RSCityscapes__0509,1,0.5,2,0.3510016921664947,0.4208100945667192,1.2419061715673865e-06,1.175540782161164,1.175540782161164,-0.5249284901876724,False,b8e8dd9b620b1dc7e34411057e95822fd0c4e5bdfc87a7f1f1fded897f3bcaa4,False
unsb-sixdomain-expanded-phase-field-v1,RSCityscapes,RSCityscapes__0509,2,0.74,2,0.6509727718839746,0.7316433820339197,4.682735259331494e-06,1.2824830727858187,1.2824830727858187,-0.2944888178690266,False,b8e8dd9b620b1dc7e34411057e95822fd0c4e5bdfc87a7f1f1fded897f3bcaa4,False
unsb-sixdomain-expanded-phase-field-v1,RSCityscapes,RSCityscapes__0509,3,0.8600000000000001,2,0.8396284799572589,0.8912101092866566,2.4110389636566865e-05,1.310158260950667,1.310158260950667,-0.1932365982489255,False,b8e8dd9b620b1dc7e34411057e95822fd0c4e5bdfc87a7f1f1fded897f3bcaa4,False
unsb-sixdomain-expanded-phase-field-v1,RSCityscapes,RSCityscapes__0035,1,0.5,3,0.2219151964921866,0.264009095877117,1.7585647527074144e-06,1.0284099862183425,1.0284099862183425,-0.6659792419133923,False,bf2523d045f88d7e9d84a6ebbf2f1bb9065045cc29a241d4e16bd054c019dc1e,False
unsb-sixdomain-expanded-phase-field-v1,RSCityscapes,RSCityscapes__0035,2,0.74,2,0.5395455366768269,0.6166005278523217,3.33876498033181e-05,1.2760317594217776,1.2760317594217776,-0.3738333795234336,False,bf2523d045f88d7e9d84a6ebbf2f1bb9065045cc29a241d4e16bd054c019dc1e,False
unsb-sixdomain-expanded-phase-field-v1,RSCityscapes,RSCityscapes__0035,3,0.8600000000000001,4,0.7286338839416802,0.7709452698523249,2.2886972248503668e-06,1.2872628178981689,1.2872628178981689,-0.247157861461854,False,bf2523d045f88d7e9d84a6ebbf2f1bb9065045cc29a241d4e16bd054c019dc1e,False
unsb-sixdomain-expanded-phase-field-v1,RSCityscapes,RSCityscapes__0555,1,0.5,3,0.3815201534269731,0.4964913518187517,1.8495694418252384e-06,1.294120597471157,1.294120597471157,-0.5304572654985611,False,d16180a97a174c252e989baddc67106381cf2466ee5d2eacb6e57d0fb2c2590a,False
unsb-sixdomain-expanded-phase-field-v1,RSCityscapes,RSCityscapes__0555,2,0.74,2,0.7075340174733735,0.8148210034982227,9.367814800542718e-06,1.3496953344171638,1.3496953344171638,-0.2804884215233769,False,d16180a97a174c252e989baddc67106381cf2466ee5d2eacb6e57d0fb2c2590a,False
unsb-sixdomain-expanded-phase-field-v1,RSCityscapes,RSCityscapes__0555,3,0.8600000000000001,2,0.8970171341967423,0.9303005661021873,1.1834679740529984e-05,1.3368244198649784,1.3368244198649784,-0.1732736315311132,False,d16180a97a174c252e989baddc67106381cf2466ee5d2eacb6e57d0fb2c2590a,False
unsb-sixdomain-expanded-phase-field-v1,RSCityscapes,RSCityscapes__1096,1,0.5,2,0.6744921336525098,0.8069863163337331,8.716883863613134e-07,1.453505304310545,1.453505304310545,-0.3334397319652641,False,74b8b6d1188bc517f9c72596c5be47162d2a7063a6b475efee4e208f23db6adf,False
unsb-sixdomain-expanded-phase-field-v1,RSCityscapes,RSCityscapes__1096,2,0.74,2,0.8742293861052663,0.9383495869703988,1.031512057447781e-05,1.4110612903952302,1.4110612903952302,-0.2079204773826498,False,74b8b6d1188bc517f9c72596c5be47162d2a7063a6b475efee4e208f23db6adf,False
unsb-sixdomain-expanded-phase-field-v1,RSCityscapes,RSCityscapes__1096,3,0.8600000000000001,4,0.9218161637783208,0.9621902471353524,0.000118727414709,1.367834973886119,1.367834973886119,-0.1713893848408269,False,74b8b6d1188bc517f9c72596c5be47162d2a7063a6b475efee4e208f23db6adf,False
unsb-sixdomain-expanded-phase-field-v1,RSCityscapes,RSCityscapes__1034,1,0.5,3,0.1523660357653835,0.2434959198736527,2.3097352276346683e-06,0.8367961745456931,0.8367961745456931,-0.7397315178347134,False,0a6979119326efd20f6dfb01032ed4f7a43cdb128a3eadf99241329fda547dbd,False
unsb-sixdomain-expanded-phase-field-v1,RSCityscapes,RSCityscapes__1034,2,0.74,2,0.473112836126412,0.6064581185581778,1.9108392873556923e-06,1.2172614468285463,1.2172614468285463,-0.4104191360898443,False,0a6979119326efd20f6dfb01032ed4f7a43cdb128a3eadf99241329fda547dbd,False
unsb-sixdomain-expanded-phase-field-v1,RSCityscapes,RSCityscapes__1034,3,0.8600000000000001,2,0.7361020161027625,0.8440285153627666,3.34414236147218e-06,1.2728552678291911,1.2728552678291911,-0.2378410170505403,False,0a6979119326efd20f6dfb01032ed4f7a43cdb128a3eadf99241329fda547dbd,False
unsb-sixdomain-expanded-phase-field-v1,RSCityscapes,RSCityscapes__1012,1,0.5,2,0.6047173511285132,0.6631250162904112,2.703982494223212e-05,1.400301393227608,1.400301393227608,-0.3646690909349822,False,d9108a812a7b6f9e581749fb355f9cbba1f2db8aec5c37acd8aaab7b75f4b933,False
unsb-sixdomain-expanded-phase-field-v1,RSCityscapes,RSCityscapes__1012,2,0.74,2,0.8222495390645338,0.8632018354793215,1.9634346133390324e-06,1.3968298018705951,1.3968298018705951,-0.2301398535918744,False,d9108a812a7b6f9e581749fb355f9cbba1f2db8aec5c37acd8aaab7b75f4b933,False
unsb-sixdomain-expanded-phase-field-v1,RSCityscapes,RSCityscapes__1012,3,0.8600000000000001,2,0.9194710378112418,0.9276933402754852,2.9118804329986148e-06,1.3723048574455978,1.3723048574455978,-0.1739125465267919,False,d9108a812a7b6f9e581749fb355f9cbba1f2db8aec5c37acd8aaab7b75f4b933,False
unsb-sixdomain-expanded-phase-field-v1,RSCityscapes,RSCityscapes__0362,1,0.5,3,0.2052478629540791,0.2537299300270388,1.526472370949605e-06,1.0133992548633486,1.0133992548633486,-0.6935019366931994,False,7a292f79ab4947cfec508c0570e06b7412b1d55aa2c8ba5b3af17ded8453070a,False
unsb-sixdomain-expanded-phase-field-v1,RSCityscapes,RSCityscapes__0362,2,0.74,2,0.5204597213076008,0.6251202643269513,5.93788965219666e-06,1.3245811388435589,1.3245811388435589,-0.4056914418545553,False,7a292f79ab4947cfec508c0570e06b7412b1d55aa2c8ba5b3af17ded8453070a,False
unsb-sixdomain-expanded-phase-field-v1,RSCityscapes,RSCityscapes__0362,3,0.8600000000000001,2,0.7745078556691818,0.8462232234957425,1.4280983289260972e-05,1.3667781486464214,1.3667781486464214,-0.2466721998282567,False,7a292f79ab4947cfec508c0570e06b7412b1d55aa2c8ba5b3af17ded8453070a,False
unsb-sixdomain-expanded-phase-field-v1,RSCityscapes,RSCityscapes__0316,1,0.5,3,0.0850944870344144,0.1292094990360359,3.6782712997673883e-07,0.5117540656933282,0.5117540656933282,-0.7791598770307113,False,54bb55ec5ae34cd8b36e97443c97f279d096509471fa946dbe8decec7091530e,False
unsb-sixdomain-expanded-phase-field-v1,RSCityscapes,RSCityscapes__0316,2,0.74,2,0.3406542774299737,0.422012893642634,1.3462153918286646e-06,1.1051196641402443,1.1051196641402443,-0.5110954601395561,False,54bb55ec5ae34cd8b36e97443c97f279d096509471fa946dbe8decec7091530e,False
unsb-sixdomain-expanded-phase-field-v1,RSCityscapes,RSCityscapes__0316,3,0.8600000000000001,2,0.6438500925844742,0.7546016021668975,4.734937795625172e-06,1.2475320699423385,1.2475320699423385,-0.287266956238748,False,54bb55ec5ae34cd8b36e97443c97f279d096509471fa946dbe8decec7091530e,False
unsb-sixdomain-expanded-phase-field-v1,RSCityscapes,RSCityscapes__1037,1,0.5,3,0.2480791456760845,0.358104578955732,6.756691754983279e-07,1.0748250623781053,1.0748250623781053,-0.6367475269700598,False,a1225bd9353aa710dd193c31757bd7a2b99dcee00c228d5226973bcf6afe49a7,False
unsb-sixdomain-expanded-phase-field-v1,RSCityscapes,RSCityscapes__1037,2,0.74,2,0.587443563315627,0.7231311100841012,5.122175207539215e-06,1.2651264327202094,1.2651264327202094,-0.3331677801408407,False,a1225bd9353aa710dd193c31757bd7a2b99dcee00c228d5226973bcf6afe49a7,False
unsb-sixdomain-expanded-phase-field-v1,RSCityscapes,RSCityscapes__1037,3,0.8600000000000001,2,0.8043103123636202,0.8880642803435252,3.3254564696383326e-06,1.273697978472868,1.273697978472868,-0.1996428225373195,False,a1225bd9353aa710dd193c31757bd7a2b99dcee00c228d5226973bcf6afe49a7,False
unsb-sixdomain-expanded-phase-field-v1,RSCityscapes,RSCityscapes__0629,1,0.5,3,0.2463289869239875,0.4108813468913402,4.192459074792154e-06,1.1472148718209862,1.1472148718209862,-0.6681292475655262,False,cb9808a62873c4ae83c1b48bab26e78bfdd96d9b392f6f7f14b4fc9821fdab4a,False
unsb-sixdomain-expanded-phase-field-v1,RSCityscapes,RSCityscapes__0629,2,0.74,2,0.585046774549016,0.7674667532109388,5.247007387798597e-06,1.3226760855727142,1.3226760855727142,-0.3542629120684702,False,cb9808a62873c4ae83c1b48bab26e78bfdd96d9b392f6f7f14b4fc9821fdab4a,False
unsb-sixdomain-expanded-phase-field-v1,RSCityscapes,RSCityscapes__0629,3,0.8600000000000001,2,0.8125598013042372,0.9115311108938238,2.021209988090078e-05,1.3339369290542606,1.3339369290542606,-0.2152799625931104,False,cb9808a62873c4ae83c1b48bab26e78bfdd96d9b392f6f7f14b4fc9821fdab4a,False
unsb-sixdomain-expanded-phase-field-v1,RSCityscapes,RSCityscapes__0392,1,0.5,3,0.1744170413049459,0.2631097162219836,1.3127952203095816e-06,0.9345049067167452,0.9345049067167452,-0.7289926708949811,False,1d119b702fdad8a92143523bb79f2dcedad00b227839e817cf086c3892e322de,False
unsb-sixdomain-expanded-phase-field-v1,RSCityscapes,RSCityscapes__0392,2,0.74,2,0.4770148238280823,0.6083036260244248,1.5739160459382615e-06,1.289503974637015,1.289503974637015,-0.4318908096107368,False,1d119b702fdad8a92143523bb79f2dcedad00b227839e817cf086c3892e322de,False
unsb-sixdomain-expanded-phase-field-v1,RSCityscapes,RSCityscapes__0392,3,0.8600000000000001,2,0.7386613237386492,0.8039201776529745,1.1934431620175268e-05,1.3348373255609116,1.3348373255609116,-0.2569829821837564,False,1d119b702fdad8a92143523bb79f2dcedad00b227839e817cf086c3892e322de,False
unsb-sixdomain-expanded-phase-field-v1,RSCityscapes,RSCityscapes__0413,1,0.5,3,0.1782661034427863,0.2502823246747181,2.582521807070748e-06,0.9224196320600684,0.9224196320600684,-0.7138597658298764,False,bf6d5b86125b95d04b451728656d106364b52bbe3b04e9148d9d6cc142c032ac,False
unsb-sixdomain-expanded-phase-field-v1,RSCityscapes,RSCityscapes__0413,2,0.74,2,0.4962869140172017,0.6217386502458909,2.9782843393721947e-06,1.2717302606751768,1.2717302606751768,-0.4086621814293725,False,bf6d5b86125b95d04b451728656d106364b52bbe3b04e9148d9d6cc142c032ac,False
unsb-sixdomain-expanded-phase-field-v1,RSCityscapes,RSCityscapes__0413,3,0.8600000000000001,2,0.7652415744791348,0.8347500994569277,6.39144816723114e-05,1.324932125307149,1.324932125307149,-0.2383950738603892,False,bf6d5b86125b95d04b451728656d106364b52bbe3b04e9148d9d6cc142c032ac,False
unsb-sixdomain-expanded-phase-field-v1,RSCityscapes,RSCityscapes__1177,1,0.5,3,0.2550976325215089,0.3426905370094602,2.8492590813389285e-06,1.1383828213086329,1.1383828213086329,-0.6495819053498436,False,bf7028be14fae0f03d9871c5fe93b0efb6e84f96423062752e16aead2957c9e2,False
unsb-sixdomain-expanded-phase-field-v1,RSCityscapes,RSCityscapes__1177,2,0.74,2,0.6110394669357684,0.7136319802773923,1.2634087819041184e-05,1.338149577409044,1.338149577409044,-0.3404353991178308,False,bf7028be14fae0f03d9871c5fe93b0efb6e84f96423062752e16aead2957c9e2,False
unsb-sixdomain-expanded-phase-field-v1,RSCityscapes,RSCityscapes__1177,3,0.8600000000000001,2,0.8430023271191911,0.864844767016175,1.972808334560483e-05,1.3448470197230955,1.3448470197230955,-0.2028441113798015,False,bf7028be14fae0f03d9871c5fe93b0efb6e84f96423062752e16aead2957c9e2,False
unsb-sixdomain-expanded-phase-field-v1,RSCityscapes,RSCityscapes__0330,1,0.5,3,0.2721736771396016,0.3975118018538319,3.1232090149657665e-06,1.1727402751988354,1.1727402751988354,-0.6343557195280601,False,18f37f407f51ae1e86b6dcc8492f6618b051079cda28b3a48329e5ba008af232,False
unsb-sixdomain-expanded-phase-field-v1,RSCityscapes,RSCityscapes__0330,2,0.74,2,0.5941313475975901,0.716324106032021,1.141808740778849e-06,1.3416661127358034,1.3416661127358034,-0.3537619834221206,False,18f37f407f51ae1e86b6dcc8492f6618b051079cda28b3a48329e5ba008af232,False
unsb-sixdomain-expanded-phase-field-v1,RSCityscapes,RSCityscapes__0330,3,0.8600000000000001,2,0.8077446344932313,0.8517233924947519,2.0950798029772955e-06,1.3420923681856536,1.3420923681856536,-0.2205083248871597,False,18f37f407f51ae1e86b6dcc8492f6618b051079cda28b3a48329e5ba008af232,False
unsb-sixdomain-expanded-phase-field-v1,RSCityscapes,RSCityscapes__0899,1,0.5,3,0.3693760917702526,0.5023324359940793,7.92033393648417e-07,1.2871390019193656,1.2871390019193656,-0.542156668294524,False,87153d3bff6e77437ce6dfd68382c82b13ac3b2eaa7a680f95ea71ae183c028d,False
unsb-sixdomain-expanded-phase-field-v1,RSCityscapes,RSCityscapes__0899,2,0.74,2,0.6898889100093198,0.8140964558246113,7.991270278395746e-06,1.367223549510684,1.367223549510684,-0.2970603665063516,False,87153d3bff6e77437ce6dfd68382c82b13ac3b2eaa7a680f95ea71ae183c028d,False
unsb-sixdomain-expanded-phase-field-v1,RSCityscapes,RSCityscapes__0899,3,0.8600000000000001,2,0.8641619080517657,0.9048726626771836,1.4581810783509395e-05,1.345870995544776,1.345870995544776,-0.1924083150273359,False,87153d3bff6e77437ce6dfd68382c82b13ac3b2eaa7a680f95ea71ae183c028d,False
unsb-sixdomain-expanded-phase-field-v1,RSCityscapes,RSCityscapes__0345,1,0.5,3,0.3217416332909268,0.4477499328632316,3.553638984188368e-07,1.2283369807567288,1.2283369807567288,-0.5818102649291419,False,36ea225ee37f5d6cb94b53e9cde289874f9c7e686fc4df3494b9e2ad261ec603,False
unsb-sixdomain-expanded-phase-field-v1,RSCityscapes,RSCityscapes__0345,2,0.74,2,0.6277187445065355,0.7461775582580588,6.628479724990477e-06,1.32966262395572,1.32966262395572,-0.3259763637131014,False,36ea225ee37f5d6cb94b53e9cde289874f9c7e686fc4df3494b9e2ad261ec603,False
unsb-sixdomain-expanded-phase-field-v1,RSCityscapes,RSCityscapes__0345,3,0.8600000000000001,4,0.8080349559896918,0.8490778773716884,1.1676728786880196e-05,1.3144253823375722,1.3144253823375722,-0.2113057880191606,False,36ea225ee37f5d6cb94b53e9cde289874f9c7e686fc4df3494b9e2ad261ec603,False
unsb-sixdomain-expanded-phase-field-v1,RSCityscapes,RSCityscapes__0094,1,0.5,4,0.7514323867503168,0.7911565201500013,6.87965371581889e-06,1.523015937487236,1.523015937487236,-0.3068145387706272,False,b28434276d64a71723f219fc027832e764afefacbe29b829ffc9f6a72eaf43c6,False
unsb-sixdomain-expanded-phase-field-v1,RSCityscapes,RSCityscapes__0094,2,0.74,4,0.881759396211857,0.9050625077256622,1.6653284338419283e-05,1.4276791838174328,1.4276791838174328,-0.2092805310655481,False,b28434276d64a71723f219fc027832e764afefacbe29b829ffc9f6a72eaf43c6,False
unsb-sixdomain-expanded-phase-field-v1,RSCityscapes,RSCityscapes__0094,3,0.8600000000000001,4,0.9091795210778806,0.9121171509087564,0.0001004063616503,1.35500527551193,1.35500527551193,-0.1732913412292084,False,b28434276d64a71723f219fc027832e764afefacbe29b829ffc9f6a72eaf43c6,False
unsb-sixdomain-expanded-phase-field-v1,RSCityscapes,RSCityscapes__0296,1,0.5,2,0.3661005361023122,0.4138838153557715,8.603356017600206e-07,1.2538705941113593,1.2538705941113593,-0.5346523525396649,False,954c6468b1149b4084916c8ec50289a5d007c3d41af0c18f1057898a28098696,False
unsb-sixdomain-expanded-phase-field-v1,RSCityscapes,RSCityscapes__0296,2,0.74,2,0.7041332500961223,0.7703249947946658,9.88097109988484e-06,1.3577984663884664,1.3577984663884664,-0.2851804610518705,False,954c6468b1149b4084916c8ec50289a5d007c3d41af0c18f1057898a28098696,False
unsb-sixdomain-expanded-phase-field-v1,RSCityscapes,RSCityscapes__0296,3,0.8600000000000001,4,0.8890643096840563,0.914133017641512,5.984214242404917e-05,1.3465991976150478,1.3465991976150478,-0.1803051749376119,False,954c6468b1149b4084916c8ec50289a5d007c3d41af0c18f1057898a28098696,False
unsb-sixdomain-expanded-phase-field-v1,RSCityscapes,RSCityscapes__1105,1,0.5,3,0.3082886398871227,0.4389415129693804,6.6055381515717215e-06,1.2129435385163236,1.2129435385163236,-0.5948830635741437,False,7c1fca33af33157491d7ad8a89e7944c3024a637362ea29dcf8b67143a2d2367,False
unsb-sixdomain-expanded-phase-field-v1,RSCityscapes,RSCityscapes__1105,2,0.74,2,0.6348424791280892,0.7709581784890848,5.3986764462221615e-06,1.3556801291127336,1.3556801291127336,-0.3294912514814953,False,7c1fca33af33157491d7ad8a89e7944c3024a637362ea29dcf8b67143a2d2367,False
unsb-sixdomain-expanded-phase-field-v1,RSCityscapes,RSCityscapes__1105,3,0.8600000000000001,2,0.8386026026320165,0.8819787117232265,5.1316508020371465e-05,1.3530315217094622,1.3530315217094622,-0.2077517085993733,False,7c1fca33af33157491d7ad8a89e7944c3024a637362ea29dcf8b67143a2d2367,False
unsb-sixdomain-expanded-phase-field-v1,RSCityscapes,RSCityscapes__0202,1,0.5,2,0.487110007772685,0.6129826054021347,2.366365597694653e-06,1.3829711988248667,1.3829711988248667,-0.4531860834385693,False,4f079085bdd0ce66ecbbd39641f3d6bf480044d619a1a6196548881b573abec4,False
unsb-sixdomain-expanded-phase-field-v1,RSCityscapes,RSCityscapes__0202,2,0.74,2,0.7799885493671976,0.8664256170999292,3.0301724382342243e-05,1.398674653659097,1.398674653659097,-0.2536284777330492,False,4f079085bdd0ce66ecbbd39641f3d6bf480044d619a1a6196548881b573abec4,False
unsb-sixdomain-expanded-phase-field-v1,RSCityscapes,RSCityscapes__0202,3,0.8600000000000001,4,0.9246801933305316,0.9325345713655993,5.836377251045022e-06,1.3628037752471551,1.3628037752471551,-0.1684417728511762,False,4f079085bdd0ce66ecbbd39641f3d6bf480044d619a1a6196548881b573abec4,False
unsb-sixdomain-expanded-phase-field-v1,RSCityscapes,RSCityscapes__0443,1,0.5,2,0.6361282466195741,0.7170945998426326,3.0052568504856936e-06,1.4643306301641132,1.4643306301641132,-0.3620944664301468,False,2bff96d69d2136056578aff4685105a45e65523afc2ba3039ffc19ae5391a07c,False
unsb-sixdomain-expanded-phase-field-v1,RSCityscapes,RSCityscapes__0443,2,0.74,2,0.869720423089747,0.9191083994047706,6.446502814005939e-06,1.4285587121269931,1.4285587121269931,-0.2155184256365816,False,2bff96d69d2136056578aff4685105a45e65523afc2ba3039ffc19ae5391a07c,False
unsb-sixdomain-expanded-phase-field-v1,RSCityscapes,RSCityscapes__0443,3,0.8600000000000001,2,0.9730078973540012,0.9831494135806584,1.8303633097738192e-05,1.3821321187920876,1.3821321187920876,-0.1524331942728961,False,2bff96d69d2136056578aff4685105a45e65523afc2ba3039ffc19ae5391a07c,False
unsb-sixdomain-expanded-phase-field-v1,RSCityscapes,RSCityscapes__0636,1,0.5,3,0.3812702319675126,0.5270095767445206,3.434251635958674e-06,1.293995963049873,1.293995963049873,-0.5307000227951402,False,110daf6f9ce1da9f2024b388f8b59079b6c53d64281aca5c9a1f330b539b6f18,False
unsb-sixdomain-expanded-phase-field-v1,RSCityscapes,RSCityscapes__0636,2,0.74,2,0.6956622433001047,0.8348324633833852,2.9378730451723456e-06,1.3687623280300876,1.3687623280300876,-0.2939296108668741,False,110daf6f9ce1da9f2024b388f8b59079b6c53d64281aca5c9a1f330b539b6f18,False
unsb-sixdomain-expanded-phase-field-v1,RSCityscapes,RSCityscapes__0636,3,0.8600000000000001,2,0.8810474881864716,0.9400272255566277,2.609603858738652e-05,1.3605067929170391,1.3605067929170391,-0.1887013971427,False,110daf6f9ce1da9f2024b388f8b59079b6c53d64281aca5c9a1f330b539b6f18,False
unsb-sixdomain-expanded-phase-field-v1,RSCityscapes,RSCityscapes__0773,1,0.5,2,0.4038799836758423,0.5366941799612143,1.5065435716721254e-06,1.2797437675976773,1.2797437675976773,-0.5008706931613274,False,58fc82a15fcd56fd00299d0dfc3fbdd230ca92cf3e648c4a4d71e2e39ad0bc9a,False
unsb-sixdomain-expanded-phase-field-v1,RSCityscapes,RSCityscapes__0773,2,0.74,2,0.6904422680945832,0.8024455352718067,5.710579372597557e-06,1.3491356564177972,1.3491356564177972,-0.2909282499058598,False,58fc82a15fcd56fd00299d0dfc3fbdd230ca92cf3e648c4a4d71e2e39ad0bc9a,False
unsb-sixdomain-expanded-phase-field-v1,RSCityscapes,RSCityscapes__0773,3,0.8600000000000001,2,0.84736587029302,0.8744193169211902,4.31126919031577e-06,1.327665314567002,1.327665314567002,-0.1950176416444002,False,58fc82a15fcd56fd00299d0dfc3fbdd230ca92cf3e648c4a4d71e2e39ad0bc9a,False
unsb-sixdomain-expanded-phase-field-v1,RSCityscapes,RSCityscapes__1110,1,0.5,2,0.3646142046686355,0.5039550564577616,5.074219098899491e-06,1.24519315381783,1.24519315381783,-0.5334031402998488,False,9ad671c8ef98670a18977026fa436a7a863f9544eeacf6cf30bdad05a2951064,False
unsb-sixdomain-expanded-phase-field-v1,RSCityscapes,RSCityscapes__1110,2,0.74,2,0.6741343662835257,0.7953780356150304,6.838177517787258e-06,1.350943037522938,1.350943037522938,-0.3018905700566511,False,9ad671c8ef98670a18977026fa436a7a863f9544eeacf6cf30bdad05a2951064,False
unsb-sixdomain-expanded-phase-field-v1,RSCityscapes,RSCityscapes__1110,3,0.8600000000000001,4,0.8345767601700731,0.8683168866424958,2.6931912426197968e-05,1.3445170183455477,1.3445170183455477,-0.2071000166425235,False,9ad671c8ef98670a18977026fa436a7a863f9544eeacf6cf30bdad05a2951064,False
unsb-sixdomain-expanded-phase-field-v1,RSCityscapes,RSCityscapes__0859,1,0.5,3,0.1984559566978888,0.3356484060817844,1.552933619475283e-07,0.9624920172305624,0.9624920172305624,-0.6857329973378187,False,4584bcd00119cc559c4b7e969dfe27012695dcc8d9f9288ae70add82cb7879c2,False
unsb-sixdomain-expanded-phase-field-v1,RSCityscapes,RSCityscapes__0859,2,0.74,2,0.5162234866296473,0.6831781707804232,8.268481159534602e-06,1.232303186429659,1.232303186429659,-0.3778798116980781,False,4584bcd00119cc559c4b7e969dfe27012695dcc8d9f9288ae70add82cb7879c2,False
unsb-sixdomain-expanded-phase-field-v1,RSCityscapes,RSCityscapes__0859,3,0.8600000000000001,2,0.7440385238709708,0.8286369543674597,2.474242446370845e-06,1.2481308476768989,1.2481308476768989,-0.224664694483072,False,4584bcd00119cc559c4b7e969dfe27012695dcc8d9f9288ae70add82cb7879c2,False
unsb-sixdomain-expanded-phase-field-v1,RSCityscapes,RSCityscapes__0775,1,0.5,3,0.29995686714233,0.4375520758261391,1.778773831162539e-05,1.155946187749877,1.155946187749877,-0.585878808012104,False,da6d31aec6341938cfc52eea5fa928a8c58097f3d014f979274b71cc77480053,False
unsb-sixdomain-expanded-phase-field-v1,RSCityscapes,RSCityscapes__0775,2,0.74,2,0.6072630722466685,0.7561683996542914,8.493128140885098e-06,1.3333746743017858,1.3333746743017858,-0.3415753295983851,False,da6d31aec6341938cfc52eea5fa928a8c58097f3d014f979274b71cc77480053,False
unsb-sixdomain-expanded-phase-field-v1,RSCityscapes,RSCityscapes__0775,3,0.8600000000000001,2,0.8060220993267917,0.8781323220263493,5.748209900602319e-05,1.3399387933177165,1.3399387933177165,-0.2207380114501845,False,da6d31aec6341938cfc52eea5fa928a8c58097f3d014f979274b71cc77480053,False
unsb-sixdomain-expanded-phase-field-v1,RSCityscapes,RSCityscapes__0667,1,0.5,2,0.5337024344118462,0.6278162589938945,2.378817549386625e-06,1.394067324560167,1.394067324560167,-0.4169845641374687,False,dd269cc7808b426828bd220598f99764d0b862f3e3e5989e3b3dc192fd1e2e55,False
unsb-sixdomain-expanded-phase-field-v1,RSCityscapes,RSCityscapes__0667,2,0.74,2,0.7812038876351608,0.8639045332940095,1.6461918527221895e-06,1.376969612923806,1.376969612923806,-0.2461599604436298,False,dd269cc7808b426828bd220598f99764d0b862f3e3e5989e3b3dc192fd1e2e55,False
unsb-sixdomain-expanded-phase-field-v1,RSCityscapes,RSCityscapes__0667,3,0.8600000000000001,3,0.90322764820807,0.9304962578814412,9.770036620015964e-05,1.333373343096098,1.333373343096098,-0.1691545453555183,False,dd269cc7808b426828bd220598f99764d0b862f3e3e5989e3b3dc192fd1e2e55,False
unsb-sixdomain-expanded-phase-field-v1,RSCityscapes,RSCityscapes__1120,1,0.5,2,0.7893114290999277,0.8453505987882175,1.0370331589237836e-05,1.4632391627860972,1.4632391627860972,-0.2680669249113268,False,df88442d6359bab7c4b5c009220919c7bd403932742996068b1b4337cc37fedf,False
unsb-sixdomain-expanded-phase-field-v1,RSCityscapes,RSCityscapes__1120,2,0.74,2,0.9479679279853792,0.9636875342794802,6.526708900156386e-05,1.4266413758929333,1.4266413758929333,-0.1775211710405076,False,df88442d6359bab7c4b5c009220919c7bd403932742996068b1b4337cc37fedf,False
unsb-sixdomain-expanded-phase-field-v1,RSCityscapes,RSCityscapes__1120,3,0.8600000000000001,6,0.9852620184568016,0.9852620184568016,5.955521419354071e-06,1.388630956109466,1.388630956109466,-0.1490351013591761,False,df88442d6359bab7c4b5c009220919c7bd403932742996068b1b4337cc37fedf,False
unsb-sixdomain-expanded-phase-field-v1,RSCityscapes,RSCityscapes__0500,1,0.5,3,0.1938856507593328,0.302901623435813,6.584332606918153e-07,0.9896889805159672,0.9896889805159672,-0.707953066066632,False,ce14d616c5091e52f9aca16dc25d48fb5f76dd2e1eb902482f5f08f497f6ab4a,False
unsb-sixdomain-expanded-phase-field-v1,RSCityscapes,RSCityscapes__0500,2,0.74,2,0.526396636205843,0.645089390190525,9.290723166577308e-06,1.2772439976208676,1.2772439976208676,-0.3849607650272562,False,ce14d616c5091e52f9aca16dc25d48fb5f76dd2e1eb902482f5f08f497f6ab4a,False
unsb-sixdomain-expanded-phase-field-v1,RSCityscapes,RSCityscapes__0500,3,0.8600000000000001,2,0.7723742100460702,0.8133432312275559,4.005510848781313e-06,1.3056346889671262,1.3056346889671262,-0.2279939161427002,False,ce14d616c5091e52f9aca16dc25d48fb5f76dd2e1eb902482f5f08f497f6ab4a,False
unsb-sixdomain-expanded-phase-field-v1,RSCityscapes,RSCityscapes__0616,1,0.5,2,0.4302835310173064,0.6225307963904851,5.962896338918e-07,1.318907449588368,1.318907449588368,-0.4864595973900369,False,861d909a50c11e219f6bbebd0a503b57065989eb4305f2cfe5e71e66ec6ebcac,False
unsb-sixdomain-expanded-phase-field-v1,RSCityscapes,RSCityscapes__0616,2,0.74,2,0.7265610898070927,0.8886902425333447,1.1723493582582734e-05,1.3609478250961209,1.3609478250961209,-0.2725693399173341,False,861d909a50c11e219f6bbebd0a503b57065989eb4305f2cfe5e71e66ec6ebcac,False
unsb-sixdomain-expanded-phase-field-v1,RSCityscapes,RSCityscapes__0616,3,0.8600000000000001,2,0.8846408713929133,0.9545221034383607,1.532879601628956e-05,1.3480756916531969,1.3480756916531969,-0.1829472772322828,False,861d909a50c11e219f6bbebd0a503b57065989eb4305f2cfe5e71e66ec6ebcac,False
unsb-sixdomain-expanded-phase-field-v1,RSCityscapes,RSCityscapes__0567,1,0.5,3,0.1590774793202165,0.2466132422761258,1.0177553939616502e-06,0.9802716544324812,0.9802716544324812,-0.7897377440364064,False,56e50dbacc2802be24e9f970b9869bdcd9cb24946fd3001f2c2ce45a2bdf00f3,False
unsb-sixdomain-expanded-phase-field-v1,RSCityscapes,RSCityscapes__0567,2,0.74,2,0.4850531987665236,0.6181696185411933,8.356714281676503e-07,1.302295357532384,1.302295357532384,-0.4289201194120851,False,56e50dbacc2802be24e9f970b9869bdcd9cb24946fd3001f2c2ce45a2bdf00f3,False
unsb-sixdomain-expanded-phase-field-v1,RSCityscapes,RSCityscapes__0567,3,0.8600000000000001,2,0.7668985018175529,0.847547613867365,6.24092757917083e-06,1.3531663903691262,1.3531663903691262,-0.2466133129946984,False,56e50dbacc2802be24e9f970b9869bdcd9cb24946fd3001f2c2ce45a2bdf00f3,False
unsb-sixdomain-expanded-phase-field-v1,RSCityscapes,RSCityscapes__0857,1,0.5,3,0.233301063585933,0.38220177870029,2.8776292677612503e-06,1.0347913020638624,1.0347913020638624,-0.6469360509128094,False,b3f72986d98665025fe4ddefff7ac7b5d5baaf87cb2cff5f732942b08df84910,False
unsb-sixdomain-expanded-phase-field-v1,RSCityscapes,RSCityscapes__0857,2,0.74,2,0.554776517706702,0.7124506634988684,3.750272290148349e-05,1.237699389787437,1.237699389787437,-0.3484971066263703,False,b3f72986d98665025fe4ddefff7ac7b5d5baaf87cb2cff5f732942b08df84910,False
unsb-sixdomain-expanded-phase-field-v1,RSCityscapes,RSCityscapes__0857,3,0.8600000000000001,2,0.7593321253650661,0.8229127859190634,4.589812875699373e-05,1.2481957651730795,1.2481957651730795,-0.2158509306554889,False,b3f72986d98665025fe4ddefff7ac7b5d5baaf87cb2cff5f732942b08df84910,False
unsb-sixdomain-expanded-phase-field-v1,RSCityscapes,RSCityscapes__0941,1,0.5,2,0.7202135806929957,0.7534385759096839,4.639097705538831e-06,1.476302133448959,1.476302133448959,-0.3117139409883076,False,71fd3740e267cdfd0b595d1672492c9a8ad6d85635d5e0f61d9d20662c93ba76,False
unsb-sixdomain-expanded-phase-field-v1,RSCityscapes,RSCityscapes__0941,2,0.74,6,0.8957850436162029,0.8957850436162029,3.899238189952747e-05,1.4122709820331465,1.4122709820331465,-0.1977142287300158,False,71fd3740e267cdfd0b595d1672492c9a8ad6d85635d5e0f61d9d20662c93ba76,False
unsb-sixdomain-expanded-phase-field-v1,RSCityscapes,RSCityscapes__0941,3,0.8600000000000001,6,0.9245698910254442,0.9245698910254442,2.21061160905478e-05,1.3593018184978671,1.3593018184978671,-0.1673761515405865,False,71fd3740e267cdfd0b595d1672492c9a8ad6d85635d5e0f61d9d20662c93ba76,False
unsb-sixdomain-expanded-phase-field-v1,RSCityscapes,RSCityscapes__1043,1,0.5,3,0.1508917417315779,0.2468471706611992,2.999524967295386e-07,0.831653158633987,0.831653158633987,-0.741276769721158,False,362ad9074ab8bb0bf63166847424a8fdbce6c873272440311991d434a61a7920,False
unsb-sixdomain-expanded-phase-field-v1,RSCityscapes,RSCityscapes__1043,2,0.74,2,0.4712141759363973,0.6147029891647836,8.659590420290186e-06,1.221054518260172,1.221054518260172,-0.4135167077516071,False,362ad9074ab8bb0bf63166847424a8fdbce6c873272440311991d434a61a7920,False
unsb-sixdomain-expanded-phase-field-v1,RSCityscapes,RSCityscapes__1043,3,0.8600000000000001,2,0.7345755123529265,0.8543077906818524,1.1926128839379048e-05,1.2835996352839074,1.2835996352839074,-0.2423931383191655,False,362ad9074ab8bb0bf63166847424a8fdbce6c873272440311991d434a61a7920,False
unsb-sixdomain-expanded-phase-field-v1,RSCityscapes,RSCityscapes__0331,1,0.5,2,0.4051901485083302,0.5330900294701297,5.113417804958331e-06,1.31250321188703,1.31250321188703,-0.5104414971567375,False,6f30d90b849fb3f6624b166359a3a2d14e8a3f4e2fab426322ebacd61154b664,False
unsb-sixdomain-expanded-phase-field-v1,RSCityscapes,RSCityscapes__0331,2,0.74,2,0.7131826134635234,0.8070480954062456,4.329033990169151e-06,1.3643026148352355,1.3643026148352355,-0.2817099644513315,False,6f30d90b849fb3f6624b166359a3a2d14e8a3f4e2fab426322ebacd61154b664,False
unsb-sixdomain-expanded-phase-field-v1,RSCityscapes,RSCityscapes__0331,3,0.8600000000000001,3,0.8600360812789604,0.8838431808511156,2.489969447116991e-05,1.3338711257494211,1.3338711257494211,-0.1905971998239857,False,6f30d90b849fb3f6624b166359a3a2d14e8a3f4e2fab426322ebacd61154b664,False
unsb-sixdomain-expanded-phase-field-v1,RSCityscapes,RSCityscapes__0321,1,0.5,3,0.2460071435792001,0.3052056520720154,1.1438009265285487e-06,1.0769956295226264,1.0769956295226264,-0.6412662225498467,False,2227c65de99c770f4f911bd9dc23b68a19ee4e45ac668f76c59e065b802c4e56,False
unsb-sixdomain-expanded-phase-field-v1,RSCityscapes,RSCityscapes__0321,2,0.74,2,0.5882684754402632,0.6617415536771022,2.2127808982919106e-06,1.2613050450759198,1.2613050450759198,-0.3312445571410245,False,2227c65de99c770f4f911bd9dc23b68a19ee4e45ac668f76c59e065b802c4e56,False
unsb-sixdomain-expanded-phase-field-v1,RSCityscapes,RSCityscapes__0321,3,0.8600000000000001,4,0.7613794446670952,0.817937520186678,1.9750643642790777e-06,1.2716853655915876,1.2716853655915876,-0.2227785257293622,False,2227c65de99c770f4f911bd9dc23b68a19ee4e45ac668f76c59e065b802c4e56,False
unsb-sixdomain-expanded-phase-field-v1,RSCityscapes,RSCityscapes__0361,1,0.5,2,0.5812414523072678,0.621493141254947,3.950758715731695e-07,1.456224911977227,1.456224911977227,-0.3988718771118374,False,8bb0591e0996028ef94ca801134336845441bf5771fa1f7e96756a5834ae28fd,False
unsb-sixdomain-expanded-phase-field-v1,RSCityscapes,RSCityscapes__0361,2,0.74,2,0.831599429242989,0.8563252234934626,2.047121931092466e-05,1.4422995779145429,1.4422995779145429,-0.2391412938306677,False,8bb0591e0996028ef94ca801134336845441bf5771fa1f7e96756a5834ae28fd,False
unsb-sixdomain-expanded-phase-field-v1,RSCityscapes,RSCityscapes__0361,3,0.8600000000000001,6,0.9310655648616564,0.9310655648616564,1.3352819018486173e-05,1.4041156309805087,1.4041156309805087,-0.1784226093396528,False,8bb0591e0996028ef94ca801134336845441bf5771fa1f7e96756a5834ae28fd,False
unsb-sixdomain-expanded-phase-field-v1,RSCityscapes,RSCityscapes__0606,1,0.5,3,0.1181835880718735,0.2332297070010978,4.2890220002256285e-06,0.7249104275896329,0.7249104275896329,-0.7877271758813809,False,e43bc7ff68d45effdb48b71fb81496819959a646baf33562290fde2983d76451,False
unsb-sixdomain-expanded-phase-field-v1,RSCityscapes,RSCityscapes__0606,2,0.74,2,0.3982434091781318,0.5698161818560727,4.68412169829513e-07,1.2019633078794325,1.2019633078794325,-0.4797426131626087,False,e43bc7ff68d45effdb48b71fb81496819959a646baf33562290fde2983d76451,False
unsb-sixdomain-expanded-phase-field-v1,RSCityscapes,RSCityscapes__0606,3,0.8600000000000001,2,0.6846331188568349,0.816964703023507,6.895922144090072e-06,1.3059469720730208,1.3059469720730208,-0.2804676386517725,False,e43bc7ff68d45effdb48b71fb81496819959a646baf33562290fde2983d76451,False
unsb-sixdomain-expanded-phase-field-v1,RSCityscapes,RSCityscapes__0083,1,0.5,4,0.8579162711786001,0.8699417909003442,5.338503441532083e-06,1.4735535297747373,1.4735535297747373,-0.2349210123842101,False,fc9cc962c0758a30b8e294dbbcdc8dbc849897ef6b9a0194378336c971d1e872,False
unsb-sixdomain-expanded-phase-field-v1,RSCityscapes,RSCityscapes__0083,2,0.74,6,0.946540794124397,0.946540794124397,9.4200329897709e-05,1.419431450421181,1.419431450421181,-0.175975087709311,False,fc9cc962c0758a30b8e294dbbcdc8dbc849897ef6b9a0194378336c971d1e872,False
unsb-sixdomain-expanded-phase-field-v1,RSCityscapes,RSCityscapes__0083,3,0.8600000000000001,6,0.9474774357546234,0.9474774357546234,0.0001849435995573,1.3659181745913132,1.3659181745913132,-0.1588558076801061,False,fc9cc962c0758a30b8e294dbbcdc8dbc849897ef6b9a0194378336c971d1e872,False
unsb-sixdomain-expanded-phase-field-v1,RSCityscapes,RSCityscapes__0252,1,0.5,3,0.2058518326598657,0.3018510964292841,1.066562819174166e-07,1.063076132372044,1.063076132372044,-0.7130096299138728,False,7b65aba99897e4a23c4c223349263dbe8c6d1449f588d0b73a7ad21a94477d1f,False
unsb-sixdomain-expanded-phase-field-v1,RSCityscapes,RSCityscapes__0252,2,0.74,2,0.5417386971325492,0.6767649779905291,1.022503620773385e-06,1.3058670426080112,1.3058670426080112,-0.3821091023762787,False,7b65aba99897e4a23c4c223349263dbe8c6d1449f588d0b73a7ad21a94477d1f,False
unsb-sixdomain-expanded-phase-field-v1,RSCityscapes,RSCityscapes__0252,3,0.8600000000000001,2,0.7813956106613524,0.833079321190521,1.570740835155071e-05,1.3283771030358518,1.3283771030358518,-0.2304504138151697,False,7b65aba99897e4a23c4c223349263dbe8c6d1449f588d0b73a7ad21a94477d1f,False
unsb-sixdomain-expanded-phase-field-v1,RSCityscapes,RSCityscapes__0300,1,0.5,3,0.246693259042263,0.2971120520970983,1.2679215100064312e-06,1.1289488366339504,1.1289488366339504,-0.6605169779309056,False,85677e4bedbade1495b3ab28332627fcd17439db8be5b5e71e6aefa196c14cc1,False
unsb-sixdomain-expanded-phase-field-v1,RSCityscapes,RSCityscapes__0300,2,0.74,2,0.6018963787031537,0.6884039270578393,1.4146684671478835e-06,1.332162090102638,1.332162090102638,-0.3450353401863329,False,85677e4bedbade1495b3ab28332627fcd17439db8be5b5e71e6aefa196c14cc1,False
unsb-sixdomain-expanded-phase-field-v1,RSCityscapes,RSCityscapes__0300,3,0.8600000000000001,2,0.8412270508231987,0.8805260186447614,5.319393288738539e-06,1.3487391981119796,1.3487391981119796,-0.2050147499125072,False,85677e4bedbade1495b3ab28332627fcd17439db8be5b5e71e6aefa196c14cc1,False
unsb-sixdomain-expanded-phase-field-v1,RSCityscapes,RSCityscapes__1142,1,0.5,3,0.3524185366156869,0.4314959971488727,1.0914294483743705e-06,1.2545790110566888,1.2545790110566888,-0.5514392740791831,False,de4ba37261a91c546b79b4160fb40fa8c63064e571a17aea36d1c31c7ee8727b,False
unsb-sixdomain-expanded-phase-field-v1,RSCityscapes,RSCityscapes__1142,2,0.74,2,0.6696863899471628,0.7740137709723913,1.1656308574359286e-05,1.355994476227291,1.355994476227291,-0.3063864475458476,False,de4ba37261a91c546b79b4160fb40fa8c63064e571a17aea36d1c31c7ee8727b,False
unsb-sixdomain-expanded-phase-field-v1,RSCityscapes,RSCityscapes__1142,3,0.8600000000000001,2,0.8679103299461166,0.9112743204978102,1.2442794632638863e-05,1.3493574751632318,1.3493574751632318,-0.1916521618869219,False,de4ba37261a91c546b79b4160fb40fa8c63064e571a17aea36d1c31c7ee8727b,False
unsb-sixdomain-expanded-phase-field-v1,RSCityscapes,RSCityscapes__0154,1,0.5,2,0.5142184619776309,0.5417895079118946,2.881616206540372e-06,1.361516106628187,1.361516106628187,-0.4228751183203796,False,ca1fbe797b87371deaf9e54738939dda5242ff791a3dedc046e0a99a4d2a0f3c,False
unsb-sixdomain-expanded-phase-field-v1,RSCityscapes,RSCityscapes__0154,2,0.74,6,0.7729580146043384,0.7729580146043384,5.694144708523474e-06,1.3830111520537234,1.3830111520537234,-0.2526697774730145,False,ca1fbe797b87371deaf9e54738939dda5242ff791a3dedc046e0a99a4d2a0f3c,False
unsb-sixdomain-expanded-phase-field-v1,RSCityscapes,RSCityscapes__0154,3,0.8600000000000001,6,0.8609682185607932,0.8609682185607932,6.109899169159938e-06,1.3437422935979837,1.3437422935979837,-0.193328866199523,False,ca1fbe797b87371deaf9e54738939dda5242ff791a3dedc046e0a99a4d2a0f3c,False
unsb-sixdomain-expanded-phase-field-v1,RSCityscapes,RSCityscapes__0157,1,0.5,3,0.2802330744728166,0.3409735966433498,9.06551546386858e-07,1.1612978898367634,1.1612978898367634,-0.6174242453677334,False,2cfad022dc90745f473904910fbbe1085ad2b290a3c28aca0f9d74de195dc109,False
unsb-sixdomain-expanded-phase-field-v1,RSCityscapes,RSCityscapes__0157,2,0.74,2,0.6041837335539333,0.6551393331315117,2.999425204119888e-05,1.3261424212252295,1.3261424212252295,-0.3414211391023097,False,2cfad022dc90745f473904910fbbe1085ad2b290a3c28aca0f9d74de195dc109,False
unsb-sixdomain-expanded-phase-field-v1,RSCityscapes,RSCityscapes__0157,3,0.8600000000000001,4,0.7506553866044599,0.7771833297208963,3.183218779367891e-05,1.3247613191685024,1.3247613191685024,-0.2466970335612141,False,2cfad022dc90745f473904910fbbe1085ad2b290a3c28aca0f9d74de195dc109,False
unsb-sixdomain-expanded-phase-field-v1,RSCityscapes,RSCityscapes__1091,1,0.5,2,0.8254900150902647,0.91943085803486,3.806443408582716e-06,1.4590751305017833,1.4590751305017833,-0.2473658305835084,False,2b6f3fb262d3dc19cc56f71bd1a264c15f3c50af548ee2b19a4cbd2cec2d4063,False
unsb-sixdomain-expanded-phase-field-v1,RSCityscapes,RSCityscapes__1091,2,0.74,2,0.9515432065006738,0.9871281845512856,5.541644506168453e-06,1.4147012252600435,1.4147012252600435,-0.1722362166890169,False,2b6f3fb262d3dc19cc56f71bd1a264c15f3c50af548ee2b19a4cbd2cec2d4063,False
unsb-sixdomain-expanded-phase-field-v1,RSCityscapes,RSCityscapes__1091,3,0.8600000000000001,4,0.9833359284205536,0.9918052224017287,9.629963908963646e-06,1.3711938968600856,1.3711938968600856,-0.1443969641612488,False,2b6f3fb262d3dc19cc56f71bd1a264c15f3c50af548ee2b19a4cbd2cec2d4063,False
unsb-sixdomain-expanded-phase-field-v1,RSCityscapes,RSCityscapes__0177,1,0.5,3,0.1542243507918357,0.2212010410582341,5.649244525507413e-07,0.866203204184475,0.866203204184475,-0.7494668351442121,False,2b8cc765000db374e4b6cafdbcb72e7dba8d0c90823cd2bbea3b9961c961060b,False
unsb-sixdomain-expanded-phase-field-v1,RSCityscapes,RSCityscapes__0177,2,0.74,2,0.4589552866113266,0.5739214443262867,9.441146064936844e-07,1.2323970429392246,1.2323970429392246,-0.4289802708120421,False,2b8cc765000db374e4b6cafdbcb72e7dba8d0c90823cd2bbea3b9961c961060b,False
unsb-sixdomain-expanded-phase-field-v1,RSCityscapes,RSCityscapes__0177,3,0.8600000000000001,4,0.6996074252675628,0.7478732230969773,4.986237196913379e-06,1.2916215963801512,1.2916215963801512,-0.2662808877605823,False,2b8cc765000db374e4b6cafdbcb72e7dba8d0c90823cd2bbea3b9961c961060b,False
unsb-sixdomain-expanded-phase-field-v1,RSCityscapes,RSCityscapes__0180,1,0.5,3,0.1436642887053636,0.2056287821312467,4.965122601729988e-06,0.8098652070668146,0.8098652070668146,-0.7510639145030398,False,9ccb2e62d9ebf912e292f9eb807f05a0885776fb854a49277fd113a942ac4ead,False
unsb-sixdomain-expanded-phase-field-v1,RSCityscapes,RSCityscapes__0180,2,0.74,2,0.4280636980972313,0.5404868738159057,1.9508047259142455e-05,1.2308439063023904,1.2308439063023904,-0.458694580784211,False,9ccb2e62d9ebf912e292f9eb807f05a0885776fb854a49277fd113a942ac4ead,False
unsb-sixdomain-expanded-phase-field-v1,RSCityscapes,RSCityscapes__0180,3,0.8600000000000001,4,0.6920746947641017,0.7325757343527615,1.302453795348768e-05,1.294173918045372,1.294173918045372,-0.2718396732288574,False,9ccb2e62d9ebf912e292f9eb807f05a0885776fb854a49277fd113a942ac4ead,False
unsb-sixdomain-expanded-phase-field-v1,RSCityscapes,RSCityscapes__0018,1,0.5,3,0.1815908014664076,0.2186386483993859,4.346994879611543e-07,0.9909645829606736,0.9909645829606736,-0.7369642876592014,False,516de7f5801d1577a12c5c66015a3a65b8dc53ff0b62d61960380ce6bd01ca6a,False
unsb-sixdomain-expanded-phase-field-v1,RSCityscapes,RSCityscapes__0018,2,0.74,2,0.5072459748083011,0.5868751918532692,5.017839294518822e-06,1.2978867305602872,1.2978867305602872,-0.4080181828541136,False,516de7f5801d1577a12c5c66015a3a65b8dc53ff0b62d61960380ce6bd01ca6a,False
unsb-sixdomain-expanded-phase-field-v1,RSCityscapes,RSCityscapes__0018,3,0.8600000000000001,4,0.7426503848820123,0.798678746741067,1.4897731996366126e-05,1.324685386711188,1.324685386711188,-0.2513283349502956,False,516de7f5801d1577a12c5c66015a3a65b8dc53ff0b62d61960380ce6bd01ca6a,False
unsb-sixdomain-expanded-phase-field-v1,RSCityscapes,RSCityscapes__0277,1,0.5,3,0.1342577416304522,0.2015951700459106,1.2291503387329428e-06,0.7909714172623957,0.7909714172623957,-0.7702214524284442,False,dd0ae4bd79a80a2ca5aa217cc8faf6c7a456fb32d00fc1cc816047c2fa4be309,False
unsb-sixdomain-expanded-phase-field-v1,RSCityscapes,RSCityscapes__0277,2,0.74,2,0.4311815673306193,0.5585020851176077,3.951059059481565e-06,1.2433813343291809,1.2433813343291809,-0.4599441566095932,False,dd0ae4bd79a80a2ca5aa217cc8faf6c7a456fb32d00fc1cc816047c2fa4be309,False
unsb-sixdomain-expanded-phase-field-v1,RSCityscapes,RSCityscapes__0277,3,0.8600000000000001,2,0.71030635778285,0.7834566847447196,7.829443570472883e-06,1.316156059723253,1.316156059723253,-0.2678616856944316,False,dd0ae4bd79a80a2ca5aa217cc8faf6c7a456fb32d00fc1cc816047c2fa4be309,False
unsb-sixdomain-expanded-phase-field-v1,RSCityscapes,RSCityscapes__0765,1,0.5,2,0.6032868858721121,0.7388321733260292,7.389332975504814e-07,1.4249209075700937,1.4249209075700937,-0.37326687401521,False,6fbc655cba5006d9eaca5612384eac6c6723c808747e200e4bd328ec6327ed0c,False
unsb-sixdomain-expanded-phase-field-v1,RSCityscapes,RSCityscapes__0765,2,0.74,2,0.8199118788057868,0.9215521508082264,1.972834360541853e-05,1.4107345973600474,1.4107345973600474,-0.2356781387915234,False,6fbc655cba5006d9eaca5612384eac6c6723c808747e200e4bd328ec6327ed0c,False
unsb-sixdomain-expanded-phase-field-v1,RSCityscapes,RSCityscapes__0765,3,0.8600000000000001,2,0.9317646801378526,0.9849209258391642,5.27362651090435e-05,1.377702467840938,1.377702467840938,-0.1698491924716188,False,6fbc655cba5006d9eaca5612384eac6c6723c808747e200e4bd328ec6327ed0c,False
unsb-sixdomain-expanded-phase-field-v1,RSCityscapes,RSCityscapes__0671,1,0.5,3,0.2401781931884148,0.3255446439611433,8.576142036531564e-07,1.0666504833351302,1.0666504833351302,-0.6474885610958123,False,6b2957a38936e005427ea7fd7b21e39c1e4836a8b36b9cee9626e45dbb3e9d12,False
unsb-sixdomain-expanded-phase-field-v1,RSCityscapes,RSCityscapes__0671,2,0.74,2,0.5489890725291754,0.687434114788869,1.350624922702437e-05,1.3055371150039752,1.3055371150039752,-0.3762255228266236,False,6b2957a38936e005427ea7fd7b21e39c1e4836a8b36b9cee9626e45dbb3e9d12,False
unsb-sixdomain-expanded-phase-field-v1,RSCityscapes,RSCityscapes__0671,3,0.8600000000000001,2,0.7843680293440833,0.8745658923989668,3.303465647341852e-05,1.3301919644662297,1.3301919644662297,-0.2293944363679359,False,6b2957a38936e005427ea7fd7b21e39c1e4836a8b36b9cee9626e45dbb3e9d12,False
unsb-sixdomain-expanded-phase-field-v1,SnowTrafficData,SnowTrafficData__0264,1,0.5,2,0.1606360472480909,0.1661165159988214,9.051317440000872e-07,0.4195736325181765,0.4195736325181765,-0.4169651788213721,False,915aa7a3e1f32c86c89c3934770b08581f007fd0ef66fd48e79fa50f193d7e76,False
unsb-sixdomain-expanded-phase-field-v1,SnowTrafficData,SnowTrafficData__0264,2,0.74,6,0.4401732418884271,0.4401732418884271,6.196696581861616e-06,0.9136570600487744,0.9136570600487744,-0.3171595761901832,False,915aa7a3e1f32c86c89c3934770b08581f007fd0ef66fd48e79fa50f193d7e76,False
unsb-sixdomain-expanded-phase-field-v1,SnowTrafficData,SnowTrafficData__0264,3,0.8600000000000001,6,0.7247043403848633,0.7247043403848633,5.198295468744618e-06,0.7770519426536752,0.7770519426536752,-0.0302891881364866,False,915aa7a3e1f32c86c89c3934770b08581f007fd0ef66fd48e79fa50f193d7e76,False
unsb-sixdomain-expanded-phase-field-v1,SnowTrafficData,SnowTrafficData__0736,1,0.5,6,0.4576130195434466,0.4576130195434466,5.623468244397856e-07,0.8945013163555876,0.8945013163555876,-0.2910826119460673,False,4b2de32f2b37e2b45017df22e287b520c6d7f9a450a87b5f5e6fb44cc25fa114,False
unsb-sixdomain-expanded-phase-field-v1,SnowTrafficData,SnowTrafficData__0736,2,0.74,6,0.7799225693884515,0.7799225693884515,6.065484958739376e-07,0.7953848814208817,0.7953848814208817,-0.0085258435808921,False,4b2de32f2b37e2b45017df22e287b520c6d7f9a450a87b5f5e6fb44cc25fa114,False
unsb-sixdomain-expanded-phase-field-v1,SnowTrafficData,SnowTrafficData__0736,3,0.8600000000000001,6,0.9546922053761764,0.9546922053761764,2.314092035882176e-06,0.6171344035959552,0.6171344035959552,0.1894836189163987,True,4b2de32f2b37e2b45017df22e287b520c6d7f9a450a87b5f5e6fb44cc25fa114,False
unsb-sixdomain-expanded-phase-field-v1,SnowTrafficData,SnowTrafficData__1042,1,0.5,6,0.4376979386349737,0.4376979386349737,7.857212047213125e-06,0.798237045837568,0.798237045837568,-0.260957378053476,False,418efde3ac852f94dbd2b3740f65d285d7a967ca3d4b3623e15350cdd79fccef,False
unsb-sixdomain-expanded-phase-field-v1,SnowTrafficData,SnowTrafficData__1042,2,0.74,6,0.7310302612425897,0.7310302612425897,3.668196482120578e-07,0.7577407365018973,0.7577407365018973,-0.0155852806590962,False,418efde3ac852f94dbd2b3740f65d285d7a967ca3d4b3623e15350cdd79fccef,False
unsb-sixdomain-expanded-phase-field-v1,SnowTrafficData,SnowTrafficData__1042,3,0.8600000000000001,6,0.9052392668113318,0.9052392668113318,3.2369949016786137e-06,0.617247880189592,0.617247880189592,0.1663037770898193,True,418efde3ac852f94dbd2b3740f65d285d7a967ca3d4b3623e15350cdd79fccef,False
unsb-sixdomain-expanded-phase-field-v1,SnowTrafficData,SnowTrafficData__1085,1,0.5,6,0.931529434689306,0.931529434689306,6.6176530686412605e-06,0.725062691083818,0.725062691083818,0.1088210237983264,True,2068ab755fe88baa0a3820c651042cc20c91d6582f90d464fc7a2c39c4d2cfd9,False
unsb-sixdomain-expanded-phase-field-v1,SnowTrafficData,SnowTrafficData__1085,2,0.74,6,1.0750706945681745,1.0750706945681745,1.7415614292914938e-06,0.5719674125019325,0.5719674125019325,0.27406573772295,True,2068ab755fe88baa0a3820c651042cc20c91d6582f90d464fc7a2c39c4d2cfd9,False
unsb-sixdomain-expanded-phase-field-v1,SnowTrafficData,SnowTrafficData__1085,3,0.8600000000000001,6,1.107427407631512,1.107427407631512,4.854952337773888e-05,0.4951766098154262,0.4951766098154262,0.3495551454846013,True,2068ab755fe88baa0a3820c651042cc20c91d6582f90d464fc7a2c39c4d2cfd9,False
unsb-sixdomain-expanded-phase-field-v1,SnowTrafficData,SnowTrafficData__1158,1,0.5,2,0.3657459298976597,0.3756459960832409,1.2569275229523669e-06,1.2126874738628175,1.2126874738628175,-0.5205693897630985,False,18e6316ce8adf954ed0557fe8106a14da63f1cfd2b53e42d859925d88d3e5fc5,False
unsb-sixdomain-expanded-phase-field-v1,SnowTrafficData,SnowTrafficData__1158,2,0.74,6,0.7230335441408965,0.7230335441408965,4.416952100960714e-06,0.9989208511526128,0.9989208511526128,-0.1403726322931796,False,18e6316ce8adf954ed0557fe8106a14da63f1cfd2b53e42d859925d88d3e5fc5,False
unsb-sixdomain-expanded-phase-field-v1,SnowTrafficData,SnowTrafficData__1158,3,0.8600000000000001,6,0.904415416922126,0.904415416922126,2.31706051168068e-06,0.6934451249209086,0.6934451249209086,0.1153558575292211,True,18e6316ce8adf954ed0557fe8106a14da63f1cfd2b53e42d859925d88d3e5fc5,False
unsb-sixdomain-expanded-phase-field-v1,SnowTrafficData,SnowTrafficData__1081,1,0.5,2,0.7640620616318118,0.8127401848019692,3.0394443734094168e-06,0.402299955279331,0.402299955279331,0.2785786516758903,True,4eca16bd7f69baf5e2df2b1d2563d4e53726caa796bac2ef536115faf2cd56a0,False
unsb-sixdomain-expanded-phase-field-v1,SnowTrafficData,SnowTrafficData__1081,2,0.74,6,0.979576862854588,0.979576862854588,2.8928416450080263e-06,0.4230351837045103,0.4230351837045103,0.3646620297275396,True,4eca16bd7f69baf5e2df2b1d2563d4e53726caa796bac2ef536115faf2cd56a0,False
unsb-sixdomain-expanded-phase-field-v1,SnowTrafficData,SnowTrafficData__1081,3,0.8600000000000001,6,1.035639811044913,1.035639811044913,2.06734303417333e-05,0.4285123569618457,0.4285123569618457,0.3832453866634577,True,4eca16bd7f69baf5e2df2b1d2563d4e53726caa796bac2ef536115faf2cd56a0,False
unsb-sixdomain-expanded-phase-field-v1,SnowTrafficData,SnowTrafficData__0340,1,0.5,2,0.9201027557177256,0.9491553694719452,1.6565266632184716e-05,0.5270981928635632,0.5270981928635632,0.2419448041652996,True,956c8ae4b8558a745679486f4965c32f0b8a0bf3e7232904f66b3e1c65e5a480,False
unsb-sixdomain-expanded-phase-field-v1,SnowTrafficData,SnowTrafficData__0340,2,0.74,6,1.072658542659993,1.072658542659993,4.048033509507221e-07,0.5039522151580029,0.5039522151580029,0.3280721373192375,True,956c8ae4b8558a745679486f4965c32f0b8a0bf3e7232904f66b3e1c65e5a480,False
unsb-sixdomain-expanded-phase-field-v1,SnowTrafficData,SnowTrafficData__0340,3,0.8600000000000001,6,1.0923550531776596,1.0923550531776596,6.162282150223852e-06,0.4792649821756666,0.4792649821756666,0.357788123916354,True,956c8ae4b8558a745679486f4965c32f0b8a0bf3e7232904f66b3e1c65e5a480,False
unsb-sixdomain-expanded-phase-field-v1,SnowTrafficData,SnowTrafficData__1117,1,0.5,2,0.2060588701395466,0.2126464657928879,2.6730013853448757e-06,0.546477611465034,0.546477611465034,-0.4235810599466785,False,695393ef56b51f7b19b4db7448e7e56bea7a2a21a1dfdb2caad445d93be4a7a0,False
unsb-sixdomain-expanded-phase-field-v1,SnowTrafficData,SnowTrafficData__1117,2,0.74,6,0.5074751568903911,0.5074751568903911,8.880958730639321e-07,0.9740761966614652,0.9740761966614652,-0.2831781441852522,False,695393ef56b51f7b19b4db7448e7e56bea7a2a21a1dfdb2caad445d93be4a7a0,False
unsb-sixdomain-expanded-phase-field-v1,SnowTrafficData,SnowTrafficData__1117,3,0.8600000000000001,6,0.7702010588952498,0.7702010588952498,1.165941793768166e-05,0.7865534982928649,0.7865534982928649,-0.0091241556080521,False,695393ef56b51f7b19b4db7448e7e56bea7a2a21a1dfdb2caad445d93be4a7a0,False
unsb-sixdomain-expanded-phase-field-v1,SnowTrafficData,SnowTrafficData__0398,1,0.5,6,0.5084389720977331,0.5084389720977331,2.2382979998347707e-06,1.0002482098031686,1.0002482098031686,-0.2938689507277662,False,d0fa04e8791a7296c47aec60a5b27975747b7685ed65f2b141d2bab9f5585c76,False
unsb-sixdomain-expanded-phase-field-v1,SnowTrafficData,SnowTrafficData__0398,2,0.74,6,0.8115125021509805,0.8115125021509805,1.8698244768078357e-05,0.8098494227519681,0.8098494227519681,0.0008909379801854,True,d0fa04e8791a7296c47aec60a5b27975747b7685ed65f2b141d2bab9f5585c76,False
unsb-sixdomain-expanded-phase-field-v1,SnowTrafficData,SnowTrafficData__0398,3,0.8600000000000001,6,0.9568348559281604,0.9568348559281604,1.6819693946401593e-05,0.6245711919454637,0.6245711919454637,0.1852550388436232,True,d0fa04e8791a7296c47aec60a5b27975747b7685ed65f2b141d2bab9f5585c76,False
unsb-sixdomain-expanded-phase-field-v1,SnowTrafficData,SnowTrafficData__0842,1,0.5,6,0.9181585827460196,0.9181585827460196,1.681882046966621e-06,0.7436082264584941,0.7436082264584941,0.0915735125837855,True,679c86f29826bcf4ee04c701fc3d75cdab7e0fce7c71ccfb885728f1e6ec05be,False
unsb-sixdomain-expanded-phase-field-v1,SnowTrafficData,SnowTrafficData__0842,2,0.74,6,1.063518430979067,1.063518430979067,5.578709284081995e-06,0.5854342100711254,0.5854342100711254,0.2592669237077604,True,679c86f29826bcf4ee04c701fc3d75cdab7e0fce7c71ccfb885728f1e6ec05be,False
unsb-sixdomain-expanded-phase-field-v1,SnowTrafficData,SnowTrafficData__0842,3,0.8600000000000001,6,1.0911791339675918,1.0911791339675918,1.2831640927135624e-05,0.5088151918595407,0.5088151918595407,0.3313359829067012,True,679c86f29826bcf4ee04c701fc3d75cdab7e0fce7c71ccfb885728f1e6ec05be,False
unsb-sixdomain-expanded-phase-field-v1,SnowTrafficData,SnowTrafficData__1207,1,0.5,6,0.6675085413452848,0.6675085413452848,5.174216223147177e-06,0.2745213860359837,0.2745213860359837,0.3858806443008394,True,e521be8c6968ca180697964d2f205b6ca3508310a3ea940ea1084cd06b9faced,False
unsb-sixdomain-expanded-phase-field-v1,SnowTrafficData,SnowTrafficData__1207,2,0.74,6,0.9113499438768,0.9113499438768,3.427810643219509e-06,0.3383119602600875,0.3383119602600875,0.4303678196017285,True,e521be8c6968ca180697964d2f205b6ca3508310a3ea940ea1084cd06b9faced,False
unsb-sixdomain-expanded-phase-field-v1,SnowTrafficData,SnowTrafficData__1207,3,0.8600000000000001,6,1.0013004712595346,1.0013004712595346,1.741168571989249e-05,0.3747930907374208,0.3747930907374208,0.4267728444378594,True,e521be8c6968ca180697964d2f205b6ca3508310a3ea940ea1084cd06b9faced,False
unsb-sixdomain-expanded-phase-field-v1,SnowTrafficData,SnowTrafficData__0023,1,0.5,6,0.552579758007655,0.552579758007655,6.525047993033439e-07,1.4100150153904845,1.4100150153904845,-0.4068287656424119,False,2b2747c93874757086abbf7f2be68ce554e0a80525256f583b2598596abdb0d6,False
unsb-sixdomain-expanded-phase-field-v1,SnowTrafficData,SnowTrafficData__0023,2,0.74,6,0.8658211288981935,0.8658211288981935,1.4474508533424135e-05,0.8816456112817127,0.8816456112817127,-0.0078658701640573,False,2b2747c93874757086abbf7f2be68ce554e0a80525256f583b2598596abdb0d6,False
unsb-sixdomain-expanded-phase-field-v1,SnowTrafficData,SnowTrafficData__0023,3,0.8600000000000001,6,0.9702771647925312,0.9702771647925312,5.493880888218783e-06,0.6232868318312331,0.6232868318312331,0.192207858841144,True,2b2747c93874757086abbf7f2be68ce554e0a80525256f583b2598596abdb0d6,False
unsb-sixdomain-expanded-phase-field-v1,SnowTrafficData,SnowTrafficData__1180,1,0.5,6,0.9031899289285584,0.9031899289285584,8.328057068962558e-06,0.7628486411784663,0.7628486411784663,0.0733407093354736,True,ed99988de69a3b2a9ea0d66d27e9f904652d3aa46be2301489b14e8c867912df,False
unsb-sixdomain-expanded-phase-field-v1,SnowTrafficData,SnowTrafficData__1180,2,0.74,6,1.0572860670523985,1.0572860670523985,6.012999056448365e-07,0.5966595406136698,0.5966595406136698,0.2484659196941058,True,ed99988de69a3b2a9ea0d66d27e9f904652d3aa46be2301489b14e8c867912df,False
unsb-sixdomain-expanded-phase-field-v1,SnowTrafficData,SnowTrafficData__1180,3,0.8600000000000001,6,1.0874083564756138,1.0874083564756138,2.045600963751504e-05,0.5137826085881777,0.5137826085881777,0.3256132667079151,True,ed99988de69a3b2a9ea0d66d27e9f904652d3aa46be2301489b14e8c867912df,False
unsb-sixdomain-expanded-phase-field-v1,SnowTrafficData,SnowTrafficData__1230,1,0.5,6,0.7841184636721252,0.7841184636721252,7.063818889152529e-06,0.885340410258803,0.885340410258803,-0.0527286071739251,False,d334e21c1ecbd3167e522e4bd4028abac7b5f7349d582c4c6925cb706ada150b,False
unsb-sixdomain-expanded-phase-field-v1,SnowTrafficData,SnowTrafficData__1230,2,0.74,6,0.9961519726618372,0.9961519726618372,1.151500732188282e-05,0.6608590964709176,0.6608590964709176,0.1782167270488735,True,d334e21c1ecbd3167e522e4bd4028abac7b5f7349d582c4c6925cb706ada150b,False
unsb-sixdomain-expanded-phase-field-v1,SnowTrafficData,SnowTrafficData__1230,3,0.8600000000000001,6,1.062854810150487,1.062854810150487,4.539126838620788e-06,0.552141490168236,0.552141490168236,0.2844235593332677,True,d334e21c1ecbd3167e522e4bd4028abac7b5f7349d582c4c6925cb706ada150b,False
unsb-sixdomain-expanded-phase-field-v1,SnowTrafficData,SnowTrafficData__0701,1,0.5,6,0.682608454871553,0.682608454871553,4.634646878831639e-06,0.2773406123661022,0.2773406123661022,0.3911581930624361,True,9dfb8c63c7bfcbdf01c66eb355d8c4cb818a0feb1b06909a407bd8df8b4722a9,False
unsb-sixdomain-expanded-phase-field-v1,SnowTrafficData,SnowTrafficData__0701,2,0.74,6,0.9115440540376156,0.9115440540376156,2.2597478408492577e-05,0.3451087256439779,0.3451087256439779,0.4218217225023928,True,9dfb8c63c7bfcbdf01c66eb355d8c4cb818a0feb1b06909a407bd8df8b4722a9,False
unsb-sixdomain-expanded-phase-field-v1,SnowTrafficData,SnowTrafficData__0701,3,0.8600000000000001,6,0.9975220636026892,0.9975220636026892,1.220980016536366e-06,0.3771317455857547,0.3771317455857547,0.4224294190856194,True,9dfb8c63c7bfcbdf01c66eb355d8c4cb818a0feb1b06909a407bd8df8b4722a9,False
unsb-sixdomain-expanded-phase-field-v1,SnowTrafficData,SnowTrafficData__0612,1,0.5,6,0.6476636811879259,0.6476636811879259,2.707499995868723e-06,1.350204746972505,1.350204746972505,-0.3190500865674305,False,5d14bb0d7c85557bed3355c55fc6c40f08e52e6d88e1c96f87d56a8694b37665,False
unsb-sixdomain-expanded-phase-field-v1,SnowTrafficData,SnowTrafficData__0612,2,0.74,6,0.9365254269665646,0.9365254269665646,1.3950317816480151e-06,0.8069259482243818,0.8069259482243818,0.0646858918576065,True,5d14bb0d7c85557bed3355c55fc6c40f08e52e6d88e1c96f87d56a8694b37665,False
unsb-sixdomain-expanded-phase-field-v1,SnowTrafficData,SnowTrafficData__0612,3,0.8600000000000001,6,1.0245116344940286,1.0245116344940286,3.665145467734998e-05,0.5812371743593621,0.5812371743593621,0.2461635118563248,True,5d14bb0d7c85557bed3355c55fc6c40f08e52e6d88e1c96f87d56a8694b37665,False
unsb-sixdomain-expanded-phase-field-v1,SnowTrafficData,SnowTrafficData__1091,1,0.5,6,0.784031935227282,0.784031935227282,7.962333405275857e-06,1.248834631763818,1.248834631763818,-0.2021711810075337,False,1283ab1c473512c56c37ea32cf4cef92641863f2c25f0a8ce71338dd7325077b,False
unsb-sixdomain-expanded-phase-field-v1,SnowTrafficData,SnowTrafficData__1091,2,0.74,6,1.0195527686484134,1.0195527686484134,1.38409380692206e-05,0.7478997796005812,0.7478997796005812,0.1345663030878457,True,1283ab1c473512c56c37ea32cf4cef92641863f2c25f0a8ce71338dd7325077b,False
unsb-sixdomain-expanded-phase-field-v1,SnowTrafficData,SnowTrafficData__1091,3,0.8600000000000001,6,1.073456653063358,1.073456653063358,9.2158292497313e-06,0.560253324789239,0.560253324789239,0.282400069499626,True,1283ab1c473512c56c37ea32cf4cef92641863f2c25f0a8ce71338dd7325077b,False
unsb-sixdomain-expanded-phase-field-v1,SnowTrafficData,SnowTrafficData__0207,1,0.5,6,0.7532314166382788,0.7532314166382788,4.324876305306091e-06,0.2998986207681017,0.2998986207681017,0.3999539573265006,True,5c5c1de32ea3a9420ed6168d1d446c1c75ffd14f026f406008da936c7cf31193,False
unsb-sixdomain-expanded-phase-field-v1,SnowTrafficData,SnowTrafficData__0207,2,0.74,6,0.9619513355323864,0.9619513355323864,2.0136447951291103e-05,0.3522272793882639,0.3522272793882639,0.4363301136448319,True,5c5c1de32ea3a9420ed6168d1d446c1c75ffd14f026f406008da936c7cf31193,False
unsb-sixdomain-expanded-phase-field-v1,SnowTrafficData,SnowTrafficData__0207,3,0.8600000000000001,6,1.030319563893273,1.030319563893273,3.44660233202454e-05,0.377892648675887,0.377892648675887,0.4356035029015264,True,5c5c1de32ea3a9420ed6168d1d446c1c75ffd14f026f406008da936c7cf31193,False
unsb-sixdomain-expanded-phase-field-v1,SnowTrafficData,SnowTrafficData__0111,1,0.5,2,0.832454560640663,0.8734127917387442,7.063967244480551e-06,0.3598503196768031,0.3598503196768031,0.3642386441167854,True,ec3819a226df8cd213991ef851e3d71707188c293a79ad582563143d6af03494,False
unsb-sixdomain-expanded-phase-field-v1,SnowTrafficData,SnowTrafficData__0111,2,0.74,2,1.0176570750880098,1.0247716920757723,1.2055642188979476e-06,0.3974447248572763,0.3974447248572763,0.4083247191820082,True,ec3819a226df8cd213991ef851e3d71707188c293a79ad582563143d6af03494,False
unsb-sixdomain-expanded-phase-field-v1,SnowTrafficData,SnowTrafficData__0111,3,0.8600000000000001,6,1.0493015649765218,1.0493015649765218,2.3344159117755225e-05,0.4127130277176164,0.4127130277176164,0.405252142536568,True,ec3819a226df8cd213991ef851e3d71707188c293a79ad582563143d6af03494,False
unsb-sixdomain-expanded-phase-field-v1,SnowTrafficData,SnowTrafficData__0637,1,0.5,6,0.529763064424216,0.529763064424216,6.97236452684713e-07,1.3895427602773578,1.3895427602773578,-0.418790240224781,False,6922daa5fbb093dde7e06238e5c1393db75c067255e7612d0b1eb735600d5a25,False
unsb-sixdomain-expanded-phase-field-v1,SnowTrafficData,SnowTrafficData__0637,2,0.74,6,0.8490952626833492,0.8490952626833492,4.308647207906802e-07,0.8756365937132534,0.8756365937132534,-0.0133674850189468,False,6922daa5fbb093dde7e06238e5c1393db75c067255e7612d0b1eb735600d5a25,False
unsb-sixdomain-expanded-phase-field-v1,SnowTrafficData,SnowTrafficData__0637,3,0.8600000000000001,6,0.9607013893918376,0.9607013893918376,1.0894703540209603e-05,0.61626097919629,0.61626097919629,0.1928237491224031,True,6922daa5fbb093dde7e06238e5c1393db75c067255e7612d0b1eb735600d5a25,False
unsb-sixdomain-expanded-phase-field-v1,SnowTrafficData,SnowTrafficData__0712,1,0.5,6,0.5375065475462666,0.5375065475462666,2.209727245627846e-06,1.392400161155237,1.392400161155237,-0.413380305971054,False,3d386cb25975d5fafb8b75364245341b15efb4f5f6cf1650cd164d49b8cbbc1c,False
unsb-sixdomain-expanded-phase-field-v1,SnowTrafficData,SnowTrafficData__0712,2,0.74,6,0.8543750429358292,0.8543750429358292,8.444372719962345e-07,0.87213798693902,0.87213798693902,-0.0089366493437701,False,3d386cb25975d5fafb8b75364245341b15efb4f5f6cf1650cd164d49b8cbbc1c,False
unsb-sixdomain-expanded-phase-field-v1,SnowTrafficData,SnowTrafficData__0712,3,0.8600000000000001,6,0.9583953797301016,0.9583953797301016,2.198270502629107e-06,0.6146490162730172,0.6146490162730172,0.1929175205031728,True,3d386cb25975d5fafb8b75364245341b15efb4f5f6cf1650cd164d49b8cbbc1c,False
unsb-sixdomain-expanded-phase-field-v1,SnowTrafficData,SnowTrafficData__0431,1,0.5,6,0.4279442840716966,0.4279442840716966,1.847932499132732e-06,0.859939234915165,0.859939234915165,-0.3030805341755335,False,85859dc70f747d4dbd63011f381a27200ce40efd82cbf2b3bb86592c157dfa01,False
unsb-sixdomain-expanded-phase-field-v1,SnowTrafficData,SnowTrafficData__0431,2,0.74,6,0.7500593349604401,0.7500593349604401,5.380940127697187e-06,0.8128249130744749,0.8128249130744749,-0.0349013857709282,False,85859dc70f747d4dbd63011f381a27200ce40efd82cbf2b3bb86592c157dfa01,False
unsb-sixdomain-expanded-phase-field-v1,SnowTrafficData,SnowTrafficData__0431,3,0.8600000000000001,6,0.9279793048722824,0.9279793048722824,3.37424299057254e-07,0.6339892920034564,0.6339892920034564,0.1654563682366806,True,85859dc70f747d4dbd63011f381a27200ce40efd82cbf2b3bb86592c157dfa01,False
unsb-sixdomain-expanded-phase-field-v1,SnowTrafficData,SnowTrafficData__0570,1,0.5,2,0.7414929660089484,0.7750446211402122,8.17453469803553e-06,0.3093249505586042,0.3093249505586042,0.3796920833731577,True,fa5f9f75ba56660247a0bc31bc2247719a91ec68b679145decfba7a2dba83293,False
unsb-sixdomain-expanded-phase-field-v1,SnowTrafficData,SnowTrafficData__0570,2,0.74,6,0.974814811813069,0.974814811813069,3.667156179165687e-06,0.3602525746301079,0.3602525746301079,0.4323150261596449,True,fa5f9f75ba56660247a0bc31bc2247719a91ec68b679145decfba7a2dba83293,False
unsb-sixdomain-expanded-phase-field-v1,SnowTrafficData,SnowTrafficData__0570,3,0.8600000000000001,6,1.036687669402359,1.036687669402359,2.386314369795528e-05,0.3845796476745783,0.3845796476745783,0.4306616357404202,True,fa5f9f75ba56660247a0bc31bc2247719a91ec68b679145decfba7a2dba83293,False
unsb-sixdomain-expanded-phase-field-v1,SnowTrafficData,SnowTrafficData__1254,1,0.5,2,0.9145806403877113,0.9246434943912344,1.2893333968366782e-05,0.5224183464301806,0.5224183464301806,0.2432035838984965,True,82f007e01e25276464ed0194cd9ee54a04c1ad42f52267426fbb0204b39ecd24,False
unsb-sixdomain-expanded-phase-field-v1,SnowTrafficData,SnowTrafficData__1254,2,0.74,6,1.040566748415757,1.040566748415757,4.397489107299535e-06,0.4902896964983468,0.4902896964983468,0.3268171771997085,True,82f007e01e25276464ed0194cd9ee54a04c1ad42f52267426fbb0204b39ecd24,False
unsb-sixdomain-expanded-phase-field-v1,SnowTrafficData,SnowTrafficData__1254,3,0.8600000000000001,6,1.0697493129808084,1.0697493129808084,5.3929321299439614e-05,0.4685964162796323,0.4685964162796323,0.3584830533542102,True,82f007e01e25276464ed0194cd9ee54a04c1ad42f52267426fbb0204b39ecd24,False
unsb-sixdomain-expanded-phase-field-v1,SnowTrafficData,SnowTrafficData__0521,1,0.5,6,0.4044115398330037,0.4044115398330037,3.1230324261111164e-06,0.8466743511328101,0.8466743511328101,-0.3208928639650132,False,47f5fe438fb516b746735d2ec2ef696427b86374f7cc84b02d97c7ef3b1506cb,False
unsb-sixdomain-expanded-phase-field-v1,SnowTrafficData,SnowTrafficData__0521,2,0.74,6,0.7154128192548391,0.7154128192548391,5.327083723027926e-07,0.8430273618108739,0.8430273618108739,-0.071284952712916,False,47f5fe438fb516b746735d2ec2ef696427b86374f7cc84b02d97c7ef3b1506cb,False
unsb-sixdomain-expanded-phase-field-v1,SnowTrafficData,SnowTrafficData__0521,3,0.8600000000000001,6,0.894716583687895,0.894716583687895,3.021506498046556e-05,0.6602476677427986,0.6602476677427986,0.1319786113413313,True,47f5fe438fb516b746735d2ec2ef696427b86374f7cc84b02d97c7ef3b1506cb,False
unsb-sixdomain-expanded-phase-field-v1,SnowTrafficData,SnowTrafficData__0114,1,0.5,2,0.5939710339412094,0.6398086863272551,4.993225352967201e-06,0.2766960523073386,0.2766960523073386,0.3317623033545619,True,86164b9b7b0b728706c168a58007813c8a67234d9d67edadc5cbc8b613b4874a,False
unsb-sixdomain-expanded-phase-field-v1,SnowTrafficData,SnowTrafficData__0114,2,0.74,6,0.8582929422568658,0.8582929422568658,1.3571464334338756e-05,0.3535136747625156,0.3535136747625156,0.3852293233181889,True,86164b9b7b0b728706c168a58007813c8a67234d9d67edadc5cbc8b613b4874a,False
unsb-sixdomain-expanded-phase-field-v1,SnowTrafficData,SnowTrafficData__0114,3,0.8600000000000001,6,0.9602729579230004,0.9602729579230004,1.2622051263844192e-05,0.3945965898840853,0.3945965898840853,0.3862413711991563,True,86164b9b7b0b728706c168a58007813c8a67234d9d67edadc5cbc8b613b4874a,False
unsb-sixdomain-expanded-phase-field-v1,SnowTrafficData,SnowTrafficData__1077,1,0.5,2,0.6162904902292488,0.6658988757602193,8.058636381980122e-06,0.2931950142382473,0.2931950142382473,0.3226288854468407,True,cbb65dc4a0873d152baf359c82c45e31d3b7d2c64cf199c2506cf3dec897cd72,False
unsb-sixdomain-expanded-phase-field-v1,SnowTrafficData,SnowTrafficData__1077,2,0.74,6,0.8788078713612413,0.8788078713612413,7.602902143521994e-06,0.3665645824497512,0.3665645824497512,0.3797434371558802,True,cbb65dc4a0873d152baf359c82c45e31d3b7d2c64cf199c2506cf3dec897cd72,False
unsb-sixdomain-expanded-phase-field-v1,SnowTrafficData,SnowTrafficData__1077,3,0.8600000000000001,6,0.9658610650596944,0.9658610650596944,4.279662795081407e-05,0.4008611012099985,0.4008611012099985,0.3819207443289063,True,cbb65dc4a0873d152baf359c82c45e31d3b7d2c64cf199c2506cf3dec897cd72,False
unsb-sixdomain-expanded-phase-field-v1,SnowTrafficData,SnowTrafficData__0247,1,0.5,6,0.675974696557149,0.675974696557149,3.5851194286617982e-06,0.2835137695975644,0.2835137695975644,0.3773562831003508,True,6eca2d4272f247cb891e3602c17e2615bf897a8e61f9b2c8bac47a661806eda4,False
unsb-sixdomain-expanded-phase-field-v1,SnowTrafficData,SnowTrafficData__0247,2,0.74,6,0.9147182889541008,0.9147182889541008,2.0394825346325973e-06,0.3481623585441598,0.3481623585441598,0.4195055467732935,True,6eca2d4272f247cb891e3602c17e2615bf897a8e61f9b2c8bac47a661806eda4,False
unsb-sixdomain-expanded-phase-field-v1,SnowTrafficData,SnowTrafficData__0247,3,0.8600000000000001,6,1.0006440262569385,1.0006440262569385,9.363502617232287e-05,0.3812566835134057,0.3812566835134057,0.4190621413221779,True,6eca2d4272f247cb891e3602c17e2615bf897a8e61f9b2c8bac47a661806eda4,False
unsb-sixdomain-expanded-phase-field-v1,SnowTrafficData,SnowTrafficData__0360,1,0.5,2,1.0071038262104015,1.017763573845148,2.236817834733173e-06,0.4964298386725697,0.4964298386725697,0.3072163684078332,True,27039a1b66ce97218f8d9e2ba8189e6fade6e410bfa095c8e158e2c04c963c58,False
unsb-sixdomain-expanded-phase-field-v1,SnowTrafficData,SnowTrafficData__0360,2,0.74,6,1.076671690304309,1.076671690304309,1.8349122208327628e-06,0.4732190042379598,0.4732190042379598,0.3570211166335696,True,27039a1b66ce97218f8d9e2ba8189e6fade6e410bfa095c8e158e2c04c963c58,False
unsb-sixdomain-expanded-phase-field-v1,SnowTrafficData,SnowTrafficData__0360,3,0.8600000000000001,6,1.062463579531547,1.062463579531547,2.2528946655997476e-05,0.4574448477772439,0.4574448477772439,0.3659753112029422,True,27039a1b66ce97218f8d9e2ba8189e6fade6e410bfa095c8e158e2c04c963c58,False
unsb-sixdomain-expanded-phase-field-v1,SnowTrafficData,SnowTrafficData__0409,1,0.5,6,0.9220268620054664,0.9220268620054664,1.264998836159048e-05,0.5988607914881123,0.5988607914881123,0.1874176938594512,True,651efe2507d9f8292af311b2ed7e9d00303beb05c63810194cbd56aaa63804b6,False
unsb-sixdomain-expanded-phase-field-v1,SnowTrafficData,SnowTrafficData__0409,2,0.74,6,1.0755527699451597,1.0755527699451597,3.503762948087186e-05,0.5374879768556069,0.5374879768556069,0.3012629691744412,True,651efe2507d9f8292af311b2ed7e9d00303beb05c63810194cbd56aaa63804b6,False
unsb-sixdomain-expanded-phase-field-v1,SnowTrafficData,SnowTrafficData__0409,3,0.8600000000000001,6,1.1052066469349653,1.1052066469349653,8.112870884868784e-06,0.4972603374763901,0.4972603374763901,0.3468596678079259,True,651efe2507d9f8292af311b2ed7e9d00303beb05c63810194cbd56aaa63804b6,False
unsb-sixdomain-expanded-phase-field-v1,SnowTrafficData,SnowTrafficData__0869,1,0.5,2,0.7512663590742018,0.7573407650270565,2.136920508433171e-06,0.3014042353418289,0.3014042353418289,0.3966445912780596,True,d3fbe6ee62da4dc8a9e864684eb9fe1714b66ad700b80065754480b353a85b7e,False
unsb-sixdomain-expanded-phase-field-v1,SnowTrafficData,SnowTrafficData__0869,2,0.74,6,0.9611834902358248,0.9611834902358248,2.950965189540966e-06,0.3580919460908378,0.3580919460908378,0.4288117492099243,True,d3fbe6ee62da4dc8a9e864684eb9fe1714b66ad700b80065754480b353a85b7e,False
unsb-sixdomain-expanded-phase-field-v1,SnowTrafficData,SnowTrafficData__0869,3,0.8600000000000001,6,1.0296533095297808,1.0296533095297808,2.396041465568821e-06,0.3836966259548006,0.3836966259548006,0.4287030395131233,True,d3fbe6ee62da4dc8a9e864684eb9fe1714b66ad700b80065754480b353a85b7e,False
unsb-sixdomain-expanded-phase-field-v1,SnowTrafficData,SnowTrafficData__1159,1,0.5,2,0.966895735275624,0.9733689908932186,5.585792548501445e-07,0.4729261954249141,0.4729261954249141,0.3105862743838359,True,d368fb81771fae75dde5f2f68de686e7e07cda2c1c39ef04f12b280c361f2b79,False
unsb-sixdomain-expanded-phase-field-v1,SnowTrafficData,SnowTrafficData__1159,2,0.74,6,1.0608287613148089,1.0608287613148089,1.4799264404619096e-05,0.4698447634728435,0.4698447634728435,0.3536908949559594,True,d368fb81771fae75dde5f2f68de686e7e07cda2c1c39ef04f12b280c361f2b79,False
unsb-sixdomain-expanded-phase-field-v1,SnowTrafficData,SnowTrafficData__1159,3,0.8600000000000001,6,1.0566303084010915,1.0566303084010915,5.871137489399381e-06,0.4603939793300859,0.4603939793300859,0.3607934282054448,True,d368fb81771fae75dde5f2f68de686e7e07cda2c1c39ef04f12b280c361f2b79,False
unsb-sixdomain-expanded-phase-field-v1,SnowTrafficData,SnowTrafficData__0809,1,0.5,2,0.3444855339308642,0.3498926843376574,1.1138908312391391e-06,1.188832284835384,1.188832284835384,-0.5379496014203223,False,38d2fad219cd4111f5637bb4fb1ba9e2f9246623cb99b333e180a7612f0d93b9,False
unsb-sixdomain-expanded-phase-field-v1,SnowTrafficData,SnowTrafficData__0809,2,0.74,6,0.6889627086352779,0.6889627086352779,2.454618105884876e-06,1.0248386292507163,1.0248386292507163,-0.1724597713484719,False,38d2fad219cd4111f5637bb4fb1ba9e2f9246623cb99b333e180a7612f0d93b9,False
unsb-sixdomain-expanded-phase-field-v1,SnowTrafficData,SnowTrafficData__0809,3,0.8600000000000001,6,0.8600247183074726,0.8600247183074726,3.6467271894990994e-05,0.7044242742905611,0.7044242742905611,0.0866766204145603,True,38d2fad219cd4111f5637bb4fb1ba9e2f9246623cb99b333e180a7612f0d93b9,False
unsb-sixdomain-expanded-phase-field-v1,SnowTrafficData,SnowTrafficData__0465,1,0.5,2,0.2013013939011283,0.2071835536454327,4.513510454273728e-08,0.5422408077342977,0.5422408077342977,-0.4303454162785868,False,72f5a2955bc9126925b0919ecd60d7142ce4e7806ff426a9737645869c4916e8,False
unsb-sixdomain-expanded-phase-field-v1,SnowTrafficData,SnowTrafficData__0465,2,0.74,6,0.506882219164773,0.506882219164773,7.483147774767218e-07,0.9483824372901982,0.9483824372901982,-0.2720764459085348,False,72f5a2955bc9126925b0919ecd60d7142ce4e7806ff426a9737645869c4916e8,False
unsb-sixdomain-expanded-phase-field-v1,SnowTrafficData,SnowTrafficData__0465,3,0.8600000000000001,6,0.7678170679262457,0.7678170679262457,7.597222148825189e-06,0.7612184923597007,0.7612184923597007,0.0037484317849801,True,72f5a2955bc9126925b0919ecd60d7142ce4e7806ff426a9737645869c4916e8,False
unsb-sixdomain-expanded-phase-field-v1,SnowTrafficData,SnowTrafficData__0392,1,0.5,2,0.2036213501383937,0.2088764997531082,2.945015697974896e-07,0.5476028737144751,0.5476028737144751,-0.4296424057937144,False,07780be993e8833a84ff89e3d793e8998a0ab7de3982abe3a4585509712e5c96,False
unsb-sixdomain-expanded-phase-field-v1,SnowTrafficData,SnowTrafficData__0392,2,0.74,6,0.509316415389627,0.509316415389627,3.4544987437268304e-06,0.954504875422282,0.954504875422282,-0.2727904772087867,False,07780be993e8833a84ff89e3d793e8998a0ab7de3982abe3a4585509712e5c96,False
unsb-sixdomain-expanded-phase-field-v1,SnowTrafficData,SnowTrafficData__0392,3,0.8600000000000001,6,0.7729656912100884,0.7729656912100884,1.4165225438178553e-06,0.759558760488661,0.759558760488661,0.0075988406834339,True,07780be993e8833a84ff89e3d793e8998a0ab7de3982abe3a4585509712e5c96,False
unsb-sixdomain-expanded-phase-field-v1,SnowTrafficData,SnowTrafficData__0141,1,0.5,2,0.9240617783262912,0.9393082396849972,5.666026774209243e-06,0.5287346801467356,0.5287346801467356,0.242463209955653,True,10b3d049531dfba13e49ead696bbdcdded20b6a461589ec9bface699810506ab,False
unsb-sixdomain-expanded-phase-field-v1,SnowTrafficData,SnowTrafficData__0141,2,0.74,6,1.0539754439058306,1.0539754439058306,4.488782326317331e-05,0.4989944739430098,0.4989944739430098,0.324734756458806,True,10b3d049531dfba13e49ead696bbdcdded20b6a461589ec9bface699810506ab,False
unsb-sixdomain-expanded-phase-field-v1,SnowTrafficData,SnowTrafficData__0141,3,0.8600000000000001,6,1.0747598009852528,1.0747598009852528,0.0001053199749208,0.4774951307460365,0.4774951307460365,0.3523424670124918,True,10b3d049531dfba13e49ead696bbdcdded20b6a461589ec9bface699810506ab,False
unsb-sixdomain-expanded-phase-field-v1,SnowTrafficData,SnowTrafficData__1108,1,0.5,6,0.4212268798677616,0.4212268798677616,2.25649241780701e-06,0.9120850663478408,0.9120850663478408,-0.3355192678892347,False,cdb5267bcc9f94c8f4bc488d916dc064b60065d0df5a9cff63a9f7b4bd9f97ae,False
unsb-sixdomain-expanded-phase-field-v1,SnowTrafficData,SnowTrafficData__1108,2,0.74,6,0.722999828105817,0.722999828105817,1.6994003315895512e-05,0.8580713922636769,0.8580713922636769,-0.0743852289786758,False,cdb5267bcc9f94c8f4bc488d916dc064b60065d0df5a9cff63a9f7b4bd9f97ae,False
unsb-sixdomain-expanded-phase-field-v1,SnowTrafficData,SnowTrafficData__1108,3,0.8600000000000001,6,0.8908640313564794,0.8908640313564794,1.3878118975574338e-05,0.6596855984304271,0.6596855984304271,0.1304744215266808,True,cdb5267bcc9f94c8f4bc488d916dc064b60065d0df5a9cff63a9f7b4bd9f97ae,False
unsb-sixdomain-expanded-phase-field-v1,SnowTrafficData,SnowTrafficData__1122,1,0.5,6,0.3938712831143264,0.3938712831143264,3.0043990247863306e-06,0.8020930398623582,0.8020930398623582,-0.3088704299289216,False,12b02844ecfc9079d9ad43e322aa5e3ff28f9dfcd18259b1143dbfe029ed24b6,False
unsb-sixdomain-expanded-phase-field-v1,SnowTrafficData,SnowTrafficData__1122,2,0.74,6,0.7147690255682234,0.7147690255682234,4.089056487743825e-06,0.8223982493324028,0.8223982493324028,-0.0609164530134097,False,12b02844ecfc9079d9ad43e322aa5e3ff28f9dfcd18259b1143dbfe029ed24b6,False
unsb-sixdomain-expanded-phase-field-v1,SnowTrafficData,SnowTrafficData__1122,3,0.8600000000000001,6,0.9084258168135656,0.9084258168135656,1.303925845963505e-06,0.6410504045602059,0.6410504045602059,0.1513972894611048,True,12b02844ecfc9079d9ad43e322aa5e3ff28f9dfcd18259b1143dbfe029ed24b6,False
unsb-sixdomain-expanded-phase-field-v1,SnowTrafficData,SnowTrafficData__0408,1,0.5,2,0.7224077495179326,0.7375339703870015,3.29018273603765e-06,0.31829808748125,0.31829808748125,0.3559483670201197,True,0d9c6481ab8a64c58359d9a081d4e781e7554c19bfb9cac42cce10677a91f237,False
unsb-sixdomain-expanded-phase-field-v1,SnowTrafficData,SnowTrafficData__0408,2,0.74,6,0.9448587750964422,0.9448587750964422,2.164204506271972e-06,0.3748787619163962,0.3748787619163962,0.4014760638612792,True,0d9c6481ab8a64c58359d9a081d4e781e7554c19bfb9cac42cce10677a91f237,False
unsb-sixdomain-expanded-phase-field-v1,SnowTrafficData,SnowTrafficData__0408,3,0.8600000000000001,6,1.007508063510689,1.007508063510689,4.251849879732816e-06,0.3995445153454446,0.3995445153454446,0.4016833573009433,True,0d9c6481ab8a64c58359d9a081d4e781e7554c19bfb9cac42cce10677a91f237,False
unsb-sixdomain-expanded-phase-field-v1,SnowTrafficData,SnowTrafficData__0657,1,0.5,2,0.9159589215653908,0.9166645949403752,1.1075347981170935e-05,0.4501898965994261,0.4501898965994261,0.3084802529913952,True,4837a463bc7fe670454dd37fa01a05b719888d3d56b8382a36a68148ee61fb2a,False
unsb-sixdomain-expanded-phase-field-v1,SnowTrafficData,SnowTrafficData__0657,2,0.74,6,1.058838268874608,1.058838268874608,1.6305021526275e-06,0.4636109699795206,0.4636109699795206,0.35867592561898,True,4837a463bc7fe670454dd37fa01a05b719888d3d56b8382a36a68148ee61fb2a,False
unsb-sixdomain-expanded-phase-field-v1,SnowTrafficData,SnowTrafficData__0657,3,0.8600000000000001,6,1.095247629572738,1.095247629572738,2.3566396932128697e-05,0.461673566818543,0.461673566818543,0.3751773122393065,True,4837a463bc7fe670454dd37fa01a05b719888d3d56b8382a36a68148ee61fb2a,False
unsb-sixdomain-expanded-phase-field-v1,SnowTrafficData,SnowTrafficData__1002,1,0.5,2,0.7157906712812931,0.7461840552336888,5.278952995846353e-06,0.2976856590772283,0.2976856590772283,0.3810281209035858,True,15ce04c50fdc63b42a121d6610567d20f44f536ca4ea7f876f062fff2f235497,False
unsb-sixdomain-expanded-phase-field-v1,SnowTrafficData,SnowTrafficData__1002,2,0.74,6,0.9621663642206388,0.9621663642206388,4.333478634377386e-06,0.3556848092506913,0.3556848092506913,0.4321848530639883,True,15ce04c50fdc63b42a121d6610567d20f44f536ca4ea7f876f062fff2f235497,False
unsb-sixdomain-expanded-phase-field-v1,SnowTrafficData,SnowTrafficData__1002,3,0.8600000000000001,6,1.0281087243071585,1.0281087243071585,9.993663667051678e-06,0.3837611302082019,0.3837611302082019,0.4279780600002117,True,15ce04c50fdc63b42a121d6610567d20f44f536ca4ea7f876f062fff2f235497,False
unsb-sixdomain-expanded-phase-field-v1,SnowTrafficData,SnowTrafficData__0512,1,0.5,6,0.2508192761769465,0.2508192761769465,5.350407130677581e-07,0.6999640722547003,0.6999640722547003,-0.4457148389133796,False,8267fa85439e782e7c4a1a3df8033578695879c12626cf7a3127d96b0805131e,False
unsb-sixdomain-expanded-phase-field-v1,SnowTrafficData,SnowTrafficData__0512,2,0.74,6,0.5733620431386616,0.5733620431386616,4.219773014457751e-06,0.962107760111254,0.962107760111254,-0.2247947785237749,False,8267fa85439e782e7c4a1a3df8033578695879c12626cf7a3127d96b0805131e,False
unsb-sixdomain-expanded-phase-field-v1,SnowTrafficData,SnowTrafficData__0512,3,0.8600000000000001,6,0.8184497595474656,0.8184497595474656,3.283588921365599e-05,0.7420392854276174,0.7420392854276174,0.0425651269141823,True,8267fa85439e782e7c4a1a3df8033578695879c12626cf7a3127d96b0805131e,False
unsb-sixdomain-expanded-phase-field-v1,SnowTrafficData,SnowTrafficData__0067,1,0.5,6,0.3830705118475482,0.3830705118475482,9.05144659724133e-06,0.8143439072921781,0.8143439072921781,-0.3275291294669526,False,5515c5eed8d74fd49844c6dd7f2fa3259e9c64ef4e48cdb65079a3f40c0eff34,False
unsb-sixdomain-expanded-phase-field-v1,SnowTrafficData,SnowTrafficData__0067,2,0.74,6,0.6966305641982609,0.6966305641982609,3.728967861160726e-07,0.857474675678344,0.857474675678344,-0.0902187777017226,False,5515c5eed8d74fd49844c6dd7f2fa3259e9c64ef4e48cdb65079a3f40c0eff34,False
unsb-sixdomain-expanded-phase-field-v1,SnowTrafficData,SnowTrafficData__0067,3,0.8600000000000001,6,0.8873059996160458,0.8873059996160458,5.358190941939789e-06,0.6724172106009556,0.6724172106009556,0.1204345973278908,True,5515c5eed8d74fd49844c6dd7f2fa3259e9c64ef4e48cdb65079a3f40c0eff34,False
unsb-sixdomain-expanded-phase-field-v1,SnowTrafficData,SnowTrafficData__0174,1,0.5,6,0.5496653965205696,0.5496653965205696,5.008187169863732e-06,1.409642818883426,1.409642818883426,-0.4090106858908474,False,aeabc10070896c39e6a94ac860c4c8b023e297f62cebecd6f22deb438575dd03,False
unsb-sixdomain-expanded-phase-field-v1,SnowTrafficData,SnowTrafficData__0174,2,0.74,6,0.8699202522506957,0.8699202522506957,3.5110317166964222e-06,0.8772989936495423,0.8772989936495423,-0.0036681895892722,False,aeabc10070896c39e6a94ac860c4c8b023e297f62cebecd6f22deb438575dd03,False
unsb-sixdomain-expanded-phase-field-v1,SnowTrafficData,SnowTrafficData__0174,3,0.8600000000000001,6,0.9692608975522718,0.9692608975522718,1.0256932537755503e-05,0.6205046719344298,0.6205046719344298,0.1936956367888852,True,aeabc10070896c39e6a94ac860c4c8b023e297f62cebecd6f22deb438575dd03,False
unsb-sixdomain-expanded-phase-field-v1,SnowTrafficData,SnowTrafficData__0555,1,0.5,6,0.8954642200196778,0.8954642200196778,1.1634959615980378e-05,0.6443043944946872,0.6443043944946872,0.1429571439943042,True,7bc43eb557b5942eb23e7973d82dac8d9eec98c195333f079a7bc78ec473142d,False
unsb-sixdomain-expanded-phase-field-v1,SnowTrafficData,SnowTrafficData__0555,2,0.74,6,1.0647394559908174,1.0647394559908174,4.731015953884921e-06,0.5528455235037963,0.5528455235037963,0.2846395506144059,True,7bc43eb557b5942eb23e7973d82dac8d9eec98c195333f079a7bc78ec473142d,False
unsb-sixdomain-expanded-phase-field-v1,SnowTrafficData,SnowTrafficData__0555,3,0.8600000000000001,6,1.106757838349243,1.106757838349243,3.1512812570411164e-05,0.4971255860255429,0.4971255860255429,0.3475864904958858,True,7bc43eb557b5942eb23e7973d82dac8d9eec98c195333f079a7bc78ec473142d,False
unsb-sixdomain-expanded-phase-field-v1,SnowTrafficData,SnowTrafficData__0996,1,0.5,6,0.2616717676010939,0.2616717676010939,1.0394049234641043e-06,0.7149851931050955,0.7149851931050955,-0.4365401798397798,False,f3c5bf4e31d9167b163594518a79c4b096b6e35feba789c8679186d489c90803,False
unsb-sixdomain-expanded-phase-field-v1,SnowTrafficData,SnowTrafficData__0996,2,0.74,6,0.5860152682469251,0.5860152682469251,6.003141147292723e-06,0.9571176291266772,0.9571176291266772,-0.2130563841367097,False,f3c5bf4e31d9167b163594518a79c4b096b6e35feba789c8679186d489c90803,False
unsb-sixdomain-expanded-phase-field-v1,SnowTrafficData,SnowTrafficData__0996,3,0.8600000000000001,6,0.8282925384195854,0.8282925384195854,1.0938002609872656e-05,0.7413962947539787,0.7413962947539787,0.0481333378402138,True,f3c5bf4e31d9167b163594518a79c4b096b6e35feba789c8679186d489c90803,False
unsb-sixdomain-expanded-phase-field-v1,SnowTrafficData,SnowTrafficData__0130,1,0.5,2,0.9120696486692006,0.9371876534443612,8.107856208638964e-07,0.4893903517151984,0.4893903517151984,0.2703726007388766,True,c64b757d7821f1b48f9ec586d26a31dde85214b4f1c53b85af051161112068e2,False
unsb-sixdomain-expanded-phase-field-v1,SnowTrafficData,SnowTrafficData__0130,2,0.74,6,1.078681741820091,1.078681741820091,2.2456828309147525e-05,0.4754638385884164,0.4754638385884164,0.3557758355057226,True,c64b757d7821f1b48f9ec586d26a31dde85214b4f1c53b85af051161112068e2,False
unsb-sixdomain-expanded-phase-field-v1,SnowTrafficData,SnowTrafficData__0130,3,0.8600000000000001,6,1.1120111262240329,1.1120111262240329,1.0229046018883636e-05,0.4584713481542072,0.4584713481542072,0.3847969326747628,True,c64b757d7821f1b48f9ec586d26a31dde85214b4f1c53b85af051161112068e2,False
unsb-sixdomain-expanded-phase-field-v1,SnowTrafficData,SnowTrafficData__0892,1,0.5,2,0.8473087415948908,0.84827006450459,1.1735148782276994e-05,0.3836129360142106,0.3836129360142106,0.3441484431808075,True,f59fada728a21ce6bebbd920e8d2548cf6f0073ffcd40d1d8ff2a9b285963d9f,False
unsb-sixdomain-expanded-phase-field-v1,SnowTrafficData,SnowTrafficData__0892,2,0.74,6,1.0067774894386532,1.0067774894386532,1.2688777842662091e-05,0.4163789028244345,0.4163789028244345,0.3834447801138428,True,f59fada728a21ce6bebbd920e8d2548cf6f0073ffcd40d1d8ff2a9b285963d9f,False
unsb-sixdomain-expanded-phase-field-v1,SnowTrafficData,SnowTrafficData__0892,3,0.8600000000000001,6,1.039802582950608,1.039802582950608,7.572868729766036e-06,0.4272426275992665,0.4272426275992665,0.3862763145481039,True,f59fada728a21ce6bebbd920e8d2548cf6f0073ffcd40d1d8ff2a9b285963d9f,False
unsb-sixdomain-expanded-phase-field-v1,SnowTrafficData,SnowTrafficData__0182,1,0.5,2,0.1546950877906759,0.1588393263325862,3.717467059738411e-07,0.3974314208552894,0.3974314208552894,-0.4097856761005992,False,2d636027bc6d63a87773bd5e46ce8bf1788b3c07fefd78036361ad7f3c568afc,False
unsb-sixdomain-expanded-phase-field-v1,SnowTrafficData,SnowTrafficData__0182,2,0.74,6,0.4296358208947166,0.4296358208947166,6.511194310387936e-07,0.9100839154287648,0.9100839154287648,-0.3259809553224879,False,2d636027bc6d63a87773bd5e46ce8bf1788b3c07fefd78036361ad7f3c568afc,False
unsb-sixdomain-expanded-phase-field-v1,SnowTrafficData,SnowTrafficData__0182,3,0.8600000000000001,6,0.7166604861343487,0.7166604861343487,3.4019858609068976e-05,0.7771180540769833,0.7771180540769833,-0.0351735388212495,False,2d636027bc6d63a87773bd5e46ce8bf1788b3c07fefd78036361ad7f3c568afc,False
unsb-sixdomain-expanded-phase-field-v1,SnowTrafficData,SnowTrafficData__0631,1,0.5,6,0.4805555241933437,0.4805555241933437,1.022762205815653e-06,0.9116314895066836,0.9116314895066836,-0.2780757441160913,False,73d053343c81a0cd722b11b0d797dad8d34948598521b5f86f111162256916dc,False
unsb-sixdomain-expanded-phase-field-v1,SnowTrafficData,SnowTrafficData__0631,2,0.74,6,0.7942676603414547,0.7942676603414547,2.978392106833816e-06,0.7733519830563284,0.7733519830563284,0.011589676535143,True,73d053343c81a0cd722b11b0d797dad8d34948598521b5f86f111162256916dc,False
unsb-sixdomain-expanded-phase-field-v1,SnowTrafficData,SnowTrafficData__0631,3,0.8600000000000001,6,0.9573352967568838,0.9573352967568838,8.362792389027263e-06,0.613797162945749,0.613797162945749,0.1930391948248879,True,73d053343c81a0cd722b11b0d797dad8d34948598521b5f86f111162256916dc,False
unsb-sixdomain-expanded-phase-field-v1,SnowTrafficData,SnowTrafficData__1021,1,0.5,6,0.2290191295698987,0.2290191295698987,3.804830730480546e-07,0.6168395114609468,0.6168395114609468,-0.4303004248108306,False,74525ac848a88a0014cbd2ec552385ac17ad8cc73afcaf9d5a9bd575345f6b4b,False
unsb-sixdomain-expanded-phase-field-v1,SnowTrafficData,SnowTrafficData__1021,2,0.74,6,0.5389800225274324,0.5389800225274324,2.328045302313342e-06,0.960963204027954,0.960963204027954,-0.2511340903219449,False,74525ac848a88a0014cbd2ec552385ac17ad8cc73afcaf9d5a9bd575345f6b4b,False
unsb-sixdomain-expanded-phase-field-v1,SnowTrafficData,SnowTrafficData__1021,3,0.8600000000000001,6,0.7909024299668177,0.7909024299668177,3.0528787582362327e-06,0.7537721141746675,0.7537721141746675,0.0208828431970502,True,74525ac848a88a0014cbd2ec552385ac17ad8cc73afcaf9d5a9bd575345f6b4b,False
unsb-sixdomain-expanded-phase-field-v1,SnowTrafficData,SnowTrafficData__0719,1,0.5,2,0.7555371626162994,0.788215810625116,1.233556055524332e-06,0.3123728629259745,0.3123728629259745,0.383582532894352,True,25f36c5848f5acff06bf308d42bb01d16508917fd09a7295125a30cb7c1310e1,False
unsb-sixdomain-expanded-phase-field-v1,SnowTrafficData,SnowTrafficData__0719,2,0.74,6,0.980337959482821,0.980337959482821,2.079038254554355e-05,0.3639956576272667,0.3639956576272667,0.4302796165375154,True,25f36c5848f5acff06bf308d42bb01d16508917fd09a7295125a30cb7c1310e1,False
unsb-sixdomain-expanded-phase-field-v1,SnowTrafficData,SnowTrafficData__0719,3,0.8600000000000001,6,1.0346978095167385,1.0346978095167385,2.8941817905581142e-06,0.3875204749590604,0.3875204749590604,0.4265188759239018,True,25f36c5848f5acff06bf308d42bb01d16508917fd09a7295125a30cb7c1310e1,False
unsb-sixdomain-expanded-phase-field-v1,SnowTrafficData,SnowTrafficData__0947,1,0.5,6,0.4247232364612412,0.4247232364612412,1.277102684715814e-07,0.8592883804997008,0.8592883804997008,-0.3060329174577515,False,4d7d29bc3c564e631c6687e9daf06dbf5c3f5a566d888ab3ca41396672e09100,False
unsb-sixdomain-expanded-phase-field-v1,SnowTrafficData,SnowTrafficData__0947,2,0.74,6,0.7349784843477716,0.7349784843477716,8.376273981092197e-07,0.8307790857762958,0.8307790857762958,-0.0532109291740882,False,4d7d29bc3c564e631c6687e9daf06dbf5c3f5a566d888ab3ca41396672e09100,False
unsb-sixdomain-expanded-phase-field-v1,SnowTrafficData,SnowTrafficData__0947,3,0.8600000000000001,6,0.9108038716391784,0.9108038716391784,3.840651401132433e-06,0.6464578078471064,0.6464578078471064,0.1488846828592748,True,4d7d29bc3c564e631c6687e9daf06dbf5c3f5a566d888ab3ca41396672e09100,False
unsb-sixdomain-expanded-phase-field-v1,SnowTrafficData,SnowTrafficData__1101,1,0.5,6,0.8151225108128684,0.8151225108128684,1.6807410935237854e-06,0.8408917924549348,0.8408917924549348,-0.0135172265714619,False,449b52ada5b6b32e5b302dd0b6148c62d972e6d90139d2739cf609f0fa1f08f7,False
unsb-sixdomain-expanded-phase-field-v1,SnowTrafficData,SnowTrafficData__1101,2,0.74,6,1.0093897938342953,1.0093897938342953,8.56330282006379e-06,0.6426025358951727,0.6426025358951727,0.1961164741007743,True,449b52ada5b6b32e5b302dd0b6148c62d972e6d90139d2739cf609f0fa1f08f7,False
unsb-sixdomain-expanded-phase-field-v1,SnowTrafficData,SnowTrafficData__1101,3,0.8600000000000001,6,1.0698814055542505,1.0698814055542505,2.1454584831936963e-05,0.5433204833100639,0.5433204833100639,0.2942795612374734,True,449b52ada5b6b32e5b302dd0b6148c62d972e6d90139d2739cf609f0fa1f08f7,False
unsb-sixdomain-expanded-phase-field-v1,SnowTrafficData,SnowTrafficData__0924,1,0.5,2,0.1524345587984923,0.1575900750565491,8.540809911528058e-07,0.3901708594730217,0.3901708594730217,-0.408171392205535,False,42cf7b14d680c53ec87d1c908dcdf381106a37c95b4254b3c97cdfbab8f63bb5,False
unsb-sixdomain-expanded-phase-field-v1,SnowTrafficData,SnowTrafficData__0924,2,0.74,6,0.4264388641643067,0.4264388641643067,6.801968074454656e-06,0.911843704355544,0.911843704355544,-0.330063626029222,False,42cf7b14d680c53ec87d1c908dcdf381106a37c95b4254b3c97cdfbab8f63bb5,False
unsb-sixdomain-expanded-phase-field-v1,SnowTrafficData,SnowTrafficData__0924,3,0.8600000000000001,6,0.719090419509291,0.719090419509291,9.653634442940984e-07,0.7781573248944136,0.7781573248944136,-0.0342839072198915,False,42cf7b14d680c53ec87d1c908dcdf381106a37c95b4254b3c97cdfbab8f63bb5,False
unsb-sixdomain-expanded-phase-field-v1,SnowTrafficData,SnowTrafficData__0958,1,0.5,6,0.4219053107329024,0.4219053107329024,3.387085910633303e-07,0.8495223891985996,0.8495223891985996,-0.3039598371069918,False,11cbf5a34feb682e01965caca85708853ac13355faaabbb02f82aa165c1488ad,False
unsb-sixdomain-expanded-phase-field-v1,SnowTrafficData,SnowTrafficData__0958,2,0.74,6,0.7470714607202367,0.7470714607202367,2.1252737864019267e-06,0.8096177501974844,0.8096177501974844,-0.0349178751379533,False,11cbf5a34feb682e01965caca85708853ac13355faaabbb02f82aa165c1488ad,False
unsb-sixdomain-expanded-phase-field-v1,SnowTrafficData,SnowTrafficData__0958,3,0.8600000000000001,6,0.9303303379367504,0.9303303379367504,1.266552230339002e-05,0.6300031960916451,0.6300031960916451,0.1692944307734853,True,11cbf5a34feb682e01965caca85708853ac13355faaabbb02f82aa165c1488ad,False
unsb-sixdomain-expanded-phase-field-v1,SnowTrafficData,SnowTrafficData__0372,1,0.5,6,0.3711447542228043,0.3711447542228043,4.464700116724174e-06,0.7536211988684783,0.7536211988684783,-0.3076097797803786,False,23c900f2fe1d297a38b8332a999d162458d537c670bf0fe1613e14bba141b170,False
unsb-sixdomain-expanded-phase-field-v1,SnowTrafficData,SnowTrafficData__0372,2,0.74,6,0.682056103790448,0.682056103790448,5.696220727102741e-06,0.8466292943923198,0.8466292943923198,-0.0938731916851948,False,23c900f2fe1d297a38b8332a999d162458d537c670bf0fe1613e14bba141b170,False
unsb-sixdomain-expanded-phase-field-v1,SnowTrafficData,SnowTrafficData__0372,3,0.8600000000000001,6,0.8767662545132847,0.8767662545132847,2.818415873129254e-06,0.668677932863553,0.668677932863553,0.1176668348627495,True,23c900f2fe1d297a38b8332a999d162458d537c670bf0fe1613e14bba141b170,False
unsb-sixdomain-expanded-phase-field-v1,SnowTrafficData,SnowTrafficData__0341,1,0.5,6,0.9143985694791316,0.9143985694791316,1.8940244912446504e-06,0.5319402703982605,0.5319402703982605,0.235272668245466,True,9a1f35ce1c58df9ea131d6a4a05100e55d0180e2b855d838d6b01e3e8402ccef,False
unsb-sixdomain-expanded-phase-field-v1,SnowTrafficData,SnowTrafficData__0341,2,0.74,6,1.0303233346170109,1.0303233346170109,1.4440998370224278e-05,0.5034736133415931,0.5034736133415931,0.3109968213248179,True,9a1f35ce1c58df9ea131d6a4a05100e55d0180e2b855d838d6b01e3e8402ccef,False
unsb-sixdomain-expanded-phase-field-v1,SnowTrafficData,SnowTrafficData__0341,3,0.8600000000000001,6,1.0538997676794852,1.0538997676794852,5.907590512921335e-05,0.4825163835362084,0.4825163835362084,0.3392872446533642,True,9a1f35ce1c58df9ea131d6a4a05100e55d0180e2b855d838d6b01e3e8402ccef,False
unsb-sixdomain-expanded-phase-field-v1,SnowTrafficData,SnowTrafficData__0369,1,0.5,6,0.410081751517885,0.410081751517885,2.19116974209399e-06,0.8159369335850013,0.8159369335850013,-0.2987861482418151,False,eca8920aab4551d04e9be5d1035f5c2cf11415f0df31dd5ba92414d222735639,False
unsb-sixdomain-expanded-phase-field-v1,SnowTrafficData,SnowTrafficData__0369,2,0.74,6,0.7100592168419857,0.7100592168419857,6.875587498011981e-06,0.796554540255937,0.796554540255937,-0.0499209482823267,False,eca8920aab4551d04e9be5d1035f5c2cf11415f0df31dd5ba92414d222735639,False
unsb-sixdomain-expanded-phase-field-v1,SnowTrafficData,SnowTrafficData__0369,3,0.8600000000000001,6,0.8975592856062058,0.8975592856062058,9.113647602476682e-06,0.64768657063754,0.64768657063754,0.141698251894688,True,eca8920aab4551d04e9be5d1035f5c2cf11415f0df31dd5ba92414d222735639,False
unsb-sixdomain-expanded-phase-field-v1,SnowTrafficData,SnowTrafficData__0005,1,0.5,2,0.570155551823453,0.6228036419285901,3.507029895377656e-07,0.2621235681707773,0.2621235681707773,0.3374872863898644,True,c9c04e4369562ba179c0c3f1c1eb06cbd5b4cbae5a89b895529bcdda70827d53,False
unsb-sixdomain-expanded-phase-field-v1,SnowTrafficData,SnowTrafficData__0005,2,0.74,2,0.8497021842708792,0.8575902519461137,5.686179649355694e-07,0.3417955620592139,0.3417955620592139,0.3955003152082754,True,c9c04e4369562ba179c0c3f1c1eb06cbd5b4cbae5a89b895529bcdda70827d53,False
unsb-sixdomain-expanded-phase-field-v1,SnowTrafficData,SnowTrafficData__0005,3,0.8600000000000001,6,0.9604993627430336,0.9604993627430336,1.5050815936668016e-05,0.3839896301640747,0.3839896301640747,0.3981775848765026,True,c9c04e4369562ba179c0c3f1c1eb06cbd5b4cbae5a89b895529bcdda70827d53,False
unsb-sixdomain-expanded-phase-field-v1,SnowTrafficData,SnowTrafficData__0771,1,0.5,2,0.3650281448181572,0.3770733133516247,2.335610777226549e-06,1.237501001328704,1.237501001328704,-0.5302192077978818,False,c75ef79c5b3807b2d575bffbfd88613968c3dc0b3f27b88682ced0db86bb53dd,False
unsb-sixdomain-expanded-phase-field-v1,SnowTrafficData,SnowTrafficData__0771,2,0.74,6,0.7294962027170673,0.7294962027170673,6.989893870823494e-06,0.9936553327744376,0.9936553327744376,-0.1342127320841324,False,c75ef79c5b3807b2d575bffbfd88613968c3dc0b3f27b88682ced0db86bb53dd,False
unsb-sixdomain-expanded-phase-field-v1,SnowTrafficData,SnowTrafficData__0771,3,0.8600000000000001,6,0.8945061593544601,0.8945061593544601,4.267448332706536e-06,0.6757234265220453,0.6757234265220453,0.1218143597053571,True,c75ef79c5b3807b2d575bffbfd88613968c3dc0b3f27b88682ced0db86bb53dd,False
unsb-sixdomain-expanded-phase-field-v1,SnowTrafficData,SnowTrafficData__0765,1,0.5,2,0.368963682242187,0.3785407702238632,3.605203812595548e-06,1.2028676755406031,1.2028676755406031,-0.5132342344416954,False,a3667b0f27805fe511b590d39b0d40e55f2278faa62a7c4d70592403c9ebd5b6,False
unsb-sixdomain-expanded-phase-field-v1,SnowTrafficData,SnowTrafficData__0765,2,0.74,6,0.7140636305239703,0.7140636305239703,2.2125034824238554e-06,0.9847607088077952,0.9847607088077952,-0.1395937985814076,False,a3667b0f27805fe511b590d39b0d40e55f2278faa62a7c4d70592403c9ebd5b6,False
unsb-sixdomain-expanded-phase-field-v1,SnowTrafficData,SnowTrafficData__0765,3,0.8600000000000001,6,0.8832943160572426,0.8832943160572426,2.164076017607819e-05,0.6813741513798868,0.6813741513798868,0.1127197816460549,True,a3667b0f27805fe511b590d39b0d40e55f2278faa62a7c4d70592403c9ebd5b6,False
unsb-sixdomain-expanded-phase-field-v1,SnowTrafficData,SnowTrafficData__0739,1,0.5,2,0.7659971737626543,0.7899641664747035,1.1127303797708876e-05,0.3402262068654755,0.3402262068654755,0.3524594039541015,True,46e3045e9bf5bf47bb1acd8b2d343169c5151cdb9d71f07d7d3e6246a4564d11,False
unsb-sixdomain-expanded-phase-field-v1,SnowTrafficData,SnowTrafficData__0739,2,0.74,6,0.9817526249660994,0.9817526249660994,1.7063147975004966e-05,0.3909686204655392,0.3909686204655392,0.3998601692574621,True,46e3045e9bf5bf47bb1acd8b2d343169c5151cdb9d71f07d7d3e6246a4564d11,False
unsb-sixdomain-expanded-phase-field-v1,SnowTrafficData,SnowTrafficData__0739,3,0.8600000000000001,6,1.030546993132216,1.030546993132216,3.389907825557259e-06,0.4112889185109987,0.4112889185109987,0.3989207921427561,True,46e3045e9bf5bf47bb1acd8b2d343169c5151cdb9d71f07d7d3e6246a4564d11,False
unsb-sixdomain-expanded-phase-field-v1,SnowTrafficData,SnowTrafficData__0875,1,0.5,6,0.4077859597254887,0.4077859597254887,1.982262271216229e-06,0.8082099171332073,0.8082099171332073,-0.2970919064223518,False,ce5524bcbae97ec494730de07febac7be7026d80da27f65a91fb95dd4e6c6c81,False
unsb-sixdomain-expanded-phase-field-v1,SnowTrafficData,SnowTrafficData__0875,2,0.74,6,0.72888286853132,0.72888286853132,2.3547431824422205e-06,0.781950387804906,0.781950387804906,-0.0305214565623901,False,ce5524bcbae97ec494730de07febac7be7026d80da27f65a91fb95dd4e6c6c81,False
unsb-sixdomain-expanded-phase-field-v1,SnowTrafficData,SnowTrafficData__0875,3,0.8600000000000001,6,0.9221909797861708,0.9221909797861708,2.7053016061762136e-06,0.6283102340630213,0.6283102340630213,0.1666467362824172,True,ce5524bcbae97ec494730de07febac7be7026d80da27f65a91fb95dd4e6c6c81,False
unsb-sixdomain-expanded-phase-field-v1,SnowTrafficData,SnowTrafficData__0910,1,0.5,6,0.4614251885699147,0.4614251885699147,1.2911149771532848e-07,0.8720075413139293,0.8720075413139293,-0.2764189424490967,False,1526a83c187e825c4e0d8fa67567ec8257e2183ae264213435056befc6632874,False
unsb-sixdomain-expanded-phase-field-v1,SnowTrafficData,SnowTrafficData__0910,2,0.74,6,0.7685229751493227,0.7685229751493227,3.5631807005498395e-05,0.7688838307391724,0.7688838307391724,-0.0002038726428336,False,1526a83c187e825c4e0d8fa67567ec8257e2183ae264213435056befc6632874,False
unsb-sixdomain-expanded-phase-field-v1,SnowTrafficData,SnowTrafficData__0910,3,0.8600000000000001,6,0.9337492696892196,0.9337492696892196,9.640535967969656e-06,0.6157316747869791,0.6157316747869791,0.1808387797824894,True,1526a83c187e825c4e0d8fa67567ec8257e2183ae264213435056befc6632874,False
unsb-sixdomain-expanded-phase-field-v1,SnowTrafficData,SnowTrafficData__1070,1,0.5,6,0.263588921757062,0.263588921757062,3.5394548870693043e-06,0.7159408502752015,0.7159408502752015,-0.4339499896058417,False,933bffedac046842865c5fc60009da73efd5840836f4e485dcdcc31d7c09c700,False
unsb-sixdomain-expanded-phase-field-v1,SnowTrafficData,SnowTrafficData__1070,2,0.74,6,0.588160657086446,0.588160657086446,2.744510848140536e-06,0.952309575971146,0.952309575971146,-0.2092821808509242,False,933bffedac046842865c5fc60009da73efd5840836f4e485dcdcc31d7c09c700,False
unsb-sixdomain-expanded-phase-field-v1,SnowTrafficData,SnowTrafficData__1070,3,0.8600000000000001,6,0.8282556323224896,0.8282556323224896,1.789304435340089e-05,0.737156335251129,0.737156335251129,0.0506047955714416,True,933bffedac046842865c5fc60009da73efd5840836f4e485dcdcc31d7c09c700,False
unsb-sixdomain-expanded-phase-field-v1,SnowTrafficData,SnowTrafficData__0138,1,0.5,6,0.4205738094456587,0.4205738094456587,1.7924954520687209e-07,0.8419612219031095,0.8419612219031095,-0.3014498655107835,False,cd7d362d47e6b873adba6afbda21faa8bc9436b842001fffcf5678cf72919fe5,False
unsb-sixdomain-expanded-phase-field-v1,SnowTrafficData,SnowTrafficData__0138,2,0.74,6,0.719624600349861,0.719624600349861,3.474165511385685e-06,0.8119567264589601,0.8119567264589601,-0.0524268826952643,False,cd7d362d47e6b873adba6afbda21faa8bc9436b842001fffcf5678cf72919fe5,False
unsb-sixdomain-expanded-phase-field-v1,SnowTrafficData,SnowTrafficData__0138,3,0.8600000000000001,6,0.8978831250232964,0.8978831250232964,1.3248625073680742e-06,0.6581530005972207,0.6581530005972207,0.1348929437911218,True,cd7d362d47e6b873adba6afbda21faa8bc9436b842001fffcf5678cf72919fe5,False
unsb-sixdomain-expanded-phase-field-v1,SnowTrafficData,SnowTrafficData__0918,1,0.5,6,1.0072271631194154,1.0072271631194154,1.4814055173673069e-06,0.4982186552817393,0.4982186552817393,0.3057074441923761,True,7bec3b0b055803369b9373edd28ad1b3a5f6bd6d7f4cfa75e8d3a96e0f021322,False
unsb-sixdomain-expanded-phase-field-v1,SnowTrafficData,SnowTrafficData__0918,2,0.74,6,1.0860005065558198,1.0860005065558198,6.266036677304854e-07,0.480150795183633,0.480150795183633,0.354452375384548,True,7bec3b0b055803369b9373edd28ad1b3a5f6bd6d7f4cfa75e8d3a96e0f021322,False
unsb-sixdomain-expanded-phase-field-v1,SnowTrafficData,SnowTrafficData__0918,3,0.8600000000000001,6,1.0907141220885586,1.0907141220885586,9.660136376377082e-06,0.4637486441136287,0.4637486441136287,0.3714282833707931,True,7bec3b0b055803369b9373edd28ad1b3a5f6bd6d7f4cfa75e8d3a96e0f021322,False
unsb-sixdomain-expanded-phase-field-v1,SnowTrafficData,SnowTrafficData__0282,1,0.5,2,1.0014263301007589,1.0156987809640166,4.073652647318404e-06,0.4896548510698301,0.4896548510698301,0.3107289444717683,True,6eb38a48baefb98a67a416a38c9b419cb6cd905e906820ed38710e10283ecbb6,False
unsb-sixdomain-expanded-phase-field-v1,SnowTrafficData,SnowTrafficData__0282,2,0.74,6,1.0789987111835933,1.0789987111835933,1.6326822418477605e-05,0.4697750513663935,0.4697750513663935,0.3611309772281734,True,6eb38a48baefb98a67a416a38c9b419cb6cd905e906820ed38710e10283ecbb6,False
unsb-sixdomain-expanded-phase-field-v1,SnowTrafficData,SnowTrafficData__0282,3,0.8600000000000001,6,1.0607649619461947,1.0607649619461947,4.6871148513538685e-06,0.455266028272228,0.455266028272228,0.3673539214702331,True,6eb38a48baefb98a67a416a38c9b419cb6cd905e906820ed38710e10283ecbb6,False
unsb-sixdomain-expanded-phase-field-v1,SnowTrafficData,SnowTrafficData__1229,1,0.5,6,0.4134011886714422,0.4134011886714422,2.346406538844548e-06,0.8836421327428132,0.8836421327428132,-0.329904694150592,False,39fbd8132241316788dd542ce69c1b01b8db2f6f440a4611c2d00aec821eb1ca,False
unsb-sixdomain-expanded-phase-field-v1,SnowTrafficData,SnowTrafficData__1229,2,0.74,6,0.7259327371391645,0.7259327371391645,2.81212456310076e-06,0.8474579264092711,0.8474579264092711,-0.0672217639965566,False,39fbd8132241316788dd542ce69c1b01b8db2f6f440a4611c2d00aec821eb1ca,False
unsb-sixdomain-expanded-phase-field-v1,SnowTrafficData,SnowTrafficData__1229,3,0.8600000000000001,6,0.898783992395251,0.898783992395251,2.602251343519768e-06,0.6552595690041214,0.6552595690041214,0.1372419570724875,True,39fbd8132241316788dd542ce69c1b01b8db2f6f440a4611c2d00aec821eb1ca,False
unsb-sixdomain-expanded-phase-field-v1,SnowTrafficData,SnowTrafficData__0245,1,0.5,6,0.4906154416492982,0.4906154416492982,3.187714364694117e-07,0.9738006881373552,0.9738006881373552,-0.2977288640175067,False,e2796e6d02d9818846f0d4b47f5332d8513f6e6f49ce82e41bcfa05f41e8c495,False
unsb-sixdomain-expanded-phase-field-v1,SnowTrafficData,SnowTrafficData__0245,2,0.74,6,0.8036058742795334,0.8036058742795334,7.801354648284686e-06,0.8113377085005147,0.8113377085005147,-0.0041585583914264,False,e2796e6d02d9818846f0d4b47f5332d8513f6e6f49ce82e41bcfa05f41e8c495,False
unsb-sixdomain-expanded-phase-field-v1,SnowTrafficData,SnowTrafficData__0245,3,0.8600000000000001,6,0.956377691556249,0.956377691556249,4.430881288874922e-06,0.623475251326512,0.623475251326512,0.185810218258407,True,e2796e6d02d9818846f0d4b47f5332d8513f6e6f49ce82e41bcfa05f41e8c495,False
unsb-sixdomain-expanded-phase-field-v1,SnowTrafficData,SnowTrafficData__0215,1,0.5,6,0.4038246937619746,0.4038246937619746,6.650662450091716e-06,0.8044197391889409,0.8044197391889409,-0.2992898465548249,False,5cad94bf977626d72cd12c95869f4d0e99dbe316b426adb2bb7df3b38d13cd1b,False
unsb-sixdomain-expanded-phase-field-v1,SnowTrafficData,SnowTrafficData__0215,2,0.74,6,0.7196040820694833,0.7196040820694833,1.8556942420477891e-06,0.7881944649697373,0.7881944649697373,-0.039539762457706,False,5cad94bf977626d72cd12c95869f4d0e99dbe316b426adb2bb7df3b38d13cd1b,False
unsb-sixdomain-expanded-phase-field-v1,SnowTrafficData,SnowTrafficData__0215,3,0.8600000000000001,6,0.9116066229183236,0.9116066229183236,1.1448516565093492e-05,0.6356113700818509,0.6356113700818509,0.1566158142687968,True,5cad94bf977626d72cd12c95869f4d0e99dbe316b426adb2bb7df3b38d13cd1b,False
unsb-sixdomain-expanded-phase-field-v1,SnowTrafficData,SnowTrafficData__0351,1,0.5,6,0.782162915934623,0.782162915934623,1.2200263654893462e-05,1.242442732777565,1.242442732777565,-0.2009791589253119,False,a6f8e94fb098d170e660e5baee77364e745823e635716b7e3a13b486bf0427b8,False
unsb-sixdomain-expanded-phase-field-v1,SnowTrafficData,SnowTrafficData__0351,2,0.74,6,1.0012614094419907,1.0012614094419907,1.0746837598163417e-05,0.7531488956597714,0.7531488956597714,0.1236666343099156,True,a6f8e94fb098d170e660e5baee77364e745823e635716b7e3a13b486bf0427b8,False
unsb-sixdomain-expanded-phase-field-v1,SnowTrafficData,SnowTrafficData__0351,3,0.8600000000000001,6,1.0456010730880514,1.0456010730880514,1.8943937661886068e-06,0.5689318399564838,0.5689318399564838,0.264305780784734,True,a6f8e94fb098d170e660e5baee77364e745823e635716b7e3a13b486bf0427b8,False
unsb-sixdomain-expanded-phase-field-v1,SnowTrafficData,SnowTrafficData__0805,1,0.5,6,0.5384424561577059,0.5384424561577059,3.6779002869913313e-06,0.958377739178323,0.958377739178323,-0.2503974208786055,False,93e64d1b4342f0d8c06d21a5f211720701ed422335c1ff00bfcdc5bdf7ec4386,False
unsb-sixdomain-expanded-phase-field-v1,SnowTrafficData,SnowTrafficData__0805,2,0.74,6,0.8338103109258722,0.8338103109258722,2.296385272515522e-05,0.7643725169982736,0.7643725169982736,0.0377621977108805,True,93e64d1b4342f0d8c06d21a5f211720701ed422335c1ff00bfcdc5bdf7ec4386,False
unsb-sixdomain-expanded-phase-field-v1,SnowTrafficData,SnowTrafficData__0805,3,0.8600000000000001,6,0.9745408817562776,0.9745408817562776,2.4557262658708723e-05,0.6073772358330127,0.6073772358330127,0.2053415516175358,True,93e64d1b4342f0d8c06d21a5f211720701ed422335c1ff00bfcdc5bdf7ec4386,False
unsb-sixdomain-expanded-phase-field-v1,SnowTrafficData,SnowTrafficData__0959,1,0.5,6,0.897921203859644,0.897921203859644,9.925961935608464e-06,0.7770815344368422,0.7770815344368422,0.0627716382102928,True,5659cb18e032d223663e969b657a78e2db8b7545c4e87a16269b8235c18c4ad9,False
unsb-sixdomain-expanded-phase-field-v1,SnowTrafficData,SnowTrafficData__0959,2,0.74,6,1.0545258530895276,1.0545258530895276,4.655235597006424e-06,0.5974980142723846,0.5974980142723846,0.2467207652203437,True,5659cb18e032d223663e969b657a78e2db8b7545c4e87a16269b8235c18c4ad9,False
unsb-sixdomain-expanded-phase-field-v1,SnowTrafficData,SnowTrafficData__0959,3,0.8600000000000001,6,1.0854493903889324,1.0854493903889324,4.994986618522823e-05,0.5097709835603133,0.5097709835603133,0.3282344675081488,True,5659cb18e032d223663e969b657a78e2db8b7545c4e87a16269b8235c18c4ad9,False
unsb-sixdomain-expanded-phase-field-v1,SnowTrafficData,SnowTrafficData__0179,1,0.5,6,0.7906950662298543,0.7906950662298543,7.022945443080353e-06,0.819237177096973,0.819237177096973,-0.0154006235227384,False,e948a93869dc3a394183084d60bbd9ffdc5cd1855b861b4378766a013a9fd06e,False
unsb-sixdomain-expanded-phase-field-v1,SnowTrafficData,SnowTrafficData__0179,2,0.74,6,0.994101716641849,0.994101716641849,7.332969079842931e-06,0.644020731086843,0.644020731086843,0.1885309761850623,True,e948a93869dc3a394183084d60bbd9ffdc5cd1855b861b4378766a013a9fd06e,False
unsb-sixdomain-expanded-phase-field-v1,SnowTrafficData,SnowTrafficData__0179,3,0.8600000000000001,6,1.0434335773919816,1.0434335773919816,1.1016239006456097e-05,0.5454682489311867,0.5454682489311867,0.2816953321959563,True,e948a93869dc3a394183084d60bbd9ffdc5cd1855b861b4378766a013a9fd06e,False
unsb-sixdomain-expanded-phase-field-v1,SnowTrafficData,SnowTrafficData__0576,1,0.5,6,0.7981947513619116,0.7981947513619116,3.065777501398692e-05,0.8748018113081095,0.8748018113081095,-0.0398008058935841,False,bd7c579fd5578dd62972839666a4a8c0fc05138cc0d97b5e72e8dcb5bff48ae6,False
unsb-sixdomain-expanded-phase-field-v1,SnowTrafficData,SnowTrafficData__0576,2,0.74,6,0.9972857168367548,0.9972857168367548,9.648461920308549e-06,0.6571250007330451,0.6571250007330451,0.1811716085918765,True,bd7c579fd5578dd62972839666a4a8c0fc05138cc0d97b5e72e8dcb5bff48ae6,False
unsb-sixdomain-expanded-phase-field-v1,SnowTrafficData,SnowTrafficData__0576,3,0.8600000000000001,6,1.0667815134230705,1.0667815134230705,4.286468337433291e-05,0.5511845774827937,0.5511845774827937,0.2867784238469946,True,bd7c579fd5578dd62972839666a4a8c0fc05138cc0d97b5e72e8dcb5bff48ae6,False
unsb-sixdomain-expanded-phase-field-v1,SnowTrafficData,SnowTrafficData__0106,1,0.5,2,0.7974792907443189,0.8354970859943622,7.806035672408562e-06,0.3665981121732362,0.3665981121732362,0.3375291897479638,True,53d9ef1d5358a73ef2970b9a43b37ae7d8047f07659acca9ed5f4935ed8e659d,False
unsb-sixdomain-expanded-phase-field-v1,SnowTrafficData,SnowTrafficData__0106,2,0.74,6,1.0003795550579515,1.0003795550579515,2.652243992629089e-05,0.4085994987846785,0.4085994987846785,0.3888669778295979,True,53d9ef1d5358a73ef2970b9a43b37ae7d8047f07659acca9ed5f4935ed8e659d,False
unsb-sixdomain-expanded-phase-field-v1,SnowTrafficData,SnowTrafficData__0106,3,0.8600000000000001,6,1.050120492614449,1.050120492614449,1.3000369191162877e-05,0.4216700865130545,0.4216700865130545,0.3962663405774576,True,53d9ef1d5358a73ef2970b9a43b37ae7d8047f07659acca9ed5f4935ed8e659d,False
unsb-sixdomain-expanded-phase-field-v1,SnowTrafficData,SnowTrafficData__0454,1,0.5,6,0.980522007970086,0.980522007970086,4.829126351024726e-06,0.4434547183561471,0.4434547183561471,0.3446080657707762,True,5ace5327514ec0d54fd6b31f2b1a8f5b75244e450c463a130e7aad74604c75a3,False
unsb-sixdomain-expanded-phase-field-v1,SnowTrafficData,SnowTrafficData__0454,2,0.74,6,1.081340395412606,1.081340395412606,3.667610569568769e-05,0.4392209134571265,0.4392209134571265,0.3912794163232261,True,5ace5327514ec0d54fd6b31f2b1a8f5b75244e450c463a130e7aad74604c75a3,False
unsb-sixdomain-expanded-phase-field-v1,SnowTrafficData,SnowTrafficData__0454,3,0.8600000000000001,6,1.0906969748249842,1.0906969748249842,5.396777710164891e-06,0.4317446956034898,0.4317446956034898,0.402477098021103,True,5ace5327514ec0d54fd6b31f2b1a8f5b75244e450c463a130e7aad74604c75a3,False
unsb-sixdomain-expanded-phase-field-v1,SnowTrafficData,SnowTrafficData__0482,1,0.5,2,0.739279206201289,0.7529396449585589,1.2923136016862458e-06,0.3233306480152621,0.3233306480152621,0.3591616182440585,True,0115241d2a859071592ab019c4d4a39d0dc430539b236419ec9e0a2c3a46ce72,False
unsb-sixdomain-expanded-phase-field-v1,SnowTrafficData,SnowTrafficData__0482,2,0.74,6,0.949094822284922,0.949094822284922,1.3144141908449924e-05,0.3760165264396566,0.3760165264396566,0.4021026709594666,True,0115241d2a859071592ab019c4d4a39d0dc430539b236419ec9e0a2c3a46ce72,False
unsb-sixdomain-expanded-phase-field-v1,SnowTrafficData,SnowTrafficData__0482,3,0.8600000000000001,6,1.0006653992973622,1.0006653992973622,3.241420391919547e-05,0.3971670529628321,0.3971670529628321,0.4013156687713876,True,0115241d2a859071592ab019c4d4a39d0dc430539b236419ec9e0a2c3a46ce72,False
