domain,side,role,stem,ext,source_path
FoggyCityscapes,input,trainA,0557,png,/home/yc/UNSB_C21/dataset_all/FoggyCityscapes/input/0557.png
FoggyCityscapes,input,trainA,1657,png,/home/yc/UNSB_C21/dataset_all/FoggyCityscapes/input/1657.png
FoggyCityscapes,input,trainA,3903,png,/home/yc/UNSB_C21/dataset_all/FoggyCityscapes/input/3903.png
FoggyCityscapes,input,trainA,1797,png,/home/yc/UNSB_C21/dataset_all/FoggyCityscapes/input/1797.png
FoggyCityscapes,input,trainA,1305,png,/home/yc/UNSB_C21/dataset_all/FoggyCityscapes/input/1305.png
FoggyCityscapes,input,trainA,1991,png,/home/yc/UNSB_C21/dataset_all/FoggyCityscapes/input/1991.png
FoggyCityscapes,input,trainA,4084,png,/home/yc/UNSB_C21/dataset_all/FoggyCityscapes/input/4084.png
FoggyCityscapes,input,trainA,3676,png,/home/yc/UNSB_C21/dataset_all/FoggyCityscapes/input/3676.png
FoggyCityscapes,input,trainA,1602,png,/home/yc/UNSB_C21/dataset_all/FoggyCityscapes/input/1602.png
FoggyCityscapes,input,trainA,3220,png,/home/yc/UNSB_C21/dataset_all/FoggyCityscapes/input/3220.png
FoggyCityscapes,input,trainA,3985,png,/home/yc/UNSB_C21/dataset_all/FoggyCityscapes/input/3985.png
FoggyCityscapes,input,trainA,1086,png,/home/yc/UNSB_C21/dataset_all/FoggyCityscapes/input/1086.png
FoggyCityscapes,input,trainA,3617,png,/home/yc/UNSB_C21/dataset_all/FoggyCityscapes/input/3617.png
FoggyCityscapes,input,trainA,1844,png,/home/yc/UNSB_C21/dataset_all/FoggyCityscapes/input/1844.png
FoggyCityscapes,input,trainA,1918,png,/home/yc/UNSB_C21/dataset_all/FoggyCityscapes/input/1918.png
FoggyCityscapes,input,trainA,3257,png,/home/yc/UNSB_C21/dataset_all/FoggyCityscapes/input/3257.png
FoggyCityscapes,input,trainA,0470,png,/home/yc/UNSB_C21/dataset_all/FoggyCityscapes/input/0470.png
FoggyCityscapes,input,trainA,4311,png,/home/yc/UNSB_C21/dataset_all/FoggyCityscapes/input/4311.png
FoggyCityscapes,input,trainA,3968,png,/home/yc/UNSB_C21/dataset_all/FoggyCityscapes/input/3968.png
FoggyCityscapes,input,trainA,3672,png,/home/yc/UNSB_C21/dataset_all/FoggyCityscapes/input/3672.png
FoggyCityscapes,input,trainA,2454,png,/home/yc/UNSB_C21/dataset_all/FoggyCityscapes/input/2454.png
FoggyCityscapes,input,trainA,0009,png,/home/yc/UNSB_C21/dataset_all/FoggyCityscapes/input/0009.png
FoggyCityscapes,input,trainA,2804,png,/home/yc/UNSB_C21/dataset_all/FoggyCityscapes/input/2804.png
FoggyCityscapes,input,trainA,0554,png,/home/yc/UNSB_C21/dataset_all/FoggyCityscapes/input/0554.png
FoggyCityscapes,input,trainA,0921,png,/home/yc/UNSB_C21/dataset_all/FoggyCityscapes/input/0921.png
FoggyCityscapes,input,trainA,4520,png,/home/yc/UNSB_C21/dataset_all/FoggyCityscapes/input/4520.png
FoggyCityscapes,input,trainA,1294,png,/home/yc/UNSB_C21/dataset_all/FoggyCityscapes/input/1294.png
FoggyCityscapes,input,trainA,0711,png,/home/yc/UNSB_C21/dataset_all/FoggyCityscapes/input/0711.png
FoggyCityscapes,input,trainA,3198,png,/home/yc/UNSB_C21/dataset_all/FoggyCityscapes/input/3198.png
FoggyCityscapes,input,trainA,2104,png,/home/yc/UNSB_C21/dataset_all/FoggyCityscapes/input/2104.png
FoggyCityscapes,input,trainA,3913,png,/home/yc/UNSB_C21/dataset_all/FoggyCityscapes/input/3913.png
FoggyCityscapes,input,trainA,4073,png,/home/yc/UNSB_C21/dataset_all/FoggyCityscapes/input/4073.png
FoggyCityscapes,input,trainA,1534,png,/home/yc/UNSB_C21/dataset_all/FoggyCityscapes/input/1534.png
FoggyCityscapes,input,trainA,0422,png,/home/yc/UNSB_C21/dataset_all/FoggyCityscapes/input/0422.png
FoggyCityscapes,input,trainA,4360,png,/home/yc/UNSB_C21/dataset_all/FoggyCityscapes/input/4360.png
FoggyCityscapes,input,trainA,0241,png,/home/yc/UNSB_C21/dataset_all/FoggyCityscapes/input/0241.png
FoggyCityscapes,input,trainA,2867,png,/home/yc/UNSB_C21/dataset_all/FoggyCityscapes/input/2867.png
FoggyCityscapes,input,trainA,0171,png,/home/yc/UNSB_C21/dataset_all/FoggyCityscapes/input/0171.png
FoggyCityscapes,input,trainA,1974,png,/home/yc/UNSB_C21/dataset_all/FoggyCityscapes/input/1974.png
FoggyCityscapes,input,trainA,2251,png,/home/yc/UNSB_C21/dataset_all/FoggyCityscapes/input/2251.png
FoggyCityscapes,input,trainA,1902,png,/home/yc/UNSB_C21/dataset_all/FoggyCityscapes/input/1902.png
FoggyCityscapes,input,trainA,2866,png,/home/yc/UNSB_C21/dataset_all/FoggyCityscapes/input/2866.png
FoggyCityscapes,input,trainA,1528,png,/home/yc/UNSB_C21/dataset_all/FoggyCityscapes/input/1528.png
FoggyCityscapes,input,trainA,1359,png,/home/yc/UNSB_C21/dataset_all/FoggyCityscapes/input/1359.png
FoggyCityscapes,input,trainA,1749,png,/home/yc/UNSB_C21/dataset_all/FoggyCityscapes/input/1749.png
FoggyCityscapes,input,trainA,4374,png,/home/yc/UNSB_C21/dataset_all/FoggyCityscapes/input/4374.png
FoggyCityscapes,input,trainA,4491,png,/home/yc/UNSB_C21/dataset_all/FoggyCityscapes/input/4491.png
FoggyCityscapes,input,trainA,3904,png,/home/yc/UNSB_C21/dataset_all/FoggyCityscapes/input/3904.png
FoggyCityscapes,input,trainA,2482,png,/home/yc/UNSB_C21/dataset_all/FoggyCityscapes/input/2482.png
FoggyCityscapes,input,trainA,3413,png,/home/yc/UNSB_C21/dataset_all/FoggyCityscapes/input/3413.png
FoggyCityscapes,input,trainA,3377,png,/home/yc/UNSB_C21/dataset_all/FoggyCityscapes/input/3377.png
FoggyCityscapes,input,trainA,4106,png,/home/yc/UNSB_C21/dataset_all/FoggyCityscapes/input/4106.png
FoggyCityscapes,input,trainA,1706,png,/home/yc/UNSB_C21/dataset_all/FoggyCityscapes/input/1706.png
FoggyCityscapes,input,trainA,3232,png,/home/yc/UNSB_C21/dataset_all/FoggyCityscapes/input/3232.png
FoggyCityscapes,input,trainA,1483,png,/home/yc/UNSB_C21/dataset_all/FoggyCityscapes/input/1483.png
FoggyCityscapes,input,trainA,4420,png,/home/yc/UNSB_C21/dataset_all/FoggyCityscapes/input/4420.png
FoggyCityscapes,input,trainA,2211,png,/home/yc/UNSB_C21/dataset_all/FoggyCityscapes/input/2211.png
FoggyCityscapes,input,trainA,3905,png,/home/yc/UNSB_C21/dataset_all/FoggyCityscapes/input/3905.png
FoggyCityscapes,input,trainA,4007,png,/home/yc/UNSB_C21/dataset_all/FoggyCityscapes/input/4007.png
FoggyCityscapes,input,trainA,0963,png,/home/yc/UNSB_C21/dataset_all/FoggyCityscapes/input/0963.png
FoggyCityscapes,input,trainA,2742,png,/home/yc/UNSB_C21/dataset_all/FoggyCityscapes/input/2742.png
FoggyCityscapes,input,trainA,2271,png,/home/yc/UNSB_C21/dataset_all/FoggyCityscapes/input/2271.png
FoggyCityscapes,input,trainA,3278,png,/home/yc/UNSB_C21/dataset_all/FoggyCityscapes/input/3278.png
FoggyCityscapes,input,trainA,1301,png,/home/yc/UNSB_C21/dataset_all/FoggyCityscapes/input/1301.png
FoggyCityscapes,input,trainA,3613,png,/home/yc/UNSB_C21/dataset_all/FoggyCityscapes/input/3613.png
FoggyCityscapes,input,trainA,4038,png,/home/yc/UNSB_C21/dataset_all/FoggyCityscapes/input/4038.png
FoggyCityscapes,input,trainA,2537,png,/home/yc/UNSB_C21/dataset_all/FoggyCityscapes/input/2537.png
FoggyCityscapes,input,trainA,0795,png,/home/yc/UNSB_C21/dataset_all/FoggyCityscapes/input/0795.png
FoggyCityscapes,input,trainA,3787,png,/home/yc/UNSB_C21/dataset_all/FoggyCityscapes/input/3787.png
FoggyCityscapes,input,trainA,1799,png,/home/yc/UNSB_C21/dataset_all/FoggyCityscapes/input/1799.png
FoggyCityscapes,input,trainA,4003,png,/home/yc/UNSB_C21/dataset_all/FoggyCityscapes/input/4003.png
FoggyCityscapes,input,trainA,4147,png,/home/yc/UNSB_C21/dataset_all/FoggyCityscapes/input/4147.png
FoggyCityscapes,input,trainA,1761,png,/home/yc/UNSB_C21/dataset_all/FoggyCityscapes/input/1761.png
FoggyCityscapes,input,trainA,3378,png,/home/yc/UNSB_C21/dataset_all/FoggyCityscapes/input/3378.png
FoggyCityscapes,input,trainA,0754,png,/home/yc/UNSB_C21/dataset_all/FoggyCityscapes/input/0754.png
FoggyCityscapes,input,trainA,1931,png,/home/yc/UNSB_C21/dataset_all/FoggyCityscapes/input/1931.png
FoggyCityscapes,input,trainA,2795,png,/home/yc/UNSB_C21/dataset_all/FoggyCityscapes/input/2795.png
FoggyCityscapes,input,trainA,2418,png,/home/yc/UNSB_C21/dataset_all/FoggyCityscapes/input/2418.png
FoggyCityscapes,input,trainA,0448,png,/home/yc/UNSB_C21/dataset_all/FoggyCityscapes/input/0448.png
FoggyCityscapes,input,trainA,2807,png,/home/yc/UNSB_C21/dataset_all/FoggyCityscapes/input/2807.png
FoggyCityscapes,input,trainA,1458,png,/home/yc/UNSB_C21/dataset_all/FoggyCityscapes/input/1458.png
FoggyCityscapes,input,trainA,2181,png,/home/yc/UNSB_C21/dataset_all/FoggyCityscapes/input/2181.png
FoggyCityscapes,input,trainA,0309,png,/home/yc/UNSB_C21/dataset_all/FoggyCityscapes/input/0309.png
FoggyCityscapes,input,trainA,4427,png,/home/yc/UNSB_C21/dataset_all/FoggyCityscapes/input/4427.png
FoggyCityscapes,input,trainA,1854,png,/home/yc/UNSB_C21/dataset_all/FoggyCityscapes/input/1854.png
FoggyCityscapes,input,trainA,2194,png,/home/yc/UNSB_C21/dataset_all/FoggyCityscapes/input/2194.png
FoggyCityscapes,input,trainA,1850,png,/home/yc/UNSB_C21/dataset_all/FoggyCityscapes/input/1850.png
FoggyCityscapes,input,trainA,4408,png,/home/yc/UNSB_C21/dataset_all/FoggyCityscapes/input/4408.png
FoggyCityscapes,input,trainA,0377,png,/home/yc/UNSB_C21/dataset_all/FoggyCityscapes/input/0377.png
FoggyCityscapes,input,trainA,1553,png,/home/yc/UNSB_C21/dataset_all/FoggyCityscapes/input/1553.png
FoggyCityscapes,input,trainA,3210,png,/home/yc/UNSB_C21/dataset_all/FoggyCityscapes/input/3210.png
FoggyCityscapes,input,trainA,1940,png,/home/yc/UNSB_C21/dataset_all/FoggyCityscapes/input/1940.png
FoggyCityscapes,input,trainA,2048,png,/home/yc/UNSB_C21/dataset_all/FoggyCityscapes/input/2048.png
FoggyCityscapes,input,trainA,1121,png,/home/yc/UNSB_C21/dataset_all/FoggyCityscapes/input/1121.png
FoggyCityscapes,input,trainA,0997,png,/home/yc/UNSB_C21/dataset_all/FoggyCityscapes/input/0997.png
FoggyCityscapes,input,trainA,2436,png,/home/yc/UNSB_C21/dataset_all/FoggyCityscapes/input/2436.png
FoggyCityscapes,input,trainA,4460,png,/home/yc/UNSB_C21/dataset_all/FoggyCityscapes/input/4460.png
FoggyCityscapes,input,trainA,0714,png,/home/yc/UNSB_C21/dataset_all/FoggyCityscapes/input/0714.png
FoggyCityscapes,input,trainA,0511,png,/home/yc/UNSB_C21/dataset_all/FoggyCityscapes/input/0511.png
FoggyCityscapes,input,trainA,0294,png,/home/yc/UNSB_C21/dataset_all/FoggyCityscapes/input/0294.png
FoggyCityscapes,target,trainB,4409,png,/home/yc/UNSB_C21/dataset_all/FoggyCityscapes/target/4409.png
FoggyCityscapes,target,trainB,3105,png,/home/yc/UNSB_C21/dataset_all/FoggyCityscapes/target/3105.png
FoggyCityscapes,target,trainB,3133,png,/home/yc/UNSB_C21/dataset_all/FoggyCityscapes/target/3133.png
FoggyCityscapes,target,trainB,0804,png,/home/yc/UNSB_C21/dataset_all/FoggyCityscapes/target/0804.png
FoggyCityscapes,target,trainB,2718,png,/home/yc/UNSB_C21/dataset_all/FoggyCityscapes/target/2718.png
FoggyCityscapes,target,trainB,2869,png,/home/yc/UNSB_C21/dataset_all/FoggyCityscapes/target/2869.png
FoggyCityscapes,target,trainB,1164,png,/home/yc/UNSB_C21/dataset_all/FoggyCityscapes/target/1164.png
FoggyCityscapes,target,trainB,1670,png,/home/yc/UNSB_C21/dataset_all/FoggyCityscapes/target/1670.png
FoggyCityscapes,target,trainB,2677,png,/home/yc/UNSB_C21/dataset_all/FoggyCityscapes/target/2677.png
FoggyCityscapes,target,trainB,4505,png,/home/yc/UNSB_C21/dataset_all/FoggyCityscapes/target/4505.png
FoggyCityscapes,target,trainB,0009,png,/home/yc/UNSB_C21/dataset_all/FoggyCityscapes/target/0009.png
FoggyCityscapes,target,trainB,3698,png,/home/yc/UNSB_C21/dataset_all/FoggyCityscapes/target/3698.png
FoggyCityscapes,target,trainB,1988,png,/home/yc/UNSB_C21/dataset_all/FoggyCityscapes/target/1988.png
FoggyCityscapes,target,trainB,0544,png,/home/yc/UNSB_C21/dataset_all/FoggyCityscapes/target/0544.png
FoggyCityscapes,target,trainB,1983,png,/home/yc/UNSB_C21/dataset_all/FoggyCityscapes/target/1983.png
FoggyCityscapes,target,trainB,0942,png,/home/yc/UNSB_C21/dataset_all/FoggyCityscapes/target/0942.png
FoggyCityscapes,target,trainB,1731,png,/home/yc/UNSB_C21/dataset_all/FoggyCityscapes/target/1731.png
FoggyCityscapes,target,trainB,2619,png,/home/yc/UNSB_C21/dataset_all/FoggyCityscapes/target/2619.png
FoggyCityscapes,target,trainB,4459,png,/home/yc/UNSB_C21/dataset_all/FoggyCityscapes/target/4459.png
FoggyCityscapes,target,trainB,2478,png,/home/yc/UNSB_C21/dataset_all/FoggyCityscapes/target/2478.png
FoggyCityscapes,target,trainB,0289,png,/home/yc/UNSB_C21/dataset_all/FoggyCityscapes/target/0289.png
FoggyCityscapes,target,trainB,1668,png,/home/yc/UNSB_C21/dataset_all/FoggyCityscapes/target/1668.png
FoggyCityscapes,target,trainB,2296,png,/home/yc/UNSB_C21/dataset_all/FoggyCityscapes/target/2296.png
FoggyCityscapes,target,trainB,2102,png,/home/yc/UNSB_C21/dataset_all/FoggyCityscapes/target/2102.png
FoggyCityscapes,target,trainB,1214,png,/home/yc/UNSB_C21/dataset_all/FoggyCityscapes/target/1214.png
FoggyCityscapes,target,trainB,3623,png,/home/yc/UNSB_C21/dataset_all/FoggyCityscapes/target/3623.png
FoggyCityscapes,target,trainB,2196,png,/home/yc/UNSB_C21/dataset_all/FoggyCityscapes/target/2196.png
FoggyCityscapes,target,trainB,0798,png,/home/yc/UNSB_C21/dataset_all/FoggyCityscapes/target/0798.png
FoggyCityscapes,target,trainB,2733,png,/home/yc/UNSB_C21/dataset_all/FoggyCityscapes/target/2733.png
FoggyCityscapes,target,trainB,3691,png,/home/yc/UNSB_C21/dataset_all/FoggyCityscapes/target/3691.png
FoggyCityscapes,target,trainB,4222,png,/home/yc/UNSB_C21/dataset_all/FoggyCityscapes/target/4222.png
FoggyCityscapes,target,trainB,1175,png,/home/yc/UNSB_C21/dataset_all/FoggyCityscapes/target/1175.png
FoggyCityscapes,target,trainB,3990,png,/home/yc/UNSB_C21/dataset_all/FoggyCityscapes/target/3990.png
FoggyCityscapes,target,trainB,3710,png,/home/yc/UNSB_C21/dataset_all/FoggyCityscapes/target/3710.png
FoggyCityscapes,target,trainB,3570,png,/home/yc/UNSB_C21/dataset_all/FoggyCityscapes/target/3570.png
FoggyCityscapes,target,trainB,2413,png,/home/yc/UNSB_C21/dataset_all/FoggyCityscapes/target/2413.png
FoggyCityscapes,target,trainB,1821,png,/home/yc/UNSB_C21/dataset_all/FoggyCityscapes/target/1821.png
FoggyCityscapes,target,trainB,4230,png,/home/yc/UNSB_C21/dataset_all/FoggyCityscapes/target/4230.png
FoggyCityscapes,target,trainB,2279,png,/home/yc/UNSB_C21/dataset_all/FoggyCityscapes/target/2279.png
FoggyCityscapes,target,trainB,0782,png,/home/yc/UNSB_C21/dataset_all/FoggyCityscapes/target/0782.png
FoggyCityscapes,target,trainB,3508,png,/home/yc/UNSB_C21/dataset_all/FoggyCityscapes/target/3508.png
FoggyCityscapes,target,trainB,1583,png,/home/yc/UNSB_C21/dataset_all/FoggyCityscapes/target/1583.png
FoggyCityscapes,target,trainB,3727,png,/home/yc/UNSB_C21/dataset_all/FoggyCityscapes/target/3727.png
FoggyCityscapes,target,trainB,0697,png,/home/yc/UNSB_C21/dataset_all/FoggyCityscapes/target/0697.png
FoggyCityscapes,target,trainB,3311,png,/home/yc/UNSB_C21/dataset_all/FoggyCityscapes/target/3311.png
FoggyCityscapes,target,trainB,0100,png,/home/yc/UNSB_C21/dataset_all/FoggyCityscapes/target/0100.png
FoggyCityscapes,target,trainB,3016,png,/home/yc/UNSB_C21/dataset_all/FoggyCityscapes/target/3016.png
FoggyCityscapes,target,trainB,2456,png,/home/yc/UNSB_C21/dataset_all/FoggyCityscapes/target/2456.png
FoggyCityscapes,target,trainB,1642,png,/home/yc/UNSB_C21/dataset_all/FoggyCityscapes/target/1642.png
FoggyCityscapes,target,trainB,2885,png,/home/yc/UNSB_C21/dataset_all/FoggyCityscapes/target/2885.png
FoggyCityscapes,target,trainB,0759,png,/home/yc/UNSB_C21/dataset_all/FoggyCityscapes/target/0759.png
FoggyCityscapes,target,trainB,0729,png,/home/yc/UNSB_C21/dataset_all/FoggyCityscapes/target/0729.png
FoggyCityscapes,target,trainB,0678,png,/home/yc/UNSB_C21/dataset_all/FoggyCityscapes/target/0678.png
FoggyCityscapes,target,trainB,1839,png,/home/yc/UNSB_C21/dataset_all/FoggyCityscapes/target/1839.png
FoggyCityscapes,target,trainB,2587,png,/home/yc/UNSB_C21/dataset_all/FoggyCityscapes/target/2587.png
FoggyCityscapes,target,trainB,1790,png,/home/yc/UNSB_C21/dataset_all/FoggyCityscapes/target/1790.png
FoggyCityscapes,target,trainB,1568,png,/home/yc/UNSB_C21/dataset_all/FoggyCityscapes/target/1568.png
FoggyCityscapes,target,trainB,1865,png,/home/yc/UNSB_C21/dataset_all/FoggyCityscapes/target/1865.png
FoggyCityscapes,target,trainB,2626,png,/home/yc/UNSB_C21/dataset_all/FoggyCityscapes/target/2626.png
FoggyCityscapes,target,trainB,4234,png,/home/yc/UNSB_C21/dataset_all/FoggyCityscapes/target/4234.png
FoggyCityscapes,target,trainB,1981,png,/home/yc/UNSB_C21/dataset_all/FoggyCityscapes/target/1981.png
FoggyCityscapes,target,trainB,4011,png,/home/yc/UNSB_C21/dataset_all/FoggyCityscapes/target/4011.png
FoggyCityscapes,target,trainB,3966,png,/home/yc/UNSB_C21/dataset_all/FoggyCityscapes/target/3966.png
FoggyCityscapes,target,trainB,4137,png,/home/yc/UNSB_C21/dataset_all/FoggyCityscapes/target/4137.png
FoggyCityscapes,target,trainB,2180,png,/home/yc/UNSB_C21/dataset_all/FoggyCityscapes/target/2180.png
FoggyCityscapes,target,trainB,4186,png,/home/yc/UNSB_C21/dataset_all/FoggyCityscapes/target/4186.png
FoggyCityscapes,target,trainB,2128,png,/home/yc/UNSB_C21/dataset_all/FoggyCityscapes/target/2128.png
FoggyCityscapes,target,trainB,3912,png,/home/yc/UNSB_C21/dataset_all/FoggyCityscapes/target/3912.png
FoggyCityscapes,target,trainB,3334,png,/home/yc/UNSB_C21/dataset_all/FoggyCityscapes/target/3334.png
FoggyCityscapes,target,trainB,1490,png,/home/yc/UNSB_C21/dataset_all/FoggyCityscapes/target/1490.png
FoggyCityscapes,target,trainB,1592,png,/home/yc/UNSB_C21/dataset_all/FoggyCityscapes/target/1592.png
FoggyCityscapes,target,trainB,1641,png,/home/yc/UNSB_C21/dataset_all/FoggyCityscapes/target/1641.png
FoggyCityscapes,target,trainB,2084,png,/home/yc/UNSB_C21/dataset_all/FoggyCityscapes/target/2084.png
FoggyCityscapes,target,trainB,2799,png,/home/yc/UNSB_C21/dataset_all/FoggyCityscapes/target/2799.png
FoggyCityscapes,target,trainB,0510,png,/home/yc/UNSB_C21/dataset_all/FoggyCityscapes/target/0510.png
FoggyCityscapes,target,trainB,0730,png,/home/yc/UNSB_C21/dataset_all/FoggyCityscapes/target/0730.png
FoggyCityscapes,target,trainB,3260,png,/home/yc/UNSB_C21/dataset_all/FoggyCityscapes/target/3260.png
FoggyCityscapes,target,trainB,3879,png,/home/yc/UNSB_C21/dataset_all/FoggyCityscapes/target/3879.png
FoggyCityscapes,target,trainB,3758,png,/home/yc/UNSB_C21/dataset_all/FoggyCityscapes/target/3758.png
FoggyCityscapes,target,trainB,1890,png,/home/yc/UNSB_C21/dataset_all/FoggyCityscapes/target/1890.png
FoggyCityscapes,target,trainB,3776,png,/home/yc/UNSB_C21/dataset_all/FoggyCityscapes/target/3776.png
FoggyCityscapes,target,trainB,3296,png,/home/yc/UNSB_C21/dataset_all/FoggyCityscapes/target/3296.png
FoggyCityscapes,target,trainB,4539,png,/home/yc/UNSB_C21/dataset_all/FoggyCityscapes/target/4539.png
FoggyCityscapes,target,trainB,0661,png,/home/yc/UNSB_C21/dataset_all/FoggyCityscapes/target/0661.png
FoggyCityscapes,target,trainB,1262,png,/home/yc/UNSB_C21/dataset_all/FoggyCityscapes/target/1262.png
FoggyCityscapes,target,trainB,4308,png,/home/yc/UNSB_C21/dataset_all/FoggyCityscapes/target/4308.png
FoggyCityscapes,target,trainB,2467,png,/home/yc/UNSB_C21/dataset_all/FoggyCityscapes/target/2467.png
FoggyCityscapes,target,trainB,3596,png,/home/yc/UNSB_C21/dataset_all/FoggyCityscapes/target/3596.png
FoggyCityscapes,target,trainB,1789,png,/home/yc/UNSB_C21/dataset_all/FoggyCityscapes/target/1789.png
FoggyCityscapes,target,trainB,4024,png,/home/yc/UNSB_C21/dataset_all/FoggyCityscapes/target/4024.png
FoggyCityscapes,target,trainB,0672,png,/home/yc/UNSB_C21/dataset_all/FoggyCityscapes/target/0672.png
FoggyCityscapes,target,trainB,2254,png,/home/yc/UNSB_C21/dataset_all/FoggyCityscapes/target/2254.png
FoggyCityscapes,target,trainB,1212,png,/home/yc/UNSB_C21/dataset_all/FoggyCityscapes/target/1212.png
FoggyCityscapes,target,trainB,0461,png,/home/yc/UNSB_C21/dataset_all/FoggyCityscapes/target/0461.png
FoggyCityscapes,target,trainB,0553,png,/home/yc/UNSB_C21/dataset_all/FoggyCityscapes/target/0553.png
FoggyCityscapes,target,trainB,2557,png,/home/yc/UNSB_C21/dataset_all/FoggyCityscapes/target/2557.png
FoggyCityscapes,target,trainB,1037,png,/home/yc/UNSB_C21/dataset_all/FoggyCityscapes/target/1037.png
FoggyCityscapes,target,trainB,0124,png,/home/yc/UNSB_C21/dataset_all/FoggyCityscapes/target/0124.png
FoggyCityscapes,target,trainB,0517,png,/home/yc/UNSB_C21/dataset_all/FoggyCityscapes/target/0517.png
FoggyCityscapes,target,trainB,1599,png,/home/yc/UNSB_C21/dataset_all/FoggyCityscapes/target/1599.png
FoggyCityscapes,input,discovery,4180,png,/home/yc/UNSB_C21/dataset_all/FoggyCityscapes/input/4180.png
FoggyCityscapes,input,discovery,0570,png,/home/yc/UNSB_C21/dataset_all/FoggyCityscapes/input/0570.png
FoggyCityscapes,input,discovery,0101,png,/home/yc/UNSB_C21/dataset_all/FoggyCityscapes/input/0101.png
FoggyCityscapes,input,discovery,1297,png,/home/yc/UNSB_C21/dataset_all/FoggyCityscapes/input/1297.png
FoggyCityscapes,input,discovery,0419,png,/home/yc/UNSB_C21/dataset_all/FoggyCityscapes/input/0419.png
FoggyCityscapes,input,discovery,2723,png,/home/yc/UNSB_C21/dataset_all/FoggyCityscapes/input/2723.png
FoggyCityscapes,input,discovery,4366,png,/home/yc/UNSB_C21/dataset_all/FoggyCityscapes/input/4366.png
FoggyCityscapes,input,discovery,1898,png,/home/yc/UNSB_C21/dataset_all/FoggyCityscapes/input/1898.png
FoggyCityscapes,input,discovery,2204,png,/home/yc/UNSB_C21/dataset_all/FoggyCityscapes/input/2204.png
FoggyCityscapes,input,discovery,3266,png,/home/yc/UNSB_C21/dataset_all/FoggyCityscapes/input/3266.png
FoggyCityscapes,input,discovery,1708,png,/home/yc/UNSB_C21/dataset_all/FoggyCityscapes/input/1708.png
FoggyCityscapes,input,discovery,0445,png,/home/yc/UNSB_C21/dataset_all/FoggyCityscapes/input/0445.png
FoggyCityscapes,input,discovery,2796,png,/home/yc/UNSB_C21/dataset_all/FoggyCityscapes/input/2796.png
FoggyCityscapes,input,discovery,0503,png,/home/yc/UNSB_C21/dataset_all/FoggyCityscapes/input/0503.png
FoggyCityscapes,input,discovery,2996,png,/home/yc/UNSB_C21/dataset_all/FoggyCityscapes/input/2996.png
FoggyCityscapes,input,discovery,1210,png,/home/yc/UNSB_C21/dataset_all/FoggyCityscapes/input/1210.png
FoggyCityscapes,input,discovery,3176,png,/home/yc/UNSB_C21/dataset_all/FoggyCityscapes/input/3176.png
FoggyCityscapes,input,discovery,0702,png,/home/yc/UNSB_C21/dataset_all/FoggyCityscapes/input/0702.png
FoggyCityscapes,input,discovery,2450,png,/home/yc/UNSB_C21/dataset_all/FoggyCityscapes/input/2450.png
FoggyCityscapes,input,discovery,3848,png,/home/yc/UNSB_C21/dataset_all/FoggyCityscapes/input/3848.png
FoggyCityscapes,input,discovery,2745,png,/home/yc/UNSB_C21/dataset_all/FoggyCityscapes/input/2745.png
FoggyCityscapes,input,discovery,1973,png,/home/yc/UNSB_C21/dataset_all/FoggyCityscapes/input/1973.png
FoggyCityscapes,input,discovery,2366,png,/home/yc/UNSB_C21/dataset_all/FoggyCityscapes/input/2366.png
FoggyCityscapes,input,discovery,0991,png,/home/yc/UNSB_C21/dataset_all/FoggyCityscapes/input/0991.png
FoggyCityscapes,input,discovery,1062,png,/home/yc/UNSB_C21/dataset_all/FoggyCityscapes/input/1062.png
FoggyCityscapes,input,discovery,3335,png,/home/yc/UNSB_C21/dataset_all/FoggyCityscapes/input/3335.png
FoggyCityscapes,input,discovery,2175,png,/home/yc/UNSB_C21/dataset_all/FoggyCityscapes/input/2175.png
FoggyCityscapes,input,discovery,3618,png,/home/yc/UNSB_C21/dataset_all/FoggyCityscapes/input/3618.png
FoggyCityscapes,input,discovery,0909,png,/home/yc/UNSB_C21/dataset_all/FoggyCityscapes/input/0909.png
FoggyCityscapes,input,discovery,3329,png,/home/yc/UNSB_C21/dataset_all/FoggyCityscapes/input/3329.png
FoggyCityscapes,input,discovery,0074,png,/home/yc/UNSB_C21/dataset_all/FoggyCityscapes/input/0074.png
FoggyCityscapes,input,discovery,2619,png,/home/yc/UNSB_C21/dataset_all/FoggyCityscapes/input/2619.png
FoggyCityscapes,input,discovery,2340,png,/home/yc/UNSB_C21/dataset_all/FoggyCityscapes/input/2340.png
FoggyCityscapes,input,discovery,3393,png,/home/yc/UNSB_C21/dataset_all/FoggyCityscapes/input/3393.png
FoggyCityscapes,input,discovery,1855,png,/home/yc/UNSB_C21/dataset_all/FoggyCityscapes/input/1855.png
FoggyCityscapes,input,discovery,2449,png,/home/yc/UNSB_C21/dataset_all/FoggyCityscapes/input/2449.png
FoggyCityscapes,input,discovery,2492,png,/home/yc/UNSB_C21/dataset_all/FoggyCityscapes/input/2492.png
FoggyCityscapes,input,discovery,4143,png,/home/yc/UNSB_C21/dataset_all/FoggyCityscapes/input/4143.png
FoggyCityscapes,input,discovery,0440,png,/home/yc/UNSB_C21/dataset_all/FoggyCityscapes/input/0440.png
FoggyCityscapes,input,discovery,3664,png,/home/yc/UNSB_C21/dataset_all/FoggyCityscapes/input/3664.png
FoggyCityscapes,input,discovery,3868,png,/home/yc/UNSB_C21/dataset_all/FoggyCityscapes/input/3868.png
FoggyCityscapes,input,discovery,2414,png,/home/yc/UNSB_C21/dataset_all/FoggyCityscapes/input/2414.png
FoggyCityscapes,input,discovery,3804,png,/home/yc/UNSB_C21/dataset_all/FoggyCityscapes/input/3804.png
FoggyCityscapes,input,discovery,0301,png,/home/yc/UNSB_C21/dataset_all/FoggyCityscapes/input/0301.png
FoggyCityscapes,input,discovery,1954,png,/home/yc/UNSB_C21/dataset_all/FoggyCityscapes/input/1954.png
FoggyCityscapes,input,discovery,2348,png,/home/yc/UNSB_C21/dataset_all/FoggyCityscapes/input/2348.png
FoggyCityscapes,input,discovery,0010,png,/home/yc/UNSB_C21/dataset_all/FoggyCityscapes/input/0010.png
FoggyCityscapes,input,discovery,2778,png,/home/yc/UNSB_C21/dataset_all/FoggyCityscapes/input/2778.png
FoggyCityscapes,input,discovery,1149,png,/home/yc/UNSB_C21/dataset_all/FoggyCityscapes/input/1149.png
FoggyCityscapes,input,discovery,4130,png,/home/yc/UNSB_C21/dataset_all/FoggyCityscapes/input/4130.png
FoggyCityscapes,input,discovery,0838,png,/home/yc/UNSB_C21/dataset_all/FoggyCityscapes/input/0838.png
FoggyCityscapes,input,discovery,0123,png,/home/yc/UNSB_C21/dataset_all/FoggyCityscapes/input/0123.png
FoggyCityscapes,input,discovery,2947,png,/home/yc/UNSB_C21/dataset_all/FoggyCityscapes/input/2947.png
FoggyCityscapes,input,discovery,3455,png,/home/yc/UNSB_C21/dataset_all/FoggyCityscapes/input/3455.png
FoggyCityscapes,input,discovery,0659,png,/home/yc/UNSB_C21/dataset_all/FoggyCityscapes/input/0659.png
FoggyCityscapes,input,discovery,1214,png,/home/yc/UNSB_C21/dataset_all/FoggyCityscapes/input/1214.png
FoggyCityscapes,input,discovery,3395,png,/home/yc/UNSB_C21/dataset_all/FoggyCityscapes/input/3395.png
FoggyCityscapes,input,discovery,0165,png,/home/yc/UNSB_C21/dataset_all/FoggyCityscapes/input/0165.png
FoggyCityscapes,input,discovery,0021,png,/home/yc/UNSB_C21/dataset_all/FoggyCityscapes/input/0021.png
FoggyCityscapes,input,discovery,0373,png,/home/yc/UNSB_C21/dataset_all/FoggyCityscapes/input/0373.png
FoggyCityscapes,input,discovery,0602,png,/home/yc/UNSB_C21/dataset_all/FoggyCityscapes/input/0602.png
FoggyCityscapes,input,discovery,1701,png,/home/yc/UNSB_C21/dataset_all/FoggyCityscapes/input/1701.png
FoggyCityscapes,input,discovery,0057,png,/home/yc/UNSB_C21/dataset_all/FoggyCityscapes/input/0057.png
FoggyCityscapes,input,discovery,0044,png,/home/yc/UNSB_C21/dataset_all/FoggyCityscapes/input/0044.png
FoggyCityscapes,input,discovery,1283,png,/home/yc/UNSB_C21/dataset_all/FoggyCityscapes/input/1283.png
FoggyCityscapes,input,discovery,3492,png,/home/yc/UNSB_C21/dataset_all/FoggyCityscapes/input/3492.png
FoggyCityscapes,input,discovery,1197,png,/home/yc/UNSB_C21/dataset_all/FoggyCityscapes/input/1197.png
FoggyCityscapes,input,discovery,2845,png,/home/yc/UNSB_C21/dataset_all/FoggyCityscapes/input/2845.png
FoggyCityscapes,input,discovery,0552,png,/home/yc/UNSB_C21/dataset_all/FoggyCityscapes/input/0552.png
FoggyCityscapes,input,discovery,2948,png,/home/yc/UNSB_C21/dataset_all/FoggyCityscapes/input/2948.png
FoggyCityscapes,input,discovery,0065,png,/home/yc/UNSB_C21/dataset_all/FoggyCityscapes/input/0065.png
FoggyCityscapes,input,discovery,3487,png,/home/yc/UNSB_C21/dataset_all/FoggyCityscapes/input/3487.png
FoggyCityscapes,input,discovery,4020,png,/home/yc/UNSB_C21/dataset_all/FoggyCityscapes/input/4020.png
FoggyCityscapes,input,discovery,3603,png,/home/yc/UNSB_C21/dataset_all/FoggyCityscapes/input/3603.png
FoggyCityscapes,input,discovery,1146,png,/home/yc/UNSB_C21/dataset_all/FoggyCityscapes/input/1146.png
FoggyCityscapes,input,discovery,2306,png,/home/yc/UNSB_C21/dataset_all/FoggyCityscapes/input/2306.png
FoggyCityscapes,input,discovery,1792,png,/home/yc/UNSB_C21/dataset_all/FoggyCityscapes/input/1792.png
FoggyCityscapes,input,discovery,1811,png,/home/yc/UNSB_C21/dataset_all/FoggyCityscapes/input/1811.png
FoggyCityscapes,input,discovery,3721,png,/home/yc/UNSB_C21/dataset_all/FoggyCityscapes/input/3721.png
FoggyCityscapes,input,discovery,3912,png,/home/yc/UNSB_C21/dataset_all/FoggyCityscapes/input/3912.png
FoggyCityscapes,target,discovery_target,1459,png,/home/yc/UNSB_C21/dataset_all/FoggyCityscapes/target/1459.png
FoggyCityscapes,target,discovery_target,4122,png,/home/yc/UNSB_C21/dataset_all/FoggyCityscapes/target/4122.png
FoggyCityscapes,target,discovery_target,0501,png,/home/yc/UNSB_C21/dataset_all/FoggyCityscapes/target/0501.png
FoggyCityscapes,target,discovery_target,2175,png,/home/yc/UNSB_C21/dataset_all/FoggyCityscapes/target/2175.png
FoggyCityscapes,target,discovery_target,1000,png,/home/yc/UNSB_C21/dataset_all/FoggyCityscapes/target/1000.png
FoggyCityscapes,target,discovery_target,0420,png,/home/yc/UNSB_C21/dataset_all/FoggyCityscapes/target/0420.png
FoggyCityscapes,target,discovery_target,3611,png,/home/yc/UNSB_C21/dataset_all/FoggyCityscapes/target/3611.png
FoggyCityscapes,target,discovery_target,3965,png,/home/yc/UNSB_C21/dataset_all/FoggyCityscapes/target/3965.png
FoggyCityscapes,target,discovery_target,4417,png,/home/yc/UNSB_C21/dataset_all/FoggyCityscapes/target/4417.png
FoggyCityscapes,target,discovery_target,1727,png,/home/yc/UNSB_C21/dataset_all/FoggyCityscapes/target/1727.png
FoggyCityscapes,target,discovery_target,0048,png,/home/yc/UNSB_C21/dataset_all/FoggyCityscapes/target/0048.png
FoggyCityscapes,target,discovery_target,2996,png,/home/yc/UNSB_C21/dataset_all/FoggyCityscapes/target/2996.png
FoggyCityscapes,target,discovery_target,1106,png,/home/yc/UNSB_C21/dataset_all/FoggyCityscapes/target/1106.png
FoggyCityscapes,target,discovery_target,0352,png,/home/yc/UNSB_C21/dataset_all/FoggyCityscapes/target/0352.png
FoggyCityscapes,target,discovery_target,0451,png,/home/yc/UNSB_C21/dataset_all/FoggyCityscapes/target/0451.png
FoggyCityscapes,target,discovery_target,0183,png,/home/yc/UNSB_C21/dataset_all/FoggyCityscapes/target/0183.png
FoggyCityscapes,target,discovery_target,1238,png,/home/yc/UNSB_C21/dataset_all/FoggyCityscapes/target/1238.png
FoggyCityscapes,target,discovery_target,3427,png,/home/yc/UNSB_C21/dataset_all/FoggyCityscapes/target/3427.png
FoggyCityscapes,target,discovery_target,1195,png,/home/yc/UNSB_C21/dataset_all/FoggyCityscapes/target/1195.png
FoggyCityscapes,target,discovery_target,0690,png,/home/yc/UNSB_C21/dataset_all/FoggyCityscapes/target/0690.png
FoggyCityscapes,target,discovery_target,3927,png,/home/yc/UNSB_C21/dataset_all/FoggyCityscapes/target/3927.png
FoggyCityscapes,target,discovery_target,1318,png,/home/yc/UNSB_C21/dataset_all/FoggyCityscapes/target/1318.png
FoggyCityscapes,target,discovery_target,3648,png,/home/yc/UNSB_C21/dataset_all/FoggyCityscapes/target/3648.png
FoggyCityscapes,target,discovery_target,1232,png,/home/yc/UNSB_C21/dataset_all/FoggyCityscapes/target/1232.png
FoggyCityscapes,target,discovery_target,0214,png,/home/yc/UNSB_C21/dataset_all/FoggyCityscapes/target/0214.png
FoggyCityscapes,target,discovery_target,2667,png,/home/yc/UNSB_C21/dataset_all/FoggyCityscapes/target/2667.png
FoggyCityscapes,target,discovery_target,3358,png,/home/yc/UNSB_C21/dataset_all/FoggyCityscapes/target/3358.png
FoggyCityscapes,target,discovery_target,2835,png,/home/yc/UNSB_C21/dataset_all/FoggyCityscapes/target/2835.png
FoggyCityscapes,target,discovery_target,1693,png,/home/yc/UNSB_C21/dataset_all/FoggyCityscapes/target/1693.png
FoggyCityscapes,target,discovery_target,3059,png,/home/yc/UNSB_C21/dataset_all/FoggyCityscapes/target/3059.png
FoggyCityscapes,target,discovery_target,3331,png,/home/yc/UNSB_C21/dataset_all/FoggyCityscapes/target/3331.png
FoggyCityscapes,target,discovery_target,3605,png,/home/yc/UNSB_C21/dataset_all/FoggyCityscapes/target/3605.png
FoggyCityscapes,target,discovery_target,1341,png,/home/yc/UNSB_C21/dataset_all/FoggyCityscapes/target/1341.png
FoggyCityscapes,target,discovery_target,3575,png,/home/yc/UNSB_C21/dataset_all/FoggyCityscapes/target/3575.png
FoggyCityscapes,target,discovery_target,1769,png,/home/yc/UNSB_C21/dataset_all/FoggyCityscapes/target/1769.png
FoggyCityscapes,target,discovery_target,4021,png,/home/yc/UNSB_C21/dataset_all/FoggyCityscapes/target/4021.png
FoggyCityscapes,target,discovery_target,2796,png,/home/yc/UNSB_C21/dataset_all/FoggyCityscapes/target/2796.png
FoggyCityscapes,target,discovery_target,1019,png,/home/yc/UNSB_C21/dataset_all/FoggyCityscapes/target/1019.png
FoggyCityscapes,target,discovery_target,1512,png,/home/yc/UNSB_C21/dataset_all/FoggyCityscapes/target/1512.png
FoggyCityscapes,target,discovery_target,2421,png,/home/yc/UNSB_C21/dataset_all/FoggyCityscapes/target/2421.png
FoggyCityscapes,target,discovery_target,4556,png,/home/yc/UNSB_C21/dataset_all/FoggyCityscapes/target/4556.png
FoggyCityscapes,target,discovery_target,2588,png,/home/yc/UNSB_C21/dataset_all/FoggyCityscapes/target/2588.png
FoggyCityscapes,target,discovery_target,1734,png,/home/yc/UNSB_C21/dataset_all/FoggyCityscapes/target/1734.png
FoggyCityscapes,target,discovery_target,2610,png,/home/yc/UNSB_C21/dataset_all/FoggyCityscapes/target/2610.png
FoggyCityscapes,target,discovery_target,1571,png,/home/yc/UNSB_C21/dataset_all/FoggyCityscapes/target/1571.png
FoggyCityscapes,target,discovery_target,1687,png,/home/yc/UNSB_C21/dataset_all/FoggyCityscapes/target/1687.png
FoggyCityscapes,target,discovery_target,2717,png,/home/yc/UNSB_C21/dataset_all/FoggyCityscapes/target/2717.png
FoggyCityscapes,target,discovery_target,1437,png,/home/yc/UNSB_C21/dataset_all/FoggyCityscapes/target/1437.png
FoggyCityscapes,target,discovery_target,2730,png,/home/yc/UNSB_C21/dataset_all/FoggyCityscapes/target/2730.png
FoggyCityscapes,target,discovery_target,0055,png,/home/yc/UNSB_C21/dataset_all/FoggyCityscapes/target/0055.png
FoggyCityscapes,target,discovery_target,3249,png,/home/yc/UNSB_C21/dataset_all/FoggyCityscapes/target/3249.png
FoggyCityscapes,target,discovery_target,2807,png,/home/yc/UNSB_C21/dataset_all/FoggyCityscapes/target/2807.png
FoggyCityscapes,target,discovery_target,1913,png,/home/yc/UNSB_C21/dataset_all/FoggyCityscapes/target/1913.png
FoggyCityscapes,target,discovery_target,1325,png,/home/yc/UNSB_C21/dataset_all/FoggyCityscapes/target/1325.png
FoggyCityscapes,target,discovery_target,0019,png,/home/yc/UNSB_C21/dataset_all/FoggyCityscapes/target/0019.png
FoggyCityscapes,target,discovery_target,2227,png,/home/yc/UNSB_C21/dataset_all/FoggyCityscapes/target/2227.png
FoggyCityscapes,target,discovery_target,3120,png,/home/yc/UNSB_C21/dataset_all/FoggyCityscapes/target/3120.png
FoggyCityscapes,target,discovery_target,1458,png,/home/yc/UNSB_C21/dataset_all/FoggyCityscapes/target/1458.png
FoggyCityscapes,target,discovery_target,1559,png,/home/yc/UNSB_C21/dataset_all/FoggyCityscapes/target/1559.png
FoggyCityscapes,target,discovery_target,4143,png,/home/yc/UNSB_C21/dataset_all/FoggyCityscapes/target/4143.png
FoggyCityscapes,target,discovery_target,1993,png,/home/yc/UNSB_C21/dataset_all/FoggyCityscapes/target/1993.png
FoggyCityscapes,target,discovery_target,1075,png,/home/yc/UNSB_C21/dataset_all/FoggyCityscapes/target/1075.png
FoggyCityscapes,target,discovery_target,2696,png,/home/yc/UNSB_C21/dataset_all/FoggyCityscapes/target/2696.png
FoggyCityscapes,target,discovery_target,3996,png,/home/yc/UNSB_C21/dataset_all/FoggyCityscapes/target/3996.png
FoggyCityscapes,target,discovery_target,0219,png,/home/yc/UNSB_C21/dataset_all/FoggyCityscapes/target/0219.png
FoggyCityscapes,target,discovery_target,2439,png,/home/yc/UNSB_C21/dataset_all/FoggyCityscapes/target/2439.png
FoggyCityscapes,target,discovery_target,0795,png,/home/yc/UNSB_C21/dataset_all/FoggyCityscapes/target/0795.png
FoggyCityscapes,target,discovery_target,1940,png,/home/yc/UNSB_C21/dataset_all/FoggyCityscapes/target/1940.png
FoggyCityscapes,target,discovery_target,2543,png,/home/yc/UNSB_C21/dataset_all/FoggyCityscapes/target/2543.png
FoggyCityscapes,target,discovery_target,4461,png,/home/yc/UNSB_C21/dataset_all/FoggyCityscapes/target/4461.png
FoggyCityscapes,target,discovery_target,2532,png,/home/yc/UNSB_C21/dataset_all/FoggyCityscapes/target/2532.png
FoggyCityscapes,target,discovery_target,1157,png,/home/yc/UNSB_C21/dataset_all/FoggyCityscapes/target/1157.png
FoggyCityscapes,target,discovery_target,2235,png,/home/yc/UNSB_C21/dataset_all/FoggyCityscapes/target/2235.png
FoggyCityscapes,target,discovery_target,0248,png,/home/yc/UNSB_C21/dataset_all/FoggyCityscapes/target/0248.png
FoggyCityscapes,target,discovery_target,3066,png,/home/yc/UNSB_C21/dataset_all/FoggyCityscapes/target/3066.png
FoggyCityscapes,target,discovery_target,2946,png,/home/yc/UNSB_C21/dataset_all/FoggyCityscapes/target/2946.png
FoggyCityscapes,target,discovery_target,2613,png,/home/yc/UNSB_C21/dataset_all/FoggyCityscapes/target/2613.png
FoggyCityscapes,target,discovery_target,3132,png,/home/yc/UNSB_C21/dataset_all/FoggyCityscapes/target/3132.png
FoggyCityscapes,target,discovery_target,3301,png,/home/yc/UNSB_C21/dataset_all/FoggyCityscapes/target/3301.png
FoggyCityscapes,target,discovery_target,1276,png,/home/yc/UNSB_C21/dataset_all/FoggyCityscapes/target/1276.png
FoggyCityscapes,input,sealed,0547,png,/home/yc/UNSB_C21/dataset_all/FoggyCityscapes/input/0547.png
FoggyCityscapes,input,sealed,0499,png,/home/yc/UNSB_C21/dataset_all/FoggyCityscapes/input/0499.png
FoggyCityscapes,input,sealed,0342,png,/home/yc/UNSB_C21/dataset_all/FoggyCityscapes/input/0342.png
FoggyCityscapes,input,sealed,2481,png,/home/yc/UNSB_C21/dataset_all/FoggyCityscapes/input/2481.png
FoggyCityscapes,input,sealed,2183,png,/home/yc/UNSB_C21/dataset_all/FoggyCityscapes/input/2183.png
FoggyCityscapes,input,sealed,2354,png,/home/yc/UNSB_C21/dataset_all/FoggyCityscapes/input/2354.png
FoggyCityscapes,input,sealed,4563,png,/home/yc/UNSB_C21/dataset_all/FoggyCityscapes/input/4563.png
FoggyCityscapes,input,sealed,1064,png,/home/yc/UNSB_C21/dataset_all/FoggyCityscapes/input/1064.png
FoggyCityscapes,input,sealed,0693,png,/home/yc/UNSB_C21/dataset_all/FoggyCityscapes/input/0693.png
FoggyCityscapes,input,sealed,0894,png,/home/yc/UNSB_C21/dataset_all/FoggyCityscapes/input/0894.png
FoggyCityscapes,input,sealed,2805,png,/home/yc/UNSB_C21/dataset_all/FoggyCityscapes/input/2805.png
FoggyCityscapes,input,sealed,1072,png,/home/yc/UNSB_C21/dataset_all/FoggyCityscapes/input/1072.png
FoggyCityscapes,input,sealed,2079,png,/home/yc/UNSB_C21/dataset_all/FoggyCityscapes/input/2079.png
FoggyCityscapes,input,sealed,0211,png,/home/yc/UNSB_C21/dataset_all/FoggyCityscapes/input/0211.png
FoggyCityscapes,input,sealed,3660,png,/home/yc/UNSB_C21/dataset_all/FoggyCityscapes/input/3660.png
FoggyCityscapes,input,sealed,4229,png,/home/yc/UNSB_C21/dataset_all/FoggyCityscapes/input/4229.png
FoggyCityscapes,input,sealed,2307,png,/home/yc/UNSB_C21/dataset_all/FoggyCityscapes/input/2307.png
FoggyCityscapes,input,sealed,0498,png,/home/yc/UNSB_C21/dataset_all/FoggyCityscapes/input/0498.png
FoggyCityscapes,input,sealed,4146,png,/home/yc/UNSB_C21/dataset_all/FoggyCityscapes/input/4146.png
FoggyCityscapes,input,sealed,1073,png,/home/yc/UNSB_C21/dataset_all/FoggyCityscapes/input/1073.png
LowLightTrafficData,input,trainA,502,png,/home/yc/UNSB_C21/dataset_all/LowLightTrafficData/input/502.png
LowLightTrafficData,input,trainA,091,png,/home/yc/UNSB_C21/dataset_all/LowLightTrafficData/input/091.png
LowLightTrafficData,input,trainA,300,png,/home/yc/UNSB_C21/dataset_all/LowLightTrafficData/input/300.png
LowLightTrafficData,input,trainA,731,png,/home/yc/UNSB_C21/dataset_all/LowLightTrafficData/input/731.png
LowLightTrafficData,input,trainA,266,png,/home/yc/UNSB_C21/dataset_all/LowLightTrafficData/input/266.png
LowLightTrafficData,input,trainA,110,png,/home/yc/UNSB_C21/dataset_all/LowLightTrafficData/input/110.png
LowLightTrafficData,input,trainA,601,png,/home/yc/UNSB_C21/dataset_all/LowLightTrafficData/input/601.png
LowLightTrafficData,input,trainA,679,png,/home/yc/UNSB_C21/dataset_all/LowLightTrafficData/input/679.png
LowLightTrafficData,input,trainA,406,png,/home/yc/UNSB_C21/dataset_all/LowLightTrafficData/input/406.png
LowLightTrafficData,input,trainA,533,png,/home/yc/UNSB_C21/dataset_all/LowLightTrafficData/input/533.png
LowLightTrafficData,input,trainA,042,png,/home/yc/UNSB_C21/dataset_all/LowLightTrafficData/input/042.png
LowLightTrafficData,input,trainA,364,png,/home/yc/UNSB_C21/dataset_all/LowLightTrafficData/input/364.png
LowLightTrafficData,input,trainA,561,png,/home/yc/UNSB_C21/dataset_all/LowLightTrafficData/input/561.png
LowLightTrafficData,input,trainA,623,png,/home/yc/UNSB_C21/dataset_all/LowLightTrafficData/input/623.png
LowLightTrafficData,input,trainA,628,png,/home/yc/UNSB_C21/dataset_all/LowLightTrafficData/input/628.png
LowLightTrafficData,input,trainA,633,png,/home/yc/UNSB_C21/dataset_all/LowLightTrafficData/input/633.png
LowLightTrafficData,input,trainA,284,png,/home/yc/UNSB_C21/dataset_all/LowLightTrafficData/input/284.png
LowLightTrafficData,input,trainA,490,png,/home/yc/UNSB_C21/dataset_all/LowLightTrafficData/input/490.png
LowLightTrafficData,input,trainA,022,png,/home/yc/UNSB_C21/dataset_all/LowLightTrafficData/input/022.png
LowLightTrafficData,input,trainA,014,png,/home/yc/UNSB_C21/dataset_all/LowLightTrafficData/input/014.png
LowLightTrafficData,input,trainA,642,png,/home/yc/UNSB_C21/dataset_all/LowLightTrafficData/input/642.png
LowLightTrafficData,input,trainA,662,png,/home/yc/UNSB_C21/dataset_all/LowLightTrafficData/input/662.png
LowLightTrafficData,input,trainA,668,png,/home/yc/UNSB_C21/dataset_all/LowLightTrafficData/input/668.png
LowLightTrafficData,input,trainA,023,png,/home/yc/UNSB_C21/dataset_all/LowLightTrafficData/input/023.png
LowLightTrafficData,input,trainA,177,png,/home/yc/UNSB_C21/dataset_all/LowLightTrafficData/input/177.png
LowLightTrafficData,input,trainA,706,png,/home/yc/UNSB_C21/dataset_all/LowLightTrafficData/input/706.png
LowLightTrafficData,input,trainA,604,png,/home/yc/UNSB_C21/dataset_all/LowLightTrafficData/input/604.png
LowLightTrafficData,input,trainA,471,png,/home/yc/UNSB_C21/dataset_all/LowLightTrafficData/input/471.png
LowLightTrafficData,input,trainA,336,png,/home/yc/UNSB_C21/dataset_all/LowLightTrafficData/input/336.png
LowLightTrafficData,input,trainA,578,png,/home/yc/UNSB_C21/dataset_all/LowLightTrafficData/input/578.png
LowLightTrafficData,input,trainA,358,png,/home/yc/UNSB_C21/dataset_all/LowLightTrafficData/input/358.png
LowLightTrafficData,input,trainA,377,png,/home/yc/UNSB_C21/dataset_all/LowLightTrafficData/input/377.png
LowLightTrafficData,input,trainA,322,png,/home/yc/UNSB_C21/dataset_all/LowLightTrafficData/input/322.png
LowLightTrafficData,input,trainA,468,png,/home/yc/UNSB_C21/dataset_all/LowLightTrafficData/input/468.png
LowLightTrafficData,input,trainA,102,png,/home/yc/UNSB_C21/dataset_all/LowLightTrafficData/input/102.png
LowLightTrafficData,input,trainA,011,png,/home/yc/UNSB_C21/dataset_all/LowLightTrafficData/input/011.png
LowLightTrafficData,input,trainA,302,png,/home/yc/UNSB_C21/dataset_all/LowLightTrafficData/input/302.png
LowLightTrafficData,input,trainA,700,png,/home/yc/UNSB_C21/dataset_all/LowLightTrafficData/input/700.png
LowLightTrafficData,input,trainA,616,png,/home/yc/UNSB_C21/dataset_all/LowLightTrafficData/input/616.png
LowLightTrafficData,input,trainA,337,png,/home/yc/UNSB_C21/dataset_all/LowLightTrafficData/input/337.png
LowLightTrafficData,input,trainA,493,png,/home/yc/UNSB_C21/dataset_all/LowLightTrafficData/input/493.png
LowLightTrafficData,input,trainA,586,png,/home/yc/UNSB_C21/dataset_all/LowLightTrafficData/input/586.png
LowLightTrafficData,input,trainA,052,png,/home/yc/UNSB_C21/dataset_all/LowLightTrafficData/input/052.png
LowLightTrafficData,input,trainA,584,png,/home/yc/UNSB_C21/dataset_all/LowLightTrafficData/input/584.png
LowLightTrafficData,input,trainA,318,png,/home/yc/UNSB_C21/dataset_all/LowLightTrafficData/input/318.png
LowLightTrafficData,input,trainA,226,png,/home/yc/UNSB_C21/dataset_all/LowLightTrafficData/input/226.png
LowLightTrafficData,input,trainA,076,png,/home/yc/UNSB_C21/dataset_all/LowLightTrafficData/input/076.png
LowLightTrafficData,input,trainA,117,png,/home/yc/UNSB_C21/dataset_all/LowLightTrafficData/input/117.png
LowLightTrafficData,input,trainA,051,png,/home/yc/UNSB_C21/dataset_all/LowLightTrafficData/input/051.png
LowLightTrafficData,input,trainA,574,png,/home/yc/UNSB_C21/dataset_all/LowLightTrafficData/input/574.png
LowLightTrafficData,input,trainA,356,png,/home/yc/UNSB_C21/dataset_all/LowLightTrafficData/input/356.png
LowLightTrafficData,input,trainA,631,png,/home/yc/UNSB_C21/dataset_all/LowLightTrafficData/input/631.png
LowLightTrafficData,input,trainA,603,png,/home/yc/UNSB_C21/dataset_all/LowLightTrafficData/input/603.png
LowLightTrafficData,input,trainA,032,png,/home/yc/UNSB_C21/dataset_all/LowLightTrafficData/input/032.png
LowLightTrafficData,input,trainA,219,png,/home/yc/UNSB_C21/dataset_all/LowLightTrafficData/input/219.png
LowLightTrafficData,input,trainA,441,png,/home/yc/UNSB_C21/dataset_all/LowLightTrafficData/input/441.png
LowLightTrafficData,input,trainA,368,png,/home/yc/UNSB_C21/dataset_all/LowLightTrafficData/input/368.png
LowLightTrafficData,input,trainA,210,png,/home/yc/UNSB_C21/dataset_all/LowLightTrafficData/input/210.png
LowLightTrafficData,input,trainA,612,png,/home/yc/UNSB_C21/dataset_all/LowLightTrafficData/input/612.png
LowLightTrafficData,input,trainA,535,png,/home/yc/UNSB_C21/dataset_all/LowLightTrafficData/input/535.png
LowLightTrafficData,input,trainA,010,png,/home/yc/UNSB_C21/dataset_all/LowLightTrafficData/input/010.png
LowLightTrafficData,input,trainA,694,png,/home/yc/UNSB_C21/dataset_all/LowLightTrafficData/input/694.png
LowLightTrafficData,input,trainA,025,png,/home/yc/UNSB_C21/dataset_all/LowLightTrafficData/input/025.png
LowLightTrafficData,input,trainA,056,png,/home/yc/UNSB_C21/dataset_all/LowLightTrafficData/input/056.png
LowLightTrafficData,input,trainA,238,png,/home/yc/UNSB_C21/dataset_all/LowLightTrafficData/input/238.png
LowLightTrafficData,input,trainA,385,png,/home/yc/UNSB_C21/dataset_all/LowLightTrafficData/input/385.png
LowLightTrafficData,input,trainA,082,png,/home/yc/UNSB_C21/dataset_all/LowLightTrafficData/input/082.png
LowLightTrafficData,input,trainA,503,png,/home/yc/UNSB_C21/dataset_all/LowLightTrafficData/input/503.png
LowLightTrafficData,input,trainA,609,png,/home/yc/UNSB_C21/dataset_all/LowLightTrafficData/input/609.png
LowLightTrafficData,input,trainA,655,png,/home/yc/UNSB_C21/dataset_all/LowLightTrafficData/input/655.png
LowLightTrafficData,input,trainA,538,png,/home/yc/UNSB_C21/dataset_all/LowLightTrafficData/input/538.png
LowLightTrafficData,input,trainA,411,png,/home/yc/UNSB_C21/dataset_all/LowLightTrafficData/input/411.png
LowLightTrafficData,input,trainA,135,png,/home/yc/UNSB_C21/dataset_all/LowLightTrafficData/input/135.png
LowLightTrafficData,input,trainA,041,png,/home/yc/UNSB_C21/dataset_all/LowLightTrafficData/input/041.png
LowLightTrafficData,input,trainA,669,png,/home/yc/UNSB_C21/dataset_all/LowLightTrafficData/input/669.png
LowLightTrafficData,input,trainA,002,png,/home/yc/UNSB_C21/dataset_all/LowLightTrafficData/input/002.png
LowLightTrafficData,input,trainA,505,png,/home/yc/UNSB_C21/dataset_all/LowLightTrafficData/input/505.png
LowLightTrafficData,input,trainA,030,png,/home/yc/UNSB_C21/dataset_all/LowLightTrafficData/input/030.png
LowLightTrafficData,input,trainA,463,png,/home/yc/UNSB_C21/dataset_all/LowLightTrafficData/input/463.png
LowLightTrafficData,input,trainA,518,png,/home/yc/UNSB_C21/dataset_all/LowLightTrafficData/input/518.png
LowLightTrafficData,input,trainA,157,png,/home/yc/UNSB_C21/dataset_all/LowLightTrafficData/input/157.png
LowLightTrafficData,input,trainA,552,png,/home/yc/UNSB_C21/dataset_all/LowLightTrafficData/input/552.png
LowLightTrafficData,input,trainA,600,png,/home/yc/UNSB_C21/dataset_all/LowLightTrafficData/input/600.png
LowLightTrafficData,input,trainA,701,png,/home/yc/UNSB_C21/dataset_all/LowLightTrafficData/input/701.png
LowLightTrafficData,input,trainA,207,png,/home/yc/UNSB_C21/dataset_all/LowLightTrafficData/input/207.png
LowLightTrafficData,input,trainA,714,png,/home/yc/UNSB_C21/dataset_all/LowLightTrafficData/input/714.png
LowLightTrafficData,input,trainA,074,png,/home/yc/UNSB_C21/dataset_all/LowLightTrafficData/input/074.png
LowLightTrafficData,input,trainA,274,png,/home/yc/UNSB_C21/dataset_all/LowLightTrafficData/input/274.png
LowLightTrafficData,input,trainA,088,png,/home/yc/UNSB_C21/dataset_all/LowLightTrafficData/input/088.png
LowLightTrafficData,input,trainA,546,png,/home/yc/UNSB_C21/dataset_all/LowLightTrafficData/input/546.png
LowLightTrafficData,input,trainA,378,png,/home/yc/UNSB_C21/dataset_all/LowLightTrafficData/input/378.png
LowLightTrafficData,input,trainA,326,png,/home/yc/UNSB_C21/dataset_all/LowLightTrafficData/input/326.png
LowLightTrafficData,input,trainA,061,png,/home/yc/UNSB_C21/dataset_all/LowLightTrafficData/input/061.png
LowLightTrafficData,input,trainA,474,png,/home/yc/UNSB_C21/dataset_all/LowLightTrafficData/input/474.png
LowLightTrafficData,input,trainA,213,png,/home/yc/UNSB_C21/dataset_all/LowLightTrafficData/input/213.png
LowLightTrafficData,input,trainA,725,png,/home/yc/UNSB_C21/dataset_all/LowLightTrafficData/input/725.png
LowLightTrafficData,input,trainA,319,png,/home/yc/UNSB_C21/dataset_all/LowLightTrafficData/input/319.png
LowLightTrafficData,input,trainA,448,png,/home/yc/UNSB_C21/dataset_all/LowLightTrafficData/input/448.png
LowLightTrafficData,input,trainA,506,png,/home/yc/UNSB_C21/dataset_all/LowLightTrafficData/input/506.png
LowLightTrafficData,input,trainA,447,png,/home/yc/UNSB_C21/dataset_all/LowLightTrafficData/input/447.png
LowLightTrafficData,target,trainB,049,png,/home/yc/UNSB_C21/dataset_all/LowLightTrafficData/target/049.png
LowLightTrafficData,target,trainB,353,png,/home/yc/UNSB_C21/dataset_all/LowLightTrafficData/target/353.png
LowLightTrafficData,target,trainB,652,png,/home/yc/UNSB_C21/dataset_all/LowLightTrafficData/target/652.png
LowLightTrafficData,target,trainB,726,png,/home/yc/UNSB_C21/dataset_all/LowLightTrafficData/target/726.png
LowLightTrafficData,target,trainB,583,png,/home/yc/UNSB_C21/dataset_all/LowLightTrafficData/target/583.png
LowLightTrafficData,target,trainB,522,png,/home/yc/UNSB_C21/dataset_all/LowLightTrafficData/target/522.png
LowLightTrafficData,target,trainB,727,png,/home/yc/UNSB_C21/dataset_all/LowLightTrafficData/target/727.png
LowLightTrafficData,target,trainB,630,png,/home/yc/UNSB_C21/dataset_all/LowLightTrafficData/target/630.png
LowLightTrafficData,target,trainB,564,png,/home/yc/UNSB_C21/dataset_all/LowLightTrafficData/target/564.png
LowLightTrafficData,target,trainB,453,png,/home/yc/UNSB_C21/dataset_all/LowLightTrafficData/target/453.png
LowLightTrafficData,target,trainB,230,png,/home/yc/UNSB_C21/dataset_all/LowLightTrafficData/target/230.png
LowLightTrafficData,target,trainB,694,png,/home/yc/UNSB_C21/dataset_all/LowLightTrafficData/target/694.png
LowLightTrafficData,target,trainB,721,png,/home/yc/UNSB_C21/dataset_all/LowLightTrafficData/target/721.png
LowLightTrafficData,target,trainB,380,png,/home/yc/UNSB_C21/dataset_all/LowLightTrafficData/target/380.png
LowLightTrafficData,target,trainB,550,png,/home/yc/UNSB_C21/dataset_all/LowLightTrafficData/target/550.png
LowLightTrafficData,target,trainB,342,png,/home/yc/UNSB_C21/dataset_all/LowLightTrafficData/target/342.png
LowLightTrafficData,target,trainB,287,png,/home/yc/UNSB_C21/dataset_all/LowLightTrafficData/target/287.png
LowLightTrafficData,target,trainB,555,png,/home/yc/UNSB_C21/dataset_all/LowLightTrafficData/target/555.png
LowLightTrafficData,target,trainB,147,png,/home/yc/UNSB_C21/dataset_all/LowLightTrafficData/target/147.png
LowLightTrafficData,target,trainB,167,png,/home/yc/UNSB_C21/dataset_all/LowLightTrafficData/target/167.png
LowLightTrafficData,target,trainB,536,png,/home/yc/UNSB_C21/dataset_all/LowLightTrafficData/target/536.png
LowLightTrafficData,target,trainB,563,png,/home/yc/UNSB_C21/dataset_all/LowLightTrafficData/target/563.png
LowLightTrafficData,target,trainB,736,png,/home/yc/UNSB_C21/dataset_all/LowLightTrafficData/target/736.png
LowLightTrafficData,target,trainB,703,png,/home/yc/UNSB_C21/dataset_all/LowLightTrafficData/target/703.png
LowLightTrafficData,target,trainB,543,png,/home/yc/UNSB_C21/dataset_all/LowLightTrafficData/target/543.png
LowLightTrafficData,target,trainB,610,png,/home/yc/UNSB_C21/dataset_all/LowLightTrafficData/target/610.png
LowLightTrafficData,target,trainB,244,png,/home/yc/UNSB_C21/dataset_all/LowLightTrafficData/target/244.png
LowLightTrafficData,target,trainB,369,png,/home/yc/UNSB_C21/dataset_all/LowLightTrafficData/target/369.png
LowLightTrafficData,target,trainB,211,png,/home/yc/UNSB_C21/dataset_all/LowLightTrafficData/target/211.png
LowLightTrafficData,target,trainB,714,png,/home/yc/UNSB_C21/dataset_all/LowLightTrafficData/target/714.png
LowLightTrafficData,target,trainB,302,png,/home/yc/UNSB_C21/dataset_all/LowLightTrafficData/target/302.png
LowLightTrafficData,target,trainB,096,png,/home/yc/UNSB_C21/dataset_all/LowLightTrafficData/target/096.png
LowLightTrafficData,target,trainB,553,png,/home/yc/UNSB_C21/dataset_all/LowLightTrafficData/target/553.png
LowLightTrafficData,target,trainB,186,png,/home/yc/UNSB_C21/dataset_all/LowLightTrafficData/target/186.png
LowLightTrafficData,target,trainB,451,png,/home/yc/UNSB_C21/dataset_all/LowLightTrafficData/target/451.png
LowLightTrafficData,target,trainB,566,png,/home/yc/UNSB_C21/dataset_all/LowLightTrafficData/target/566.png
LowLightTrafficData,target,trainB,531,png,/home/yc/UNSB_C21/dataset_all/LowLightTrafficData/target/531.png
LowLightTrafficData,target,trainB,004,png,/home/yc/UNSB_C21/dataset_all/LowLightTrafficData/target/004.png
LowLightTrafficData,target,trainB,312,png,/home/yc/UNSB_C21/dataset_all/LowLightTrafficData/target/312.png
LowLightTrafficData,target,trainB,458,png,/home/yc/UNSB_C21/dataset_all/LowLightTrafficData/target/458.png
LowLightTrafficData,target,trainB,493,png,/home/yc/UNSB_C21/dataset_all/LowLightTrafficData/target/493.png
LowLightTrafficData,target,trainB,735,png,/home/yc/UNSB_C21/dataset_all/LowLightTrafficData/target/735.png
LowLightTrafficData,target,trainB,402,png,/home/yc/UNSB_C21/dataset_all/LowLightTrafficData/target/402.png
LowLightTrafficData,target,trainB,207,png,/home/yc/UNSB_C21/dataset_all/LowLightTrafficData/target/207.png
LowLightTrafficData,target,trainB,438,png,/home/yc/UNSB_C21/dataset_all/LowLightTrafficData/target/438.png
LowLightTrafficData,target,trainB,472,png,/home/yc/UNSB_C21/dataset_all/LowLightTrafficData/target/472.png
LowLightTrafficData,target,trainB,632,png,/home/yc/UNSB_C21/dataset_all/LowLightTrafficData/target/632.png
LowLightTrafficData,target,trainB,631,png,/home/yc/UNSB_C21/dataset_all/LowLightTrafficData/target/631.png
LowLightTrafficData,target,trainB,242,png,/home/yc/UNSB_C21/dataset_all/LowLightTrafficData/target/242.png
LowLightTrafficData,target,trainB,658,png,/home/yc/UNSB_C21/dataset_all/LowLightTrafficData/target/658.png
LowLightTrafficData,target,trainB,157,png,/home/yc/UNSB_C21/dataset_all/LowLightTrafficData/target/157.png
LowLightTrafficData,target,trainB,084,png,/home/yc/UNSB_C21/dataset_all/LowLightTrafficData/target/084.png
LowLightTrafficData,target,trainB,382,png,/home/yc/UNSB_C21/dataset_all/LowLightTrafficData/target/382.png
LowLightTrafficData,target,trainB,317,png,/home/yc/UNSB_C21/dataset_all/LowLightTrafficData/target/317.png
LowLightTrafficData,target,trainB,716,png,/home/yc/UNSB_C21/dataset_all/LowLightTrafficData/target/716.png
LowLightTrafficData,target,trainB,366,png,/home/yc/UNSB_C21/dataset_all/LowLightTrafficData/target/366.png
LowLightTrafficData,target,trainB,672,png,/home/yc/UNSB_C21/dataset_all/LowLightTrafficData/target/672.png
LowLightTrafficData,target,trainB,118,png,/home/yc/UNSB_C21/dataset_all/LowLightTrafficData/target/118.png
LowLightTrafficData,target,trainB,161,png,/home/yc/UNSB_C21/dataset_all/LowLightTrafficData/target/161.png
LowLightTrafficData,target,trainB,339,png,/home/yc/UNSB_C21/dataset_all/LowLightTrafficData/target/339.png
LowLightTrafficData,target,trainB,457,png,/home/yc/UNSB_C21/dataset_all/LowLightTrafficData/target/457.png
LowLightTrafficData,target,trainB,337,png,/home/yc/UNSB_C21/dataset_all/LowLightTrafficData/target/337.png
LowLightTrafficData,target,trainB,016,png,/home/yc/UNSB_C21/dataset_all/LowLightTrafficData/target/016.png
LowLightTrafficData,target,trainB,058,png,/home/yc/UNSB_C21/dataset_all/LowLightTrafficData/target/058.png
LowLightTrafficData,target,trainB,446,png,/home/yc/UNSB_C21/dataset_all/LowLightTrafficData/target/446.png
LowLightTrafficData,target,trainB,504,png,/home/yc/UNSB_C21/dataset_all/LowLightTrafficData/target/504.png
LowLightTrafficData,target,trainB,436,png,/home/yc/UNSB_C21/dataset_all/LowLightTrafficData/target/436.png
LowLightTrafficData,target,trainB,467,png,/home/yc/UNSB_C21/dataset_all/LowLightTrafficData/target/467.png
LowLightTrafficData,target,trainB,324,png,/home/yc/UNSB_C21/dataset_all/LowLightTrafficData/target/324.png
LowLightTrafficData,target,trainB,484,png,/home/yc/UNSB_C21/dataset_all/LowLightTrafficData/target/484.png
LowLightTrafficData,target,trainB,010,png,/home/yc/UNSB_C21/dataset_all/LowLightTrafficData/target/010.png
LowLightTrafficData,target,trainB,505,png,/home/yc/UNSB_C21/dataset_all/LowLightTrafficData/target/505.png
LowLightTrafficData,target,trainB,425,png,/home/yc/UNSB_C21/dataset_all/LowLightTrafficData/target/425.png
LowLightTrafficData,target,trainB,277,png,/home/yc/UNSB_C21/dataset_all/LowLightTrafficData/target/277.png
LowLightTrafficData,target,trainB,011,png,/home/yc/UNSB_C21/dataset_all/LowLightTrafficData/target/011.png
LowLightTrafficData,target,trainB,561,png,/home/yc/UNSB_C21/dataset_all/LowLightTrafficData/target/561.png
LowLightTrafficData,target,trainB,241,png,/home/yc/UNSB_C21/dataset_all/LowLightTrafficData/target/241.png
LowLightTrafficData,target,trainB,622,png,/home/yc/UNSB_C21/dataset_all/LowLightTrafficData/target/622.png
LowLightTrafficData,target,trainB,087,png,/home/yc/UNSB_C21/dataset_all/LowLightTrafficData/target/087.png
LowLightTrafficData,target,trainB,734,png,/home/yc/UNSB_C21/dataset_all/LowLightTrafficData/target/734.png
LowLightTrafficData,target,trainB,621,png,/home/yc/UNSB_C21/dataset_all/LowLightTrafficData/target/621.png
LowLightTrafficData,target,trainB,319,png,/home/yc/UNSB_C21/dataset_all/LowLightTrafficData/target/319.png
LowLightTrafficData,target,trainB,691,png,/home/yc/UNSB_C21/dataset_all/LowLightTrafficData/target/691.png
LowLightTrafficData,target,trainB,549,png,/home/yc/UNSB_C21/dataset_all/LowLightTrafficData/target/549.png
LowLightTrafficData,target,trainB,195,png,/home/yc/UNSB_C21/dataset_all/LowLightTrafficData/target/195.png
LowLightTrafficData,target,trainB,676,png,/home/yc/UNSB_C21/dataset_all/LowLightTrafficData/target/676.png
LowLightTrafficData,target,trainB,050,png,/home/yc/UNSB_C21/dataset_all/LowLightTrafficData/target/050.png
LowLightTrafficData,target,trainB,116,png,/home/yc/UNSB_C21/dataset_all/LowLightTrafficData/target/116.png
LowLightTrafficData,target,trainB,459,png,/home/yc/UNSB_C21/dataset_all/LowLightTrafficData/target/459.png
LowLightTrafficData,target,trainB,367,png,/home/yc/UNSB_C21/dataset_all/LowLightTrafficData/target/367.png
LowLightTrafficData,target,trainB,021,png,/home/yc/UNSB_C21/dataset_all/LowLightTrafficData/target/021.png
LowLightTrafficData,target,trainB,643,png,/home/yc/UNSB_C21/dataset_all/LowLightTrafficData/target/643.png
LowLightTrafficData,target,trainB,095,png,/home/yc/UNSB_C21/dataset_all/LowLightTrafficData/target/095.png
LowLightTrafficData,target,trainB,081,png,/home/yc/UNSB_C21/dataset_all/LowLightTrafficData/target/081.png
LowLightTrafficData,target,trainB,437,png,/home/yc/UNSB_C21/dataset_all/LowLightTrafficData/target/437.png
LowLightTrafficData,target,trainB,470,png,/home/yc/UNSB_C21/dataset_all/LowLightTrafficData/target/470.png
LowLightTrafficData,target,trainB,554,png,/home/yc/UNSB_C21/dataset_all/LowLightTrafficData/target/554.png
LowLightTrafficData,target,trainB,679,png,/home/yc/UNSB_C21/dataset_all/LowLightTrafficData/target/679.png
LowLightTrafficData,target,trainB,220,png,/home/yc/UNSB_C21/dataset_all/LowLightTrafficData/target/220.png
LowLightTrafficData,target,trainB,127,png,/home/yc/UNSB_C21/dataset_all/LowLightTrafficData/target/127.png
LowLightTrafficData,input,discovery,252,png,/home/yc/UNSB_C21/dataset_all/LowLightTrafficData/input/252.png
LowLightTrafficData,input,discovery,670,png,/home/yc/UNSB_C21/dataset_all/LowLightTrafficData/input/670.png
LowLightTrafficData,input,discovery,424,png,/home/yc/UNSB_C21/dataset_all/LowLightTrafficData/input/424.png
LowLightTrafficData,input,discovery,140,png,/home/yc/UNSB_C21/dataset_all/LowLightTrafficData/input/140.png
LowLightTrafficData,input,discovery,101,png,/home/yc/UNSB_C21/dataset_all/LowLightTrafficData/input/101.png
LowLightTrafficData,input,discovery,270,png,/home/yc/UNSB_C21/dataset_all/LowLightTrafficData/input/270.png
LowLightTrafficData,input,discovery,717,png,/home/yc/UNSB_C21/dataset_all/LowLightTrafficData/input/717.png
LowLightTrafficData,input,discovery,384,png,/home/yc/UNSB_C21/dataset_all/LowLightTrafficData/input/384.png
LowLightTrafficData,input,discovery,394,png,/home/yc/UNSB_C21/dataset_all/LowLightTrafficData/input/394.png
LowLightTrafficData,input,discovery,174,png,/home/yc/UNSB_C21/dataset_all/LowLightTrafficData/input/174.png
LowLightTrafficData,input,discovery,698,png,/home/yc/UNSB_C21/dataset_all/LowLightTrafficData/input/698.png
LowLightTrafficData,input,discovery,216,png,/home/yc/UNSB_C21/dataset_all/LowLightTrafficData/input/216.png
LowLightTrafficData,input,discovery,487,png,/home/yc/UNSB_C21/dataset_all/LowLightTrafficData/input/487.png
LowLightTrafficData,input,discovery,160,png,/home/yc/UNSB_C21/dataset_all/LowLightTrafficData/input/160.png
LowLightTrafficData,input,discovery,013,png,/home/yc/UNSB_C21/dataset_all/LowLightTrafficData/input/013.png
LowLightTrafficData,input,discovery,376,png,/home/yc/UNSB_C21/dataset_all/LowLightTrafficData/input/376.png
LowLightTrafficData,input,discovery,077,png,/home/yc/UNSB_C21/dataset_all/LowLightTrafficData/input/077.png
LowLightTrafficData,input,discovery,539,png,/home/yc/UNSB_C21/dataset_all/LowLightTrafficData/input/539.png
LowLightTrafficData,input,discovery,363,png,/home/yc/UNSB_C21/dataset_all/LowLightTrafficData/input/363.png
LowLightTrafficData,input,discovery,231,png,/home/yc/UNSB_C21/dataset_all/LowLightTrafficData/input/231.png
LowLightTrafficData,input,discovery,362,png,/home/yc/UNSB_C21/dataset_all/LowLightTrafficData/input/362.png
LowLightTrafficData,input,discovery,550,png,/home/yc/UNSB_C21/dataset_all/LowLightTrafficData/input/550.png
LowLightTrafficData,input,discovery,371,png,/home/yc/UNSB_C21/dataset_all/LowLightTrafficData/input/371.png
LowLightTrafficData,input,discovery,485,png,/home/yc/UNSB_C21/dataset_all/LowLightTrafficData/input/485.png
LowLightTrafficData,input,discovery,545,png,/home/yc/UNSB_C21/dataset_all/LowLightTrafficData/input/545.png
LowLightTrafficData,input,discovery,646,png,/home/yc/UNSB_C21/dataset_all/LowLightTrafficData/input/646.png
LowLightTrafficData,input,discovery,058,png,/home/yc/UNSB_C21/dataset_all/LowLightTrafficData/input/058.png
LowLightTrafficData,input,discovery,504,png,/home/yc/UNSB_C21/dataset_all/LowLightTrafficData/input/504.png
LowLightTrafficData,input,discovery,180,png,/home/yc/UNSB_C21/dataset_all/LowLightTrafficData/input/180.png
LowLightTrafficData,input,discovery,677,png,/home/yc/UNSB_C21/dataset_all/LowLightTrafficData/input/677.png
LowLightTrafficData,input,discovery,350,png,/home/yc/UNSB_C21/dataset_all/LowLightTrafficData/input/350.png
LowLightTrafficData,input,discovery,280,png,/home/yc/UNSB_C21/dataset_all/LowLightTrafficData/input/280.png
LowLightTrafficData,input,discovery,708,png,/home/yc/UNSB_C21/dataset_all/LowLightTrafficData/input/708.png
LowLightTrafficData,input,discovery,059,png,/home/yc/UNSB_C21/dataset_all/LowLightTrafficData/input/059.png
LowLightTrafficData,input,discovery,581,png,/home/yc/UNSB_C21/dataset_all/LowLightTrafficData/input/581.png
LowLightTrafficData,input,discovery,703,png,/home/yc/UNSB_C21/dataset_all/LowLightTrafficData/input/703.png
LowLightTrafficData,input,discovery,220,png,/home/yc/UNSB_C21/dataset_all/LowLightTrafficData/input/220.png
LowLightTrafficData,input,discovery,089,png,/home/yc/UNSB_C21/dataset_all/LowLightTrafficData/input/089.png
LowLightTrafficData,input,discovery,454,png,/home/yc/UNSB_C21/dataset_all/LowLightTrafficData/input/454.png
LowLightTrafficData,input,discovery,626,png,/home/yc/UNSB_C21/dataset_all/LowLightTrafficData/input/626.png
LowLightTrafficData,input,discovery,390,png,/home/yc/UNSB_C21/dataset_all/LowLightTrafficData/input/390.png
LowLightTrafficData,input,discovery,598,png,/home/yc/UNSB_C21/dataset_all/LowLightTrafficData/input/598.png
LowLightTrafficData,input,discovery,695,png,/home/yc/UNSB_C21/dataset_all/LowLightTrafficData/input/695.png
LowLightTrafficData,input,discovery,481,png,/home/yc/UNSB_C21/dataset_all/LowLightTrafficData/input/481.png
LowLightTrafficData,input,discovery,006,png,/home/yc/UNSB_C21/dataset_all/LowLightTrafficData/input/006.png
LowLightTrafficData,input,discovery,559,png,/home/yc/UNSB_C21/dataset_all/LowLightTrafficData/input/559.png
LowLightTrafficData,input,discovery,654,png,/home/yc/UNSB_C21/dataset_all/LowLightTrafficData/input/654.png
LowLightTrafficData,input,discovery,486,png,/home/yc/UNSB_C21/dataset_all/LowLightTrafficData/input/486.png
LowLightTrafficData,input,discovery,388,png,/home/yc/UNSB_C21/dataset_all/LowLightTrafficData/input/388.png
LowLightTrafficData,input,discovery,242,png,/home/yc/UNSB_C21/dataset_all/LowLightTrafficData/input/242.png
LowLightTrafficData,input,discovery,397,png,/home/yc/UNSB_C21/dataset_all/LowLightTrafficData/input/397.png
LowLightTrafficData,input,discovery,152,png,/home/yc/UNSB_C21/dataset_all/LowLightTrafficData/input/152.png
LowLightTrafficData,input,discovery,085,png,/home/yc/UNSB_C21/dataset_all/LowLightTrafficData/input/085.png
LowLightTrafficData,input,discovery,146,png,/home/yc/UNSB_C21/dataset_all/LowLightTrafficData/input/146.png
LowLightTrafficData,input,discovery,261,png,/home/yc/UNSB_C21/dataset_all/LowLightTrafficData/input/261.png
LowLightTrafficData,input,discovery,413,png,/home/yc/UNSB_C21/dataset_all/LowLightTrafficData/input/413.png
LowLightTrafficData,input,discovery,452,png,/home/yc/UNSB_C21/dataset_all/LowLightTrafficData/input/452.png
LowLightTrafficData,input,discovery,137,png,/home/yc/UNSB_C21/dataset_all/LowLightTrafficData/input/137.png
LowLightTrafficData,input,discovery,608,png,/home/yc/UNSB_C21/dataset_all/LowLightTrafficData/input/608.png
LowLightTrafficData,input,discovery,202,png,/home/yc/UNSB_C21/dataset_all/LowLightTrafficData/input/202.png
LowLightTrafficData,input,discovery,563,png,/home/yc/UNSB_C21/dataset_all/LowLightTrafficData/input/563.png
LowLightTrafficData,input,discovery,028,png,/home/yc/UNSB_C21/dataset_all/LowLightTrafficData/input/028.png
LowLightTrafficData,input,discovery,432,png,/home/yc/UNSB_C21/dataset_all/LowLightTrafficData/input/432.png
LowLightTrafficData,input,discovery,155,png,/home/yc/UNSB_C21/dataset_all/LowLightTrafficData/input/155.png
LowLightTrafficData,input,discovery,130,png,/home/yc/UNSB_C21/dataset_all/LowLightTrafficData/input/130.png
LowLightTrafficData,input,discovery,464,png,/home/yc/UNSB_C21/dataset_all/LowLightTrafficData/input/464.png
LowLightTrafficData,input,discovery,062,png,/home/yc/UNSB_C21/dataset_all/LowLightTrafficData/input/062.png
LowLightTrafficData,input,discovery,472,png,/home/yc/UNSB_C21/dataset_all/LowLightTrafficData/input/472.png
LowLightTrafficData,input,discovery,524,png,/home/yc/UNSB_C21/dataset_all/LowLightTrafficData/input/524.png
LowLightTrafficData,input,discovery,392,png,/home/yc/UNSB_C21/dataset_all/LowLightTrafficData/input/392.png
LowLightTrafficData,input,discovery,657,png,/home/yc/UNSB_C21/dataset_all/LowLightTrafficData/input/657.png
LowLightTrafficData,input,discovery,244,png,/home/yc/UNSB_C21/dataset_all/LowLightTrafficData/input/244.png
LowLightTrafficData,input,discovery,732,png,/home/yc/UNSB_C21/dataset_all/LowLightTrafficData/input/732.png
LowLightTrafficData,input,discovery,689,png,/home/yc/UNSB_C21/dataset_all/LowLightTrafficData/input/689.png
LowLightTrafficData,input,discovery,577,png,/home/yc/UNSB_C21/dataset_all/LowLightTrafficData/input/577.png
LowLightTrafficData,input,discovery,275,png,/home/yc/UNSB_C21/dataset_all/LowLightTrafficData/input/275.png
LowLightTrafficData,input,discovery,296,png,/home/yc/UNSB_C21/dataset_all/LowLightTrafficData/input/296.png
LowLightTrafficData,input,discovery,083,png,/home/yc/UNSB_C21/dataset_all/LowLightTrafficData/input/083.png
LowLightTrafficData,input,discovery,084,png,/home/yc/UNSB_C21/dataset_all/LowLightTrafficData/input/084.png
LowLightTrafficData,input,discovery,465,png,/home/yc/UNSB_C21/dataset_all/LowLightTrafficData/input/465.png
LowLightTrafficData,target,discovery_target,104,png,/home/yc/UNSB_C21/dataset_all/LowLightTrafficData/target/104.png
LowLightTrafficData,target,discovery_target,433,png,/home/yc/UNSB_C21/dataset_all/LowLightTrafficData/target/433.png
LowLightTrafficData,target,discovery_target,148,png,/home/yc/UNSB_C21/dataset_all/LowLightTrafficData/target/148.png
LowLightTrafficData,target,discovery_target,399,png,/home/yc/UNSB_C21/dataset_all/LowLightTrafficData/target/399.png
LowLightTrafficData,target,discovery_target,039,png,/home/yc/UNSB_C21/dataset_all/LowLightTrafficData/target/039.png
LowLightTrafficData,target,discovery_target,398,png,/home/yc/UNSB_C21/dataset_all/LowLightTrafficData/target/398.png
LowLightTrafficData,target,discovery_target,674,png,/home/yc/UNSB_C21/dataset_all/LowLightTrafficData/target/674.png
LowLightTrafficData,target,discovery_target,306,png,/home/yc/UNSB_C21/dataset_all/LowLightTrafficData/target/306.png
LowLightTrafficData,target,discovery_target,233,png,/home/yc/UNSB_C21/dataset_all/LowLightTrafficData/target/233.png
LowLightTrafficData,target,discovery_target,492,png,/home/yc/UNSB_C21/dataset_all/LowLightTrafficData/target/492.png
LowLightTrafficData,target,discovery_target,015,png,/home/yc/UNSB_C21/dataset_all/LowLightTrafficData/target/015.png
LowLightTrafficData,target,discovery_target,037,png,/home/yc/UNSB_C21/dataset_all/LowLightTrafficData/target/037.png
LowLightTrafficData,target,discovery_target,088,png,/home/yc/UNSB_C21/dataset_all/LowLightTrafficData/target/088.png
LowLightTrafficData,target,discovery_target,625,png,/home/yc/UNSB_C21/dataset_all/LowLightTrafficData/target/625.png
LowLightTrafficData,target,discovery_target,221,png,/home/yc/UNSB_C21/dataset_all/LowLightTrafficData/target/221.png
LowLightTrafficData,target,discovery_target,435,png,/home/yc/UNSB_C21/dataset_all/LowLightTrafficData/target/435.png
LowLightTrafficData,target,discovery_target,383,png,/home/yc/UNSB_C21/dataset_all/LowLightTrafficData/target/383.png
LowLightTrafficData,target,discovery_target,418,png,/home/yc/UNSB_C21/dataset_all/LowLightTrafficData/target/418.png
LowLightTrafficData,target,discovery_target,070,png,/home/yc/UNSB_C21/dataset_all/LowLightTrafficData/target/070.png
LowLightTrafficData,target,discovery_target,626,png,/home/yc/UNSB_C21/dataset_all/LowLightTrafficData/target/626.png
LowLightTrafficData,target,discovery_target,510,png,/home/yc/UNSB_C21/dataset_all/LowLightTrafficData/target/510.png
LowLightTrafficData,target,discovery_target,415,png,/home/yc/UNSB_C21/dataset_all/LowLightTrafficData/target/415.png
LowLightTrafficData,target,discovery_target,407,png,/home/yc/UNSB_C21/dataset_all/LowLightTrafficData/target/407.png
LowLightTrafficData,target,discovery_target,701,png,/home/yc/UNSB_C21/dataset_all/LowLightTrafficData/target/701.png
LowLightTrafficData,target,discovery_target,108,png,/home/yc/UNSB_C21/dataset_all/LowLightTrafficData/target/108.png
LowLightTrafficData,target,discovery_target,517,png,/home/yc/UNSB_C21/dataset_all/LowLightTrafficData/target/517.png
LowLightTrafficData,target,discovery_target,542,png,/home/yc/UNSB_C21/dataset_all/LowLightTrafficData/target/542.png
LowLightTrafficData,target,discovery_target,098,png,/home/yc/UNSB_C21/dataset_all/LowLightTrafficData/target/098.png
LowLightTrafficData,target,discovery_target,057,png,/home/yc/UNSB_C21/dataset_all/LowLightTrafficData/target/057.png
LowLightTrafficData,target,discovery_target,540,png,/home/yc/UNSB_C21/dataset_all/LowLightTrafficData/target/540.png
LowLightTrafficData,target,discovery_target,114,png,/home/yc/UNSB_C21/dataset_all/LowLightTrafficData/target/114.png
LowLightTrafficData,target,discovery_target,403,png,/home/yc/UNSB_C21/dataset_all/LowLightTrafficData/target/403.png
LowLightTrafficData,target,discovery_target,575,png,/home/yc/UNSB_C21/dataset_all/LowLightTrafficData/target/575.png
LowLightTrafficData,target,discovery_target,514,png,/home/yc/UNSB_C21/dataset_all/LowLightTrafficData/target/514.png
LowLightTrafficData,target,discovery_target,640,png,/home/yc/UNSB_C21/dataset_all/LowLightTrafficData/target/640.png
LowLightTrafficData,target,discovery_target,069,png,/home/yc/UNSB_C21/dataset_all/LowLightTrafficData/target/069.png
LowLightTrafficData,target,discovery_target,633,png,/home/yc/UNSB_C21/dataset_all/LowLightTrafficData/target/633.png
LowLightTrafficData,target,discovery_target,538,png,/home/yc/UNSB_C21/dataset_all/LowLightTrafficData/target/538.png
LowLightTrafficData,target,discovery_target,508,png,/home/yc/UNSB_C21/dataset_all/LowLightTrafficData/target/508.png
LowLightTrafficData,target,discovery_target,326,png,/home/yc/UNSB_C21/dataset_all/LowLightTrafficData/target/326.png
LowLightTrafficData,target,discovery_target,125,png,/home/yc/UNSB_C21/dataset_all/LowLightTrafficData/target/125.png
LowLightTrafficData,target,discovery_target,697,png,/home/yc/UNSB_C21/dataset_all/LowLightTrafficData/target/697.png
LowLightTrafficData,target,discovery_target,327,png,/home/yc/UNSB_C21/dataset_all/LowLightTrafficData/target/327.png
LowLightTrafficData,target,discovery_target,616,png,/home/yc/UNSB_C21/dataset_all/LowLightTrafficData/target/616.png
LowLightTrafficData,target,discovery_target,020,png,/home/yc/UNSB_C21/dataset_all/LowLightTrafficData/target/020.png
LowLightTrafficData,target,discovery_target,629,png,/home/yc/UNSB_C21/dataset_all/LowLightTrafficData/target/629.png
LowLightTrafficData,target,discovery_target,452,png,/home/yc/UNSB_C21/dataset_all/LowLightTrafficData/target/452.png
LowLightTrafficData,target,discovery_target,176,png,/home/yc/UNSB_C21/dataset_all/LowLightTrafficData/target/176.png
LowLightTrafficData,target,discovery_target,360,png,/home/yc/UNSB_C21/dataset_all/LowLightTrafficData/target/360.png
LowLightTrafficData,target,discovery_target,385,png,/home/yc/UNSB_C21/dataset_all/LowLightTrafficData/target/385.png
LowLightTrafficData,target,discovery_target,117,png,/home/yc/UNSB_C21/dataset_all/LowLightTrafficData/target/117.png
LowLightTrafficData,target,discovery_target,119,png,/home/yc/UNSB_C21/dataset_all/LowLightTrafficData/target/119.png
LowLightTrafficData,target,discovery_target,107,png,/home/yc/UNSB_C21/dataset_all/LowLightTrafficData/target/107.png
LowLightTrafficData,target,discovery_target,091,png,/home/yc/UNSB_C21/dataset_all/LowLightTrafficData/target/091.png
LowLightTrafficData,target,discovery_target,669,png,/home/yc/UNSB_C21/dataset_all/LowLightTrafficData/target/669.png
LowLightTrafficData,target,discovery_target,400,png,/home/yc/UNSB_C21/dataset_all/LowLightTrafficData/target/400.png
LowLightTrafficData,target,discovery_target,333,png,/home/yc/UNSB_C21/dataset_all/LowLightTrafficData/target/333.png
LowLightTrafficData,target,discovery_target,136,png,/home/yc/UNSB_C21/dataset_all/LowLightTrafficData/target/136.png
LowLightTrafficData,target,discovery_target,196,png,/home/yc/UNSB_C21/dataset_all/LowLightTrafficData/target/196.png
LowLightTrafficData,target,discovery_target,663,png,/home/yc/UNSB_C21/dataset_all/LowLightTrafficData/target/663.png
LowLightTrafficData,target,discovery_target,485,png,/home/yc/UNSB_C21/dataset_all/LowLightTrafficData/target/485.png
LowLightTrafficData,target,discovery_target,521,png,/home/yc/UNSB_C21/dataset_all/LowLightTrafficData/target/521.png
LowLightTrafficData,target,discovery_target,279,png,/home/yc/UNSB_C21/dataset_all/LowLightTrafficData/target/279.png
LowLightTrafficData,target,discovery_target,172,png,/home/yc/UNSB_C21/dataset_all/LowLightTrafficData/target/172.png
LowLightTrafficData,target,discovery_target,401,png,/home/yc/UNSB_C21/dataset_all/LowLightTrafficData/target/401.png
LowLightTrafficData,target,discovery_target,300,png,/home/yc/UNSB_C21/dataset_all/LowLightTrafficData/target/300.png
LowLightTrafficData,target,discovery_target,481,png,/home/yc/UNSB_C21/dataset_all/LowLightTrafficData/target/481.png
LowLightTrafficData,target,discovery_target,160,png,/home/yc/UNSB_C21/dataset_all/LowLightTrafficData/target/160.png
LowLightTrafficData,target,discovery_target,112,png,/home/yc/UNSB_C21/dataset_all/LowLightTrafficData/target/112.png
LowLightTrafficData,target,discovery_target,169,png,/home/yc/UNSB_C21/dataset_all/LowLightTrafficData/target/169.png
LowLightTrafficData,target,discovery_target,530,png,/home/yc/UNSB_C21/dataset_all/LowLightTrafficData/target/530.png
LowLightTrafficData,target,discovery_target,126,png,/home/yc/UNSB_C21/dataset_all/LowLightTrafficData/target/126.png
LowLightTrafficData,target,discovery_target,266,png,/home/yc/UNSB_C21/dataset_all/LowLightTrafficData/target/266.png
LowLightTrafficData,target,discovery_target,040,png,/home/yc/UNSB_C21/dataset_all/LowLightTrafficData/target/040.png
LowLightTrafficData,target,discovery_target,612,png,/home/yc/UNSB_C21/dataset_all/LowLightTrafficData/target/612.png
LowLightTrafficData,target,discovery_target,611,png,/home/yc/UNSB_C21/dataset_all/LowLightTrafficData/target/611.png
LowLightTrafficData,target,discovery_target,293,png,/home/yc/UNSB_C21/dataset_all/LowLightTrafficData/target/293.png
LowLightTrafficData,target,discovery_target,576,png,/home/yc/UNSB_C21/dataset_all/LowLightTrafficData/target/576.png
LowLightTrafficData,target,discovery_target,228,png,/home/yc/UNSB_C21/dataset_all/LowLightTrafficData/target/228.png
LowLightTrafficData,target,discovery_target,635,png,/home/yc/UNSB_C21/dataset_all/LowLightTrafficData/target/635.png
LowLightTrafficData,input,sealed,430,png,/home/yc/UNSB_C21/dataset_all/LowLightTrafficData/input/430.png
LowLightTrafficData,input,sealed,683,png,/home/yc/UNSB_C21/dataset_all/LowLightTrafficData/input/683.png
LowLightTrafficData,input,sealed,218,png,/home/yc/UNSB_C21/dataset_all/LowLightTrafficData/input/218.png
LowLightTrafficData,input,sealed,370,png,/home/yc/UNSB_C21/dataset_all/LowLightTrafficData/input/370.png
LowLightTrafficData,input,sealed,104,png,/home/yc/UNSB_C21/dataset_all/LowLightTrafficData/input/104.png
LowLightTrafficData,input,sealed,060,png,/home/yc/UNSB_C21/dataset_all/LowLightTrafficData/input/060.png
LowLightTrafficData,input,sealed,369,png,/home/yc/UNSB_C21/dataset_all/LowLightTrafficData/input/369.png
LowLightTrafficData,input,sealed,372,png,/home/yc/UNSB_C21/dataset_all/LowLightTrafficData/input/372.png
LowLightTrafficData,input,sealed,299,png,/home/yc/UNSB_C21/dataset_all/LowLightTrafficData/input/299.png
LowLightTrafficData,input,sealed,367,png,/home/yc/UNSB_C21/dataset_all/LowLightTrafficData/input/367.png
LowLightTrafficData,input,sealed,251,png,/home/yc/UNSB_C21/dataset_all/LowLightTrafficData/input/251.png
LowLightTrafficData,input,sealed,043,png,/home/yc/UNSB_C21/dataset_all/LowLightTrafficData/input/043.png
LowLightTrafficData,input,sealed,591,png,/home/yc/UNSB_C21/dataset_all/LowLightTrafficData/input/591.png
LowLightTrafficData,input,sealed,426,png,/home/yc/UNSB_C21/dataset_all/LowLightTrafficData/input/426.png
LowLightTrafficData,input,sealed,676,png,/home/yc/UNSB_C21/dataset_all/LowLightTrafficData/input/676.png
LowLightTrafficData,input,sealed,491,png,/home/yc/UNSB_C21/dataset_all/LowLightTrafficData/input/491.png
LowLightTrafficData,input,sealed,235,png,/home/yc/UNSB_C21/dataset_all/LowLightTrafficData/input/235.png
LowLightTrafficData,input,sealed,352,png,/home/yc/UNSB_C21/dataset_all/LowLightTrafficData/input/352.png
LowLightTrafficData,input,sealed,517,png,/home/yc/UNSB_C21/dataset_all/LowLightTrafficData/input/517.png
LowLightTrafficData,input,sealed,080,png,/home/yc/UNSB_C21/dataset_all/LowLightTrafficData/input/080.png
RainCityscapes,input,trainA,0882,png,/home/yc/UNSB_C21/dataset_all/RainCityscapes/input/0882.png
RainCityscapes,input,trainA,0779,png,/home/yc/UNSB_C21/dataset_all/RainCityscapes/input/0779.png
RainCityscapes,input,trainA,0080,png,/home/yc/UNSB_C21/dataset_all/RainCityscapes/input/0080.png
RainCityscapes,input,trainA,0191,png,/home/yc/UNSB_C21/dataset_all/RainCityscapes/input/0191.png
RainCityscapes,input,trainA,0602,png,/home/yc/UNSB_C21/dataset_all/RainCityscapes/input/0602.png
RainCityscapes,input,trainA,1168,png,/home/yc/UNSB_C21/dataset_all/RainCityscapes/input/1168.png
RainCityscapes,input,trainA,0630,png,/home/yc/UNSB_C21/dataset_all/RainCityscapes/input/0630.png
RainCityscapes,input,trainA,0567,png,/home/yc/UNSB_C21/dataset_all/RainCityscapes/input/0567.png
RainCityscapes,input,trainA,0785,png,/home/yc/UNSB_C21/dataset_all/RainCityscapes/input/0785.png
RainCityscapes,input,trainA,0490,png,/home/yc/UNSB_C21/dataset_all/RainCityscapes/input/0490.png
RainCityscapes,input,trainA,0070,png,/home/yc/UNSB_C21/dataset_all/RainCityscapes/input/0070.png
RainCityscapes,input,trainA,1142,png,/home/yc/UNSB_C21/dataset_all/RainCityscapes/input/1142.png
RainCityscapes,input,trainA,0223,png,/home/yc/UNSB_C21/dataset_all/RainCityscapes/input/0223.png
RainCityscapes,input,trainA,0120,png,/home/yc/UNSB_C21/dataset_all/RainCityscapes/input/0120.png
RainCityscapes,input,trainA,0692,png,/home/yc/UNSB_C21/dataset_all/RainCityscapes/input/0692.png
RainCityscapes,input,trainA,0526,png,/home/yc/UNSB_C21/dataset_all/RainCityscapes/input/0526.png
RainCityscapes,input,trainA,0130,png,/home/yc/UNSB_C21/dataset_all/RainCityscapes/input/0130.png
RainCityscapes,input,trainA,0530,png,/home/yc/UNSB_C21/dataset_all/RainCityscapes/input/0530.png
RainCityscapes,input,trainA,0052,png,/home/yc/UNSB_C21/dataset_all/RainCityscapes/input/0052.png
RainCityscapes,input,trainA,0937,png,/home/yc/UNSB_C21/dataset_all/RainCityscapes/input/0937.png
RainCityscapes,input,trainA,1114,png,/home/yc/UNSB_C21/dataset_all/RainCityscapes/input/1114.png
RainCityscapes,input,trainA,0305,png,/home/yc/UNSB_C21/dataset_all/RainCityscapes/input/0305.png
RainCityscapes,input,trainA,0968,png,/home/yc/UNSB_C21/dataset_all/RainCityscapes/input/0968.png
RainCityscapes,input,trainA,1104,png,/home/yc/UNSB_C21/dataset_all/RainCityscapes/input/1104.png
RainCityscapes,input,trainA,1170,png,/home/yc/UNSB_C21/dataset_all/RainCityscapes/input/1170.png
RainCityscapes,input,trainA,0715,png,/home/yc/UNSB_C21/dataset_all/RainCityscapes/input/0715.png
RainCityscapes,input,trainA,1090,png,/home/yc/UNSB_C21/dataset_all/RainCityscapes/input/1090.png
RainCityscapes,input,trainA,0870,png,/home/yc/UNSB_C21/dataset_all/RainCityscapes/input/0870.png
RainCityscapes,input,trainA,0950,png,/home/yc/UNSB_C21/dataset_all/RainCityscapes/input/0950.png
RainCityscapes,input,trainA,0902,png,/home/yc/UNSB_C21/dataset_all/RainCityscapes/input/0902.png
RainCityscapes,input,trainA,0203,png,/home/yc/UNSB_C21/dataset_all/RainCityscapes/input/0203.png
RainCityscapes,input,trainA,0190,png,/home/yc/UNSB_C21/dataset_all/RainCityscapes/input/0190.png
RainCityscapes,input,trainA,0005,png,/home/yc/UNSB_C21/dataset_all/RainCityscapes/input/0005.png
RainCityscapes,input,trainA,0477,png,/home/yc/UNSB_C21/dataset_all/RainCityscapes/input/0477.png
RainCityscapes,input,trainA,1162,png,/home/yc/UNSB_C21/dataset_all/RainCityscapes/input/1162.png
RainCityscapes,input,trainA,0925,png,/home/yc/UNSB_C21/dataset_all/RainCityscapes/input/0925.png
RainCityscapes,input,trainA,0796,png,/home/yc/UNSB_C21/dataset_all/RainCityscapes/input/0796.png
RainCityscapes,input,trainA,0886,png,/home/yc/UNSB_C21/dataset_all/RainCityscapes/input/0886.png
RainCityscapes,input,trainA,0392,png,/home/yc/UNSB_C21/dataset_all/RainCityscapes/input/0392.png
RainCityscapes,input,trainA,0113,png,/home/yc/UNSB_C21/dataset_all/RainCityscapes/input/0113.png
RainCityscapes,input,trainA,0084,png,/home/yc/UNSB_C21/dataset_all/RainCityscapes/input/0084.png
RainCityscapes,input,trainA,0690,png,/home/yc/UNSB_C21/dataset_all/RainCityscapes/input/0690.png
RainCityscapes,input,trainA,1176,png,/home/yc/UNSB_C21/dataset_all/RainCityscapes/input/1176.png
RainCityscapes,input,trainA,0090,png,/home/yc/UNSB_C21/dataset_all/RainCityscapes/input/0090.png
RainCityscapes,input,trainA,1116,png,/home/yc/UNSB_C21/dataset_all/RainCityscapes/input/1116.png
RainCityscapes,input,trainA,0786,png,/home/yc/UNSB_C21/dataset_all/RainCityscapes/input/0786.png
RainCityscapes,input,trainA,0362,png,/home/yc/UNSB_C21/dataset_all/RainCityscapes/input/0362.png
RainCityscapes,input,trainA,0550,png,/home/yc/UNSB_C21/dataset_all/RainCityscapes/input/0550.png
RainCityscapes,input,trainA,0539,png,/home/yc/UNSB_C21/dataset_all/RainCityscapes/input/0539.png
RainCityscapes,input,trainA,1145,png,/home/yc/UNSB_C21/dataset_all/RainCityscapes/input/1145.png
RainCityscapes,input,trainA,0632,png,/home/yc/UNSB_C21/dataset_all/RainCityscapes/input/0632.png
RainCityscapes,input,trainA,0160,png,/home/yc/UNSB_C21/dataset_all/RainCityscapes/input/0160.png
RainCityscapes,input,trainA,0515,png,/home/yc/UNSB_C21/dataset_all/RainCityscapes/input/0515.png
RainCityscapes,input,trainA,0687,png,/home/yc/UNSB_C21/dataset_all/RainCityscapes/input/0687.png
RainCityscapes,input,trainA,0840,png,/home/yc/UNSB_C21/dataset_all/RainCityscapes/input/0840.png
RainCityscapes,input,trainA,0218,png,/home/yc/UNSB_C21/dataset_all/RainCityscapes/input/0218.png
RainCityscapes,input,trainA,0712,png,/home/yc/UNSB_C21/dataset_all/RainCityscapes/input/0712.png
RainCityscapes,input,trainA,1023,png,/home/yc/UNSB_C21/dataset_all/RainCityscapes/input/1023.png
RainCityscapes,input,trainA,0157,png,/home/yc/UNSB_C21/dataset_all/RainCityscapes/input/0157.png
RainCityscapes,input,trainA,1085,png,/home/yc/UNSB_C21/dataset_all/RainCityscapes/input/1085.png
RainCityscapes,input,trainA,0503,png,/home/yc/UNSB_C21/dataset_all/RainCityscapes/input/0503.png
RainCityscapes,input,trainA,0132,png,/home/yc/UNSB_C21/dataset_all/RainCityscapes/input/0132.png
RainCityscapes,input,trainA,0115,png,/home/yc/UNSB_C21/dataset_all/RainCityscapes/input/0115.png
RainCityscapes,input,trainA,0390,png,/home/yc/UNSB_C21/dataset_all/RainCityscapes/input/0390.png
RainCityscapes,input,trainA,0927,png,/home/yc/UNSB_C21/dataset_all/RainCityscapes/input/0927.png
RainCityscapes,input,trainA,0800,png,/home/yc/UNSB_C21/dataset_all/RainCityscapes/input/0800.png
RainCityscapes,input,trainA,0868,png,/home/yc/UNSB_C21/dataset_all/RainCityscapes/input/0868.png
RainCityscapes,input,trainA,0012,png,/home/yc/UNSB_C21/dataset_all/RainCityscapes/input/0012.png
RainCityscapes,input,trainA,1010,png,/home/yc/UNSB_C21/dataset_all/RainCityscapes/input/1010.png
RainCityscapes,input,trainA,0992,png,/home/yc/UNSB_C21/dataset_all/RainCityscapes/input/0992.png
RainCityscapes,input,trainA,0346,png,/home/yc/UNSB_C21/dataset_all/RainCityscapes/input/0346.png
RainCityscapes,input,trainA,0557,png,/home/yc/UNSB_C21/dataset_all/RainCityscapes/input/0557.png
RainCityscapes,input,trainA,0126,png,/home/yc/UNSB_C21/dataset_all/RainCityscapes/input/0126.png
RainCityscapes,input,trainA,1020,png,/home/yc/UNSB_C21/dataset_all/RainCityscapes/input/1020.png
RainCityscapes,input,trainA,0772,png,/home/yc/UNSB_C21/dataset_all/RainCityscapes/input/0772.png
RainCityscapes,input,trainA,0011,png,/home/yc/UNSB_C21/dataset_all/RainCityscapes/input/0011.png
RainCityscapes,input,trainA,0621,png,/home/yc/UNSB_C21/dataset_all/RainCityscapes/input/0621.png
RainCityscapes,input,trainA,1086,png,/home/yc/UNSB_C21/dataset_all/RainCityscapes/input/1086.png
RainCityscapes,input,trainA,1013,png,/home/yc/UNSB_C21/dataset_all/RainCityscapes/input/1013.png
RainCityscapes,input,trainA,0344,png,/home/yc/UNSB_C21/dataset_all/RainCityscapes/input/0344.png
RainCityscapes,input,trainA,0006,png,/home/yc/UNSB_C21/dataset_all/RainCityscapes/input/0006.png
RainCityscapes,input,trainA,0410,png,/home/yc/UNSB_C21/dataset_all/RainCityscapes/input/0410.png
RainCityscapes,input,trainA,0548,png,/home/yc/UNSB_C21/dataset_all/RainCityscapes/input/0548.png
RainCityscapes,input,trainA,0475,png,/home/yc/UNSB_C21/dataset_all/RainCityscapes/input/0475.png
RainCityscapes,input,trainA,0078,png,/home/yc/UNSB_C21/dataset_all/RainCityscapes/input/0078.png
RainCityscapes,input,trainA,1082,png,/home/yc/UNSB_C21/dataset_all/RainCityscapes/input/1082.png
RainCityscapes,input,trainA,0220,png,/home/yc/UNSB_C21/dataset_all/RainCityscapes/input/0220.png
RainCityscapes,input,trainA,0373,png,/home/yc/UNSB_C21/dataset_all/RainCityscapes/input/0373.png
RainCityscapes,input,trainA,0750,png,/home/yc/UNSB_C21/dataset_all/RainCityscapes/input/0750.png
RainCityscapes,input,trainA,0931,png,/home/yc/UNSB_C21/dataset_all/RainCityscapes/input/0931.png
RainCityscapes,input,trainA,0304,png,/home/yc/UNSB_C21/dataset_all/RainCityscapes/input/0304.png
RainCityscapes,input,trainA,0269,png,/home/yc/UNSB_C21/dataset_all/RainCityscapes/input/0269.png
RainCityscapes,input,trainA,0986,png,/home/yc/UNSB_C21/dataset_all/RainCityscapes/input/0986.png
RainCityscapes,input,trainA,0861,png,/home/yc/UNSB_C21/dataset_all/RainCityscapes/input/0861.png
RainCityscapes,input,trainA,0733,png,/home/yc/UNSB_C21/dataset_all/RainCityscapes/input/0733.png
RainCityscapes,input,trainA,0433,png,/home/yc/UNSB_C21/dataset_all/RainCityscapes/input/0433.png
RainCityscapes,input,trainA,0044,png,/home/yc/UNSB_C21/dataset_all/RainCityscapes/input/0044.png
RainCityscapes,input,trainA,0114,png,/home/yc/UNSB_C21/dataset_all/RainCityscapes/input/0114.png
RainCityscapes,input,trainA,0125,png,/home/yc/UNSB_C21/dataset_all/RainCityscapes/input/0125.png
RainCityscapes,input,trainA,0455,png,/home/yc/UNSB_C21/dataset_all/RainCityscapes/input/0455.png
RainCityscapes,target,trainB,1058,png,/home/yc/UNSB_C21/dataset_all/RainCityscapes/target/1058.png
RainCityscapes,target,trainB,0982,png,/home/yc/UNSB_C21/dataset_all/RainCityscapes/target/0982.png
RainCityscapes,target,trainB,0197,png,/home/yc/UNSB_C21/dataset_all/RainCityscapes/target/0197.png
RainCityscapes,target,trainB,0163,png,/home/yc/UNSB_C21/dataset_all/RainCityscapes/target/0163.png
RainCityscapes,target,trainB,1116,png,/home/yc/UNSB_C21/dataset_all/RainCityscapes/target/1116.png
RainCityscapes,target,trainB,0094,png,/home/yc/UNSB_C21/dataset_all/RainCityscapes/target/0094.png
RainCityscapes,target,trainB,0639,png,/home/yc/UNSB_C21/dataset_all/RainCityscapes/target/0639.png
RainCityscapes,target,trainB,0695,png,/home/yc/UNSB_C21/dataset_all/RainCityscapes/target/0695.png
RainCityscapes,target,trainB,0897,png,/home/yc/UNSB_C21/dataset_all/RainCityscapes/target/0897.png
RainCityscapes,target,trainB,0791,png,/home/yc/UNSB_C21/dataset_all/RainCityscapes/target/0791.png
RainCityscapes,target,trainB,0374,png,/home/yc/UNSB_C21/dataset_all/RainCityscapes/target/0374.png
RainCityscapes,target,trainB,0394,png,/home/yc/UNSB_C21/dataset_all/RainCityscapes/target/0394.png
RainCityscapes,target,trainB,0346,png,/home/yc/UNSB_C21/dataset_all/RainCityscapes/target/0346.png
RainCityscapes,target,trainB,0260,png,/home/yc/UNSB_C21/dataset_all/RainCityscapes/target/0260.png
RainCityscapes,target,trainB,0850,png,/home/yc/UNSB_C21/dataset_all/RainCityscapes/target/0850.png
RainCityscapes,target,trainB,0919,png,/home/yc/UNSB_C21/dataset_all/RainCityscapes/target/0919.png
RainCityscapes,target,trainB,1187,png,/home/yc/UNSB_C21/dataset_all/RainCityscapes/target/1187.png
RainCityscapes,target,trainB,0366,png,/home/yc/UNSB_C21/dataset_all/RainCityscapes/target/0366.png
RainCityscapes,target,trainB,1092,png,/home/yc/UNSB_C21/dataset_all/RainCityscapes/target/1092.png
RainCityscapes,target,trainB,0075,png,/home/yc/UNSB_C21/dataset_all/RainCityscapes/target/0075.png
RainCityscapes,target,trainB,1111,png,/home/yc/UNSB_C21/dataset_all/RainCityscapes/target/1111.png
RainCityscapes,target,trainB,1063,png,/home/yc/UNSB_C21/dataset_all/RainCityscapes/target/1063.png
RainCityscapes,target,trainB,0535,png,/home/yc/UNSB_C21/dataset_all/RainCityscapes/target/0535.png
RainCityscapes,target,trainB,0636,png,/home/yc/UNSB_C21/dataset_all/RainCityscapes/target/0636.png
RainCityscapes,target,trainB,0246,png,/home/yc/UNSB_C21/dataset_all/RainCityscapes/target/0246.png
RainCityscapes,target,trainB,0703,png,/home/yc/UNSB_C21/dataset_all/RainCityscapes/target/0703.png
RainCityscapes,target,trainB,0601,png,/home/yc/UNSB_C21/dataset_all/RainCityscapes/target/0601.png
RainCityscapes,target,trainB,0827,png,/home/yc/UNSB_C21/dataset_all/RainCityscapes/target/0827.png
RainCityscapes,target,trainB,0353,png,/home/yc/UNSB_C21/dataset_all/RainCityscapes/target/0353.png
RainCityscapes,target,trainB,0836,png,/home/yc/UNSB_C21/dataset_all/RainCityscapes/target/0836.png
RainCityscapes,target,trainB,1066,png,/home/yc/UNSB_C21/dataset_all/RainCityscapes/target/1066.png
RainCityscapes,target,trainB,0758,png,/home/yc/UNSB_C21/dataset_all/RainCityscapes/target/0758.png
RainCityscapes,target,trainB,0541,png,/home/yc/UNSB_C21/dataset_all/RainCityscapes/target/0541.png
RainCityscapes,target,trainB,0592,png,/home/yc/UNSB_C21/dataset_all/RainCityscapes/target/0592.png
RainCityscapes,target,trainB,0159,png,/home/yc/UNSB_C21/dataset_all/RainCityscapes/target/0159.png
RainCityscapes,target,trainB,1126,png,/home/yc/UNSB_C21/dataset_all/RainCityscapes/target/1126.png
RainCityscapes,target,trainB,1000,png,/home/yc/UNSB_C21/dataset_all/RainCityscapes/target/1000.png
RainCityscapes,target,trainB,0922,png,/home/yc/UNSB_C21/dataset_all/RainCityscapes/target/0922.png
RainCityscapes,target,trainB,0455,png,/home/yc/UNSB_C21/dataset_all/RainCityscapes/target/0455.png
RainCityscapes,target,trainB,0935,png,/home/yc/UNSB_C21/dataset_all/RainCityscapes/target/0935.png
RainCityscapes,target,trainB,0155,png,/home/yc/UNSB_C21/dataset_all/RainCityscapes/target/0155.png
RainCityscapes,target,trainB,0548,png,/home/yc/UNSB_C21/dataset_all/RainCityscapes/target/0548.png
RainCityscapes,target,trainB,0365,png,/home/yc/UNSB_C21/dataset_all/RainCityscapes/target/0365.png
RainCityscapes,target,trainB,1161,png,/home/yc/UNSB_C21/dataset_all/RainCityscapes/target/1161.png
RainCityscapes,target,trainB,0379,png,/home/yc/UNSB_C21/dataset_all/RainCityscapes/target/0379.png
RainCityscapes,target,trainB,0689,png,/home/yc/UNSB_C21/dataset_all/RainCityscapes/target/0689.png
RainCityscapes,target,trainB,0384,png,/home/yc/UNSB_C21/dataset_all/RainCityscapes/target/0384.png
RainCityscapes,target,trainB,0179,png,/home/yc/UNSB_C21/dataset_all/RainCityscapes/target/0179.png
RainCityscapes,target,trainB,0951,png,/home/yc/UNSB_C21/dataset_all/RainCityscapes/target/0951.png
RainCityscapes,target,trainB,0136,png,/home/yc/UNSB_C21/dataset_all/RainCityscapes/target/0136.png
RainCityscapes,target,trainB,0945,png,/home/yc/UNSB_C21/dataset_all/RainCityscapes/target/0945.png
RainCityscapes,target,trainB,0782,png,/home/yc/UNSB_C21/dataset_all/RainCityscapes/target/0782.png
RainCityscapes,target,trainB,0612,png,/home/yc/UNSB_C21/dataset_all/RainCityscapes/target/0612.png
RainCityscapes,target,trainB,0320,png,/home/yc/UNSB_C21/dataset_all/RainCityscapes/target/0320.png
RainCityscapes,target,trainB,1115,png,/home/yc/UNSB_C21/dataset_all/RainCityscapes/target/1115.png
RainCityscapes,target,trainB,1012,png,/home/yc/UNSB_C21/dataset_all/RainCityscapes/target/1012.png
RainCityscapes,target,trainB,0198,png,/home/yc/UNSB_C21/dataset_all/RainCityscapes/target/0198.png
RainCityscapes,target,trainB,0911,png,/home/yc/UNSB_C21/dataset_all/RainCityscapes/target/0911.png
RainCityscapes,target,trainB,0419,png,/home/yc/UNSB_C21/dataset_all/RainCityscapes/target/0419.png
RainCityscapes,target,trainB,0397,png,/home/yc/UNSB_C21/dataset_all/RainCityscapes/target/0397.png
RainCityscapes,target,trainB,0607,png,/home/yc/UNSB_C21/dataset_all/RainCityscapes/target/0607.png
RainCityscapes,target,trainB,0954,png,/home/yc/UNSB_C21/dataset_all/RainCityscapes/target/0954.png
RainCityscapes,target,trainB,0969,png,/home/yc/UNSB_C21/dataset_all/RainCityscapes/target/0969.png
RainCityscapes,target,trainB,0078,png,/home/yc/UNSB_C21/dataset_all/RainCityscapes/target/0078.png
RainCityscapes,target,trainB,0917,png,/home/yc/UNSB_C21/dataset_all/RainCityscapes/target/0917.png
RainCityscapes,target,trainB,0869,png,/home/yc/UNSB_C21/dataset_all/RainCityscapes/target/0869.png
RainCityscapes,target,trainB,0943,png,/home/yc/UNSB_C21/dataset_all/RainCityscapes/target/0943.png
RainCityscapes,target,trainB,0998,png,/home/yc/UNSB_C21/dataset_all/RainCityscapes/target/0998.png
RainCityscapes,target,trainB,0622,png,/home/yc/UNSB_C21/dataset_all/RainCityscapes/target/0622.png
RainCityscapes,target,trainB,0590,png,/home/yc/UNSB_C21/dataset_all/RainCityscapes/target/0590.png
RainCityscapes,target,trainB,1091,png,/home/yc/UNSB_C21/dataset_all/RainCityscapes/target/1091.png
RainCityscapes,target,trainB,0784,png,/home/yc/UNSB_C21/dataset_all/RainCityscapes/target/0784.png
RainCityscapes,target,trainB,0765,png,/home/yc/UNSB_C21/dataset_all/RainCityscapes/target/0765.png
RainCityscapes,target,trainB,0432,png,/home/yc/UNSB_C21/dataset_all/RainCityscapes/target/0432.png
RainCityscapes,target,trainB,0373,png,/home/yc/UNSB_C21/dataset_all/RainCityscapes/target/0373.png
RainCityscapes,target,trainB,0475,png,/home/yc/UNSB_C21/dataset_all/RainCityscapes/target/0475.png
RainCityscapes,target,trainB,1140,png,/home/yc/UNSB_C21/dataset_all/RainCityscapes/target/1140.png
RainCityscapes,target,trainB,0456,png,/home/yc/UNSB_C21/dataset_all/RainCityscapes/target/0456.png
RainCityscapes,target,trainB,0551,png,/home/yc/UNSB_C21/dataset_all/RainCityscapes/target/0551.png
RainCityscapes,target,trainB,0025,png,/home/yc/UNSB_C21/dataset_all/RainCityscapes/target/0025.png
RainCityscapes,target,trainB,0295,png,/home/yc/UNSB_C21/dataset_all/RainCityscapes/target/0295.png
RainCityscapes,target,trainB,0416,png,/home/yc/UNSB_C21/dataset_all/RainCityscapes/target/0416.png
RainCityscapes,target,trainB,0188,png,/home/yc/UNSB_C21/dataset_all/RainCityscapes/target/0188.png
RainCityscapes,target,trainB,0995,png,/home/yc/UNSB_C21/dataset_all/RainCityscapes/target/0995.png
RainCityscapes,target,trainB,0276,png,/home/yc/UNSB_C21/dataset_all/RainCityscapes/target/0276.png
RainCityscapes,target,trainB,0931,png,/home/yc/UNSB_C21/dataset_all/RainCityscapes/target/0931.png
RainCityscapes,target,trainB,1043,png,/home/yc/UNSB_C21/dataset_all/RainCityscapes/target/1043.png
RainCityscapes,target,trainB,0582,png,/home/yc/UNSB_C21/dataset_all/RainCityscapes/target/0582.png
RainCityscapes,target,trainB,0986,png,/home/yc/UNSB_C21/dataset_all/RainCityscapes/target/0986.png
RainCityscapes,target,trainB,0472,png,/home/yc/UNSB_C21/dataset_all/RainCityscapes/target/0472.png
RainCityscapes,target,trainB,0010,png,/home/yc/UNSB_C21/dataset_all/RainCityscapes/target/0010.png
RainCityscapes,target,trainB,0641,png,/home/yc/UNSB_C21/dataset_all/RainCityscapes/target/0641.png
RainCityscapes,target,trainB,0795,png,/home/yc/UNSB_C21/dataset_all/RainCityscapes/target/0795.png
RainCityscapes,target,trainB,0846,png,/home/yc/UNSB_C21/dataset_all/RainCityscapes/target/0846.png
RainCityscapes,target,trainB,0208,png,/home/yc/UNSB_C21/dataset_all/RainCityscapes/target/0208.png
RainCityscapes,target,trainB,0430,png,/home/yc/UNSB_C21/dataset_all/RainCityscapes/target/0430.png
RainCityscapes,target,trainB,0750,png,/home/yc/UNSB_C21/dataset_all/RainCityscapes/target/0750.png
RainCityscapes,target,trainB,0212,png,/home/yc/UNSB_C21/dataset_all/RainCityscapes/target/0212.png
RainCityscapes,target,trainB,0546,png,/home/yc/UNSB_C21/dataset_all/RainCityscapes/target/0546.png
RainCityscapes,target,trainB,1185,png,/home/yc/UNSB_C21/dataset_all/RainCityscapes/target/1185.png
RainCityscapes,input,discovery,0175,png,/home/yc/UNSB_C21/dataset_all/RainCityscapes/input/0175.png
RainCityscapes,input,discovery,0123,png,/home/yc/UNSB_C21/dataset_all/RainCityscapes/input/0123.png
RainCityscapes,input,discovery,0479,png,/home/yc/UNSB_C21/dataset_all/RainCityscapes/input/0479.png
RainCityscapes,input,discovery,0016,png,/home/yc/UNSB_C21/dataset_all/RainCityscapes/input/0016.png
RainCityscapes,input,discovery,1049,png,/home/yc/UNSB_C21/dataset_all/RainCityscapes/input/1049.png
RainCityscapes,input,discovery,0696,png,/home/yc/UNSB_C21/dataset_all/RainCityscapes/input/0696.png
RainCityscapes,input,discovery,0348,png,/home/yc/UNSB_C21/dataset_all/RainCityscapes/input/0348.png
RainCityscapes,input,discovery,0250,png,/home/yc/UNSB_C21/dataset_all/RainCityscapes/input/0250.png
RainCityscapes,input,discovery,1040,png,/home/yc/UNSB_C21/dataset_all/RainCityscapes/input/1040.png
RainCityscapes,input,discovery,0971,png,/home/yc/UNSB_C21/dataset_all/RainCityscapes/input/0971.png
RainCityscapes,input,discovery,0977,png,/home/yc/UNSB_C21/dataset_all/RainCityscapes/input/0977.png
RainCityscapes,input,discovery,1005,png,/home/yc/UNSB_C21/dataset_all/RainCityscapes/input/1005.png
RainCityscapes,input,discovery,1075,png,/home/yc/UNSB_C21/dataset_all/RainCityscapes/input/1075.png
RainCityscapes,input,discovery,0537,png,/home/yc/UNSB_C21/dataset_all/RainCityscapes/input/0537.png
RainCityscapes,input,discovery,0612,png,/home/yc/UNSB_C21/dataset_all/RainCityscapes/input/0612.png
RainCityscapes,input,discovery,0243,png,/home/yc/UNSB_C21/dataset_all/RainCityscapes/input/0243.png
RainCityscapes,input,discovery,0642,png,/home/yc/UNSB_C21/dataset_all/RainCityscapes/input/0642.png
RainCityscapes,input,discovery,0079,png,/home/yc/UNSB_C21/dataset_all/RainCityscapes/input/0079.png
RainCityscapes,input,discovery,0443,png,/home/yc/UNSB_C21/dataset_all/RainCityscapes/input/0443.png
RainCityscapes,input,discovery,0439,png,/home/yc/UNSB_C21/dataset_all/RainCityscapes/input/0439.png
RainCityscapes,input,discovery,0771,png,/home/yc/UNSB_C21/dataset_all/RainCityscapes/input/0771.png
RainCityscapes,input,discovery,0497,png,/home/yc/UNSB_C21/dataset_all/RainCityscapes/input/0497.png
RainCityscapes,input,discovery,0310,png,/home/yc/UNSB_C21/dataset_all/RainCityscapes/input/0310.png
RainCityscapes,input,discovery,1073,png,/home/yc/UNSB_C21/dataset_all/RainCityscapes/input/1073.png
RainCityscapes,input,discovery,1112,png,/home/yc/UNSB_C21/dataset_all/RainCityscapes/input/1112.png
RainCityscapes,input,discovery,1019,png,/home/yc/UNSB_C21/dataset_all/RainCityscapes/input/1019.png
RainCityscapes,input,discovery,0896,png,/home/yc/UNSB_C21/dataset_all/RainCityscapes/input/0896.png
RainCityscapes,input,discovery,1021,png,/home/yc/UNSB_C21/dataset_all/RainCityscapes/input/1021.png
RainCityscapes,input,discovery,1054,png,/home/yc/UNSB_C21/dataset_all/RainCityscapes/input/1054.png
RainCityscapes,input,discovery,0370,png,/home/yc/UNSB_C21/dataset_all/RainCityscapes/input/0370.png
RainCityscapes,input,discovery,0116,png,/home/yc/UNSB_C21/dataset_all/RainCityscapes/input/0116.png
RainCityscapes,input,discovery,0812,png,/home/yc/UNSB_C21/dataset_all/RainCityscapes/input/0812.png
RainCityscapes,input,discovery,0784,png,/home/yc/UNSB_C21/dataset_all/RainCityscapes/input/0784.png
RainCityscapes,input,discovery,0285,png,/home/yc/UNSB_C21/dataset_all/RainCityscapes/input/0285.png
RainCityscapes,input,discovery,1047,png,/home/yc/UNSB_C21/dataset_all/RainCityscapes/input/1047.png
RainCityscapes,input,discovery,0260,png,/home/yc/UNSB_C21/dataset_all/RainCityscapes/input/0260.png
RainCityscapes,input,discovery,0730,png,/home/yc/UNSB_C21/dataset_all/RainCityscapes/input/0730.png
RainCityscapes,input,discovery,0910,png,/home/yc/UNSB_C21/dataset_all/RainCityscapes/input/0910.png
RainCityscapes,input,discovery,0276,png,/home/yc/UNSB_C21/dataset_all/RainCityscapes/input/0276.png
RainCityscapes,input,discovery,0208,png,/home/yc/UNSB_C21/dataset_all/RainCityscapes/input/0208.png
RainCityscapes,input,discovery,0491,png,/home/yc/UNSB_C21/dataset_all/RainCityscapes/input/0491.png
RainCityscapes,input,discovery,0486,png,/home/yc/UNSB_C21/dataset_all/RainCityscapes/input/0486.png
RainCityscapes,input,discovery,0763,png,/home/yc/UNSB_C21/dataset_all/RainCityscapes/input/0763.png
RainCityscapes,input,discovery,0735,png,/home/yc/UNSB_C21/dataset_all/RainCityscapes/input/0735.png
RainCityscapes,input,discovery,0820,png,/home/yc/UNSB_C21/dataset_all/RainCityscapes/input/0820.png
RainCityscapes,input,discovery,0843,png,/home/yc/UNSB_C21/dataset_all/RainCityscapes/input/0843.png
RainCityscapes,input,discovery,1078,png,/home/yc/UNSB_C21/dataset_all/RainCityscapes/input/1078.png
RainCityscapes,input,discovery,0466,png,/home/yc/UNSB_C21/dataset_all/RainCityscapes/input/0466.png
RainCityscapes,input,discovery,0643,png,/home/yc/UNSB_C21/dataset_all/RainCityscapes/input/0643.png
RainCityscapes,input,discovery,1087,png,/home/yc/UNSB_C21/dataset_all/RainCityscapes/input/1087.png
RainCityscapes,input,discovery,0823,png,/home/yc/UNSB_C21/dataset_all/RainCityscapes/input/0823.png
RainCityscapes,input,discovery,0158,png,/home/yc/UNSB_C21/dataset_all/RainCityscapes/input/0158.png
RainCityscapes,input,discovery,0013,png,/home/yc/UNSB_C21/dataset_all/RainCityscapes/input/0013.png
RainCityscapes,input,discovery,0441,png,/home/yc/UNSB_C21/dataset_all/RainCityscapes/input/0441.png
RainCityscapes,input,discovery,0040,png,/home/yc/UNSB_C21/dataset_all/RainCityscapes/input/0040.png
RainCityscapes,input,discovery,0468,png,/home/yc/UNSB_C21/dataset_all/RainCityscapes/input/0468.png
RainCityscapes,input,discovery,0640,png,/home/yc/UNSB_C21/dataset_all/RainCityscapes/input/0640.png
RainCityscapes,input,discovery,0063,png,/home/yc/UNSB_C21/dataset_all/RainCityscapes/input/0063.png
RainCityscapes,input,discovery,0029,png,/home/yc/UNSB_C21/dataset_all/RainCityscapes/input/0029.png
RainCityscapes,input,discovery,0708,png,/home/yc/UNSB_C21/dataset_all/RainCityscapes/input/0708.png
RainCityscapes,input,discovery,0666,png,/home/yc/UNSB_C21/dataset_all/RainCityscapes/input/0666.png
RainCityscapes,input,discovery,0773,png,/home/yc/UNSB_C21/dataset_all/RainCityscapes/input/0773.png
RainCityscapes,input,discovery,0655,png,/home/yc/UNSB_C21/dataset_all/RainCityscapes/input/0655.png
RainCityscapes,input,discovery,0082,png,/home/yc/UNSB_C21/dataset_all/RainCityscapes/input/0082.png
RainCityscapes,input,discovery,0030,png,/home/yc/UNSB_C21/dataset_all/RainCityscapes/input/0030.png
RainCityscapes,input,discovery,0677,png,/home/yc/UNSB_C21/dataset_all/RainCityscapes/input/0677.png
RainCityscapes,input,discovery,1060,png,/home/yc/UNSB_C21/dataset_all/RainCityscapes/input/1060.png
RainCityscapes,input,discovery,0867,png,/home/yc/UNSB_C21/dataset_all/RainCityscapes/input/0867.png
RainCityscapes,input,discovery,0015,png,/home/yc/UNSB_C21/dataset_all/RainCityscapes/input/0015.png
RainCityscapes,input,discovery,0967,png,/home/yc/UNSB_C21/dataset_all/RainCityscapes/input/0967.png
RainCityscapes,input,discovery,0275,png,/home/yc/UNSB_C21/dataset_all/RainCityscapes/input/0275.png
RainCityscapes,input,discovery,1188,png,/home/yc/UNSB_C21/dataset_all/RainCityscapes/input/1188.png
RainCityscapes,input,discovery,1136,png,/home/yc/UNSB_C21/dataset_all/RainCityscapes/input/1136.png
RainCityscapes,input,discovery,1017,png,/home/yc/UNSB_C21/dataset_all/RainCityscapes/input/1017.png
RainCityscapes,input,discovery,0946,png,/home/yc/UNSB_C21/dataset_all/RainCityscapes/input/0946.png
RainCityscapes,input,discovery,0046,png,/home/yc/UNSB_C21/dataset_all/RainCityscapes/input/0046.png
RainCityscapes,input,discovery,0908,png,/home/yc/UNSB_C21/dataset_all/RainCityscapes/input/0908.png
RainCityscapes,input,discovery,0595,png,/home/yc/UNSB_C21/dataset_all/RainCityscapes/input/0595.png
RainCityscapes,input,discovery,1083,png,/home/yc/UNSB_C21/dataset_all/RainCityscapes/input/1083.png
RainCityscapes,input,discovery,0600,png,/home/yc/UNSB_C21/dataset_all/RainCityscapes/input/0600.png
RainCityscapes,target,discovery_target,0706,png,/home/yc/UNSB_C21/dataset_all/RainCityscapes/target/0706.png
RainCityscapes,target,discovery_target,0302,png,/home/yc/UNSB_C21/dataset_all/RainCityscapes/target/0302.png
RainCityscapes,target,discovery_target,0741,png,/home/yc/UNSB_C21/dataset_all/RainCityscapes/target/0741.png
RainCityscapes,target,discovery_target,0011,png,/home/yc/UNSB_C21/dataset_all/RainCityscapes/target/0011.png
RainCityscapes,target,discovery_target,0745,png,/home/yc/UNSB_C21/dataset_all/RainCityscapes/target/0745.png
RainCityscapes,target,discovery_target,0859,png,/home/yc/UNSB_C21/dataset_all/RainCityscapes/target/0859.png
RainCityscapes,target,discovery_target,0318,png,/home/yc/UNSB_C21/dataset_all/RainCityscapes/target/0318.png
RainCityscapes,target,discovery_target,0162,png,/home/yc/UNSB_C21/dataset_all/RainCityscapes/target/0162.png
RainCityscapes,target,discovery_target,0134,png,/home/yc/UNSB_C21/dataset_all/RainCityscapes/target/0134.png
RainCityscapes,target,discovery_target,0389,png,/home/yc/UNSB_C21/dataset_all/RainCityscapes/target/0389.png
RainCityscapes,target,discovery_target,0895,png,/home/yc/UNSB_C21/dataset_all/RainCityscapes/target/0895.png
RainCityscapes,target,discovery_target,0718,png,/home/yc/UNSB_C21/dataset_all/RainCityscapes/target/0718.png
RainCityscapes,target,discovery_target,0980,png,/home/yc/UNSB_C21/dataset_all/RainCityscapes/target/0980.png
RainCityscapes,target,discovery_target,0428,png,/home/yc/UNSB_C21/dataset_all/RainCityscapes/target/0428.png
RainCityscapes,target,discovery_target,0181,png,/home/yc/UNSB_C21/dataset_all/RainCityscapes/target/0181.png
RainCityscapes,target,discovery_target,0977,png,/home/yc/UNSB_C21/dataset_all/RainCityscapes/target/0977.png
RainCityscapes,target,discovery_target,0037,png,/home/yc/UNSB_C21/dataset_all/RainCityscapes/target/0037.png
RainCityscapes,target,discovery_target,0805,png,/home/yc/UNSB_C21/dataset_all/RainCityscapes/target/0805.png
RainCityscapes,target,discovery_target,0515,png,/home/yc/UNSB_C21/dataset_all/RainCityscapes/target/0515.png
RainCityscapes,target,discovery_target,0763,png,/home/yc/UNSB_C21/dataset_all/RainCityscapes/target/0763.png
RainCityscapes,target,discovery_target,0531,png,/home/yc/UNSB_C21/dataset_all/RainCityscapes/target/0531.png
RainCityscapes,target,discovery_target,0924,png,/home/yc/UNSB_C21/dataset_all/RainCityscapes/target/0924.png
RainCityscapes,target,discovery_target,1120,png,/home/yc/UNSB_C21/dataset_all/RainCityscapes/target/1120.png
RainCityscapes,target,discovery_target,0244,png,/home/yc/UNSB_C21/dataset_all/RainCityscapes/target/0244.png
RainCityscapes,target,discovery_target,0978,png,/home/yc/UNSB_C21/dataset_all/RainCityscapes/target/0978.png
RainCityscapes,target,discovery_target,0884,png,/home/yc/UNSB_C21/dataset_all/RainCityscapes/target/0884.png
RainCityscapes,target,discovery_target,0963,png,/home/yc/UNSB_C21/dataset_all/RainCityscapes/target/0963.png
RainCityscapes,target,discovery_target,0444,png,/home/yc/UNSB_C21/dataset_all/RainCityscapes/target/0444.png
RainCityscapes,target,discovery_target,0347,png,/home/yc/UNSB_C21/dataset_all/RainCityscapes/target/0347.png
RainCityscapes,target,discovery_target,1103,png,/home/yc/UNSB_C21/dataset_all/RainCityscapes/target/1103.png
RainCityscapes,target,discovery_target,0239,png,/home/yc/UNSB_C21/dataset_all/RainCityscapes/target/0239.png
RainCityscapes,target,discovery_target,0900,png,/home/yc/UNSB_C21/dataset_all/RainCityscapes/target/0900.png
RainCityscapes,target,discovery_target,0004,png,/home/yc/UNSB_C21/dataset_all/RainCityscapes/target/0004.png
RainCityscapes,target,discovery_target,1032,png,/home/yc/UNSB_C21/dataset_all/RainCityscapes/target/1032.png
RainCityscapes,target,discovery_target,0341,png,/home/yc/UNSB_C21/dataset_all/RainCityscapes/target/0341.png
RainCityscapes,target,discovery_target,0339,png,/home/yc/UNSB_C21/dataset_all/RainCityscapes/target/0339.png
RainCityscapes,target,discovery_target,0112,png,/home/yc/UNSB_C21/dataset_all/RainCityscapes/target/0112.png
RainCityscapes,target,discovery_target,1162,png,/home/yc/UNSB_C21/dataset_all/RainCityscapes/target/1162.png
RainCityscapes,target,discovery_target,0418,png,/home/yc/UNSB_C21/dataset_all/RainCityscapes/target/0418.png
RainCityscapes,target,discovery_target,0175,png,/home/yc/UNSB_C21/dataset_all/RainCityscapes/target/0175.png
RainCityscapes,target,discovery_target,1139,png,/home/yc/UNSB_C21/dataset_all/RainCityscapes/target/1139.png
RainCityscapes,target,discovery_target,0413,png,/home/yc/UNSB_C21/dataset_all/RainCityscapes/target/0413.png
RainCityscapes,target,discovery_target,0736,png,/home/yc/UNSB_C21/dataset_all/RainCityscapes/target/0736.png
RainCityscapes,target,discovery_target,0039,png,/home/yc/UNSB_C21/dataset_all/RainCityscapes/target/0039.png
RainCityscapes,target,discovery_target,0543,png,/home/yc/UNSB_C21/dataset_all/RainCityscapes/target/0543.png
RainCityscapes,target,discovery_target,0360,png,/home/yc/UNSB_C21/dataset_all/RainCityscapes/target/0360.png
RainCityscapes,target,discovery_target,0288,png,/home/yc/UNSB_C21/dataset_all/RainCityscapes/target/0288.png
RainCityscapes,target,discovery_target,0485,png,/home/yc/UNSB_C21/dataset_all/RainCityscapes/target/0485.png
RainCityscapes,target,discovery_target,0195,png,/home/yc/UNSB_C21/dataset_all/RainCityscapes/target/0195.png
RainCityscapes,target,discovery_target,0026,png,/home/yc/UNSB_C21/dataset_all/RainCityscapes/target/0026.png
RainCityscapes,target,discovery_target,0719,png,/home/yc/UNSB_C21/dataset_all/RainCityscapes/target/0719.png
RainCityscapes,target,discovery_target,0403,png,/home/yc/UNSB_C21/dataset_all/RainCityscapes/target/0403.png
RainCityscapes,target,discovery_target,0845,png,/home/yc/UNSB_C21/dataset_all/RainCityscapes/target/0845.png
RainCityscapes,target,discovery_target,0761,png,/home/yc/UNSB_C21/dataset_all/RainCityscapes/target/0761.png
RainCityscapes,target,discovery_target,0234,png,/home/yc/UNSB_C21/dataset_all/RainCityscapes/target/0234.png
RainCityscapes,target,discovery_target,0634,png,/home/yc/UNSB_C21/dataset_all/RainCityscapes/target/0634.png
RainCityscapes,target,discovery_target,0046,png,/home/yc/UNSB_C21/dataset_all/RainCityscapes/target/0046.png
RainCityscapes,target,discovery_target,1151,png,/home/yc/UNSB_C21/dataset_all/RainCityscapes/target/1151.png
RainCityscapes,target,discovery_target,0182,png,/home/yc/UNSB_C21/dataset_all/RainCityscapes/target/0182.png
RainCityscapes,target,discovery_target,0936,png,/home/yc/UNSB_C21/dataset_all/RainCityscapes/target/0936.png
RainCityscapes,target,discovery_target,0720,png,/home/yc/UNSB_C21/dataset_all/RainCityscapes/target/0720.png
RainCityscapes,target,discovery_target,0866,png,/home/yc/UNSB_C21/dataset_all/RainCityscapes/target/0866.png
RainCityscapes,target,discovery_target,0009,png,/home/yc/UNSB_C21/dataset_all/RainCityscapes/target/0009.png
RainCityscapes,target,discovery_target,1073,png,/home/yc/UNSB_C21/dataset_all/RainCityscapes/target/1073.png
RainCityscapes,target,discovery_target,0620,png,/home/yc/UNSB_C21/dataset_all/RainCityscapes/target/0620.png
RainCityscapes,target,discovery_target,0752,png,/home/yc/UNSB_C21/dataset_all/RainCityscapes/target/0752.png
RainCityscapes,target,discovery_target,0523,png,/home/yc/UNSB_C21/dataset_all/RainCityscapes/target/0523.png
RainCityscapes,target,discovery_target,0089,png,/home/yc/UNSB_C21/dataset_all/RainCityscapes/target/0089.png
RainCityscapes,target,discovery_target,0375,png,/home/yc/UNSB_C21/dataset_all/RainCityscapes/target/0375.png
RainCityscapes,target,discovery_target,0654,png,/home/yc/UNSB_C21/dataset_all/RainCityscapes/target/0654.png
RainCityscapes,target,discovery_target,0840,png,/home/yc/UNSB_C21/dataset_all/RainCityscapes/target/0840.png
RainCityscapes,target,discovery_target,0877,png,/home/yc/UNSB_C21/dataset_all/RainCityscapes/target/0877.png
RainCityscapes,target,discovery_target,0878,png,/home/yc/UNSB_C21/dataset_all/RainCityscapes/target/0878.png
RainCityscapes,target,discovery_target,0410,png,/home/yc/UNSB_C21/dataset_all/RainCityscapes/target/0410.png
RainCityscapes,target,discovery_target,0806,png,/home/yc/UNSB_C21/dataset_all/RainCityscapes/target/0806.png
RainCityscapes,target,discovery_target,1016,png,/home/yc/UNSB_C21/dataset_all/RainCityscapes/target/1016.png
RainCityscapes,target,discovery_target,1020,png,/home/yc/UNSB_C21/dataset_all/RainCityscapes/target/1020.png
RainCityscapes,target,discovery_target,1034,png,/home/yc/UNSB_C21/dataset_all/RainCityscapes/target/1034.png
RainCityscapes,target,discovery_target,0953,png,/home/yc/UNSB_C21/dataset_all/RainCityscapes/target/0953.png
RainCityscapes,target,discovery_target,0808,png,/home/yc/UNSB_C21/dataset_all/RainCityscapes/target/0808.png
RainCityscapes,input,sealed,0852,png,/home/yc/UNSB_C21/dataset_all/RainCityscapes/input/0852.png
RainCityscapes,input,sealed,0377,png,/home/yc/UNSB_C21/dataset_all/RainCityscapes/input/0377.png
RainCityscapes,input,sealed,0316,png,/home/yc/UNSB_C21/dataset_all/RainCityscapes/input/0316.png
RainCityscapes,input,sealed,1050,png,/home/yc/UNSB_C21/dataset_all/RainCityscapes/input/1050.png
RainCityscapes,input,sealed,1055,png,/home/yc/UNSB_C21/dataset_all/RainCityscapes/input/1055.png
RainCityscapes,input,sealed,0106,png,/home/yc/UNSB_C21/dataset_all/RainCityscapes/input/0106.png
RainCityscapes,input,sealed,0388,png,/home/yc/UNSB_C21/dataset_all/RainCityscapes/input/0388.png
RainCityscapes,input,sealed,0879,png,/home/yc/UNSB_C21/dataset_all/RainCityscapes/input/0879.png
RainCityscapes,input,sealed,0378,png,/home/yc/UNSB_C21/dataset_all/RainCityscapes/input/0378.png
RainCityscapes,input,sealed,0592,png,/home/yc/UNSB_C21/dataset_all/RainCityscapes/input/0592.png
RainCityscapes,input,sealed,1143,png,/home/yc/UNSB_C21/dataset_all/RainCityscapes/input/1143.png
RainCityscapes,input,sealed,0552,png,/home/yc/UNSB_C21/dataset_all/RainCityscapes/input/0552.png
RainCityscapes,input,sealed,0234,png,/home/yc/UNSB_C21/dataset_all/RainCityscapes/input/0234.png
RainCityscapes,input,sealed,0325,png,/home/yc/UNSB_C21/dataset_all/RainCityscapes/input/0325.png
RainCityscapes,input,sealed,0292,png,/home/yc/UNSB_C21/dataset_all/RainCityscapes/input/0292.png
RainCityscapes,input,sealed,0022,png,/home/yc/UNSB_C21/dataset_all/RainCityscapes/input/0022.png
RainCityscapes,input,sealed,0689,png,/home/yc/UNSB_C21/dataset_all/RainCityscapes/input/0689.png
RainCityscapes,input,sealed,1033,png,/home/yc/UNSB_C21/dataset_all/RainCityscapes/input/1033.png
RainCityscapes,input,sealed,0762,png,/home/yc/UNSB_C21/dataset_all/RainCityscapes/input/0762.png
RainCityscapes,input,sealed,0970,png,/home/yc/UNSB_C21/dataset_all/RainCityscapes/input/0970.png
RSCityscapes,input,trainA,0041,png,/home/yc/UNSB_C21/dataset_all/RSCityscapes/input/0041.png
RSCityscapes,input,trainA,0566,png,/home/yc/UNSB_C21/dataset_all/RSCityscapes/input/0566.png
RSCityscapes,input,trainA,0559,png,/home/yc/UNSB_C21/dataset_all/RSCityscapes/input/0559.png
RSCityscapes,input,trainA,0991,png,/home/yc/UNSB_C21/dataset_all/RSCityscapes/input/0991.png
RSCityscapes,input,trainA,0250,png,/home/yc/UNSB_C21/dataset_all/RSCityscapes/input/0250.png
RSCityscapes,input,trainA,0932,png,/home/yc/UNSB_C21/dataset_all/RSCityscapes/input/0932.png
RSCityscapes,input,trainA,0698,png,/home/yc/UNSB_C21/dataset_all/RSCityscapes/input/0698.png
RSCityscapes,input,trainA,0897,png,/home/yc/UNSB_C21/dataset_all/RSCityscapes/input/0897.png
RSCityscapes,input,trainA,1070,png,/home/yc/UNSB_C21/dataset_all/RSCityscapes/input/1070.png
RSCityscapes,input,trainA,0477,png,/home/yc/UNSB_C21/dataset_all/RSCityscapes/input/0477.png
RSCityscapes,input,trainA,0259,png,/home/yc/UNSB_C21/dataset_all/RSCityscapes/input/0259.png
RSCityscapes,input,trainA,0305,png,/home/yc/UNSB_C21/dataset_all/RSCityscapes/input/0305.png
RSCityscapes,input,trainA,0339,png,/home/yc/UNSB_C21/dataset_all/RSCityscapes/input/0339.png
RSCityscapes,input,trainA,0110,png,/home/yc/UNSB_C21/dataset_all/RSCityscapes/input/0110.png
RSCityscapes,input,trainA,1064,png,/home/yc/UNSB_C21/dataset_all/RSCityscapes/input/1064.png
RSCityscapes,input,trainA,1003,png,/home/yc/UNSB_C21/dataset_all/RSCityscapes/input/1003.png
RSCityscapes,input,trainA,1067,png,/home/yc/UNSB_C21/dataset_all/RSCityscapes/input/1067.png
RSCityscapes,input,trainA,0537,png,/home/yc/UNSB_C21/dataset_all/RSCityscapes/input/0537.png
RSCityscapes,input,trainA,0257,png,/home/yc/UNSB_C21/dataset_all/RSCityscapes/input/0257.png
RSCityscapes,input,trainA,0844,png,/home/yc/UNSB_C21/dataset_all/RSCityscapes/input/0844.png
RSCityscapes,input,trainA,0711,png,/home/yc/UNSB_C21/dataset_all/RSCityscapes/input/0711.png
RSCityscapes,input,trainA,0677,png,/home/yc/UNSB_C21/dataset_all/RSCityscapes/input/0677.png
RSCityscapes,input,trainA,0655,png,/home/yc/UNSB_C21/dataset_all/RSCityscapes/input/0655.png
RSCityscapes,input,trainA,1168,png,/home/yc/UNSB_C21/dataset_all/RSCityscapes/input/1168.png
RSCityscapes,input,trainA,1132,png,/home/yc/UNSB_C21/dataset_all/RSCityscapes/input/1132.png
RSCityscapes,input,trainA,0507,png,/home/yc/UNSB_C21/dataset_all/RSCityscapes/input/0507.png
RSCityscapes,input,trainA,0175,png,/home/yc/UNSB_C21/dataset_all/RSCityscapes/input/0175.png
RSCityscapes,input,trainA,0371,png,/home/yc/UNSB_C21/dataset_all/RSCityscapes/input/0371.png
RSCityscapes,input,trainA,0515,png,/home/yc/UNSB_C21/dataset_all/RSCityscapes/input/0515.png
RSCityscapes,input,trainA,0043,png,/home/yc/UNSB_C21/dataset_all/RSCityscapes/input/0043.png
RSCityscapes,input,trainA,0233,png,/home/yc/UNSB_C21/dataset_all/RSCityscapes/input/0233.png
RSCityscapes,input,trainA,0879,png,/home/yc/UNSB_C21/dataset_all/RSCityscapes/input/0879.png
RSCityscapes,input,trainA,1128,png,/home/yc/UNSB_C21/dataset_all/RSCityscapes/input/1128.png
RSCityscapes,input,trainA,0781,png,/home/yc/UNSB_C21/dataset_all/RSCityscapes/input/0781.png
RSCityscapes,input,trainA,0307,png,/home/yc/UNSB_C21/dataset_all/RSCityscapes/input/0307.png
RSCityscapes,input,trainA,0557,png,/home/yc/UNSB_C21/dataset_all/RSCityscapes/input/0557.png
RSCityscapes,input,trainA,0565,png,/home/yc/UNSB_C21/dataset_all/RSCityscapes/input/0565.png
RSCityscapes,input,trainA,0084,png,/home/yc/UNSB_C21/dataset_all/RSCityscapes/input/0084.png
RSCityscapes,input,trainA,0772,png,/home/yc/UNSB_C21/dataset_all/RSCityscapes/input/0772.png
RSCityscapes,input,trainA,0611,png,/home/yc/UNSB_C21/dataset_all/RSCityscapes/input/0611.png
RSCityscapes,input,trainA,1178,png,/home/yc/UNSB_C21/dataset_all/RSCityscapes/input/1178.png
RSCityscapes,input,trainA,0941,png,/home/yc/UNSB_C21/dataset_all/RSCityscapes/input/0941.png
RSCityscapes,input,trainA,0833,png,/home/yc/UNSB_C21/dataset_all/RSCityscapes/input/0833.png
RSCityscapes,input,trainA,0188,png,/home/yc/UNSB_C21/dataset_all/RSCityscapes/input/0188.png
RSCityscapes,input,trainA,1048,png,/home/yc/UNSB_C21/dataset_all/RSCityscapes/input/1048.png
RSCityscapes,input,trainA,1021,png,/home/yc/UNSB_C21/dataset_all/RSCityscapes/input/1021.png
RSCityscapes,input,trainA,0400,png,/home/yc/UNSB_C21/dataset_all/RSCityscapes/input/0400.png
RSCityscapes,input,trainA,0688,png,/home/yc/UNSB_C21/dataset_all/RSCityscapes/input/0688.png
RSCityscapes,input,trainA,0604,png,/home/yc/UNSB_C21/dataset_all/RSCityscapes/input/0604.png
RSCityscapes,input,trainA,0802,png,/home/yc/UNSB_C21/dataset_all/RSCityscapes/input/0802.png
RSCityscapes,input,trainA,0767,png,/home/yc/UNSB_C21/dataset_all/RSCityscapes/input/0767.png
RSCityscapes,input,trainA,0069,png,/home/yc/UNSB_C21/dataset_all/RSCityscapes/input/0069.png
RSCityscapes,input,trainA,0890,png,/home/yc/UNSB_C21/dataset_all/RSCityscapes/input/0890.png
RSCityscapes,input,trainA,0099,png,/home/yc/UNSB_C21/dataset_all/RSCityscapes/input/0099.png
RSCityscapes,input,trainA,0405,png,/home/yc/UNSB_C21/dataset_all/RSCityscapes/input/0405.png
RSCityscapes,input,trainA,1079,png,/home/yc/UNSB_C21/dataset_all/RSCityscapes/input/1079.png
RSCityscapes,input,trainA,0522,png,/home/yc/UNSB_C21/dataset_all/RSCityscapes/input/0522.png
RSCityscapes,input,trainA,1090,png,/home/yc/UNSB_C21/dataset_all/RSCityscapes/input/1090.png
RSCityscapes,input,trainA,1066,png,/home/yc/UNSB_C21/dataset_all/RSCityscapes/input/1066.png
RSCityscapes,input,trainA,0746,png,/home/yc/UNSB_C21/dataset_all/RSCityscapes/input/0746.png
RSCityscapes,input,trainA,0390,png,/home/yc/UNSB_C21/dataset_all/RSCityscapes/input/0390.png
RSCityscapes,input,trainA,0935,png,/home/yc/UNSB_C21/dataset_all/RSCityscapes/input/0935.png
RSCityscapes,input,trainA,0385,png,/home/yc/UNSB_C21/dataset_all/RSCityscapes/input/0385.png
RSCityscapes,input,trainA,0774,png,/home/yc/UNSB_C21/dataset_all/RSCityscapes/input/0774.png
RSCityscapes,input,trainA,0636,png,/home/yc/UNSB_C21/dataset_all/RSCityscapes/input/0636.png
RSCityscapes,input,trainA,0907,png,/home/yc/UNSB_C21/dataset_all/RSCityscapes/input/0907.png
RSCityscapes,input,trainA,0387,png,/home/yc/UNSB_C21/dataset_all/RSCityscapes/input/0387.png
RSCityscapes,input,trainA,0201,png,/home/yc/UNSB_C21/dataset_all/RSCityscapes/input/0201.png
RSCityscapes,input,trainA,0306,png,/home/yc/UNSB_C21/dataset_all/RSCityscapes/input/0306.png
RSCityscapes,input,trainA,1030,png,/home/yc/UNSB_C21/dataset_all/RSCityscapes/input/1030.png
RSCityscapes,input,trainA,0485,png,/home/yc/UNSB_C21/dataset_all/RSCityscapes/input/0485.png
RSCityscapes,input,trainA,0797,png,/home/yc/UNSB_C21/dataset_all/RSCityscapes/input/0797.png
RSCityscapes,input,trainA,1109,png,/home/yc/UNSB_C21/dataset_all/RSCityscapes/input/1109.png
RSCityscapes,input,trainA,0872,png,/home/yc/UNSB_C21/dataset_all/RSCityscapes/input/0872.png
RSCityscapes,input,trainA,0782,png,/home/yc/UNSB_C21/dataset_all/RSCityscapes/input/0782.png
RSCityscapes,input,trainA,0669,png,/home/yc/UNSB_C21/dataset_all/RSCityscapes/input/0669.png
RSCityscapes,input,trainA,1092,png,/home/yc/UNSB_C21/dataset_all/RSCityscapes/input/1092.png
RSCityscapes,input,trainA,0921,png,/home/yc/UNSB_C21/dataset_all/RSCityscapes/input/0921.png
RSCityscapes,input,trainA,0670,png,/home/yc/UNSB_C21/dataset_all/RSCityscapes/input/0670.png
RSCityscapes,input,trainA,0063,png,/home/yc/UNSB_C21/dataset_all/RSCityscapes/input/0063.png
RSCityscapes,input,trainA,0146,png,/home/yc/UNSB_C21/dataset_all/RSCityscapes/input/0146.png
RSCityscapes,input,trainA,0056,png,/home/yc/UNSB_C21/dataset_all/RSCityscapes/input/0056.png
RSCityscapes,input,trainA,0350,png,/home/yc/UNSB_C21/dataset_all/RSCityscapes/input/0350.png
RSCityscapes,input,trainA,0989,png,/home/yc/UNSB_C21/dataset_all/RSCityscapes/input/0989.png
RSCityscapes,input,trainA,0916,png,/home/yc/UNSB_C21/dataset_all/RSCityscapes/input/0916.png
RSCityscapes,input,trainA,0980,png,/home/yc/UNSB_C21/dataset_all/RSCityscapes/input/0980.png
RSCityscapes,input,trainA,0550,png,/home/yc/UNSB_C21/dataset_all/RSCityscapes/input/0550.png
RSCityscapes,input,trainA,0536,png,/home/yc/UNSB_C21/dataset_all/RSCityscapes/input/0536.png
RSCityscapes,input,trainA,1102,png,/home/yc/UNSB_C21/dataset_all/RSCityscapes/input/1102.png
RSCityscapes,input,trainA,0252,png,/home/yc/UNSB_C21/dataset_all/RSCityscapes/input/0252.png
RSCityscapes,input,trainA,0373,png,/home/yc/UNSB_C21/dataset_all/RSCityscapes/input/0373.png
RSCityscapes,input,trainA,0258,png,/home/yc/UNSB_C21/dataset_all/RSCityscapes/input/0258.png
RSCityscapes,input,trainA,0788,png,/home/yc/UNSB_C21/dataset_all/RSCityscapes/input/0788.png
RSCityscapes,input,trainA,0962,png,/home/yc/UNSB_C21/dataset_all/RSCityscapes/input/0962.png
RSCityscapes,input,trainA,1105,png,/home/yc/UNSB_C21/dataset_all/RSCityscapes/input/1105.png
RSCityscapes,input,trainA,0111,png,/home/yc/UNSB_C21/dataset_all/RSCityscapes/input/0111.png
RSCityscapes,input,trainA,0505,png,/home/yc/UNSB_C21/dataset_all/RSCityscapes/input/0505.png
RSCityscapes,input,trainA,0471,png,/home/yc/UNSB_C21/dataset_all/RSCityscapes/input/0471.png
RSCityscapes,input,trainA,0560,png,/home/yc/UNSB_C21/dataset_all/RSCityscapes/input/0560.png
RSCityscapes,input,trainA,1156,png,/home/yc/UNSB_C21/dataset_all/RSCityscapes/input/1156.png
RSCityscapes,target,trainB,0972,png,/home/yc/UNSB_C21/dataset_all/RSCityscapes/target/0972.png
RSCityscapes,target,trainB,0159,png,/home/yc/UNSB_C21/dataset_all/RSCityscapes/target/0159.png
RSCityscapes,target,trainB,0695,png,/home/yc/UNSB_C21/dataset_all/RSCityscapes/target/0695.png
RSCityscapes,target,trainB,0775,png,/home/yc/UNSB_C21/dataset_all/RSCityscapes/target/0775.png
RSCityscapes,target,trainB,0886,png,/home/yc/UNSB_C21/dataset_all/RSCityscapes/target/0886.png
RSCityscapes,target,trainB,0859,png,/home/yc/UNSB_C21/dataset_all/RSCityscapes/target/0859.png
RSCityscapes,target,trainB,1114,png,/home/yc/UNSB_C21/dataset_all/RSCityscapes/target/1114.png
RSCityscapes,target,trainB,1096,png,/home/yc/UNSB_C21/dataset_all/RSCityscapes/target/1096.png
RSCityscapes,target,trainB,0121,png,/home/yc/UNSB_C21/dataset_all/RSCityscapes/target/0121.png
RSCityscapes,target,trainB,0987,png,/home/yc/UNSB_C21/dataset_all/RSCityscapes/target/0987.png
RSCityscapes,target,trainB,0589,png,/home/yc/UNSB_C21/dataset_all/RSCityscapes/target/0589.png
RSCityscapes,target,trainB,0473,png,/home/yc/UNSB_C21/dataset_all/RSCityscapes/target/0473.png
RSCityscapes,target,trainB,0570,png,/home/yc/UNSB_C21/dataset_all/RSCityscapes/target/0570.png
RSCityscapes,target,trainB,1039,png,/home/yc/UNSB_C21/dataset_all/RSCityscapes/target/1039.png
RSCityscapes,target,trainB,0242,png,/home/yc/UNSB_C21/dataset_all/RSCityscapes/target/0242.png
RSCityscapes,target,trainB,0229,png,/home/yc/UNSB_C21/dataset_all/RSCityscapes/target/0229.png
RSCityscapes,target,trainB,0673,png,/home/yc/UNSB_C21/dataset_all/RSCityscapes/target/0673.png
RSCityscapes,target,trainB,0932,png,/home/yc/UNSB_C21/dataset_all/RSCityscapes/target/0932.png
RSCityscapes,target,trainB,0813,png,/home/yc/UNSB_C21/dataset_all/RSCityscapes/target/0813.png
RSCityscapes,target,trainB,0102,png,/home/yc/UNSB_C21/dataset_all/RSCityscapes/target/0102.png
RSCityscapes,target,trainB,0397,png,/home/yc/UNSB_C21/dataset_all/RSCityscapes/target/0397.png
RSCityscapes,target,trainB,0626,png,/home/yc/UNSB_C21/dataset_all/RSCityscapes/target/0626.png
RSCityscapes,target,trainB,1165,png,/home/yc/UNSB_C21/dataset_all/RSCityscapes/target/1165.png
RSCityscapes,target,trainB,0668,png,/home/yc/UNSB_C21/dataset_all/RSCityscapes/target/0668.png
RSCityscapes,target,trainB,0911,png,/home/yc/UNSB_C21/dataset_all/RSCityscapes/target/0911.png
RSCityscapes,target,trainB,0180,png,/home/yc/UNSB_C21/dataset_all/RSCityscapes/target/0180.png
RSCityscapes,target,trainB,1031,png,/home/yc/UNSB_C21/dataset_all/RSCityscapes/target/1031.png
RSCityscapes,target,trainB,0377,png,/home/yc/UNSB_C21/dataset_all/RSCityscapes/target/0377.png
RSCityscapes,target,trainB,0560,png,/home/yc/UNSB_C21/dataset_all/RSCityscapes/target/0560.png
RSCityscapes,target,trainB,1180,png,/home/yc/UNSB_C21/dataset_all/RSCityscapes/target/1180.png
RSCityscapes,target,trainB,0035,png,/home/yc/UNSB_C21/dataset_all/RSCityscapes/target/0035.png
RSCityscapes,target,trainB,0657,png,/home/yc/UNSB_C21/dataset_all/RSCityscapes/target/0657.png
RSCityscapes,target,trainB,0922,png,/home/yc/UNSB_C21/dataset_all/RSCityscapes/target/0922.png
RSCityscapes,target,trainB,0365,png,/home/yc/UNSB_C21/dataset_all/RSCityscapes/target/0365.png
RSCityscapes,target,trainB,0075,png,/home/yc/UNSB_C21/dataset_all/RSCityscapes/target/0075.png
RSCityscapes,target,trainB,0778,png,/home/yc/UNSB_C21/dataset_all/RSCityscapes/target/0778.png
RSCityscapes,target,trainB,1048,png,/home/yc/UNSB_C21/dataset_all/RSCityscapes/target/1048.png
RSCityscapes,target,trainB,0482,png,/home/yc/UNSB_C21/dataset_all/RSCityscapes/target/0482.png
RSCityscapes,target,trainB,0877,png,/home/yc/UNSB_C21/dataset_all/RSCityscapes/target/0877.png
RSCityscapes,target,trainB,0130,png,/home/yc/UNSB_C21/dataset_all/RSCityscapes/target/0130.png
RSCityscapes,target,trainB,0459,png,/home/yc/UNSB_C21/dataset_all/RSCityscapes/target/0459.png
RSCityscapes,target,trainB,1156,png,/home/yc/UNSB_C21/dataset_all/RSCityscapes/target/1156.png
RSCityscapes,target,trainB,0814,png,/home/yc/UNSB_C21/dataset_all/RSCityscapes/target/0814.png
RSCityscapes,target,trainB,0884,png,/home/yc/UNSB_C21/dataset_all/RSCityscapes/target/0884.png
RSCityscapes,target,trainB,0725,png,/home/yc/UNSB_C21/dataset_all/RSCityscapes/target/0725.png
RSCityscapes,target,trainB,0085,png,/home/yc/UNSB_C21/dataset_all/RSCityscapes/target/0085.png
RSCityscapes,target,trainB,0595,png,/home/yc/UNSB_C21/dataset_all/RSCityscapes/target/0595.png
RSCityscapes,target,trainB,0244,png,/home/yc/UNSB_C21/dataset_all/RSCityscapes/target/0244.png
RSCityscapes,target,trainB,0721,png,/home/yc/UNSB_C21/dataset_all/RSCityscapes/target/0721.png
RSCityscapes,target,trainB,0539,png,/home/yc/UNSB_C21/dataset_all/RSCityscapes/target/0539.png
RSCityscapes,target,trainB,0022,png,/home/yc/UNSB_C21/dataset_all/RSCityscapes/target/0022.png
RSCityscapes,target,trainB,0574,png,/home/yc/UNSB_C21/dataset_all/RSCityscapes/target/0574.png
RSCityscapes,target,trainB,0582,png,/home/yc/UNSB_C21/dataset_all/RSCityscapes/target/0582.png
RSCityscapes,target,trainB,0883,png,/home/yc/UNSB_C21/dataset_all/RSCityscapes/target/0883.png
RSCityscapes,target,trainB,0681,png,/home/yc/UNSB_C21/dataset_all/RSCityscapes/target/0681.png
RSCityscapes,target,trainB,0881,png,/home/yc/UNSB_C21/dataset_all/RSCityscapes/target/0881.png
RSCityscapes,target,trainB,1092,png,/home/yc/UNSB_C21/dataset_all/RSCityscapes/target/1092.png
RSCityscapes,target,trainB,0709,png,/home/yc/UNSB_C21/dataset_all/RSCityscapes/target/0709.png
RSCityscapes,target,trainB,0313,png,/home/yc/UNSB_C21/dataset_all/RSCityscapes/target/0313.png
RSCityscapes,target,trainB,0362,png,/home/yc/UNSB_C21/dataset_all/RSCityscapes/target/0362.png
RSCityscapes,target,trainB,0372,png,/home/yc/UNSB_C21/dataset_all/RSCityscapes/target/0372.png
RSCityscapes,target,trainB,0299,png,/home/yc/UNSB_C21/dataset_all/RSCityscapes/target/0299.png
RSCityscapes,target,trainB,0169,png,/home/yc/UNSB_C21/dataset_all/RSCityscapes/target/0169.png
RSCityscapes,target,trainB,0880,png,/home/yc/UNSB_C21/dataset_all/RSCityscapes/target/0880.png
RSCityscapes,target,trainB,0082,png,/home/yc/UNSB_C21/dataset_all/RSCityscapes/target/0082.png
RSCityscapes,target,trainB,0730,png,/home/yc/UNSB_C21/dataset_all/RSCityscapes/target/0730.png
RSCityscapes,target,trainB,0467,png,/home/yc/UNSB_C21/dataset_all/RSCityscapes/target/0467.png
RSCityscapes,target,trainB,0057,png,/home/yc/UNSB_C21/dataset_all/RSCityscapes/target/0057.png
RSCityscapes,target,trainB,0776,png,/home/yc/UNSB_C21/dataset_all/RSCityscapes/target/0776.png
RSCityscapes,target,trainB,0930,png,/home/yc/UNSB_C21/dataset_all/RSCityscapes/target/0930.png
RSCityscapes,target,trainB,0686,png,/home/yc/UNSB_C21/dataset_all/RSCityscapes/target/0686.png
RSCityscapes,target,trainB,0893,png,/home/yc/UNSB_C21/dataset_all/RSCityscapes/target/0893.png
RSCityscapes,target,trainB,1070,png,/home/yc/UNSB_C21/dataset_all/RSCityscapes/target/1070.png
RSCityscapes,target,trainB,0226,png,/home/yc/UNSB_C21/dataset_all/RSCityscapes/target/0226.png
RSCityscapes,target,trainB,1105,png,/home/yc/UNSB_C21/dataset_all/RSCityscapes/target/1105.png
RSCityscapes,target,trainB,0564,png,/home/yc/UNSB_C21/dataset_all/RSCityscapes/target/0564.png
RSCityscapes,target,trainB,1103,png,/home/yc/UNSB_C21/dataset_all/RSCityscapes/target/1103.png
RSCityscapes,target,trainB,0371,png,/home/yc/UNSB_C21/dataset_all/RSCityscapes/target/0371.png
RSCityscapes,target,trainB,0984,png,/home/yc/UNSB_C21/dataset_all/RSCityscapes/target/0984.png
RSCityscapes,target,trainB,0099,png,/home/yc/UNSB_C21/dataset_all/RSCityscapes/target/0099.png
RSCityscapes,target,trainB,1177,png,/home/yc/UNSB_C21/dataset_all/RSCityscapes/target/1177.png
RSCityscapes,target,trainB,0692,png,/home/yc/UNSB_C21/dataset_all/RSCityscapes/target/0692.png
RSCityscapes,target,trainB,0656,png,/home/yc/UNSB_C21/dataset_all/RSCityscapes/target/0656.png
RSCityscapes,target,trainB,0486,png,/home/yc/UNSB_C21/dataset_all/RSCityscapes/target/0486.png
RSCityscapes,target,trainB,0015,png,/home/yc/UNSB_C21/dataset_all/RSCityscapes/target/0015.png
RSCityscapes,target,trainB,0669,png,/home/yc/UNSB_C21/dataset_all/RSCityscapes/target/0669.png
RSCityscapes,target,trainB,0503,png,/home/yc/UNSB_C21/dataset_all/RSCityscapes/target/0503.png
RSCityscapes,target,trainB,0134,png,/home/yc/UNSB_C21/dataset_all/RSCityscapes/target/0134.png
RSCityscapes,target,trainB,0684,png,/home/yc/UNSB_C21/dataset_all/RSCityscapes/target/0684.png
RSCityscapes,target,trainB,0592,png,/home/yc/UNSB_C21/dataset_all/RSCityscapes/target/0592.png
RSCityscapes,target,trainB,0378,png,/home/yc/UNSB_C21/dataset_all/RSCityscapes/target/0378.png
RSCityscapes,target,trainB,0315,png,/home/yc/UNSB_C21/dataset_all/RSCityscapes/target/0315.png
RSCityscapes,target,trainB,0477,png,/home/yc/UNSB_C21/dataset_all/RSCityscapes/target/0477.png
RSCityscapes,target,trainB,0920,png,/home/yc/UNSB_C21/dataset_all/RSCityscapes/target/0920.png
RSCityscapes,target,trainB,0435,png,/home/yc/UNSB_C21/dataset_all/RSCityscapes/target/0435.png
RSCityscapes,target,trainB,1143,png,/home/yc/UNSB_C21/dataset_all/RSCityscapes/target/1143.png
RSCityscapes,target,trainB,0616,png,/home/yc/UNSB_C21/dataset_all/RSCityscapes/target/0616.png
RSCityscapes,target,trainB,1134,png,/home/yc/UNSB_C21/dataset_all/RSCityscapes/target/1134.png
RSCityscapes,target,trainB,0232,png,/home/yc/UNSB_C21/dataset_all/RSCityscapes/target/0232.png
RSCityscapes,target,trainB,0427,png,/home/yc/UNSB_C21/dataset_all/RSCityscapes/target/0427.png
RSCityscapes,input,discovery,0225,png,/home/yc/UNSB_C21/dataset_all/RSCityscapes/input/0225.png
RSCityscapes,input,discovery,1134,png,/home/yc/UNSB_C21/dataset_all/RSCityscapes/input/1134.png
RSCityscapes,input,discovery,0078,png,/home/yc/UNSB_C21/dataset_all/RSCityscapes/input/0078.png
RSCityscapes,input,discovery,0845,png,/home/yc/UNSB_C21/dataset_all/RSCityscapes/input/0845.png
RSCityscapes,input,discovery,0709,png,/home/yc/UNSB_C21/dataset_all/RSCityscapes/input/0709.png
RSCityscapes,input,discovery,0768,png,/home/yc/UNSB_C21/dataset_all/RSCityscapes/input/0768.png
RSCityscapes,input,discovery,0817,png,/home/yc/UNSB_C21/dataset_all/RSCityscapes/input/0817.png
RSCityscapes,input,discovery,0453,png,/home/yc/UNSB_C21/dataset_all/RSCityscapes/input/0453.png
RSCityscapes,input,discovery,0341,png,/home/yc/UNSB_C21/dataset_all/RSCityscapes/input/0341.png
RSCityscapes,input,discovery,0549,png,/home/yc/UNSB_C21/dataset_all/RSCityscapes/input/0549.png
RSCityscapes,input,discovery,0614,png,/home/yc/UNSB_C21/dataset_all/RSCityscapes/input/0614.png
RSCityscapes,input,discovery,0875,png,/home/yc/UNSB_C21/dataset_all/RSCityscapes/input/0875.png
RSCityscapes,input,discovery,0583,png,/home/yc/UNSB_C21/dataset_all/RSCityscapes/input/0583.png
RSCityscapes,input,discovery,0799,png,/home/yc/UNSB_C21/dataset_all/RSCityscapes/input/0799.png
RSCityscapes,input,discovery,1124,png,/home/yc/UNSB_C21/dataset_all/RSCityscapes/input/1124.png
RSCityscapes,input,discovery,1080,png,/home/yc/UNSB_C21/dataset_all/RSCityscapes/input/1080.png
RSCityscapes,input,discovery,1015,png,/home/yc/UNSB_C21/dataset_all/RSCityscapes/input/1015.png
RSCityscapes,input,discovery,0622,png,/home/yc/UNSB_C21/dataset_all/RSCityscapes/input/0622.png
RSCityscapes,input,discovery,0007,png,/home/yc/UNSB_C21/dataset_all/RSCityscapes/input/0007.png
RSCityscapes,input,discovery,1011,png,/home/yc/UNSB_C21/dataset_all/RSCityscapes/input/1011.png
RSCityscapes,input,discovery,0602,png,/home/yc/UNSB_C21/dataset_all/RSCityscapes/input/0602.png
RSCityscapes,input,discovery,1027,png,/home/yc/UNSB_C21/dataset_all/RSCityscapes/input/1027.png
RSCityscapes,input,discovery,0722,png,/home/yc/UNSB_C21/dataset_all/RSCityscapes/input/0722.png
RSCityscapes,input,discovery,0771,png,/home/yc/UNSB_C21/dataset_all/RSCityscapes/input/0771.png
RSCityscapes,input,discovery,0436,png,/home/yc/UNSB_C21/dataset_all/RSCityscapes/input/0436.png
RSCityscapes,input,discovery,0394,png,/home/yc/UNSB_C21/dataset_all/RSCityscapes/input/0394.png
RSCityscapes,input,discovery,0798,png,/home/yc/UNSB_C21/dataset_all/RSCityscapes/input/0798.png
RSCityscapes,input,discovery,0534,png,/home/yc/UNSB_C21/dataset_all/RSCityscapes/input/0534.png
RSCityscapes,input,discovery,0127,png,/home/yc/UNSB_C21/dataset_all/RSCityscapes/input/0127.png
RSCityscapes,input,discovery,0967,png,/home/yc/UNSB_C21/dataset_all/RSCityscapes/input/0967.png
RSCityscapes,input,discovery,0077,png,/home/yc/UNSB_C21/dataset_all/RSCityscapes/input/0077.png
RSCityscapes,input,discovery,0803,png,/home/yc/UNSB_C21/dataset_all/RSCityscapes/input/0803.png
RSCityscapes,input,discovery,0902,png,/home/yc/UNSB_C21/dataset_all/RSCityscapes/input/0902.png
RSCityscapes,input,discovery,0467,png,/home/yc/UNSB_C21/dataset_all/RSCityscapes/input/0467.png
RSCityscapes,input,discovery,0300,png,/home/yc/UNSB_C21/dataset_all/RSCityscapes/input/0300.png
RSCityscapes,input,discovery,0600,png,/home/yc/UNSB_C21/dataset_all/RSCityscapes/input/0600.png
RSCityscapes,input,discovery,0514,png,/home/yc/UNSB_C21/dataset_all/RSCityscapes/input/0514.png
RSCityscapes,input,discovery,0660,png,/home/yc/UNSB_C21/dataset_all/RSCityscapes/input/0660.png
RSCityscapes,input,discovery,0757,png,/home/yc/UNSB_C21/dataset_all/RSCityscapes/input/0757.png
RSCityscapes,input,discovery,1163,png,/home/yc/UNSB_C21/dataset_all/RSCityscapes/input/1163.png
RSCityscapes,input,discovery,0650,png,/home/yc/UNSB_C21/dataset_all/RSCityscapes/input/0650.png
RSCityscapes,input,discovery,0928,png,/home/yc/UNSB_C21/dataset_all/RSCityscapes/input/0928.png
RSCityscapes,input,discovery,0840,png,/home/yc/UNSB_C21/dataset_all/RSCityscapes/input/0840.png
RSCityscapes,input,discovery,0561,png,/home/yc/UNSB_C21/dataset_all/RSCityscapes/input/0561.png
RSCityscapes,input,discovery,0165,png,/home/yc/UNSB_C21/dataset_all/RSCityscapes/input/0165.png
RSCityscapes,input,discovery,0170,png,/home/yc/UNSB_C21/dataset_all/RSCityscapes/input/0170.png
RSCityscapes,input,discovery,1087,png,/home/yc/UNSB_C21/dataset_all/RSCityscapes/input/1087.png
RSCityscapes,input,discovery,0837,png,/home/yc/UNSB_C21/dataset_all/RSCityscapes/input/0837.png
RSCityscapes,input,discovery,0001,png,/home/yc/UNSB_C21/dataset_all/RSCityscapes/input/0001.png
RSCityscapes,input,discovery,0135,png,/home/yc/UNSB_C21/dataset_all/RSCityscapes/input/0135.png
RSCityscapes,input,discovery,0189,png,/home/yc/UNSB_C21/dataset_all/RSCityscapes/input/0189.png
RSCityscapes,input,discovery,0652,png,/home/yc/UNSB_C21/dataset_all/RSCityscapes/input/0652.png
RSCityscapes,input,discovery,0517,png,/home/yc/UNSB_C21/dataset_all/RSCityscapes/input/0517.png
RSCityscapes,input,discovery,0310,png,/home/yc/UNSB_C21/dataset_all/RSCityscapes/input/0310.png
RSCityscapes,input,discovery,0609,png,/home/yc/UNSB_C21/dataset_all/RSCityscapes/input/0609.png
RSCityscapes,input,discovery,0378,png,/home/yc/UNSB_C21/dataset_all/RSCityscapes/input/0378.png
RSCityscapes,input,discovery,0663,png,/home/yc/UNSB_C21/dataset_all/RSCityscapes/input/0663.png
RSCityscapes,input,discovery,0640,png,/home/yc/UNSB_C21/dataset_all/RSCityscapes/input/0640.png
RSCityscapes,input,discovery,0190,png,/home/yc/UNSB_C21/dataset_all/RSCityscapes/input/0190.png
RSCityscapes,input,discovery,0334,png,/home/yc/UNSB_C21/dataset_all/RSCityscapes/input/0334.png
RSCityscapes,input,discovery,0289,png,/home/yc/UNSB_C21/dataset_all/RSCityscapes/input/0289.png
RSCityscapes,input,discovery,0657,png,/home/yc/UNSB_C21/dataset_all/RSCityscapes/input/0657.png
RSCityscapes,input,discovery,0240,png,/home/yc/UNSB_C21/dataset_all/RSCityscapes/input/0240.png
RSCityscapes,input,discovery,0304,png,/home/yc/UNSB_C21/dataset_all/RSCityscapes/input/0304.png
RSCityscapes,input,discovery,1071,png,/home/yc/UNSB_C21/dataset_all/RSCityscapes/input/1071.png
RSCityscapes,input,discovery,0126,png,/home/yc/UNSB_C21/dataset_all/RSCityscapes/input/0126.png
RSCityscapes,input,discovery,0344,png,/home/yc/UNSB_C21/dataset_all/RSCityscapes/input/0344.png
RSCityscapes,input,discovery,0546,png,/home/yc/UNSB_C21/dataset_all/RSCityscapes/input/0546.png
RSCityscapes,input,discovery,0826,png,/home/yc/UNSB_C21/dataset_all/RSCityscapes/input/0826.png
RSCityscapes,input,discovery,0905,png,/home/yc/UNSB_C21/dataset_all/RSCityscapes/input/0905.png
RSCityscapes,input,discovery,0969,png,/home/yc/UNSB_C21/dataset_all/RSCityscapes/input/0969.png
RSCityscapes,input,discovery,1120,png,/home/yc/UNSB_C21/dataset_all/RSCityscapes/input/1120.png
RSCityscapes,input,discovery,0121,png,/home/yc/UNSB_C21/dataset_all/RSCityscapes/input/0121.png
RSCityscapes,input,discovery,0633,png,/home/yc/UNSB_C21/dataset_all/RSCityscapes/input/0633.png
RSCityscapes,input,discovery,0775,png,/home/yc/UNSB_C21/dataset_all/RSCityscapes/input/0775.png
RSCityscapes,input,discovery,0643,png,/home/yc/UNSB_C21/dataset_all/RSCityscapes/input/0643.png
RSCityscapes,input,discovery,0410,png,/home/yc/UNSB_C21/dataset_all/RSCityscapes/input/0410.png
RSCityscapes,input,discovery,1170,png,/home/yc/UNSB_C21/dataset_all/RSCityscapes/input/1170.png
RSCityscapes,input,discovery,0810,png,/home/yc/UNSB_C21/dataset_all/RSCityscapes/input/0810.png
RSCityscapes,input,discovery,0742,png,/home/yc/UNSB_C21/dataset_all/RSCityscapes/input/0742.png
RSCityscapes,target,discovery_target,0283,png,/home/yc/UNSB_C21/dataset_all/RSCityscapes/target/0283.png
RSCityscapes,target,discovery_target,0789,png,/home/yc/UNSB_C21/dataset_all/RSCityscapes/target/0789.png
RSCityscapes,target,discovery_target,0963,png,/home/yc/UNSB_C21/dataset_all/RSCityscapes/target/0963.png
RSCityscapes,target,discovery_target,0790,png,/home/yc/UNSB_C21/dataset_all/RSCityscapes/target/0790.png
RSCityscapes,target,discovery_target,0614,png,/home/yc/UNSB_C21/dataset_all/RSCityscapes/target/0614.png
RSCityscapes,target,discovery_target,0819,png,/home/yc/UNSB_C21/dataset_all/RSCityscapes/target/0819.png
RSCityscapes,target,discovery_target,0871,png,/home/yc/UNSB_C21/dataset_all/RSCityscapes/target/0871.png
RSCityscapes,target,discovery_target,0933,png,/home/yc/UNSB_C21/dataset_all/RSCityscapes/target/0933.png
RSCityscapes,target,discovery_target,1067,png,/home/yc/UNSB_C21/dataset_all/RSCityscapes/target/1067.png
RSCityscapes,target,discovery_target,0970,png,/home/yc/UNSB_C21/dataset_all/RSCityscapes/target/0970.png
RSCityscapes,target,discovery_target,1184,png,/home/yc/UNSB_C21/dataset_all/RSCityscapes/target/1184.png
RSCityscapes,target,discovery_target,0598,png,/home/yc/UNSB_C21/dataset_all/RSCityscapes/target/0598.png
RSCityscapes,target,discovery_target,0192,png,/home/yc/UNSB_C21/dataset_all/RSCityscapes/target/0192.png
RSCityscapes,target,discovery_target,0923,png,/home/yc/UNSB_C21/dataset_all/RSCityscapes/target/0923.png
RSCityscapes,target,discovery_target,0751,png,/home/yc/UNSB_C21/dataset_all/RSCityscapes/target/0751.png
RSCityscapes,target,discovery_target,0089,png,/home/yc/UNSB_C21/dataset_all/RSCityscapes/target/0089.png
RSCityscapes,target,discovery_target,0500,png,/home/yc/UNSB_C21/dataset_all/RSCityscapes/target/0500.png
RSCityscapes,target,discovery_target,0272,png,/home/yc/UNSB_C21/dataset_all/RSCityscapes/target/0272.png
RSCityscapes,target,discovery_target,1094,png,/home/yc/UNSB_C21/dataset_all/RSCityscapes/target/1094.png
RSCityscapes,target,discovery_target,0636,png,/home/yc/UNSB_C21/dataset_all/RSCityscapes/target/0636.png
RSCityscapes,target,discovery_target,1091,png,/home/yc/UNSB_C21/dataset_all/RSCityscapes/target/1091.png
RSCityscapes,target,discovery_target,0731,png,/home/yc/UNSB_C21/dataset_all/RSCityscapes/target/0731.png
RSCityscapes,target,discovery_target,0271,png,/home/yc/UNSB_C21/dataset_all/RSCityscapes/target/0271.png
RSCityscapes,target,discovery_target,0588,png,/home/yc/UNSB_C21/dataset_all/RSCityscapes/target/0588.png
RSCityscapes,target,discovery_target,0726,png,/home/yc/UNSB_C21/dataset_all/RSCityscapes/target/0726.png
RSCityscapes,target,discovery_target,0198,png,/home/yc/UNSB_C21/dataset_all/RSCityscapes/target/0198.png
RSCityscapes,target,discovery_target,1081,png,/home/yc/UNSB_C21/dataset_all/RSCityscapes/target/1081.png
RSCityscapes,target,discovery_target,1033,png,/home/yc/UNSB_C21/dataset_all/RSCityscapes/target/1033.png
RSCityscapes,target,discovery_target,0145,png,/home/yc/UNSB_C21/dataset_all/RSCityscapes/target/0145.png
RSCityscapes,target,discovery_target,0233,png,/home/yc/UNSB_C21/dataset_all/RSCityscapes/target/0233.png
RSCityscapes,target,discovery_target,0014,png,/home/yc/UNSB_C21/dataset_all/RSCityscapes/target/0014.png
RSCityscapes,target,discovery_target,1136,png,/home/yc/UNSB_C21/dataset_all/RSCityscapes/target/1136.png
RSCityscapes,target,discovery_target,1046,png,/home/yc/UNSB_C21/dataset_all/RSCityscapes/target/1046.png
RSCityscapes,target,discovery_target,0073,png,/home/yc/UNSB_C21/dataset_all/RSCityscapes/target/0073.png
RSCityscapes,target,discovery_target,0971,png,/home/yc/UNSB_C21/dataset_all/RSCityscapes/target/0971.png
RSCityscapes,target,discovery_target,0136,png,/home/yc/UNSB_C21/dataset_all/RSCityscapes/target/0136.png
RSCityscapes,target,discovery_target,0423,png,/home/yc/UNSB_C21/dataset_all/RSCityscapes/target/0423.png
RSCityscapes,target,discovery_target,0133,png,/home/yc/UNSB_C21/dataset_all/RSCityscapes/target/0133.png
RSCityscapes,target,discovery_target,0428,png,/home/yc/UNSB_C21/dataset_all/RSCityscapes/target/0428.png
RSCityscapes,target,discovery_target,0294,png,/home/yc/UNSB_C21/dataset_all/RSCityscapes/target/0294.png
RSCityscapes,target,discovery_target,0501,png,/home/yc/UNSB_C21/dataset_all/RSCityscapes/target/0501.png
RSCityscapes,target,discovery_target,0710,png,/home/yc/UNSB_C21/dataset_all/RSCityscapes/target/0710.png
RSCityscapes,target,discovery_target,0714,png,/home/yc/UNSB_C21/dataset_all/RSCityscapes/target/0714.png
RSCityscapes,target,discovery_target,1056,png,/home/yc/UNSB_C21/dataset_all/RSCityscapes/target/1056.png
RSCityscapes,target,discovery_target,0436,png,/home/yc/UNSB_C21/dataset_all/RSCityscapes/target/0436.png
RSCityscapes,target,discovery_target,0005,png,/home/yc/UNSB_C21/dataset_all/RSCityscapes/target/0005.png
RSCityscapes,target,discovery_target,0123,png,/home/yc/UNSB_C21/dataset_all/RSCityscapes/target/0123.png
RSCityscapes,target,discovery_target,1186,png,/home/yc/UNSB_C21/dataset_all/RSCityscapes/target/1186.png
RSCityscapes,target,discovery_target,0906,png,/home/yc/UNSB_C21/dataset_all/RSCityscapes/target/0906.png
RSCityscapes,target,discovery_target,0219,png,/home/yc/UNSB_C21/dataset_all/RSCityscapes/target/0219.png
RSCityscapes,target,discovery_target,0549,png,/home/yc/UNSB_C21/dataset_all/RSCityscapes/target/0549.png
RSCityscapes,target,discovery_target,0494,png,/home/yc/UNSB_C21/dataset_all/RSCityscapes/target/0494.png
RSCityscapes,target,discovery_target,0149,png,/home/yc/UNSB_C21/dataset_all/RSCityscapes/target/0149.png
RSCityscapes,target,discovery_target,0175,png,/home/yc/UNSB_C21/dataset_all/RSCityscapes/target/0175.png
RSCityscapes,target,discovery_target,0993,png,/home/yc/UNSB_C21/dataset_all/RSCityscapes/target/0993.png
RSCityscapes,target,discovery_target,0899,png,/home/yc/UNSB_C21/dataset_all/RSCityscapes/target/0899.png
RSCityscapes,target,discovery_target,1029,png,/home/yc/UNSB_C21/dataset_all/RSCityscapes/target/1029.png
RSCityscapes,target,discovery_target,0236,png,/home/yc/UNSB_C21/dataset_all/RSCityscapes/target/0236.png
RSCityscapes,target,discovery_target,0007,png,/home/yc/UNSB_C21/dataset_all/RSCityscapes/target/0007.png
RSCityscapes,target,discovery_target,0270,png,/home/yc/UNSB_C21/dataset_all/RSCityscapes/target/0270.png
RSCityscapes,target,discovery_target,0615,png,/home/yc/UNSB_C21/dataset_all/RSCityscapes/target/0615.png
RSCityscapes,target,discovery_target,0713,png,/home/yc/UNSB_C21/dataset_all/RSCityscapes/target/0713.png
RSCityscapes,target,discovery_target,1187,png,/home/yc/UNSB_C21/dataset_all/RSCityscapes/target/1187.png
RSCityscapes,target,discovery_target,0067,png,/home/yc/UNSB_C21/dataset_all/RSCityscapes/target/0067.png
RSCityscapes,target,discovery_target,0386,png,/home/yc/UNSB_C21/dataset_all/RSCityscapes/target/0386.png
RSCityscapes,target,discovery_target,0739,png,/home/yc/UNSB_C21/dataset_all/RSCityscapes/target/0739.png
RSCityscapes,target,discovery_target,1089,png,/home/yc/UNSB_C21/dataset_all/RSCityscapes/target/1089.png
RSCityscapes,target,discovery_target,0441,png,/home/yc/UNSB_C21/dataset_all/RSCityscapes/target/0441.png
RSCityscapes,target,discovery_target,1121,png,/home/yc/UNSB_C21/dataset_all/RSCityscapes/target/1121.png
RSCityscapes,target,discovery_target,0975,png,/home/yc/UNSB_C21/dataset_all/RSCityscapes/target/0975.png
RSCityscapes,target,discovery_target,0043,png,/home/yc/UNSB_C21/dataset_all/RSCityscapes/target/0043.png
RSCityscapes,target,discovery_target,0300,png,/home/yc/UNSB_C21/dataset_all/RSCityscapes/target/0300.png
RSCityscapes,target,discovery_target,0736,png,/home/yc/UNSB_C21/dataset_all/RSCityscapes/target/0736.png
RSCityscapes,target,discovery_target,0646,png,/home/yc/UNSB_C21/dataset_all/RSCityscapes/target/0646.png
RSCityscapes,target,discovery_target,1052,png,/home/yc/UNSB_C21/dataset_all/RSCityscapes/target/1052.png
RSCityscapes,target,discovery_target,0314,png,/home/yc/UNSB_C21/dataset_all/RSCityscapes/target/0314.png
RSCityscapes,target,discovery_target,0281,png,/home/yc/UNSB_C21/dataset_all/RSCityscapes/target/0281.png
RSCityscapes,target,discovery_target,0061,png,/home/yc/UNSB_C21/dataset_all/RSCityscapes/target/0061.png
RSCityscapes,target,discovery_target,1155,png,/home/yc/UNSB_C21/dataset_all/RSCityscapes/target/1155.png
RSCityscapes,target,discovery_target,1088,png,/home/yc/UNSB_C21/dataset_all/RSCityscapes/target/1088.png
RSCityscapes,input,sealed,0758,png,/home/yc/UNSB_C21/dataset_all/RSCityscapes/input/0758.png
RSCityscapes,input,sealed,1145,png,/home/yc/UNSB_C21/dataset_all/RSCityscapes/input/1145.png
RSCityscapes,input,sealed,0673,png,/home/yc/UNSB_C21/dataset_all/RSCityscapes/input/0673.png
RSCityscapes,input,sealed,0465,png,/home/yc/UNSB_C21/dataset_all/RSCityscapes/input/0465.png
RSCityscapes,input,sealed,0029,png,/home/yc/UNSB_C21/dataset_all/RSCityscapes/input/0029.png
RSCityscapes,input,sealed,0428,png,/home/yc/UNSB_C21/dataset_all/RSCityscapes/input/0428.png
RSCityscapes,input,sealed,0095,png,/home/yc/UNSB_C21/dataset_all/RSCityscapes/input/0095.png
RSCityscapes,input,sealed,0895,png,/home/yc/UNSB_C21/dataset_all/RSCityscapes/input/0895.png
RSCityscapes,input,sealed,0023,png,/home/yc/UNSB_C21/dataset_all/RSCityscapes/input/0023.png
RSCityscapes,input,sealed,0862,png,/home/yc/UNSB_C21/dataset_all/RSCityscapes/input/0862.png
RSCityscapes,input,sealed,0500,png,/home/yc/UNSB_C21/dataset_all/RSCityscapes/input/0500.png
RSCityscapes,input,sealed,0382,png,/home/yc/UNSB_C21/dataset_all/RSCityscapes/input/0382.png
RSCityscapes,input,sealed,0409,png,/home/yc/UNSB_C21/dataset_all/RSCityscapes/input/0409.png
RSCityscapes,input,sealed,1141,png,/home/yc/UNSB_C21/dataset_all/RSCityscapes/input/1141.png
RSCityscapes,input,sealed,0164,png,/home/yc/UNSB_C21/dataset_all/RSCityscapes/input/0164.png
RSCityscapes,input,sealed,0092,png,/home/yc/UNSB_C21/dataset_all/RSCityscapes/input/0092.png
RSCityscapes,input,sealed,0637,png,/home/yc/UNSB_C21/dataset_all/RSCityscapes/input/0637.png
RSCityscapes,input,sealed,0474,png,/home/yc/UNSB_C21/dataset_all/RSCityscapes/input/0474.png
RSCityscapes,input,sealed,0635,png,/home/yc/UNSB_C21/dataset_all/RSCityscapes/input/0635.png
RSCityscapes,input,sealed,0036,png,/home/yc/UNSB_C21/dataset_all/RSCityscapes/input/0036.png
SnowTrafficData,input,trainA,0484,png,/home/yc/UNSB_C21/dataset_all/SnowTrafficData/input/0484.png
SnowTrafficData,input,trainA,0144,png,/home/yc/UNSB_C21/dataset_all/SnowTrafficData/input/0144.png
SnowTrafficData,input,trainA,1037,png,/home/yc/UNSB_C21/dataset_all/SnowTrafficData/input/1037.png
SnowTrafficData,input,trainA,0655,png,/home/yc/UNSB_C21/dataset_all/SnowTrafficData/input/0655.png
SnowTrafficData,input,trainA,0720,png,/home/yc/UNSB_C21/dataset_all/SnowTrafficData/input/0720.png
SnowTrafficData,input,trainA,1121,png,/home/yc/UNSB_C21/dataset_all/SnowTrafficData/input/1121.png
SnowTrafficData,input,trainA,0488,png,/home/yc/UNSB_C21/dataset_all/SnowTrafficData/input/0488.png
SnowTrafficData,input,trainA,0836,png,/home/yc/UNSB_C21/dataset_all/SnowTrafficData/input/0836.png
SnowTrafficData,input,trainA,0218,png,/home/yc/UNSB_C21/dataset_all/SnowTrafficData/input/0218.png
SnowTrafficData,input,trainA,1169,png,/home/yc/UNSB_C21/dataset_all/SnowTrafficData/input/1169.png
SnowTrafficData,input,trainA,0335,png,/home/yc/UNSB_C21/dataset_all/SnowTrafficData/input/0335.png
SnowTrafficData,input,trainA,1130,png,/home/yc/UNSB_C21/dataset_all/SnowTrafficData/input/1130.png
SnowTrafficData,input,trainA,0200,png,/home/yc/UNSB_C21/dataset_all/SnowTrafficData/input/0200.png
SnowTrafficData,input,trainA,1070,png,/home/yc/UNSB_C21/dataset_all/SnowTrafficData/input/1070.png
SnowTrafficData,input,trainA,0909,png,/home/yc/UNSB_C21/dataset_all/SnowTrafficData/input/0909.png
SnowTrafficData,input,trainA,0502,png,/home/yc/UNSB_C21/dataset_all/SnowTrafficData/input/0502.png
SnowTrafficData,input,trainA,0864,png,/home/yc/UNSB_C21/dataset_all/SnowTrafficData/input/0864.png
SnowTrafficData,input,trainA,0873,png,/home/yc/UNSB_C21/dataset_all/SnowTrafficData/input/0873.png
SnowTrafficData,input,trainA,1124,png,/home/yc/UNSB_C21/dataset_all/SnowTrafficData/input/1124.png
SnowTrafficData,input,trainA,0839,png,/home/yc/UNSB_C21/dataset_all/SnowTrafficData/input/0839.png
SnowTrafficData,input,trainA,0460,png,/home/yc/UNSB_C21/dataset_all/SnowTrafficData/input/0460.png
SnowTrafficData,input,trainA,0011,png,/home/yc/UNSB_C21/dataset_all/SnowTrafficData/input/0011.png
SnowTrafficData,input,trainA,0425,png,/home/yc/UNSB_C21/dataset_all/SnowTrafficData/input/0425.png
SnowTrafficData,input,trainA,0406,png,/home/yc/UNSB_C21/dataset_all/SnowTrafficData/input/0406.png
SnowTrafficData,input,trainA,1119,png,/home/yc/UNSB_C21/dataset_all/SnowTrafficData/input/1119.png
SnowTrafficData,input,trainA,0155,png,/home/yc/UNSB_C21/dataset_all/SnowTrafficData/input/0155.png
SnowTrafficData,input,trainA,0022,png,/home/yc/UNSB_C21/dataset_all/SnowTrafficData/input/0022.png
SnowTrafficData,input,trainA,0943,png,/home/yc/UNSB_C21/dataset_all/SnowTrafficData/input/0943.png
SnowTrafficData,input,trainA,1158,png,/home/yc/UNSB_C21/dataset_all/SnowTrafficData/input/1158.png
SnowTrafficData,input,trainA,0774,png,/home/yc/UNSB_C21/dataset_all/SnowTrafficData/input/0774.png
SnowTrafficData,input,trainA,0919,png,/home/yc/UNSB_C21/dataset_all/SnowTrafficData/input/0919.png
SnowTrafficData,input,trainA,0512,png,/home/yc/UNSB_C21/dataset_all/SnowTrafficData/input/0512.png
SnowTrafficData,input,trainA,1082,png,/home/yc/UNSB_C21/dataset_all/SnowTrafficData/input/1082.png
SnowTrafficData,input,trainA,1125,png,/home/yc/UNSB_C21/dataset_all/SnowTrafficData/input/1125.png
SnowTrafficData,input,trainA,0884,png,/home/yc/UNSB_C21/dataset_all/SnowTrafficData/input/0884.png
SnowTrafficData,input,trainA,1046,png,/home/yc/UNSB_C21/dataset_all/SnowTrafficData/input/1046.png
SnowTrafficData,input,trainA,0230,png,/home/yc/UNSB_C21/dataset_all/SnowTrafficData/input/0230.png
SnowTrafficData,input,trainA,1259,png,/home/yc/UNSB_C21/dataset_all/SnowTrafficData/input/1259.png
SnowTrafficData,input,trainA,0379,png,/home/yc/UNSB_C21/dataset_all/SnowTrafficData/input/0379.png
SnowTrafficData,input,trainA,0495,png,/home/yc/UNSB_C21/dataset_all/SnowTrafficData/input/0495.png
SnowTrafficData,input,trainA,0734,png,/home/yc/UNSB_C21/dataset_all/SnowTrafficData/input/0734.png
SnowTrafficData,input,trainA,1262,png,/home/yc/UNSB_C21/dataset_all/SnowTrafficData/input/1262.png
SnowTrafficData,input,trainA,0003,png,/home/yc/UNSB_C21/dataset_all/SnowTrafficData/input/0003.png
SnowTrafficData,input,trainA,0015,png,/home/yc/UNSB_C21/dataset_all/SnowTrafficData/input/0015.png
SnowTrafficData,input,trainA,0070,png,/home/yc/UNSB_C21/dataset_all/SnowTrafficData/input/0070.png
SnowTrafficData,input,trainA,1008,png,/home/yc/UNSB_C21/dataset_all/SnowTrafficData/input/1008.png
SnowTrafficData,input,trainA,0527,png,/home/yc/UNSB_C21/dataset_all/SnowTrafficData/input/0527.png
SnowTrafficData,input,trainA,1255,png,/home/yc/UNSB_C21/dataset_all/SnowTrafficData/input/1255.png
SnowTrafficData,input,trainA,0269,png,/home/yc/UNSB_C21/dataset_all/SnowTrafficData/input/0269.png
SnowTrafficData,input,trainA,0310,png,/home/yc/UNSB_C21/dataset_all/SnowTrafficData/input/0310.png
SnowTrafficData,input,trainA,1234,png,/home/yc/UNSB_C21/dataset_all/SnowTrafficData/input/1234.png
SnowTrafficData,input,trainA,0257,png,/home/yc/UNSB_C21/dataset_all/SnowTrafficData/input/0257.png
SnowTrafficData,input,trainA,1074,png,/home/yc/UNSB_C21/dataset_all/SnowTrafficData/input/1074.png
SnowTrafficData,input,trainA,0594,png,/home/yc/UNSB_C21/dataset_all/SnowTrafficData/input/0594.png
SnowTrafficData,input,trainA,0852,png,/home/yc/UNSB_C21/dataset_all/SnowTrafficData/input/0852.png
SnowTrafficData,input,trainA,0541,png,/home/yc/UNSB_C21/dataset_all/SnowTrafficData/input/0541.png
SnowTrafficData,input,trainA,0515,png,/home/yc/UNSB_C21/dataset_all/SnowTrafficData/input/0515.png
SnowTrafficData,input,trainA,0265,png,/home/yc/UNSB_C21/dataset_all/SnowTrafficData/input/0265.png
SnowTrafficData,input,trainA,0621,png,/home/yc/UNSB_C21/dataset_all/SnowTrafficData/input/0621.png
SnowTrafficData,input,trainA,0709,png,/home/yc/UNSB_C21/dataset_all/SnowTrafficData/input/0709.png
SnowTrafficData,input,trainA,1256,png,/home/yc/UNSB_C21/dataset_all/SnowTrafficData/input/1256.png
SnowTrafficData,input,trainA,0802,png,/home/yc/UNSB_C21/dataset_all/SnowTrafficData/input/0802.png
SnowTrafficData,input,trainA,0910,png,/home/yc/UNSB_C21/dataset_all/SnowTrafficData/input/0910.png
SnowTrafficData,input,trainA,0800,png,/home/yc/UNSB_C21/dataset_all/SnowTrafficData/input/0800.png
SnowTrafficData,input,trainA,1149,png,/home/yc/UNSB_C21/dataset_all/SnowTrafficData/input/1149.png
SnowTrafficData,input,trainA,0287,png,/home/yc/UNSB_C21/dataset_all/SnowTrafficData/input/0287.png
SnowTrafficData,input,trainA,0014,png,/home/yc/UNSB_C21/dataset_all/SnowTrafficData/input/0014.png
SnowTrafficData,input,trainA,0972,png,/home/yc/UNSB_C21/dataset_all/SnowTrafficData/input/0972.png
SnowTrafficData,input,trainA,1014,png,/home/yc/UNSB_C21/dataset_all/SnowTrafficData/input/1014.png
SnowTrafficData,input,trainA,0052,png,/home/yc/UNSB_C21/dataset_all/SnowTrafficData/input/0052.png
SnowTrafficData,input,trainA,0361,png,/home/yc/UNSB_C21/dataset_all/SnowTrafficData/input/0361.png
SnowTrafficData,input,trainA,0951,png,/home/yc/UNSB_C21/dataset_all/SnowTrafficData/input/0951.png
SnowTrafficData,input,trainA,0079,png,/home/yc/UNSB_C21/dataset_all/SnowTrafficData/input/0079.png
SnowTrafficData,input,trainA,0769,png,/home/yc/UNSB_C21/dataset_all/SnowTrafficData/input/0769.png
SnowTrafficData,input,trainA,0136,png,/home/yc/UNSB_C21/dataset_all/SnowTrafficData/input/0136.png
SnowTrafficData,input,trainA,0490,png,/home/yc/UNSB_C21/dataset_all/SnowTrafficData/input/0490.png
SnowTrafficData,input,trainA,0505,png,/home/yc/UNSB_C21/dataset_all/SnowTrafficData/input/0505.png
SnowTrafficData,input,trainA,1236,png,/home/yc/UNSB_C21/dataset_all/SnowTrafficData/input/1236.png
SnowTrafficData,input,trainA,0208,png,/home/yc/UNSB_C21/dataset_all/SnowTrafficData/input/0208.png
SnowTrafficData,input,trainA,0847,png,/home/yc/UNSB_C21/dataset_all/SnowTrafficData/input/0847.png
SnowTrafficData,input,trainA,0478,png,/home/yc/UNSB_C21/dataset_all/SnowTrafficData/input/0478.png
SnowTrafficData,input,trainA,0330,png,/home/yc/UNSB_C21/dataset_all/SnowTrafficData/input/0330.png
SnowTrafficData,input,trainA,0325,png,/home/yc/UNSB_C21/dataset_all/SnowTrafficData/input/0325.png
SnowTrafficData,input,trainA,0351,png,/home/yc/UNSB_C21/dataset_all/SnowTrafficData/input/0351.png
SnowTrafficData,input,trainA,0126,png,/home/yc/UNSB_C21/dataset_all/SnowTrafficData/input/0126.png
SnowTrafficData,input,trainA,0026,png,/home/yc/UNSB_C21/dataset_all/SnowTrafficData/input/0026.png
SnowTrafficData,input,trainA,0603,png,/home/yc/UNSB_C21/dataset_all/SnowTrafficData/input/0603.png
SnowTrafficData,input,trainA,0106,png,/home/yc/UNSB_C21/dataset_all/SnowTrafficData/input/0106.png
SnowTrafficData,input,trainA,0013,png,/home/yc/UNSB_C21/dataset_all/SnowTrafficData/input/0013.png
SnowTrafficData,input,trainA,0092,png,/home/yc/UNSB_C21/dataset_all/SnowTrafficData/input/0092.png
SnowTrafficData,input,trainA,0666,png,/home/yc/UNSB_C21/dataset_all/SnowTrafficData/input/0666.png
SnowTrafficData,input,trainA,1007,png,/home/yc/UNSB_C21/dataset_all/SnowTrafficData/input/1007.png
SnowTrafficData,input,trainA,0534,png,/home/yc/UNSB_C21/dataset_all/SnowTrafficData/input/0534.png
SnowTrafficData,input,trainA,0571,png,/home/yc/UNSB_C21/dataset_all/SnowTrafficData/input/0571.png
SnowTrafficData,input,trainA,1208,png,/home/yc/UNSB_C21/dataset_all/SnowTrafficData/input/1208.png
SnowTrafficData,input,trainA,0966,png,/home/yc/UNSB_C21/dataset_all/SnowTrafficData/input/0966.png
SnowTrafficData,input,trainA,0681,png,/home/yc/UNSB_C21/dataset_all/SnowTrafficData/input/0681.png
SnowTrafficData,input,trainA,0378,png,/home/yc/UNSB_C21/dataset_all/SnowTrafficData/input/0378.png
SnowTrafficData,input,trainA,0442,png,/home/yc/UNSB_C21/dataset_all/SnowTrafficData/input/0442.png
SnowTrafficData,input,trainA,0863,png,/home/yc/UNSB_C21/dataset_all/SnowTrafficData/input/0863.png
SnowTrafficData,target,trainB,0976,png,/home/yc/UNSB_C21/dataset_all/SnowTrafficData/target/0976.png
SnowTrafficData,target,trainB,0286,png,/home/yc/UNSB_C21/dataset_all/SnowTrafficData/target/0286.png
SnowTrafficData,target,trainB,0752,png,/home/yc/UNSB_C21/dataset_all/SnowTrafficData/target/0752.png
SnowTrafficData,target,trainB,0318,png,/home/yc/UNSB_C21/dataset_all/SnowTrafficData/target/0318.png
SnowTrafficData,target,trainB,1075,png,/home/yc/UNSB_C21/dataset_all/SnowTrafficData/target/1075.png
SnowTrafficData,target,trainB,0711,png,/home/yc/UNSB_C21/dataset_all/SnowTrafficData/target/0711.png
SnowTrafficData,target,trainB,0800,png,/home/yc/UNSB_C21/dataset_all/SnowTrafficData/target/0800.png
SnowTrafficData,target,trainB,0938,png,/home/yc/UNSB_C21/dataset_all/SnowTrafficData/target/0938.png
SnowTrafficData,target,trainB,0548,png,/home/yc/UNSB_C21/dataset_all/SnowTrafficData/target/0548.png
SnowTrafficData,target,trainB,0778,png,/home/yc/UNSB_C21/dataset_all/SnowTrafficData/target/0778.png
SnowTrafficData,target,trainB,0681,png,/home/yc/UNSB_C21/dataset_all/SnowTrafficData/target/0681.png
SnowTrafficData,target,trainB,1149,png,/home/yc/UNSB_C21/dataset_all/SnowTrafficData/target/1149.png
SnowTrafficData,target,trainB,0756,png,/home/yc/UNSB_C21/dataset_all/SnowTrafficData/target/0756.png
SnowTrafficData,target,trainB,0338,png,/home/yc/UNSB_C21/dataset_all/SnowTrafficData/target/0338.png
SnowTrafficData,target,trainB,0052,png,/home/yc/UNSB_C21/dataset_all/SnowTrafficData/target/0052.png
SnowTrafficData,target,trainB,0283,png,/home/yc/UNSB_C21/dataset_all/SnowTrafficData/target/0283.png
SnowTrafficData,target,trainB,1054,png,/home/yc/UNSB_C21/dataset_all/SnowTrafficData/target/1054.png
SnowTrafficData,target,trainB,0526,png,/home/yc/UNSB_C21/dataset_all/SnowTrafficData/target/0526.png
SnowTrafficData,target,trainB,0511,png,/home/yc/UNSB_C21/dataset_all/SnowTrafficData/target/0511.png
SnowTrafficData,target,trainB,1140,png,/home/yc/UNSB_C21/dataset_all/SnowTrafficData/target/1140.png
SnowTrafficData,target,trainB,1178,png,/home/yc/UNSB_C21/dataset_all/SnowTrafficData/target/1178.png
SnowTrafficData,target,trainB,0698,png,/home/yc/UNSB_C21/dataset_all/SnowTrafficData/target/0698.png
SnowTrafficData,target,trainB,0357,png,/home/yc/UNSB_C21/dataset_all/SnowTrafficData/target/0357.png
SnowTrafficData,target,trainB,0474,png,/home/yc/UNSB_C21/dataset_all/SnowTrafficData/target/0474.png
SnowTrafficData,target,trainB,0136,png,/home/yc/UNSB_C21/dataset_all/SnowTrafficData/target/0136.png
SnowTrafficData,target,trainB,0306,png,/home/yc/UNSB_C21/dataset_all/SnowTrafficData/target/0306.png
SnowTrafficData,target,trainB,0809,png,/home/yc/UNSB_C21/dataset_all/SnowTrafficData/target/0809.png
SnowTrafficData,target,trainB,1102,png,/home/yc/UNSB_C21/dataset_all/SnowTrafficData/target/1102.png
SnowTrafficData,target,trainB,0342,png,/home/yc/UNSB_C21/dataset_all/SnowTrafficData/target/0342.png
SnowTrafficData,target,trainB,0541,png,/home/yc/UNSB_C21/dataset_all/SnowTrafficData/target/0541.png
SnowTrafficData,target,trainB,0264,png,/home/yc/UNSB_C21/dataset_all/SnowTrafficData/target/0264.png
SnowTrafficData,target,trainB,1148,png,/home/yc/UNSB_C21/dataset_all/SnowTrafficData/target/1148.png
SnowTrafficData,target,trainB,0121,png,/home/yc/UNSB_C21/dataset_all/SnowTrafficData/target/0121.png
SnowTrafficData,target,trainB,0595,png,/home/yc/UNSB_C21/dataset_all/SnowTrafficData/target/0595.png
SnowTrafficData,target,trainB,0529,png,/home/yc/UNSB_C21/dataset_all/SnowTrafficData/target/0529.png
SnowTrafficData,target,trainB,0036,png,/home/yc/UNSB_C21/dataset_all/SnowTrafficData/target/0036.png
SnowTrafficData,target,trainB,0635,png,/home/yc/UNSB_C21/dataset_all/SnowTrafficData/target/0635.png
SnowTrafficData,target,trainB,0120,png,/home/yc/UNSB_C21/dataset_all/SnowTrafficData/target/0120.png
SnowTrafficData,target,trainB,0606,png,/home/yc/UNSB_C21/dataset_all/SnowTrafficData/target/0606.png
SnowTrafficData,target,trainB,0354,png,/home/yc/UNSB_C21/dataset_all/SnowTrafficData/target/0354.png
SnowTrafficData,target,trainB,0243,png,/home/yc/UNSB_C21/dataset_all/SnowTrafficData/target/0243.png
SnowTrafficData,target,trainB,0468,png,/home/yc/UNSB_C21/dataset_all/SnowTrafficData/target/0468.png
SnowTrafficData,target,trainB,0895,png,/home/yc/UNSB_C21/dataset_all/SnowTrafficData/target/0895.png
SnowTrafficData,target,trainB,0653,png,/home/yc/UNSB_C21/dataset_all/SnowTrafficData/target/0653.png
SnowTrafficData,target,trainB,0608,png,/home/yc/UNSB_C21/dataset_all/SnowTrafficData/target/0608.png
SnowTrafficData,target,trainB,0801,png,/home/yc/UNSB_C21/dataset_all/SnowTrafficData/target/0801.png
SnowTrafficData,target,trainB,0841,png,/home/yc/UNSB_C21/dataset_all/SnowTrafficData/target/0841.png
SnowTrafficData,target,trainB,1008,png,/home/yc/UNSB_C21/dataset_all/SnowTrafficData/target/1008.png
SnowTrafficData,target,trainB,0293,png,/home/yc/UNSB_C21/dataset_all/SnowTrafficData/target/0293.png
SnowTrafficData,target,trainB,0488,png,/home/yc/UNSB_C21/dataset_all/SnowTrafficData/target/0488.png
SnowTrafficData,target,trainB,0358,png,/home/yc/UNSB_C21/dataset_all/SnowTrafficData/target/0358.png
SnowTrafficData,target,trainB,0416,png,/home/yc/UNSB_C21/dataset_all/SnowTrafficData/target/0416.png
SnowTrafficData,target,trainB,0629,png,/home/yc/UNSB_C21/dataset_all/SnowTrafficData/target/0629.png
SnowTrafficData,target,trainB,0124,png,/home/yc/UNSB_C21/dataset_all/SnowTrafficData/target/0124.png
SnowTrafficData,target,trainB,0274,png,/home/yc/UNSB_C21/dataset_all/SnowTrafficData/target/0274.png
SnowTrafficData,target,trainB,1205,png,/home/yc/UNSB_C21/dataset_all/SnowTrafficData/target/1205.png
SnowTrafficData,target,trainB,1208,png,/home/yc/UNSB_C21/dataset_all/SnowTrafficData/target/1208.png
SnowTrafficData,target,trainB,0265,png,/home/yc/UNSB_C21/dataset_all/SnowTrafficData/target/0265.png
SnowTrafficData,target,trainB,1104,png,/home/yc/UNSB_C21/dataset_all/SnowTrafficData/target/1104.png
SnowTrafficData,target,trainB,0450,png,/home/yc/UNSB_C21/dataset_all/SnowTrafficData/target/0450.png
SnowTrafficData,target,trainB,0287,png,/home/yc/UNSB_C21/dataset_all/SnowTrafficData/target/0287.png
SnowTrafficData,target,trainB,0131,png,/home/yc/UNSB_C21/dataset_all/SnowTrafficData/target/0131.png
SnowTrafficData,target,trainB,1108,png,/home/yc/UNSB_C21/dataset_all/SnowTrafficData/target/1108.png
SnowTrafficData,target,trainB,0378,png,/home/yc/UNSB_C21/dataset_all/SnowTrafficData/target/0378.png
SnowTrafficData,target,trainB,0003,png,/home/yc/UNSB_C21/dataset_all/SnowTrafficData/target/0003.png
SnowTrafficData,target,trainB,0721,png,/home/yc/UNSB_C21/dataset_all/SnowTrafficData/target/0721.png
SnowTrafficData,target,trainB,1173,png,/home/yc/UNSB_C21/dataset_all/SnowTrafficData/target/1173.png
SnowTrafficData,target,trainB,0872,png,/home/yc/UNSB_C21/dataset_all/SnowTrafficData/target/0872.png
SnowTrafficData,target,trainB,0825,png,/home/yc/UNSB_C21/dataset_all/SnowTrafficData/target/0825.png
SnowTrafficData,target,trainB,0519,png,/home/yc/UNSB_C21/dataset_all/SnowTrafficData/target/0519.png
SnowTrafficData,target,trainB,0941,png,/home/yc/UNSB_C21/dataset_all/SnowTrafficData/target/0941.png
SnowTrafficData,target,trainB,0168,png,/home/yc/UNSB_C21/dataset_all/SnowTrafficData/target/0168.png
SnowTrafficData,target,trainB,0394,png,/home/yc/UNSB_C21/dataset_all/SnowTrafficData/target/0394.png
SnowTrafficData,target,trainB,0703,png,/home/yc/UNSB_C21/dataset_all/SnowTrafficData/target/0703.png
SnowTrafficData,target,trainB,0958,png,/home/yc/UNSB_C21/dataset_all/SnowTrafficData/target/0958.png
SnowTrafficData,target,trainB,1234,png,/home/yc/UNSB_C21/dataset_all/SnowTrafficData/target/1234.png
SnowTrafficData,target,trainB,0307,png,/home/yc/UNSB_C21/dataset_all/SnowTrafficData/target/0307.png
SnowTrafficData,target,trainB,0554,png,/home/yc/UNSB_C21/dataset_all/SnowTrafficData/target/0554.png
SnowTrafficData,target,trainB,0099,png,/home/yc/UNSB_C21/dataset_all/SnowTrafficData/target/0099.png
SnowTrafficData,target,trainB,0414,png,/home/yc/UNSB_C21/dataset_all/SnowTrafficData/target/0414.png
SnowTrafficData,target,trainB,0898,png,/home/yc/UNSB_C21/dataset_all/SnowTrafficData/target/0898.png
SnowTrafficData,target,trainB,0207,png,/home/yc/UNSB_C21/dataset_all/SnowTrafficData/target/0207.png
SnowTrafficData,target,trainB,0771,png,/home/yc/UNSB_C21/dataset_all/SnowTrafficData/target/0771.png
SnowTrafficData,target,trainB,0004,png,/home/yc/UNSB_C21/dataset_all/SnowTrafficData/target/0004.png
SnowTrafficData,target,trainB,0186,png,/home/yc/UNSB_C21/dataset_all/SnowTrafficData/target/0186.png
SnowTrafficData,target,trainB,1089,png,/home/yc/UNSB_C21/dataset_all/SnowTrafficData/target/1089.png
SnowTrafficData,target,trainB,0861,png,/home/yc/UNSB_C21/dataset_all/SnowTrafficData/target/0861.png
SnowTrafficData,target,trainB,0855,png,/home/yc/UNSB_C21/dataset_all/SnowTrafficData/target/0855.png
SnowTrafficData,target,trainB,0987,png,/home/yc/UNSB_C21/dataset_all/SnowTrafficData/target/0987.png
SnowTrafficData,target,trainB,0939,png,/home/yc/UNSB_C21/dataset_all/SnowTrafficData/target/0939.png
SnowTrafficData,target,trainB,0421,png,/home/yc/UNSB_C21/dataset_all/SnowTrafficData/target/0421.png
SnowTrafficData,target,trainB,0288,png,/home/yc/UNSB_C21/dataset_all/SnowTrafficData/target/0288.png
SnowTrafficData,target,trainB,1111,png,/home/yc/UNSB_C21/dataset_all/SnowTrafficData/target/1111.png
SnowTrafficData,target,trainB,0543,png,/home/yc/UNSB_C21/dataset_all/SnowTrafficData/target/0543.png
SnowTrafficData,target,trainB,0818,png,/home/yc/UNSB_C21/dataset_all/SnowTrafficData/target/0818.png
SnowTrafficData,target,trainB,0799,png,/home/yc/UNSB_C21/dataset_all/SnowTrafficData/target/0799.png
SnowTrafficData,target,trainB,1092,png,/home/yc/UNSB_C21/dataset_all/SnowTrafficData/target/1092.png
SnowTrafficData,target,trainB,1091,png,/home/yc/UNSB_C21/dataset_all/SnowTrafficData/target/1091.png
SnowTrafficData,target,trainB,0230,png,/home/yc/UNSB_C21/dataset_all/SnowTrafficData/target/0230.png
SnowTrafficData,target,trainB,0950,png,/home/yc/UNSB_C21/dataset_all/SnowTrafficData/target/0950.png
SnowTrafficData,input,discovery,0615,png,/home/yc/UNSB_C21/dataset_all/SnowTrafficData/input/0615.png
SnowTrafficData,input,discovery,0914,png,/home/yc/UNSB_C21/dataset_all/SnowTrafficData/input/0914.png
SnowTrafficData,input,discovery,0428,png,/home/yc/UNSB_C21/dataset_all/SnowTrafficData/input/0428.png
SnowTrafficData,input,discovery,0503,png,/home/yc/UNSB_C21/dataset_all/SnowTrafficData/input/0503.png
SnowTrafficData,input,discovery,1020,png,/home/yc/UNSB_C21/dataset_all/SnowTrafficData/input/1020.png
SnowTrafficData,input,discovery,0113,png,/home/yc/UNSB_C21/dataset_all/SnowTrafficData/input/0113.png
SnowTrafficData,input,discovery,0461,png,/home/yc/UNSB_C21/dataset_all/SnowTrafficData/input/0461.png
SnowTrafficData,input,discovery,0196,png,/home/yc/UNSB_C21/dataset_all/SnowTrafficData/input/0196.png
SnowTrafficData,input,discovery,1248,png,/home/yc/UNSB_C21/dataset_all/SnowTrafficData/input/1248.png
SnowTrafficData,input,discovery,1042,png,/home/yc/UNSB_C21/dataset_all/SnowTrafficData/input/1042.png
SnowTrafficData,input,discovery,0448,png,/home/yc/UNSB_C21/dataset_all/SnowTrafficData/input/0448.png
SnowTrafficData,input,discovery,0738,png,/home/yc/UNSB_C21/dataset_all/SnowTrafficData/input/0738.png
SnowTrafficData,input,discovery,1018,png,/home/yc/UNSB_C21/dataset_all/SnowTrafficData/input/1018.png
SnowTrafficData,input,discovery,0928,png,/home/yc/UNSB_C21/dataset_all/SnowTrafficData/input/0928.png
SnowTrafficData,input,discovery,1099,png,/home/yc/UNSB_C21/dataset_all/SnowTrafficData/input/1099.png
SnowTrafficData,input,discovery,0485,png,/home/yc/UNSB_C21/dataset_all/SnowTrafficData/input/0485.png
SnowTrafficData,input,discovery,0297,png,/home/yc/UNSB_C21/dataset_all/SnowTrafficData/input/0297.png
SnowTrafficData,input,discovery,1240,png,/home/yc/UNSB_C21/dataset_all/SnowTrafficData/input/1240.png
SnowTrafficData,input,discovery,0903,png,/home/yc/UNSB_C21/dataset_all/SnowTrafficData/input/0903.png
SnowTrafficData,input,discovery,0990,png,/home/yc/UNSB_C21/dataset_all/SnowTrafficData/input/0990.png
SnowTrafficData,input,discovery,0506,png,/home/yc/UNSB_C21/dataset_all/SnowTrafficData/input/0506.png
SnowTrafficData,input,discovery,0937,png,/home/yc/UNSB_C21/dataset_all/SnowTrafficData/input/0937.png
SnowTrafficData,input,discovery,0359,png,/home/yc/UNSB_C21/dataset_all/SnowTrafficData/input/0359.png
SnowTrafficData,input,discovery,1168,png,/home/yc/UNSB_C21/dataset_all/SnowTrafficData/input/1168.png
SnowTrafficData,input,discovery,0349,png,/home/yc/UNSB_C21/dataset_all/SnowTrafficData/input/0349.png
SnowTrafficData,input,discovery,1180,png,/home/yc/UNSB_C21/dataset_all/SnowTrafficData/input/1180.png
SnowTrafficData,input,discovery,0281,png,/home/yc/UNSB_C21/dataset_all/SnowTrafficData/input/0281.png
SnowTrafficData,input,discovery,1071,png,/home/yc/UNSB_C21/dataset_all/SnowTrafficData/input/1071.png
SnowTrafficData,input,discovery,0174,png,/home/yc/UNSB_C21/dataset_all/SnowTrafficData/input/0174.png
SnowTrafficData,input,discovery,1080,png,/home/yc/UNSB_C21/dataset_all/SnowTrafficData/input/1080.png
SnowTrafficData,input,discovery,1215,png,/home/yc/UNSB_C21/dataset_all/SnowTrafficData/input/1215.png
SnowTrafficData,input,discovery,1261,png,/home/yc/UNSB_C21/dataset_all/SnowTrafficData/input/1261.png
SnowTrafficData,input,discovery,1044,png,/home/yc/UNSB_C21/dataset_all/SnowTrafficData/input/1044.png
SnowTrafficData,input,discovery,0992,png,/home/yc/UNSB_C21/dataset_all/SnowTrafficData/input/0992.png
SnowTrafficData,input,discovery,0276,png,/home/yc/UNSB_C21/dataset_all/SnowTrafficData/input/0276.png
SnowTrafficData,input,discovery,0068,png,/home/yc/UNSB_C21/dataset_all/SnowTrafficData/input/0068.png
SnowTrafficData,input,discovery,0065,png,/home/yc/UNSB_C21/dataset_all/SnowTrafficData/input/0065.png
SnowTrafficData,input,discovery,1061,png,/home/yc/UNSB_C21/dataset_all/SnowTrafficData/input/1061.png
SnowTrafficData,input,discovery,0275,png,/home/yc/UNSB_C21/dataset_all/SnowTrafficData/input/0275.png
SnowTrafficData,input,discovery,0657,png,/home/yc/UNSB_C21/dataset_all/SnowTrafficData/input/0657.png
SnowTrafficData,input,discovery,0390,png,/home/yc/UNSB_C21/dataset_all/SnowTrafficData/input/0390.png
SnowTrafficData,input,discovery,0777,png,/home/yc/UNSB_C21/dataset_all/SnowTrafficData/input/0777.png
SnowTrafficData,input,discovery,1067,png,/home/yc/UNSB_C21/dataset_all/SnowTrafficData/input/1067.png
SnowTrafficData,input,discovery,0938,png,/home/yc/UNSB_C21/dataset_all/SnowTrafficData/input/0938.png
SnowTrafficData,input,discovery,1191,png,/home/yc/UNSB_C21/dataset_all/SnowTrafficData/input/1191.png
SnowTrafficData,input,discovery,0073,png,/home/yc/UNSB_C21/dataset_all/SnowTrafficData/input/0073.png
SnowTrafficData,input,discovery,0018,png,/home/yc/UNSB_C21/dataset_all/SnowTrafficData/input/0018.png
SnowTrafficData,input,discovery,0627,png,/home/yc/UNSB_C21/dataset_all/SnowTrafficData/input/0627.png
SnowTrafficData,input,discovery,0975,png,/home/yc/UNSB_C21/dataset_all/SnowTrafficData/input/0975.png
SnowTrafficData,input,discovery,1011,png,/home/yc/UNSB_C21/dataset_all/SnowTrafficData/input/1011.png
SnowTrafficData,input,discovery,0582,png,/home/yc/UNSB_C21/dataset_all/SnowTrafficData/input/0582.png
SnowTrafficData,input,discovery,1213,png,/home/yc/UNSB_C21/dataset_all/SnowTrafficData/input/1213.png
SnowTrafficData,input,discovery,0034,png,/home/yc/UNSB_C21/dataset_all/SnowTrafficData/input/0034.png
SnowTrafficData,input,discovery,0611,png,/home/yc/UNSB_C21/dataset_all/SnowTrafficData/input/0611.png
SnowTrafficData,input,discovery,1118,png,/home/yc/UNSB_C21/dataset_all/SnowTrafficData/input/1118.png
SnowTrafficData,input,discovery,0163,png,/home/yc/UNSB_C21/dataset_all/SnowTrafficData/input/0163.png
SnowTrafficData,input,discovery,0396,png,/home/yc/UNSB_C21/dataset_all/SnowTrafficData/input/0396.png
SnowTrafficData,input,discovery,0497,png,/home/yc/UNSB_C21/dataset_all/SnowTrafficData/input/0497.png
SnowTrafficData,input,discovery,0352,png,/home/yc/UNSB_C21/dataset_all/SnowTrafficData/input/0352.png
SnowTrafficData,input,discovery,0417,png,/home/yc/UNSB_C21/dataset_all/SnowTrafficData/input/0417.png
SnowTrafficData,input,discovery,0556,png,/home/yc/UNSB_C21/dataset_all/SnowTrafficData/input/0556.png
SnowTrafficData,input,discovery,0745,png,/home/yc/UNSB_C21/dataset_all/SnowTrafficData/input/0745.png
SnowTrafficData,input,discovery,0677,png,/home/yc/UNSB_C21/dataset_all/SnowTrafficData/input/0677.png
SnowTrafficData,input,discovery,0040,png,/home/yc/UNSB_C21/dataset_all/SnowTrafficData/input/0040.png
SnowTrafficData,input,discovery,0439,png,/home/yc/UNSB_C21/dataset_all/SnowTrafficData/input/0439.png
SnowTrafficData,input,discovery,1001,png,/home/yc/UNSB_C21/dataset_all/SnowTrafficData/input/1001.png
SnowTrafficData,input,discovery,0842,png,/home/yc/UNSB_C21/dataset_all/SnowTrafficData/input/0842.png
SnowTrafficData,input,discovery,0551,png,/home/yc/UNSB_C21/dataset_all/SnowTrafficData/input/0551.png
SnowTrafficData,input,discovery,0648,png,/home/yc/UNSB_C21/dataset_all/SnowTrafficData/input/0648.png
SnowTrafficData,input,discovery,0394,png,/home/yc/UNSB_C21/dataset_all/SnowTrafficData/input/0394.png
SnowTrafficData,input,discovery,0152,png,/home/yc/UNSB_C21/dataset_all/SnowTrafficData/input/0152.png
SnowTrafficData,input,discovery,0221,png,/home/yc/UNSB_C21/dataset_all/SnowTrafficData/input/0221.png
SnowTrafficData,input,discovery,0811,png,/home/yc/UNSB_C21/dataset_all/SnowTrafficData/input/0811.png
SnowTrafficData,input,discovery,0562,png,/home/yc/UNSB_C21/dataset_all/SnowTrafficData/input/0562.png
SnowTrafficData,input,discovery,0900,png,/home/yc/UNSB_C21/dataset_all/SnowTrafficData/input/0900.png
SnowTrafficData,input,discovery,0755,png,/home/yc/UNSB_C21/dataset_all/SnowTrafficData/input/0755.png
SnowTrafficData,input,discovery,0735,png,/home/yc/UNSB_C21/dataset_all/SnowTrafficData/input/0735.png
SnowTrafficData,input,discovery,0509,png,/home/yc/UNSB_C21/dataset_all/SnowTrafficData/input/0509.png
SnowTrafficData,input,discovery,1242,png,/home/yc/UNSB_C21/dataset_all/SnowTrafficData/input/1242.png
SnowTrafficData,input,discovery,0041,png,/home/yc/UNSB_C21/dataset_all/SnowTrafficData/input/0041.png
SnowTrafficData,target,discovery_target,0835,png,/home/yc/UNSB_C21/dataset_all/SnowTrafficData/target/0835.png
SnowTrafficData,target,discovery_target,0830,png,/home/yc/UNSB_C21/dataset_all/SnowTrafficData/target/0830.png
SnowTrafficData,target,discovery_target,1130,png,/home/yc/UNSB_C21/dataset_all/SnowTrafficData/target/1130.png
SnowTrafficData,target,discovery_target,0069,png,/home/yc/UNSB_C21/dataset_all/SnowTrafficData/target/0069.png
SnowTrafficData,target,discovery_target,1074,png,/home/yc/UNSB_C21/dataset_all/SnowTrafficData/target/1074.png
SnowTrafficData,target,discovery_target,1235,png,/home/yc/UNSB_C21/dataset_all/SnowTrafficData/target/1235.png
SnowTrafficData,target,discovery_target,0865,png,/home/yc/UNSB_C21/dataset_all/SnowTrafficData/target/0865.png
SnowTrafficData,target,discovery_target,1065,png,/home/yc/UNSB_C21/dataset_all/SnowTrafficData/target/1065.png
SnowTrafficData,target,discovery_target,0953,png,/home/yc/UNSB_C21/dataset_all/SnowTrafficData/target/0953.png
SnowTrafficData,target,discovery_target,0148,png,/home/yc/UNSB_C21/dataset_all/SnowTrafficData/target/0148.png
SnowTrafficData,target,discovery_target,0927,png,/home/yc/UNSB_C21/dataset_all/SnowTrafficData/target/0927.png
SnowTrafficData,target,discovery_target,0225,png,/home/yc/UNSB_C21/dataset_all/SnowTrafficData/target/0225.png
SnowTrafficData,target,discovery_target,0666,png,/home/yc/UNSB_C21/dataset_all/SnowTrafficData/target/0666.png
SnowTrafficData,target,discovery_target,0772,png,/home/yc/UNSB_C21/dataset_all/SnowTrafficData/target/0772.png
SnowTrafficData,target,discovery_target,0106,png,/home/yc/UNSB_C21/dataset_all/SnowTrafficData/target/0106.png
SnowTrafficData,target,discovery_target,0647,png,/home/yc/UNSB_C21/dataset_all/SnowTrafficData/target/0647.png
SnowTrafficData,target,discovery_target,0665,png,/home/yc/UNSB_C21/dataset_all/SnowTrafficData/target/0665.png
SnowTrafficData,target,discovery_target,0894,png,/home/yc/UNSB_C21/dataset_all/SnowTrafficData/target/0894.png
SnowTrafficData,target,discovery_target,0491,png,/home/yc/UNSB_C21/dataset_all/SnowTrafficData/target/0491.png
SnowTrafficData,target,discovery_target,0619,png,/home/yc/UNSB_C21/dataset_all/SnowTrafficData/target/0619.png
SnowTrafficData,target,discovery_target,0881,png,/home/yc/UNSB_C21/dataset_all/SnowTrafficData/target/0881.png
SnowTrafficData,target,discovery_target,0104,png,/home/yc/UNSB_C21/dataset_all/SnowTrafficData/target/0104.png
SnowTrafficData,target,discovery_target,0339,png,/home/yc/UNSB_C21/dataset_all/SnowTrafficData/target/0339.png
SnowTrafficData,target,discovery_target,0819,png,/home/yc/UNSB_C21/dataset_all/SnowTrafficData/target/0819.png
SnowTrafficData,target,discovery_target,1007,png,/home/yc/UNSB_C21/dataset_all/SnowTrafficData/target/1007.png
SnowTrafficData,target,discovery_target,0924,png,/home/yc/UNSB_C21/dataset_all/SnowTrafficData/target/0924.png
SnowTrafficData,target,discovery_target,0080,png,/home/yc/UNSB_C21/dataset_all/SnowTrafficData/target/0080.png
SnowTrafficData,target,discovery_target,0276,png,/home/yc/UNSB_C21/dataset_all/SnowTrafficData/target/0276.png
SnowTrafficData,target,discovery_target,0018,png,/home/yc/UNSB_C21/dataset_all/SnowTrafficData/target/0018.png
SnowTrafficData,target,discovery_target,0505,png,/home/yc/UNSB_C21/dataset_all/SnowTrafficData/target/0505.png
SnowTrafficData,target,discovery_target,0789,png,/home/yc/UNSB_C21/dataset_all/SnowTrafficData/target/0789.png
SnowTrafficData,target,discovery_target,0753,png,/home/yc/UNSB_C21/dataset_all/SnowTrafficData/target/0753.png
SnowTrafficData,target,discovery_target,1053,png,/home/yc/UNSB_C21/dataset_all/SnowTrafficData/target/1053.png
SnowTrafficData,target,discovery_target,0573,png,/home/yc/UNSB_C21/dataset_all/SnowTrafficData/target/0573.png
SnowTrafficData,target,discovery_target,1077,png,/home/yc/UNSB_C21/dataset_all/SnowTrafficData/target/1077.png
SnowTrafficData,target,discovery_target,0627,png,/home/yc/UNSB_C21/dataset_all/SnowTrafficData/target/0627.png
SnowTrafficData,target,discovery_target,1233,png,/home/yc/UNSB_C21/dataset_all/SnowTrafficData/target/1233.png
SnowTrafficData,target,discovery_target,0284,png,/home/yc/UNSB_C21/dataset_all/SnowTrafficData/target/0284.png
SnowTrafficData,target,discovery_target,0294,png,/home/yc/UNSB_C21/dataset_all/SnowTrafficData/target/0294.png
SnowTrafficData,target,discovery_target,1166,png,/home/yc/UNSB_C21/dataset_all/SnowTrafficData/target/1166.png
SnowTrafficData,target,discovery_target,1071,png,/home/yc/UNSB_C21/dataset_all/SnowTrafficData/target/1071.png
SnowTrafficData,target,discovery_target,0589,png,/home/yc/UNSB_C21/dataset_all/SnowTrafficData/target/0589.png
SnowTrafficData,target,discovery_target,0478,png,/home/yc/UNSB_C21/dataset_all/SnowTrafficData/target/0478.png
SnowTrafficData,target,discovery_target,0660,png,/home/yc/UNSB_C21/dataset_all/SnowTrafficData/target/0660.png
SnowTrafficData,target,discovery_target,0807,png,/home/yc/UNSB_C21/dataset_all/SnowTrafficData/target/0807.png
SnowTrafficData,target,discovery_target,0559,png,/home/yc/UNSB_C21/dataset_all/SnowTrafficData/target/0559.png
SnowTrafficData,target,discovery_target,0641,png,/home/yc/UNSB_C21/dataset_all/SnowTrafficData/target/0641.png
SnowTrafficData,target,discovery_target,0297,png,/home/yc/UNSB_C21/dataset_all/SnowTrafficData/target/0297.png
SnowTrafficData,target,discovery_target,0884,png,/home/yc/UNSB_C21/dataset_all/SnowTrafficData/target/0884.png
SnowTrafficData,target,discovery_target,0433,png,/home/yc/UNSB_C21/dataset_all/SnowTrafficData/target/0433.png
SnowTrafficData,target,discovery_target,0739,png,/home/yc/UNSB_C21/dataset_all/SnowTrafficData/target/0739.png
SnowTrafficData,target,discovery_target,0705,png,/home/yc/UNSB_C21/dataset_all/SnowTrafficData/target/0705.png
SnowTrafficData,target,discovery_target,0412,png,/home/yc/UNSB_C21/dataset_all/SnowTrafficData/target/0412.png
SnowTrafficData,target,discovery_target,0368,png,/home/yc/UNSB_C21/dataset_all/SnowTrafficData/target/0368.png
SnowTrafficData,target,discovery_target,0091,png,/home/yc/UNSB_C21/dataset_all/SnowTrafficData/target/0091.png
SnowTrafficData,target,discovery_target,1252,png,/home/yc/UNSB_C21/dataset_all/SnowTrafficData/target/1252.png
SnowTrafficData,target,discovery_target,0170,png,/home/yc/UNSB_C21/dataset_all/SnowTrafficData/target/0170.png
SnowTrafficData,target,discovery_target,0620,png,/home/yc/UNSB_C21/dataset_all/SnowTrafficData/target/0620.png
SnowTrafficData,target,discovery_target,0981,png,/home/yc/UNSB_C21/dataset_all/SnowTrafficData/target/0981.png
SnowTrafficData,target,discovery_target,0930,png,/home/yc/UNSB_C21/dataset_all/SnowTrafficData/target/0930.png
SnowTrafficData,target,discovery_target,0347,png,/home/yc/UNSB_C21/dataset_all/SnowTrafficData/target/0347.png
SnowTrafficData,target,discovery_target,1181,png,/home/yc/UNSB_C21/dataset_all/SnowTrafficData/target/1181.png
SnowTrafficData,target,discovery_target,0623,png,/home/yc/UNSB_C21/dataset_all/SnowTrafficData/target/0623.png
SnowTrafficData,target,discovery_target,0728,png,/home/yc/UNSB_C21/dataset_all/SnowTrafficData/target/0728.png
SnowTrafficData,target,discovery_target,1063,png,/home/yc/UNSB_C21/dataset_all/SnowTrafficData/target/1063.png
SnowTrafficData,target,discovery_target,0151,png,/home/yc/UNSB_C21/dataset_all/SnowTrafficData/target/0151.png
SnowTrafficData,target,discovery_target,1126,png,/home/yc/UNSB_C21/dataset_all/SnowTrafficData/target/1126.png
SnowTrafficData,target,discovery_target,1224,png,/home/yc/UNSB_C21/dataset_all/SnowTrafficData/target/1224.png
SnowTrafficData,target,discovery_target,0314,png,/home/yc/UNSB_C21/dataset_all/SnowTrafficData/target/0314.png
SnowTrafficData,target,discovery_target,1188,png,/home/yc/UNSB_C21/dataset_all/SnowTrafficData/target/1188.png
SnowTrafficData,target,discovery_target,0472,png,/home/yc/UNSB_C21/dataset_all/SnowTrafficData/target/0472.png
SnowTrafficData,target,discovery_target,0113,png,/home/yc/UNSB_C21/dataset_all/SnowTrafficData/target/0113.png
SnowTrafficData,target,discovery_target,0568,png,/home/yc/UNSB_C21/dataset_all/SnowTrafficData/target/0568.png
SnowTrafficData,target,discovery_target,0022,png,/home/yc/UNSB_C21/dataset_all/SnowTrafficData/target/0022.png
SnowTrafficData,target,discovery_target,0694,png,/home/yc/UNSB_C21/dataset_all/SnowTrafficData/target/0694.png
SnowTrafficData,target,discovery_target,0295,png,/home/yc/UNSB_C21/dataset_all/SnowTrafficData/target/0295.png
SnowTrafficData,target,discovery_target,0687,png,/home/yc/UNSB_C21/dataset_all/SnowTrafficData/target/0687.png
SnowTrafficData,target,discovery_target,0128,png,/home/yc/UNSB_C21/dataset_all/SnowTrafficData/target/0128.png
SnowTrafficData,target,discovery_target,0253,png,/home/yc/UNSB_C21/dataset_all/SnowTrafficData/target/0253.png
SnowTrafficData,target,discovery_target,1142,png,/home/yc/UNSB_C21/dataset_all/SnowTrafficData/target/1142.png
SnowTrafficData,input,sealed,1216,png,/home/yc/UNSB_C21/dataset_all/SnowTrafficData/input/1216.png
SnowTrafficData,input,sealed,0162,png,/home/yc/UNSB_C21/dataset_all/SnowTrafficData/input/0162.png
SnowTrafficData,input,sealed,0060,png,/home/yc/UNSB_C21/dataset_all/SnowTrafficData/input/0060.png
SnowTrafficData,input,sealed,0149,png,/home/yc/UNSB_C21/dataset_all/SnowTrafficData/input/0149.png
SnowTrafficData,input,sealed,0105,png,/home/yc/UNSB_C21/dataset_all/SnowTrafficData/input/0105.png
SnowTrafficData,input,sealed,0044,png,/home/yc/UNSB_C21/dataset_all/SnowTrafficData/input/0044.png
SnowTrafficData,input,sealed,1201,png,/home/yc/UNSB_C21/dataset_all/SnowTrafficData/input/1201.png
SnowTrafficData,input,sealed,1078,png,/home/yc/UNSB_C21/dataset_all/SnowTrafficData/input/1078.png
SnowTrafficData,input,sealed,0342,png,/home/yc/UNSB_C21/dataset_all/SnowTrafficData/input/0342.png
SnowTrafficData,input,sealed,0098,png,/home/yc/UNSB_C21/dataset_all/SnowTrafficData/input/0098.png
SnowTrafficData,input,sealed,0101,png,/home/yc/UNSB_C21/dataset_all/SnowTrafficData/input/0101.png
SnowTrafficData,input,sealed,0932,png,/home/yc/UNSB_C21/dataset_all/SnowTrafficData/input/0932.png
SnowTrafficData,input,sealed,0968,png,/home/yc/UNSB_C21/dataset_all/SnowTrafficData/input/0968.png
SnowTrafficData,input,sealed,0736,png,/home/yc/UNSB_C21/dataset_all/SnowTrafficData/input/0736.png
SnowTrafficData,input,sealed,0671,png,/home/yc/UNSB_C21/dataset_all/SnowTrafficData/input/0671.png
SnowTrafficData,input,sealed,0819,png,/home/yc/UNSB_C21/dataset_all/SnowTrafficData/input/0819.png
SnowTrafficData,input,sealed,0554,png,/home/yc/UNSB_C21/dataset_all/SnowTrafficData/input/0554.png
SnowTrafficData,input,sealed,0138,png,/home/yc/UNSB_C21/dataset_all/SnowTrafficData/input/0138.png
SnowTrafficData,input,sealed,0192,png,/home/yc/UNSB_C21/dataset_all/SnowTrafficData/input/0192.png
SnowTrafficData,input,sealed,1193,png,/home/yc/UNSB_C21/dataset_all/SnowTrafficData/input/1193.png
