protocol_id,domain,stem,bridge_time_index,bridge_time_value,single_epoch,reciprocal_KDD,reciprocal_KDD_M16,aio_anchor_deflection,single_anchor_deflection,proposal_floor,proposal_floor_M16,floor_aio_on_aio,floor_single_on_aio,floor_aio_on_single,floor_single_on_single,aio_checkpoint_sha256,single_checkpoint_sha256,image_sha256,proposal_seed,rollout_seed,M,target_content_read
unsb-reciprocal-bridge-kernel-deflection-v1,FoggyCityscapes,FoggyCityscapes__3293,1,0.5,1,0.3971996350791712,0.3972093489668204,0.4934603980316752,0.30093887212666726,5.473760822383156e-08,1.4487713451138973e-07,5.473760822383156e-08,6.927791673660977e-14,3.2499493984872174e-08,7.793765632868599e-14,2482de48d80db365a9509d90d89eae80a34468ddc892e1ef76a9b6fa936c932d,462cac0e48a9ddc3dec87ed1288d8541a38bcb57fbc07b85f80ae006122be14a,4df27851d62a7e0cda160155b11c71f3182bd8ef9f0475b34005d68a892e4715,2507542767385535672,7571683182661295596,32,False
unsb-reciprocal-bridge-kernel-deflection-v1,FoggyCityscapes,FoggyCityscapes__3293,2,0.74,1,0.7104828938042733,0.7104759194673015,0.9271563360183229,0.4938094515902236,1.017638901479323e-06,8.915359569483527e-07,1.017638901479323e-06,6.472600233564663e-14,3.059914222003357e-07,1.6697754290362354e-13,2482de48d80db365a9509d90d89eae80a34468ddc892e1ef76a9b6fa936c932d,462cac0e48a9ddc3dec87ed1288d8541a38bcb57fbc07b85f80ae006122be14a,4df27851d62a7e0cda160155b11c71f3182bd8ef9f0475b34005d68a892e4715,660873307570701009,7339490515332494760,32,False
unsb-reciprocal-bridge-kernel-deflection-v1,FoggyCityscapes,FoggyCityscapes__3293,3,0.8600000000000001,1,0.8839644491983534,0.8839745861332179,1.1193741460442315,0.6485547523524753,3.2442477282401683e-07,7.650208166953831e-08,3.2442477282401683e-07,8.038014698286133e-14,4.970744549304129e-08,5.10924635932497e-13,2482de48d80db365a9509d90d89eae80a34468ddc892e1ef76a9b6fa936c932d,462cac0e48a9ddc3dec87ed1288d8541a38bcb57fbc07b85f80ae006122be14a,4df27851d62a7e0cda160155b11c71f3182bd8ef9f0475b34005d68a892e4715,1491262823427317657,5928589277420570373,32,False
unsb-reciprocal-bridge-kernel-deflection-v1,FoggyCityscapes,FoggyCityscapes__4011,1,0.5,1,0.3014209130793168,0.3014202978427245,0.38367526703993715,0.21916655911869642,1.1014929468533552e-07,5.801975104802182e-07,1.1014929468533552e-07,7.771561172376096e-15,6.597549717657358e-08,7.549516567451064e-15,2482de48d80db365a9509d90d89eae80a34468ddc892e1ef76a9b6fa936c932d,462cac0e48a9ddc3dec87ed1288d8541a38bcb57fbc07b85f80ae006122be14a,e54adc0bd4b262a456ab9b044466eff824b6fc005f18f4cb4b2f7b971cf8bfe0,4982291568009532379,348905905313085124,32,False
unsb-reciprocal-bridge-kernel-deflection-v1,FoggyCityscapes,FoggyCityscapes__4011,2,0.74,1,0.6192598866255068,0.619258854813255,0.8499690013897289,0.3885507718612846,1.316896477421281e-07,3.1097292430004586e-07,1.316896477421281e-07,8.659739592076221e-14,4.192461067198394e-08,1.7497114868092467e-13,2482de48d80db365a9509d90d89eae80a34468ddc892e1ef76a9b6fa936c932d,462cac0e48a9ddc3dec87ed1288d8541a38bcb57fbc07b85f80ae006122be14a,e54adc0bd4b262a456ab9b044466eff824b6fc005f18f4cb4b2f7b971cf8bfe0,8008435137501731944,1055585489095011442,32,False
unsb-reciprocal-bridge-kernel-deflection-v1,FoggyCityscapes,FoggyCityscapes__4011,3,0.8600000000000001,1,0.8139749322859611,0.8139549698616326,1.080584971631053,0.5473648929408693,1.6818527903694758e-08,4.227251138022581e-08,1.6818527903694758e-08,1.0347278589506459e-13,2.88523782643324e-09,5.647704526268171e-13,2482de48d80db365a9509d90d89eae80a34468ddc892e1ef76a9b6fa936c932d,462cac0e48a9ddc3dec87ed1288d8541a38bcb57fbc07b85f80ae006122be14a,e54adc0bd4b262a456ab9b044466eff824b6fc005f18f4cb4b2f7b971cf8bfe0,2778334570444822654,8731447958904064765,32,False
unsb-reciprocal-bridge-kernel-deflection-v1,FoggyCityscapes,FoggyCityscapes__0372,1,0.5,1,0.41457020763423,0.4145677907476461,0.5522619295060014,0.27687848576245866,1.3817942789984272e-08,9.597226924284996e-08,1.3817942789984272e-08,3.417266469796232e-13,7.583312866543679e-09,3.6126657221302594e-13,2482de48d80db365a9509d90d89eae80a34468ddc892e1ef76a9b6fa936c932d,462cac0e48a9ddc3dec87ed1288d8541a38bcb57fbc07b85f80ae006122be14a,7756d910a15c03e20b22c72db11a47dacb7ae74ec6e02303d9dce8b1d63507c9,4988730266966908204,6885332586683071942,32,False
unsb-reciprocal-bridge-kernel-deflection-v1,FoggyCityscapes,FoggyCityscapes__0372,2,0.74,1,0.7314750913108511,0.7314755370857268,1.0212972384599484,0.4416529441617538,1.4220783794982594e-07,3.489847055782036e-08,1.4220783794982594e-07,1.0769163338864018e-14,4.02326756354654e-08,2.731148640577885e-14,2482de48d80db365a9509d90d89eae80a34468ddc892e1ef76a9b6fa936c932d,462cac0e48a9ddc3dec87ed1288d8541a38bcb57fbc07b85f80ae006122be14a,7756d910a15c03e20b22c72db11a47dacb7ae74ec6e02303d9dce8b1d63507c9,550227556809923004,8590767704425710677,32,False
unsb-reciprocal-bridge-kernel-deflection-v1,FoggyCityscapes,FoggyCityscapes__0372,3,0.8600000000000001,1,0.87905799699283,0.8790590073366915,1.178462736068474,0.579653257917186,1.151539086308162e-09,2.4710989698917274e-08,1.151539086308162e-09,3.375077994860476e-14,1.9765966641216437e-10,2.107203300738547e-13,2482de48d80db365a9509d90d89eae80a34468ddc892e1ef76a9b6fa936c932d,462cac0e48a9ddc3dec87ed1288d8541a38bcb57fbc07b85f80ae006122be14a,7756d910a15c03e20b22c72db11a47dacb7ae74ec6e02303d9dce8b1d63507c9,4701980107290094348,3104512214027194997,32,False
unsb-reciprocal-bridge-kernel-deflection-v1,FoggyCityscapes,FoggyCityscapes__2519,1,0.5,1,0.7342233913792846,0.734208832882427,0.8106616241097783,0.6577851586487911,1.507715170490087e-07,7.506883354935212e-07,1.507715170490087e-07,1.4221956945448255e-13,7.295307891119762e-08,2.4713564528155985e-13,2482de48d80db365a9509d90d89eae80a34468ddc892e1ef76a9b6fa936c932d,462cac0e48a9ddc3dec87ed1288d8541a38bcb57fbc07b85f80ae006122be14a,e59a07e298f494dfabec98777dde4b4b281008b8c1023ff27ca719af29e70919,3520198809550524054,6514763126334654834,32,False
unsb-reciprocal-bridge-kernel-deflection-v1,FoggyCityscapes,FoggyCityscapes__2519,2,0.74,1,0.9461671104435312,0.9461771929248826,1.0619850451931327,0.8303491756939296,4.3359370538453845e-09,4.997339320134131e-09,4.3359370538453845e-09,2.0305979120394113e-13,9.230034514473573e-10,7.469580509678053e-13,2482de48d80db365a9509d90d89eae80a34468ddc892e1ef76a9b6fa936c932d,462cac0e48a9ddc3dec87ed1288d8541a38bcb57fbc07b85f80ae006122be14a,e59a07e298f494dfabec98777dde4b4b281008b8c1023ff27ca719af29e70919,2357298443771134404,9035441590319742773,32,False
unsb-reciprocal-bridge-kernel-deflection-v1,FoggyCityscapes,FoggyCityscapes__2519,3,0.8600000000000001,1,1.0414968933169924,1.0415755865428036,1.1673614613732186,0.9156323252607661,6.210557668140382e-08,1.5814044250772596e-06,6.210557668140382e-08,2.55351295663786e-14,6.284572751091844e-09,2.0505819264826641e-13,2482de48d80db365a9509d90d89eae80a34468ddc892e1ef76a9b6fa936c932d,462cac0e48a9ddc3dec87ed1288d8541a38bcb57fbc07b85f80ae006122be14a,e59a07e298f494dfabec98777dde4b4b281008b8c1023ff27ca719af29e70919,1054835043097677317,544450975847707038,32,False
unsb-reciprocal-bridge-kernel-deflection-v1,FoggyCityscapes,FoggyCityscapes__3534,1,0.5,1,0.6533870421151949,0.6533858858956798,0.7248402226590172,0.5819338615713727,5.853716533721354e-08,1.7965879894887848e-09,5.853716533721354e-08,1.1657341758564144e-14,3.0375220116951596e-08,2.220446049250313e-14,2482de48d80db365a9509d90d89eae80a34468ddc892e1ef76a9b6fa936c932d,462cac0e48a9ddc3dec87ed1288d8541a38bcb57fbc07b85f80ae006122be14a,7aa625c08614927c988ee75137af116149a77af1e45f5438169d08c263aab231,3383986828734905582,8740798840942701820,32,False
unsb-reciprocal-bridge-kernel-deflection-v1,FoggyCityscapes,FoggyCityscapes__3534,2,0.74,1,0.8469753286059378,0.8469846694057903,0.9354992373241824,0.7584514198876933,3.156898988887491e-07,3.216595056976246e-08,3.156898988887491e-07,1.5076828674409626e-13,8.644586657613473e-08,6.126210649881614e-13,2482de48d80db365a9509d90d89eae80a34468ddc892e1ef76a9b6fa936c932d,462cac0e48a9ddc3dec87ed1288d8541a38bcb57fbc07b85f80ae006122be14a,7aa625c08614927c988ee75137af116149a77af1e45f5438169d08c263aab231,1703418760227335952,5435202212793484731,32,False
unsb-reciprocal-bridge-kernel-deflection-v1,FoggyCityscapes,FoggyCityscapes__3534,3,0.8600000000000001,1,0.9232681326433779,0.9232439176891287,0.9866815521957271,0.8598547130910288,2.125459308555122e-07,3.0356157776356696e-07,2.125459308555122e-07,1.0103029524088925e-14,3.436678430723816e-08,8.981704269217516e-14,2482de48d80db365a9509d90d89eae80a34468ddc892e1ef76a9b6fa936c932d,462cac0e48a9ddc3dec87ed1288d8541a38bcb57fbc07b85f80ae006122be14a,7aa625c08614927c988ee75137af116149a77af1e45f5438169d08c263aab231,5733036966051957878,2677869345280146885,32,False
unsb-reciprocal-bridge-kernel-deflection-v1,FoggyCityscapes,FoggyCityscapes__1905,1,0.5,1,0.2983021670984792,0.2982967307554612,0.39482357248160893,0.20178076171534942,2.0799933109216795e-08,2.5937623160388057e-09,2.0799933109216795e-08,6.772360450213455e-15,1.2595004483806349e-08,6.217248937900877e-15,2482de48d80db365a9509d90d89eae80a34468ddc892e1ef76a9b6fa936c932d,462cac0e48a9ddc3dec87ed1288d8541a38bcb57fbc07b85f80ae006122be14a,b94d2ed81d9c4071e3315d583a7fe2c4d13dc6a14000768fef2e7e6ba7aeabd9,806081861845892176,2249102967624371257,32,False
unsb-reciprocal-bridge-kernel-deflection-v1,FoggyCityscapes,FoggyCityscapes__1905,2,0.74,1,0.6307579141434954,0.630752016229003,0.9101368314748518,0.351378996812139,3.056553232738679e-09,1.4299666784012288e-08,3.056553232738679e-09,3.2862601528904634e-13,9.900587016886675e-10,5.828670879282072e-13,2482de48d80db365a9509d90d89eae80a34468ddc892e1ef76a9b6fa936c932d,462cac0e48a9ddc3dec87ed1288d8541a38bcb57fbc07b85f80ae006122be14a,b94d2ed81d9c4071e3315d583a7fe2c4d13dc6a14000768fef2e7e6ba7aeabd9,76094729277201394,7236724268834081084,32,False
unsb-reciprocal-bridge-kernel-deflection-v1,FoggyCityscapes,FoggyCityscapes__1905,3,0.8600000000000001,1,0.8414232572469551,0.8414032015094344,1.180619346979709,0.502227167514201,3.612717245360386e-07,3.51583506752462e-08,3.612717245360386e-07,6.604716773495056e-13,6.209132141776763e-08,3.0692115515762453e-12,2482de48d80db365a9509d90d89eae80a34468ddc892e1ef76a9b6fa936c932d,462cac0e48a9ddc3dec87ed1288d8541a38bcb57fbc07b85f80ae006122be14a,b94d2ed81d9c4071e3315d583a7fe2c4d13dc6a14000768fef2e7e6ba7aeabd9,6220426193521659354,1586558460842292557,32,False
unsb-reciprocal-bridge-kernel-deflection-v1,FoggyCityscapes,FoggyCityscapes__3724,1,0.5,1,0.1941891235995334,0.1941852796605531,0.26437644908096625,0.12400179811810053,8.110323301835365e-09,2.3412809468936757e-09,8.110323301835365e-09,1.3167245072054357e-13,4.930962527183169e-09,9.492406860545088e-14,2482de48d80db365a9509d90d89eae80a34468ddc892e1ef76a9b6fa936c932d,462cac0e48a9ddc3dec87ed1288d8541a38bcb57fbc07b85f80ae006122be14a,d1fab8305fa88f1b23bf7815e2e505031565f4ea54f0681bd899f82572d7c2a0,2340040134557379524,6830355019769701650,32,False
unsb-reciprocal-bridge-kernel-deflection-v1,FoggyCityscapes,FoggyCityscapes__3724,2,0.74,1,0.5429659395796527,0.5429540188835749,0.8447152569103009,0.24121662224900442,4.1581308174443166e-08,8.527345674025355e-08,4.1581308174443166e-08,3.3595348725157237e-13,1.3086695282993333e-08,3.6415315207705135e-13,2482de48d80db365a9509d90d89eae80a34468ddc892e1ef76a9b6fa936c932d,462cac0e48a9ddc3dec87ed1288d8541a38bcb57fbc07b85f80ae006122be14a,d1fab8305fa88f1b23bf7815e2e505031565f4ea54f0681bd899f82572d7c2a0,812645125795833879,6222150761656020225,32,False
unsb-reciprocal-bridge-kernel-deflection-v1,FoggyCityscapes,FoggyCityscapes__3724,3,0.8600000000000001,1,0.817722226781509,0.8177266912348992,1.250188717209567,0.3852557363534511,3.795608471968137e-08,4.199981840091738e-08,3.795608471968137e-08,5.773159728050814e-14,5.758715726500441e-09,1.8840484727888906e-13,2482de48d80db365a9509d90d89eae80a34468ddc892e1ef76a9b6fa936c932d,462cac0e48a9ddc3dec87ed1288d8541a38bcb57fbc07b85f80ae006122be14a,d1fab8305fa88f1b23bf7815e2e505031565f4ea54f0681bd899f82572d7c2a0,7436112458144541903,5154908326388743844,32,False
unsb-reciprocal-bridge-kernel-deflection-v1,FoggyCityscapes,FoggyCityscapes__3443,1,0.5,1,0.8221807841524518,0.8221255161434837,0.7857982039729929,0.8585633643319106,1.1701854230050657e-07,2.9040885807241068e-08,1.1701854230050657e-07,9.814371537686384e-14,5.434223748768119e-08,2.070565940925917e-13,2482de48d80db365a9509d90d89eae80a34468ddc892e1ef76a9b6fa936c932d,462cac0e48a9ddc3dec87ed1288d8541a38bcb57fbc07b85f80ae006122be14a,636a0d78a2dd712315565985f0dcbc92511c7b25891b3766b189c107e31419f9,6390576139545327670,2256388221111031932,32,False
unsb-reciprocal-bridge-kernel-deflection-v1,FoggyCityscapes,FoggyCityscapes__3443,2,0.74,1,0.9781218911785445,0.9781035284792711,0.9773745966302047,0.9788691857268843,9.570157943894486e-08,8.514977065665619e-07,9.570157943894486e-08,6.306066779870889e-14,1.9178532761898737e-08,2.546851618490109e-13,2482de48d80db365a9509d90d89eae80a34468ddc892e1ef76a9b6fa936c932d,462cac0e48a9ddc3dec87ed1288d8541a38bcb57fbc07b85f80ae006122be14a,636a0d78a2dd712315565985f0dcbc92511c7b25891b3766b189c107e31419f9,6441685270321277194,435188909487770777,32,False
unsb-reciprocal-bridge-kernel-deflection-v1,FoggyCityscapes,FoggyCityscapes__3443,3,0.8600000000000001,1,1.0451696058186164,1.045113426477378,1.0760793592982312,1.0142598523390016,6.642484816632432e-07,5.2345684453669605e-09,6.642484816632432e-07,5.188072194073357e-13,6.963592091846493e-08,3.976374784997461e-12,2482de48d80db365a9509d90d89eae80a34468ddc892e1ef76a9b6fa936c932d,462cac0e48a9ddc3dec87ed1288d8541a38bcb57fbc07b85f80ae006122be14a,636a0d78a2dd712315565985f0dcbc92511c7b25891b3766b189c107e31419f9,3570630651812304785,2645309260846481245,32,False
unsb-reciprocal-bridge-kernel-deflection-v1,FoggyCityscapes,FoggyCityscapes__1140,1,0.5,1,0.8828378706900998,0.8828703259475944,0.7840150879271717,0.9816606534530279,2.559043830174801e-07,1.5175705103676052e-06,2.559043830174801e-07,5.0182080713057076e-14,1.0314197962379978e-07,1.1679546219056647e-13,2482de48d80db365a9509d90d89eae80a34468ddc892e1ef76a9b6fa936c932d,462cac0e48a9ddc3dec87ed1288d8541a38bcb57fbc07b85f80ae006122be14a,5be0c458353ada9d010a588db262b3e464f3417e6f709b8b8e20b560be4b784a,4821486955860378667,2075174657617123632,32,False
unsb-reciprocal-bridge-kernel-deflection-v1,FoggyCityscapes,FoggyCityscapes__1140,2,0.74,1,0.9943073475215849,0.9943638326376045,0.9151870395536967,1.073427655489473,2.7754018505632416e-07,8.023533176748643e-07,2.7754018505632416e-07,3.638644940906488e-12,4.653303831148037e-08,1.7328805057559293e-11,2482de48d80db365a9509d90d89eae80a34468ddc892e1ef76a9b6fa936c932d,462cac0e48a9ddc3dec87ed1288d8541a38bcb57fbc07b85f80ae006122be14a,5be0c458353ada9d010a588db262b3e464f3417e6f709b8b8e20b560be4b784a,823115820543719388,8038606118630710383,32,False
unsb-reciprocal-bridge-kernel-deflection-v1,FoggyCityscapes,FoggyCityscapes__1140,3,0.8600000000000001,1,1.0319362976867756,1.0317423872224114,1.0052565078644746,1.0586160875090764,6.923626816313089e-07,2.545775131368444e-06,6.923626816313089e-07,6.644684802381562e-13,6.219350134895052e-08,5.3157478419052495e-12,2482de48d80db365a9509d90d89eae80a34468ddc892e1ef76a9b6fa936c932d,462cac0e48a9ddc3dec87ed1288d8541a38bcb57fbc07b85f80ae006122be14a,5be0c458353ada9d010a588db262b3e464f3417e6f709b8b8e20b560be4b784a,1447012162998127174,7035677315950607684,32,False
unsb-reciprocal-bridge-kernel-deflection-v1,FoggyCityscapes,FoggyCityscapes__3432,1,0.5,1,0.8218498418541388,0.8218519371157735,0.9991901516661685,0.644509532042109,6.20020701447288e-10,8.131312700943027e-08,6.20020701447288e-10,1.6153745008296028e-13,2.6125679397637214e-10,3.4283687000424834e-13,2482de48d80db365a9509d90d89eae80a34468ddc892e1ef76a9b6fa936c932d,462cac0e48a9ddc3dec87ed1288d8541a38bcb57fbc07b85f80ae006122be14a,b823b3cf57e07cd1b9a0f89dd6d2df5603add37233200fb23c58a02440d6c32b,259482676394139703,5019378559485583388,32,False
unsb-reciprocal-bridge-kernel-deflection-v1,FoggyCityscapes,FoggyCityscapes__3432,2,0.74,1,0.9550904820489474,0.9550648629568759,1.1536573916578763,0.7565235724400186,7.576192340152943e-08,3.1433703784333744e-07,7.576192340152943e-08,2.6079138848444927e-13,1.721549980349124e-08,1.262545623603728e-12,2482de48d80db365a9509d90d89eae80a34468ddc892e1ef76a9b6fa936c932d,462cac0e48a9ddc3dec87ed1288d8541a38bcb57fbc07b85f80ae006122be14a,b823b3cf57e07cd1b9a0f89dd6d2df5603add37233200fb23c58a02440d6c32b,4333043565916440593,5042715787388488928,32,False
unsb-reciprocal-bridge-kernel-deflection-v1,FoggyCityscapes,FoggyCityscapes__3432,3,0.8600000000000001,1,0.9823814886045344,0.9823824055398168,1.1482583227693801,0.8165046544396888,5.052411615746877e-07,2.488447326198795e-06,5.052411615746877e-07,7.30526750203353e-13,7.483037511857304e-08,6.245670647331281e-12,2482de48d80db365a9509d90d89eae80a34468ddc892e1ef76a9b6fa936c932d,462cac0e48a9ddc3dec87ed1288d8541a38bcb57fbc07b85f80ae006122be14a,b823b3cf57e07cd1b9a0f89dd6d2df5603add37233200fb23c58a02440d6c32b,8169227038377985607,7995594232708713256,32,False
unsb-reciprocal-bridge-kernel-deflection-v1,FoggyCityscapes,FoggyCityscapes__1778,1,0.5,1,0.6593902544729571,0.6594174331389494,0.776246371134435,0.5425341378114791,2.8329906198720778e-08,1.4422070360176065e-07,2.8329906198720778e-08,2.1371793224034263e-13,1.3492386985447524e-08,3.6504133049675147e-13,2482de48d80db365a9509d90d89eae80a34468ddc892e1ef76a9b6fa936c932d,462cac0e48a9ddc3dec87ed1288d8541a38bcb57fbc07b85f80ae006122be14a,6286b735eb6acc1f6681c9e898353fc3768e36453e59f53177a9cd0bf262c883,3916183645973179352,7489607428184211205,32,False
unsb-reciprocal-bridge-kernel-deflection-v1,FoggyCityscapes,FoggyCityscapes__1778,2,0.74,1,0.8843683318283991,0.884330307950157,1.0502900358782519,0.7184466277785464,1.6859745866071307e-07,2.3107076474460087e-08,1.6859745866071307e-07,2.8421709430404007e-13,3.6107264844709164e-08,1.1586287484988134e-12,2482de48d80db365a9509d90d89eae80a34468ddc892e1ef76a9b6fa936c932d,462cac0e48a9ddc3dec87ed1288d8541a38bcb57fbc07b85f80ae006122be14a,6286b735eb6acc1f6681c9e898353fc3768e36453e59f53177a9cd0bf262c883,3658731460149348726,5417277233057489948,32,False
unsb-reciprocal-bridge-kernel-deflection-v1,FoggyCityscapes,FoggyCityscapes__1778,3,0.8600000000000001,1,0.9748496081716556,0.9748305831662649,1.1344495489397843,0.8152496674035267,2.0084742513581944e-07,1.5074316206398208e-06,2.0084742513581944e-07,5.218048215738236e-15,2.218538597276165e-08,5.007105841059456e-14,2482de48d80db365a9509d90d89eae80a34468ddc892e1ef76a9b6fa936c932d,462cac0e48a9ddc3dec87ed1288d8541a38bcb57fbc07b85f80ae006122be14a,6286b735eb6acc1f6681c9e898353fc3768e36453e59f53177a9cd0bf262c883,2767591819488168569,8354934116093182698,32,False
unsb-reciprocal-bridge-kernel-deflection-v1,FoggyCityscapes,FoggyCityscapes__1546,1,0.5,1,0.4317106447105051,0.4317046106286886,0.5708852708513334,0.2925360185696767,2.191024267572672e-07,5.53901196020945e-08,2.191024267572672e-07,1.2255751968837103e-12,1.202402082345344e-07,1.3403722576299515e-12,2482de48d80db365a9509d90d89eae80a34468ddc892e1ef76a9b6fa936c932d,462cac0e48a9ddc3dec87ed1288d8541a38bcb57fbc07b85f80ae006122be14a,afab2c88c806b13cdee7462a83b985a56de7a1e80dbb2809ce2a9cce4f6fd61a,8423286826636680800,8348803287131965109,32,False
unsb-reciprocal-bridge-kernel-deflection-v1,FoggyCityscapes,FoggyCityscapes__1546,2,0.74,1,0.7457536064481207,0.7457548644879777,1.0346159991947412,0.4568912137015003,8.53000634570833e-08,4.5050987140804466e-07,8.53000634570833e-08,7.105427357601002e-15,2.2848431480149145e-08,1.84297022087776e-14,2482de48d80db365a9509d90d89eae80a34468ddc892e1ef76a9b6fa936c932d,462cac0e48a9ddc3dec87ed1288d8541a38bcb57fbc07b85f80ae006122be14a,afab2c88c806b13cdee7462a83b985a56de7a1e80dbb2809ce2a9cce4f6fd61a,8160507051651175729,219981466993988043,32,False
unsb-reciprocal-bridge-kernel-deflection-v1,FoggyCityscapes,FoggyCityscapes__1546,3,0.8600000000000001,1,0.89386576035722,0.8938657570958584,1.184231582436085,0.6034999382783551,2.3593001714505846e-06,1.391509104387012e-06,2.3593001714505846e-06,3.341771304121721e-14,3.3715256009259065e-07,2.3370194668359545e-13,2482de48d80db365a9509d90d89eae80a34468ddc892e1ef76a9b6fa936c932d,462cac0e48a9ddc3dec87ed1288d8541a38bcb57fbc07b85f80ae006122be14a,afab2c88c806b13cdee7462a83b985a56de7a1e80dbb2809ce2a9cce4f6fd61a,448216570462020267,5021025117057353706,32,False
unsb-reciprocal-bridge-kernel-deflection-v1,FoggyCityscapes,FoggyCityscapes__0990,1,0.5,1,0.28107786602928636,0.281079021933076,0.3580500826097244,0.20410564944884835,1.7304411015217624e-08,2.63214373630305e-07,1.7304411015217624e-08,5.440092820663267e-15,1.0665956673427957e-08,6.217248937900877e-15,2482de48d80db365a9509d90d89eae80a34468ddc892e1ef76a9b6fa936c932d,462cac0e48a9ddc3dec87ed1288d8541a38bcb57fbc07b85f80ae006122be14a,efabefaa148283f3ac48feae8fe0794e626bb9bd9ca54d2303a980d87b0de8d5,2242616454596528816,3612094597617500426,32,False
unsb-reciprocal-bridge-kernel-deflection-v1,FoggyCityscapes,FoggyCityscapes__0990,2,0.74,1,0.577426301292352,0.5774256039231829,0.7961781966798412,0.35867440590486255,2.8906828819508235e-08,3.650587765413604e-08,2.8906828819508235e-08,9.547918011776346e-15,9.760214636500564e-09,1.709743457922741e-14,2482de48d80db365a9509d90d89eae80a34468ddc892e1ef76a9b6fa936c932d,462cac0e48a9ddc3dec87ed1288d8541a38bcb57fbc07b85f80ae006122be14a,efabefaa148283f3ac48feae8fe0794e626bb9bd9ca54d2303a980d87b0de8d5,1101028651224822992,1248331476111879641,32,False
unsb-reciprocal-bridge-kernel-deflection-v1,FoggyCityscapes,FoggyCityscapes__0990,3,0.8600000000000001,1,0.7714790074850246,0.7714879414601062,1.0417470495388417,0.5012109654312076,6.879192879782892e-07,1.3067627591123454e-07,6.879192879782892e-07,1.41886502547095e-13,1.34700377851793e-07,6.5580874064608e-13,2482de48d80db365a9509d90d89eae80a34468ddc892e1ef76a9b6fa936c932d,462cac0e48a9ddc3dec87ed1288d8541a38bcb57fbc07b85f80ae006122be14a,efabefaa148283f3ac48feae8fe0794e626bb9bd9ca54d2303a980d87b0de8d5,4109028711032638770,7771566006629149131,32,False
unsb-reciprocal-bridge-kernel-deflection-v1,FoggyCityscapes,FoggyCityscapes__0242,1,0.5,1,0.6643018108224197,0.6643034670780947,0.7284510706356493,0.6001525510091902,4.3329268617497974e-08,2.607065184845325e-07,4.3329268617497974e-08,1.3522516439934407e-13,2.340725968608126e-08,2.495781359357352e-13,2482de48d80db365a9509d90d89eae80a34468ddc892e1ef76a9b6fa936c932d,462cac0e48a9ddc3dec87ed1288d8541a38bcb57fbc07b85f80ae006122be14a,a15ad6c9c651aa6efa44f25ab21dfd73f5f92d7157ebeb0d4038ab7dabd08b37,6423199452121259521,2854907284459662104,32,False
unsb-reciprocal-bridge-kernel-deflection-v1,FoggyCityscapes,FoggyCityscapes__0242,2,0.74,1,0.8676900767751226,0.8676840564767432,0.9571094045379457,0.7782707490122995,3.1984659920603065e-08,2.803920096106083e-08,3.1984659920603065e-08,2.9043434324194095e-13,8.679903240604858e-09,1.258881887622465e-12,2482de48d80db365a9509d90d89eae80a34468ddc892e1ef76a9b6fa936c932d,462cac0e48a9ddc3dec87ed1288d8541a38bcb57fbc07b85f80ae006122be14a,a15ad6c9c651aa6efa44f25ab21dfd73f5f92d7157ebeb0d4038ab7dabd08b37,9159332249672082642,6411497167392141699,32,False
unsb-reciprocal-bridge-kernel-deflection-v1,FoggyCityscapes,FoggyCityscapes__0242,3,0.8600000000000001,1,0.9504036201098234,0.9504336081924727,1.0311224812609214,0.8696847589587252,1.95193184615583e-07,8.460173939184301e-08,1.95193184615583e-07,2.120525977034049e-14,2.8289360742839165e-08,1.942890293094024e-13,2482de48d80db365a9509d90d89eae80a34468ddc892e1ef76a9b6fa936c932d,462cac0e48a9ddc3dec87ed1288d8541a38bcb57fbc07b85f80ae006122be14a,a15ad6c9c651aa6efa44f25ab21dfd73f5f92d7157ebeb0d4038ab7dabd08b37,928052619629484800,2212599215237197383,32,False
unsb-reciprocal-bridge-kernel-deflection-v1,FoggyCityscapes,FoggyCityscapes__3022,1,0.5,1,0.8315637671663613,0.8315585616419392,0.8965207395369728,0.7666067947957498,1.5716601287074639e-07,2.3025684769972798e-07,1.5716601287074639e-07,8.459899447643693e-14,6.271397290369407e-08,1.942890293094024e-13,2482de48d80db365a9509d90d89eae80a34468ddc892e1ef76a9b6fa936c932d,462cac0e48a9ddc3dec87ed1288d8541a38bcb57fbc07b85f80ae006122be14a,8159fe48503f7e91344a8f96cfc8cc889d6f853ecb7b67a95e855c293983e8e2,3652992574153178195,8565934407986789122,32,False
unsb-reciprocal-bridge-kernel-deflection-v1,FoggyCityscapes,FoggyCityscapes__3022,2,0.74,1,0.9752882426447906,0.9752653978651711,1.0430049407086615,0.9075715445809198,2.412727249101465e-07,1.511903375828183e-06,2.412727249101465e-07,2.1538326677728037e-14,4.3435159580162974e-08,1.3011813848606835e-13,2482de48d80db365a9509d90d89eae80a34468ddc892e1ef76a9b6fa936c932d,462cac0e48a9ddc3dec87ed1288d8541a38bcb57fbc07b85f80ae006122be14a,8159fe48503f7e91344a8f96cfc8cc889d6f853ecb7b67a95e855c293983e8e2,1079958734587139858,1437486351412414658,32,False
unsb-reciprocal-bridge-kernel-deflection-v1,FoggyCityscapes,FoggyCityscapes__3022,3,0.8600000000000001,1,1.0104671222154893,1.0104764277860823,1.0485076034308674,0.9724266410001111,4.059765978947638e-08,5.5995846404144345e-08,4.059765978947638e-08,4.529709940470639e-14,4.236355488629329e-09,5.70987701564718e-13,2482de48d80db365a9509d90d89eae80a34468ddc892e1ef76a9b6fa936c932d,462cac0e48a9ddc3dec87ed1288d8541a38bcb57fbc07b85f80ae006122be14a,8159fe48503f7e91344a8f96cfc8cc889d6f853ecb7b67a95e855c293983e8e2,1507927940243676063,2917552612438840787,32,False
unsb-reciprocal-bridge-kernel-deflection-v1,FoggyCityscapes,FoggyCityscapes__0615,1,0.5,1,0.9803550477533218,0.9803291641419136,1.1121837010724656,0.8485263944341781,2.5823564619997796e-08,7.35324405143345e-07,2.5823564619997796e-08,1.0547118733938987e-14,9.094715536228648e-09,3.086420008457935e-14,2482de48d80db365a9509d90d89eae80a34468ddc892e1ef76a9b6fa936c932d,462cac0e48a9ddc3dec87ed1288d8541a38bcb57fbc07b85f80ae006122be14a,f5f6b9620b4859cc2cd540853a17ff80541224bfc17d24fb57d91c1a905bf517,8698300838000650286,3451546543927253822,32,False
unsb-reciprocal-bridge-kernel-deflection-v1,FoggyCityscapes,FoggyCityscapes__0615,2,0.74,1,1.0652301615403306,1.0652060599269124,1.2176795727568492,0.9127807503238119,1.768170484806042e-06,2.08303044213487e-06,1.768170484806042e-06,4.2299497238218464e-14,2.6128469376995866e-07,2.688960165642129e-13,2482de48d80db365a9509d90d89eae80a34468ddc892e1ef76a9b6fa936c932d,462cac0e48a9ddc3dec87ed1288d8541a38bcb57fbc07b85f80ae006122be14a,f5f6b9620b4859cc2cd540853a17ff80541224bfc17d24fb57d91c1a905bf517,2758369396096935796,4682715797436741600,32,False
unsb-reciprocal-bridge-kernel-deflection-v1,FoggyCityscapes,FoggyCityscapes__0615,3,0.8600000000000001,1,1.0756748527268805,1.0756433545564263,1.2067592579420905,0.9445904475116702,1.3432716474692796e-06,1.119286060502489e-07,1.3432716474692796e-06,1.3156142841808105e-13,1.0664690730521897e-07,1.6669998714746725e-12,2482de48d80db365a9509d90d89eae80a34468ddc892e1ef76a9b6fa936c932d,462cac0e48a9ddc3dec87ed1288d8541a38bcb57fbc07b85f80ae006122be14a,f5f6b9620b4859cc2cd540853a17ff80541224bfc17d24fb57d91c1a905bf517,4063444256707344966,6671602652177101402,32,False
unsb-reciprocal-bridge-kernel-deflection-v1,FoggyCityscapes,FoggyCityscapes__3293,1,0.5,2,0.29753993390154093,0.2975140676368682,0.3872731732663124,0.20780669453676948,5.473760822383156e-08,1.4487713451138973e-07,5.473760822383156e-08,4.0101255649460654e-13,2.971718715549798e-08,3.731459585765151e-13,2482de48d80db365a9509d90d89eae80a34468ddc892e1ef76a9b6fa936c932d,6884a101ee091620c0914563b59b96799171cda01a3fee1801821cd66c02a7a4,4df27851d62a7e0cda160155b11c71f3182bd8ef9f0475b34005d68a892e4715,2507542767385535672,7571683182661295596,32,False
unsb-reciprocal-bridge-kernel-deflection-v1,FoggyCityscapes,FoggyCityscapes__3293,2,0.74,2,0.5722297031546822,0.5722462619311415,0.7927679333247801,0.35169147298458436,1.017638901479323e-06,8.915359569483527e-07,1.017638901479323e-06,1.5388801344329295e-12,2.776738052823191e-07,2.5440760609285462e-12,2482de48d80db365a9509d90d89eae80a34468ddc892e1ef76a9b6fa936c932d,6884a101ee091620c0914563b59b96799171cda01a3fee1801821cd66c02a7a4,4df27851d62a7e0cda160155b11c71f3182bd8ef9f0475b34005d68a892e4715,660873307570701009,7339490515332494760,32,False
unsb-reciprocal-bridge-kernel-deflection-v1,FoggyCityscapes,FoggyCityscapes__3293,3,0.8600000000000001,2,0.7420094100248591,0.7419977997137652,0.9824952686403352,0.501523551409383,3.2442477282401683e-07,7.650208166953831e-08,3.2442477282401683e-07,1.3675727217332678e-12,4.792514429752259e-08,4.903744077466854e-12,2482de48d80db365a9509d90d89eae80a34468ddc892e1ef76a9b6fa936c932d,6884a101ee091620c0914563b59b96799171cda01a3fee1801821cd66c02a7a4,4df27851d62a7e0cda160155b11c71f3182bd8ef9f0475b34005d68a892e4715,1491262823427317657,5928589277420570373,32,False
unsb-reciprocal-bridge-kernel-deflection-v1,FoggyCityscapes,FoggyCityscapes__4011,1,0.5,2,0.25891666119871803,0.2589129936291303,0.3252305446863979,0.19260277771103818,1.1014929468533552e-07,5.801975104802182e-07,1.1014929468533552e-07,8.881784197001252e-14,6.52177334359294e-08,9.170442183403793e-14,2482de48d80db365a9509d90d89eae80a34468ddc892e1ef76a9b6fa936c932d,6884a101ee091620c0914563b59b96799171cda01a3fee1801821cd66c02a7a4,e54adc0bd4b262a456ab9b044466eff824b6fc005f18f4cb4b2f7b971cf8bfe0,4982291568009532379,348905905313085124,32,False
unsb-reciprocal-bridge-kernel-deflection-v1,FoggyCityscapes,FoggyCityscapes__4011,2,0.74,2,0.5106661227588426,0.51066231815012,0.6902674459648875,0.33106479955279766,1.316896477421281e-07,3.1097292430004586e-07,1.316896477421281e-07,7.41073868937292e-13,4.156832333901406e-08,1.4707124407209449e-12,2482de48d80db365a9509d90d89eae80a34468ddc892e1ef76a9b6fa936c932d,6884a101ee091620c0914563b59b96799171cda01a3fee1801821cd66c02a7a4,e54adc0bd4b262a456ab9b044466eff824b6fc005f18f4cb4b2f7b971cf8bfe0,8008435137501731944,1055585489095011442,32,False
unsb-reciprocal-bridge-kernel-deflection-v1,FoggyCityscapes,FoggyCityscapes__4011,3,0.8600000000000001,2,0.6769733016118807,0.676920079012179,0.8715134906918729,0.4824331125318886,1.6818527903694758e-08,4.227251138022581e-08,1.6818527903694758e-08,4.5038417439968725e-12,2.8555687814346697e-09,1.7593371204327468e-11,2482de48d80db365a9509d90d89eae80a34468ddc892e1ef76a9b6fa936c932d,6884a101ee091620c0914563b59b96799171cda01a3fee1801821cd66c02a7a4,e54adc0bd4b262a456ab9b044466eff824b6fc005f18f4cb4b2f7b971cf8bfe0,2778334570444822654,8731447958904064765,32,False
unsb-reciprocal-bridge-kernel-deflection-v1,FoggyCityscapes,FoggyCityscapes__0372,1,0.5,2,0.3918539734604186,0.39184233894690296,0.4894573012346465,0.29425064568619075,1.3817942789984272e-08,9.597226924284996e-08,1.3817942789984272e-08,8.906209103543006e-13,7.151437886321332e-09,9.943157408542902e-13,2482de48d80db365a9509d90d89eae80a34468ddc892e1ef76a9b6fa936c932d,6884a101ee091620c0914563b59b96799171cda01a3fee1801821cd66c02a7a4,7756d910a15c03e20b22c72db11a47dacb7ae74ec6e02303d9dce8b1d63507c9,4988730266966908204,6885332586683071942,32,False
unsb-reciprocal-bridge-kernel-deflection-v1,FoggyCityscapes,FoggyCityscapes__0372,2,0.74,2,0.6226170865237174,0.6226186262866885,0.8069363998853383,0.4382977731620965,1.4220783794982594e-07,3.489847055782036e-08,1.4220783794982594e-07,5.091482790930968e-13,3.272616977412213e-08,1.1115552922547067e-12,2482de48d80db365a9509d90d89eae80a34468ddc892e1ef76a9b6fa936c932d,6884a101ee091620c0914563b59b96799171cda01a3fee1801821cd66c02a7a4,7756d910a15c03e20b22c72db11a47dacb7ae74ec6e02303d9dce8b1d63507c9,550227556809923004,8590767704425710677,32,False
unsb-reciprocal-bridge-kernel-deflection-v1,FoggyCityscapes,FoggyCityscapes__0372,3,0.8600000000000001,2,0.7373106632481026,0.7373143515931111,0.9033734269663374,0.5712478995298677,1.151539086308162e-09,2.4710989698917274e-08,1.151539086308162e-09,9.041656312547275e-13,1.5952172915945084e-10,4.080291660102375e-12,2482de48d80db365a9509d90d89eae80a34468ddc892e1ef76a9b6fa936c932d,6884a101ee091620c0914563b59b96799171cda01a3fee1801821cd66c02a7a4,7756d910a15c03e20b22c72db11a47dacb7ae74ec6e02303d9dce8b1d63507c9,4701980107290094348,3104512214027194997,32,False
unsb-reciprocal-bridge-kernel-deflection-v1,FoggyCityscapes,FoggyCityscapes__2519,1,0.5,2,0.6412585411530817,0.6412583793669061,0.7541411290598963,0.5283759532462671,1.507715170490087e-07,7.506883354935212e-07,1.507715170490087e-07,1.5265566588595902e-12,6.676080532841411e-08,2.696287637604655e-12,2482de48d80db365a9509d90d89eae80a34468ddc892e1ef76a9b6fa936c932d,6884a101ee091620c0914563b59b96799171cda01a3fee1801821cd66c02a7a4,e59a07e298f494dfabec98777dde4b4b281008b8c1023ff27ca719af29e70919,3520198809550524054,6514763126334654834,32,False
unsb-reciprocal-bridge-kernel-deflection-v1,FoggyCityscapes,FoggyCityscapes__2519,2,0.74,2,0.8302452160331208,0.8302455688970929,0.9832760942434127,0.677214337822829,4.3359370538453845e-09,4.997339320134131e-09,4.3359370538453845e-09,4.453104551771503e-13,9.100421527463709e-10,1.421640583032513e-12,2482de48d80db365a9509d90d89eae80a34468ddc892e1ef76a9b6fa936c932d,6884a101ee091620c0914563b59b96799171cda01a3fee1801821cd66c02a7a4,e59a07e298f494dfabec98777dde4b4b281008b8c1023ff27ca719af29e70919,2357298443771134404,9035441590319742773,32,False
unsb-reciprocal-bridge-kernel-deflection-v1,FoggyCityscapes,FoggyCityscapes__2519,3,0.8600000000000001,2,0.9195758209417467,0.9195894687994073,1.0574311637573122,0.7817204781261813,6.210557668140382e-08,1.5814044250772596e-06,6.210557668140382e-08,1.0347278589506459e-13,6.771038618680336e-09,6.343814362708144e-13,2482de48d80db365a9509d90d89eae80a34468ddc892e1ef76a9b6fa936c932d,6884a101ee091620c0914563b59b96799171cda01a3fee1801821cd66c02a7a4,e59a07e298f494dfabec98777dde4b4b281008b8c1023ff27ca719af29e70919,1054835043097677317,544450975847707038,32,False
unsb-reciprocal-bridge-kernel-deflection-v1,FoggyCityscapes,FoggyCityscapes__3534,1,0.5,2,0.5236889114187346,0.5236866824422515,0.5701232316489151,0.47725459118855407,5.853716533721354e-08,1.7965879894887848e-09,5.853716533721354e-08,1.616484723854228e-13,3.0117111693428456e-08,2.9254376698872875e-13,2482de48d80db365a9509d90d89eae80a34468ddc892e1ef76a9b6fa936c932d,6884a101ee091620c0914563b59b96799171cda01a3fee1801821cd66c02a7a4,7aa625c08614927c988ee75137af116149a77af1e45f5438169d08c263aab231,3383986828734905582,8740798840942701820,32,False
unsb-reciprocal-bridge-kernel-deflection-v1,FoggyCityscapes,FoggyCityscapes__3534,2,0.74,2,0.6887158503804992,0.6887301373224552,0.7363832287658589,0.6410484719951395,3.156898988887491e-07,3.216595056976246e-08,3.156898988887491e-07,1.3777867735598193e-13,8.282377295110166e-08,5.601075159233915e-13,2482de48d80db365a9509d90d89eae80a34468ddc892e1ef76a9b6fa936c932d,6884a101ee091620c0914563b59b96799171cda01a3fee1801821cd66c02a7a4,7aa625c08614927c988ee75137af116149a77af1e45f5438169d08c263aab231,1703418760227335952,5435202212793484731,32,False
unsb-reciprocal-bridge-kernel-deflection-v1,FoggyCityscapes,FoggyCityscapes__3534,3,0.8600000000000001,2,0.7646910582915434,0.7646605857737978,0.7753280010377159,0.7540541155453708,2.125459308555122e-07,3.0356157776356696e-07,2.125459308555122e-07,1.1035616864774056e-13,3.2872946253981183e-08,5.689893001203927e-13,2482de48d80db365a9509d90d89eae80a34468ddc892e1ef76a9b6fa936c932d,6884a101ee091620c0914563b59b96799171cda01a3fee1801821cd66c02a7a4,7aa625c08614927c988ee75137af116149a77af1e45f5438169d08c263aab231,5733036966051957878,2677869345280146885,32,False
unsb-reciprocal-bridge-kernel-deflection-v1,FoggyCityscapes,FoggyCityscapes__1905,1,0.5,2,0.23868213400664068,0.23868411558386482,0.31223517730765005,0.1651290907056313,2.0799933109216795e-08,2.5937623160388057e-09,2.0799933109216795e-08,7.696066006701585e-13,1.243886282864537e-08,7.389644451905042e-13,2482de48d80db365a9509d90d89eae80a34468ddc892e1ef76a9b6fa936c932d,6884a101ee091620c0914563b59b96799171cda01a3fee1801821cd66c02a7a4,b94d2ed81d9c4071e3315d583a7fe2c4d13dc6a14000768fef2e7e6ba7aeabd9,806081861845892176,2249102967624371257,32,False
unsb-reciprocal-bridge-kernel-deflection-v1,FoggyCityscapes,FoggyCityscapes__1905,2,0.74,2,0.5224892788882763,0.5224924156085609,0.7477897577378485,0.2971888000387042,3.056553232738679e-09,1.4299666784012288e-08,3.056553232738679e-09,1.7739143487460751e-12,1.0141627537763043e-09,3.08575387464316e-12,2482de48d80db365a9509d90d89eae80a34468ddc892e1ef76a9b6fa936c932d,6884a101ee091620c0914563b59b96799171cda01a3fee1801821cd66c02a7a4,b94d2ed81d9c4071e3315d583a7fe2c4d13dc6a14000768fef2e7e6ba7aeabd9,76094729277201394,7236724268834081084,32,False
unsb-reciprocal-bridge-kernel-deflection-v1,FoggyCityscapes,FoggyCityscapes__1905,3,0.8600000000000001,2,0.722295707340856,0.722320261711004,1.0015668732063157,0.44302454147539627,3.612717245360386e-07,3.51583506752462e-08,3.612717245360386e-07,6.079359238242432e-12,6.674346142432341e-08,2.5805357850572364e-11,2482de48d80db365a9509d90d89eae80a34468ddc892e1ef76a9b6fa936c932d,6884a101ee091620c0914563b59b96799171cda01a3fee1801821cd66c02a7a4,b94d2ed81d9c4071e3315d583a7fe2c4d13dc6a14000768fef2e7e6ba7aeabd9,6220426193521659354,1586558460842292557,32,False
unsb-reciprocal-bridge-kernel-deflection-v1,FoggyCityscapes,FoggyCityscapes__3724,1,0.5,2,0.1516104430556482,0.15161147174313971,0.2084112326816996,0.0948096534295968,8.110323301835365e-09,2.3412809468936757e-09,8.110323301835365e-09,1.192379528447418e-13,5.433912653174389e-09,9.281464485866309e-14,2482de48d80db365a9509d90d89eae80a34468ddc892e1ef76a9b6fa936c932d,6884a101ee091620c0914563b59b96799171cda01a3fee1801821cd66c02a7a4,d1fab8305fa88f1b23bf7815e2e505031565f4ea54f0681bd899f82572d7c2a0,2340040134557379524,6830355019769701650,32,False
unsb-reciprocal-bridge-kernel-deflection-v1,FoggyCityscapes,FoggyCityscapes__3724,2,0.74,2,0.4329868799823816,0.43299217376333904,0.6814459611161907,0.1845277988485725,4.1581308174443166e-08,8.527345674025355e-08,4.1581308174443166e-08,2.9309887850104133e-12,1.5012487919463524e-08,3.333555653739495e-12,2482de48d80db365a9509d90d89eae80a34468ddc892e1ef76a9b6fa936c932d,6884a101ee091620c0914563b59b96799171cda01a3fee1801821cd66c02a7a4,d1fab8305fa88f1b23bf7815e2e505031565f4ea54f0681bd899f82572d7c2a0,812645125795833879,6222150761656020225,32,False
unsb-reciprocal-bridge-kernel-deflection-v1,FoggyCityscapes,FoggyCityscapes__3724,3,0.8600000000000001,2,0.6835291327469157,0.6835257088196717,1.0590290902246224,0.30802917526920903,3.795608471968137e-08,4.199981840091738e-08,3.795608471968137e-08,2.166156143346143e-12,6.9525210033560825e-09,6.599276680674393e-12,2482de48d80db365a9509d90d89eae80a34468ddc892e1ef76a9b6fa936c932d,6884a101ee091620c0914563b59b96799171cda01a3fee1801821cd66c02a7a4,d1fab8305fa88f1b23bf7815e2e505031565f4ea54f0681bd899f82572d7c2a0,7436112458144541903,5154908326388743844,32,False
unsb-reciprocal-bridge-kernel-deflection-v1,FoggyCityscapes,FoggyCityscapes__3443,1,0.5,2,0.7080800480718656,0.7080634090302795,0.6633133586320179,0.7528467375117134,1.1701854230050657e-07,2.9040885807241068e-08,1.1701854230050657e-07,2.6645352591003757e-14,6.079351311250036e-08,5.795364188543317e-14,2482de48d80db365a9509d90d89eae80a34468ddc892e1ef76a9b6fa936c932d,6884a101ee091620c0914563b59b96799171cda01a3fee1801821cd66c02a7a4,636a0d78a2dd712315565985f0dcbc92511c7b25891b3766b189c107e31419f9,6390576139545327670,2256388221111031932,32,False
unsb-reciprocal-bridge-kernel-deflection-v1,FoggyCityscapes,FoggyCityscapes__3443,2,0.74,2,0.8662781317097314,0.866271829655026,0.8318401849677222,0.9007160784517408,9.570157943894486e-08,8.514977065665619e-07,9.570157943894486e-08,5.3439475067307285e-12,2.1426168061999817e-08,2.4824919897525888e-11,2482de48d80db365a9509d90d89eae80a34468ddc892e1ef76a9b6fa936c932d,6884a101ee091620c0914563b59b96799171cda01a3fee1801821cd66c02a7a4,636a0d78a2dd712315565985f0dcbc92511c7b25891b3766b189c107e31419f9,6441685270321277194,435188909487770777,32,False
unsb-reciprocal-bridge-kernel-deflection-v1,FoggyCityscapes,FoggyCityscapes__3443,3,0.8600000000000001,2,0.9406248831576594,0.9406075557421167,0.9188820566930728,0.9623677096222459,6.642484816632432e-07,5.2345684453669605e-09,6.642484816632432e-07,5.998535002049721e-13,7.626138742722333e-08,5.166200800488241e-12,2482de48d80db365a9509d90d89eae80a34468ddc892e1ef76a9b6fa936c932d,6884a101ee091620c0914563b59b96799171cda01a3fee1801821cd66c02a7a4,636a0d78a2dd712315565985f0dcbc92511c7b25891b3766b189c107e31419f9,3570630651812304785,2645309260846481245,32,False
unsb-reciprocal-bridge-kernel-deflection-v1,FoggyCityscapes,FoggyCityscapes__1140,1,0.5,2,0.8056195504676862,0.8056288434277545,0.7478382396597105,0.8634008612756617,2.559043830174801e-07,1.5175705103676052e-06,2.559043830174801e-07,3.885780586188048e-13,1.0798347183094137e-07,8.781864124784988e-13,2482de48d80db365a9509d90d89eae80a34468ddc892e1ef76a9b6fa936c932d,6884a101ee091620c0914563b59b96799171cda01a3fee1801821cd66c02a7a4,5be0c458353ada9d010a588db262b3e464f3417e6f709b8b8e20b560be4b784a,4821486955860378667,2075174657617123632,32,False
unsb-reciprocal-bridge-kernel-deflection-v1,FoggyCityscapes,FoggyCityscapes__1140,2,0.74,2,0.9144589658191458,0.9144782246315137,0.8545923300312348,0.9743256016070566,2.7754018505632416e-07,8.023533176748643e-07,2.7754018505632416e-07,1.1576295477766507e-12,5.1944169410234053e-08,5.766720434507988e-12,2482de48d80db365a9509d90d89eae80a34468ddc892e1ef76a9b6fa936c932d,6884a101ee091620c0914563b59b96799171cda01a3fee1801821cd66c02a7a4,5be0c458353ada9d010a588db262b3e464f3417e6f709b8b8e20b560be4b784a,823115820543719388,8038606118630710383,32,False
unsb-reciprocal-bridge-kernel-deflection-v1,FoggyCityscapes,FoggyCityscapes__1140,3,0.8600000000000001,2,0.9575752599585896,0.9575033822408257,0.9274679444355812,0.987682575481598,6.923626816313089e-07,2.545775131368444e-06,6.923626816313089e-07,9.54014645060397e-13,6.863664669953806e-08,8.75899353047771e-12,2482de48d80db365a9509d90d89eae80a34468ddc892e1ef76a9b6fa936c932d,6884a101ee091620c0914563b59b96799171cda01a3fee1801821cd66c02a7a4,5be0c458353ada9d010a588db262b3e464f3417e6f709b8b8e20b560be4b784a,1447012162998127174,7035677315950607684,32,False
unsb-reciprocal-bridge-kernel-deflection-v1,FoggyCityscapes,FoggyCityscapes__3432,1,0.5,2,0.7114767332786448,0.7115051766633358,0.8435762555597895,0.5793772109975001,6.20020701447288e-10,8.131312700943027e-08,6.20020701447288e-10,5.593303598061539e-13,2.657923880988733e-10,1.1122214260694818e-12,2482de48d80db365a9509d90d89eae80a34468ddc892e1ef76a9b6fa936c932d,6884a101ee091620c0914563b59b96799171cda01a3fee1801821cd66c02a7a4,b823b3cf57e07cd1b9a0f89dd6d2df5603add37233200fb23c58a02440d6c32b,259482676394139703,5019378559485583388,32,False
unsb-reciprocal-bridge-kernel-deflection-v1,FoggyCityscapes,FoggyCityscapes__3432,2,0.74,2,0.8080637391847234,0.8079158925572854,0.9433463513936482,0.6727811269757985,7.576192340152943e-08,3.1433703784333744e-07,7.576192340152943e-08,2.512434704726729e-13,1.7417209341452633e-08,9.801048861390882e-13,2482de48d80db365a9509d90d89eae80a34468ddc892e1ef76a9b6fa936c932d,6884a101ee091620c0914563b59b96799171cda01a3fee1801821cd66c02a7a4,b823b3cf57e07cd1b9a0f89dd6d2df5603add37233200fb23c58a02440d6c32b,4333043565916440593,5042715787388488928,32,False
unsb-reciprocal-bridge-kernel-deflection-v1,FoggyCityscapes,FoggyCityscapes__3432,3,0.8600000000000001,2,0.8307155917782556,0.830720717355311,0.9180167870248145,0.7434143965316966,5.052411615746877e-07,2.488447326198795e-06,5.052411615746877e-07,6.761258219967203e-14,7.15291295083631e-08,4.43312053732825e-13,2482de48d80db365a9509d90d89eae80a34468ddc892e1ef76a9b6fa936c932d,6884a101ee091620c0914563b59b96799171cda01a3fee1801821cd66c02a7a4,b823b3cf57e07cd1b9a0f89dd6d2df5603add37233200fb23c58a02440d6c32b,8169227038377985607,7995594232708713256,32,False
unsb-reciprocal-bridge-kernel-deflection-v1,FoggyCityscapes,FoggyCityscapes__1778,1,0.5,2,0.5845592132729067,0.584550778744706,0.731810578786035,0.4373078477597786,2.8329906198720778e-08,1.4422070360176065e-07,2.8329906198720778e-08,2.262634524186069e-13,1.2940715943265957e-08,3.461675390781238e-13,2482de48d80db365a9509d90d89eae80a34468ddc892e1ef76a9b6fa936c932d,6884a101ee091620c0914563b59b96799171cda01a3fee1801821cd66c02a7a4,6286b735eb6acc1f6681c9e898353fc3768e36453e59f53177a9cd0bf262c883,3916183645973179352,7489607428184211205,32,False
unsb-reciprocal-bridge-kernel-deflection-v1,FoggyCityscapes,FoggyCityscapes__1778,2,0.74,2,0.7911415854891848,0.7911477636356303,0.9974943764483096,0.58478879453006,1.6859745866071307e-07,2.3107076474460087e-08,1.6859745866071307e-07,1.1093348462054564e-12,3.6271351477878966e-08,3.610889365290859e-12,2482de48d80db365a9509d90d89eae80a34468ddc892e1ef76a9b6fa936c932d,6884a101ee091620c0914563b59b96799171cda01a3fee1801821cd66c02a7a4,6286b735eb6acc1f6681c9e898353fc3768e36453e59f53177a9cd0bf262c883,3658731460149348726,5417277233057489948,32,False
unsb-reciprocal-bridge-kernel-deflection-v1,FoggyCityscapes,FoggyCityscapes__1778,3,0.8600000000000001,2,0.8764552253160571,0.8764557483071711,1.0452847850343252,0.7076256655977889,2.0084742513581944e-07,1.5074316206398208e-06,2.0084742513581944e-07,2.1449508835758024e-13,2.3450885233700092e-08,1.4945822357503857e-12,2482de48d80db365a9509d90d89eae80a34468ddc892e1ef76a9b6fa936c932d,6884a101ee091620c0914563b59b96799171cda01a3fee1801821cd66c02a7a4,6286b735eb6acc1f6681c9e898353fc3768e36453e59f53177a9cd0bf262c883,2767591819488168569,8354934116093182698,32,False
unsb-reciprocal-bridge-kernel-deflection-v1,FoggyCityscapes,FoggyCityscapes__1546,1,0.5,2,0.38322566474508896,0.3832919551029754,0.49743316683090455,0.26901816265927336,2.191024267572672e-07,5.53901196020945e-08,2.191024267572672e-07,2.3026025530725747e-13,1.2042667085765402e-07,2.8821389719269064e-13,2482de48d80db365a9509d90d89eae80a34468ddc892e1ef76a9b6fa936c932d,6884a101ee091620c0914563b59b96799171cda01a3fee1801821cd66c02a7a4,afab2c88c806b13cdee7462a83b985a56de7a1e80dbb2809ce2a9cce4f6fd61a,8423286826636680800,8348803287131965109,32,False
unsb-reciprocal-bridge-kernel-deflection-v1,FoggyCityscapes,FoggyCityscapes__1546,2,0.74,2,0.626573767347293,0.6266413742380617,0.857562285823319,0.395585248871267,8.53000634570833e-08,4.5050987140804466e-07,8.53000634570833e-08,7.216449660063518e-14,2.2450910464044682e-08,1.8496315590255108e-13,2482de48d80db365a9509d90d89eae80a34468ddc892e1ef76a9b6fa936c932d,6884a101ee091620c0914563b59b96799171cda01a3fee1801821cd66c02a7a4,afab2c88c806b13cdee7462a83b985a56de7a1e80dbb2809ce2a9cce4f6fd61a,8160507051651175729,219981466993988043,32,False
unsb-reciprocal-bridge-kernel-deflection-v1,FoggyCityscapes,FoggyCityscapes__1546,3,0.8600000000000001,2,0.7546622528318233,0.7546612648715869,0.9710688460898753,0.5382556595737713,2.3593001714505846e-06,1.391509104387012e-06,2.3593001714505846e-06,1.297850715786808e-12,3.3200360272100937e-07,6.643574579356937e-12,2482de48d80db365a9509d90d89eae80a34468ddc892e1ef76a9b6fa936c932d,6884a101ee091620c0914563b59b96799171cda01a3fee1801821cd66c02a7a4,afab2c88c806b13cdee7462a83b985a56de7a1e80dbb2809ce2a9cce4f6fd61a,448216570462020267,5021025117057353706,32,False
unsb-reciprocal-bridge-kernel-deflection-v1,FoggyCityscapes,FoggyCityscapes__0990,1,0.5,2,0.2564996364926285,0.25648246815224696,0.3170493569180888,0.19594991606716827,1.7304411015217624e-08,2.63214373630305e-07,1.7304411015217624e-08,1.0692557950164883e-12,1.0244112003121586e-08,1.0234035840994693e-12,2482de48d80db365a9509d90d89eae80a34468ddc892e1ef76a9b6fa936c932d,6884a101ee091620c0914563b59b96799171cda01a3fee1801821cd66c02a7a4,efabefaa148283f3ac48feae8fe0794e626bb9bd9ca54d2303a980d87b0de8d5,2242616454596528816,3612094597617500426,32,False
unsb-reciprocal-bridge-kernel-deflection-v1,FoggyCityscapes,FoggyCityscapes__0990,2,0.74,2,0.5009835721614968,0.5009724019742923,0.6532330513720923,0.3487340929509014,2.8906828819508235e-08,3.650587765413604e-08,2.8906828819508235e-08,1.8904877663317166e-12,8.947145246906985e-09,2.9557467584595543e-12,2482de48d80db365a9509d90d89eae80a34468ddc892e1ef76a9b6fa936c932d,6884a101ee091620c0914563b59b96799171cda01a3fee1801821cd66c02a7a4,efabefaa148283f3ac48feae8fe0794e626bb9bd9ca54d2303a980d87b0de8d5,1101028651224822992,1248331476111879641,32,False
unsb-reciprocal-bridge-kernel-deflection-v1,FoggyCityscapes,FoggyCityscapes__0990,3,0.8600000000000001,2,0.6725052825744213,0.6725511616281084,0.8355180474557681,0.5094925176930745,6.879192879782892e-07,1.3067627591123454e-07,6.879192879782892e-07,3.3881786265510527e-12,1.193727603432393e-07,9.932166200599113e-12,2482de48d80db365a9509d90d89eae80a34468ddc892e1ef76a9b6fa936c932d,6884a101ee091620c0914563b59b96799171cda01a3fee1801821cd66c02a7a4,efabefaa148283f3ac48feae8fe0794e626bb9bd9ca54d2303a980d87b0de8d5,4109028711032638770,7771566006629149131,32,False
unsb-reciprocal-bridge-kernel-deflection-v1,FoggyCityscapes,FoggyCityscapes__0242,1,0.5,2,0.5392669518365351,0.5392647436897925,0.6191002059686734,0.4594336977043967,4.3329268617497974e-08,2.607065184845325e-07,4.3329268617497974e-08,1.8129941992128806e-13,2.1384011894554078e-08,2.6900703886667543e-13,2482de48d80db365a9509d90d89eae80a34468ddc892e1ef76a9b6fa936c932d,6884a101ee091620c0914563b59b96799171cda01a3fee1801821cd66c02a7a4,a15ad6c9c651aa6efa44f25ab21dfd73f5f92d7157ebeb0d4038ab7dabd08b37,6423199452121259521,2854907284459662104,32,False
unsb-reciprocal-bridge-kernel-deflection-v1,FoggyCityscapes,FoggyCityscapes__0242,2,0.74,2,0.713516517230489,0.7135268510123078,0.8176995504191329,0.6093334840418452,3.1984659920603065e-08,2.803920096106083e-08,3.1984659920603065e-08,3.1907809727727e-13,7.957377423650769e-09,9.591216709736727e-13,2482de48d80db365a9509d90d89eae80a34468ddc892e1ef76a9b6fa936c932d,6884a101ee091620c0914563b59b96799171cda01a3fee1801821cd66c02a7a4,a15ad6c9c651aa6efa44f25ab21dfd73f5f92d7157ebeb0d4038ab7dabd08b37,9159332249672082642,6411497167392141699,32,False
unsb-reciprocal-bridge-kernel-deflection-v1,FoggyCityscapes,FoggyCityscapes__0242,3,0.8600000000000001,2,0.8017960014492491,0.8017756409954844,0.885969741730344,0.7176222611681543,1.95193184615583e-07,8.460173939184301e-08,1.95193184615583e-07,2.1804780203638074e-13,2.591931436146666e-08,1.4237500067793007e-12,2482de48d80db365a9509d90d89eae80a34468ddc892e1ef76a9b6fa936c932d,6884a101ee091620c0914563b59b96799171cda01a3fee1801821cd66c02a7a4,a15ad6c9c651aa6efa44f25ab21dfd73f5f92d7157ebeb0d4038ab7dabd08b37,928052619629484800,2212599215237197383,32,False
unsb-reciprocal-bridge-kernel-deflection-v1,FoggyCityscapes,FoggyCityscapes__3022,1,0.5,2,0.6697520343690304,0.6697108479351379,0.7490119489558991,0.5904921197821617,1.5716601287074639e-07,2.3025684769972798e-07,1.5716601287074639e-07,7.932543510946743e-13,6.735005453339937e-08,1.4364065492600275e-12,2482de48d80db365a9509d90d89eae80a34468ddc892e1ef76a9b6fa936c932d,6884a101ee091620c0914563b59b96799171cda01a3fee1801821cd66c02a7a4,8159fe48503f7e91344a8f96cfc8cc889d6f853ecb7b67a95e855c293983e8e2,3652992574153178195,8565934407986789122,32,False
unsb-reciprocal-bridge-kernel-deflection-v1,FoggyCityscapes,FoggyCityscapes__3022,2,0.74,2,0.7768713125146163,0.7767618949318206,0.8622286666852168,0.6915139583440157,2.412727249101465e-07,1.511903375828183e-06,2.412727249101465e-07,1.8141044222375058e-13,4.867823277798777e-08,5.873079800267078e-13,2482de48d80db365a9509d90d89eae80a34468ddc892e1ef76a9b6fa936c932d,6884a101ee091620c0914563b59b96799171cda01a3fee1801821cd66c02a7a4,8159fe48503f7e91344a8f96cfc8cc889d6f853ecb7b67a95e855c293983e8e2,1079958734587139858,1437486351412414658,32,False
unsb-reciprocal-bridge-kernel-deflection-v1,FoggyCityscapes,FoggyCityscapes__3022,3,0.8600000000000001,2,0.813465709920897,0.8135300525652752,0.8524297933682508,0.7745016264735431,4.059765978947638e-08,5.5995846404144345e-08,4.059765978947638e-08,2.4733548542599237e-12,4.89587026475391e-09,1.3252066111135719e-11,2482de48d80db365a9509d90d89eae80a34468ddc892e1ef76a9b6fa936c932d,6884a101ee091620c0914563b59b96799171cda01a3fee1801821cd66c02a7a4,8159fe48503f7e91344a8f96cfc8cc889d6f853ecb7b67a95e855c293983e8e2,1507927940243676063,2917552612438840787,32,False
unsb-reciprocal-bridge-kernel-deflection-v1,FoggyCityscapes,FoggyCityscapes__0615,1,0.5,2,0.820856252349549,0.8208483541337208,0.9638065768783473,0.6779059278207507,2.5823564619997796e-08,7.35324405143345e-07,2.5823564619997796e-08,1.2678746941219288e-13,9.163952929824859e-09,2.6068036618198676e-13,2482de48d80db365a9509d90d89eae80a34468ddc892e1ef76a9b6fa936c932d,6884a101ee091620c0914563b59b96799171cda01a3fee1801821cd66c02a7a4,f5f6b9620b4859cc2cd540853a17ff80541224bfc17d24fb57d91c1a905bf517,8698300838000650286,3451546543927253822,32,False
unsb-reciprocal-bridge-kernel-deflection-v1,FoggyCityscapes,FoggyCityscapes__0615,2,0.74,2,0.9263245679462297,0.9263190663763486,1.0756971972295652,0.7769519386628942,1.768170484806042e-06,2.08303044213487e-06,1.768170484806042e-06,2.3587798381186076e-12,2.840636135204022e-07,1.0092593427657448e-11,2482de48d80db365a9509d90d89eae80a34468ddc892e1ef76a9b6fa936c932d,6884a101ee091620c0914563b59b96799171cda01a3fee1801821cd66c02a7a4,f5f6b9620b4859cc2cd540853a17ff80541224bfc17d24fb57d91c1a905bf517,2758369396096935796,4682715797436741600,32,False
unsb-reciprocal-bridge-kernel-deflection-v1,FoggyCityscapes,FoggyCityscapes__0615,3,0.8600000000000001,2,0.9608583312644585,0.9608497018531914,1.0697186049770002,0.8519980575519168,1.3432716474692796e-06,1.119286060502489e-07,1.3432716474692796e-06,1.4355183708403274e-13,1.2507035207498518e-07,1.2465584120491258e-12,2482de48d80db365a9509d90d89eae80a34468ddc892e1ef76a9b6fa936c932d,6884a101ee091620c0914563b59b96799171cda01a3fee1801821cd66c02a7a4,f5f6b9620b4859cc2cd540853a17ff80541224bfc17d24fb57d91c1a905bf517,4063444256707344966,6671602652177101402,32,False
unsb-reciprocal-bridge-kernel-deflection-v1,FoggyCityscapes,FoggyCityscapes__3293,1,0.5,3,0.22671601943481723,0.22671040405896703,0.21667848239671783,0.23675355647291663,5.473760822383156e-08,1.4487713451138973e-07,5.473760822383156e-08,1.8207657603852567e-13,4.060680758311008e-08,1.9972912213006566e-13,2482de48d80db365a9509d90d89eae80a34468ddc892e1ef76a9b6fa936c932d,0192b87dbe3c50c7fdff7116c95fbcc502ae9035175f205835c21cf74066e19b,4df27851d62a7e0cda160155b11c71f3182bd8ef9f0475b34005d68a892e4715,2507542767385535672,7571683182661295596,32,False
unsb-reciprocal-bridge-kernel-deflection-v1,FoggyCityscapes,FoggyCityscapes__3293,2,0.74,3,0.46974599055144367,0.46974940425717765,0.42953023394406276,0.5099617471588246,1.017638901479323e-06,8.915359569483527e-07,1.017638901479323e-06,1.5769607841775724e-12,4.3230541224570374e-07,3.0008218132593356e-12,2482de48d80db365a9509d90d89eae80a34468ddc892e1ef76a9b6fa936c932d,0192b87dbe3c50c7fdff7116c95fbcc502ae9035175f205835c21cf74066e19b,4df27851d62a7e0cda160155b11c71f3182bd8ef9f0475b34005d68a892e4715,660873307570701009,7339490515332494760,32,False
unsb-reciprocal-bridge-kernel-deflection-v1,FoggyCityscapes,FoggyCityscapes__3293,3,0.8600000000000001,3,0.6822737234475525,0.6822738099725809,0.6248277437564509,0.7397197031386542,3.2442477282401683e-07,7.650208166953831e-08,3.2442477282401683e-07,9.480194407274212e-13,7.058305118157193e-08,3.9466208079375065e-12,2482de48d80db365a9509d90d89eae80a34468ddc892e1ef76a9b6fa936c932d,0192b87dbe3c50c7fdff7116c95fbcc502ae9035175f205835c21cf74066e19b,4df27851d62a7e0cda160155b11c71f3182bd8ef9f0475b34005d68a892e4715,1491262823427317657,5928589277420570373,32,False
unsb-reciprocal-bridge-kernel-deflection-v1,FoggyCityscapes,FoggyCityscapes__4011,1,0.5,3,0.19424994810551638,0.1942485954682499,0.18138717143566296,0.2071127247753698,1.1014929468533552e-07,5.801975104802182e-07,1.1014929468533552e-07,1.3988810110276972e-14,9.176221449358479e-08,1.5987211554602254e-14,2482de48d80db365a9509d90d89eae80a34468ddc892e1ef76a9b6fa936c932d,0192b87dbe3c50c7fdff7116c95fbcc502ae9035175f205835c21cf74066e19b,e54adc0bd4b262a456ab9b044466eff824b6fc005f18f4cb4b2f7b971cf8bfe0,4982291568009532379,348905905313085124,32,False
unsb-reciprocal-bridge-kernel-deflection-v1,FoggyCityscapes,FoggyCityscapes__4011,2,0.74,3,0.4101359173307565,0.41013478486801186,0.3577963801813395,0.46247545448017346,1.316896477421281e-07,3.1097292430004586e-07,1.316896477421281e-07,1.0658141036401503e-14,6.51035784171583e-08,2.2315482794965646e-14,2482de48d80db365a9509d90d89eae80a34468ddc892e1ef76a9b6fa936c932d,0192b87dbe3c50c7fdff7116c95fbcc502ae9035175f205835c21cf74066e19b,e54adc0bd4b262a456ab9b044466eff824b6fc005f18f4cb4b2f7b971cf8bfe0,8008435137501731944,1055585489095011442,32,False
unsb-reciprocal-bridge-kernel-deflection-v1,FoggyCityscapes,FoggyCityscapes__4011,3,0.8600000000000001,3,0.605469842094625,0.6054559685159048,0.5208389799429123,0.6901007042463377,1.6818527903694758e-08,4.227251138022581e-08,1.6818527903694758e-08,4.760414284987746e-12,4.1413873441698e-09,1.8889112496367488e-11,2482de48d80db365a9509d90d89eae80a34468ddc892e1ef76a9b6fa936c932d,0192b87dbe3c50c7fdff7116c95fbcc502ae9035175f205835c21cf74066e19b,e54adc0bd4b262a456ab9b044466eff824b6fc005f18f4cb4b2f7b971cf8bfe0,2778334570444822654,8731447958904064765,32,False
unsb-reciprocal-bridge-kernel-deflection-v1,FoggyCityscapes,FoggyCityscapes__0372,1,0.5,3,0.2859829826062157,0.28597998582047346,0.2507074156802229,0.32125854953220845,1.3817942789984272e-08,9.597226924284996e-08,1.3817942789984272e-08,6.490363801958665e-13,1.087261525256622e-08,6.218359160925502e-13,2482de48d80db365a9509d90d89eae80a34468ddc892e1ef76a9b6fa936c932d,0192b87dbe3c50c7fdff7116c95fbcc502ae9035175f205835c21cf74066e19b,7756d910a15c03e20b22c72db11a47dacb7ae74ec6e02303d9dce8b1d63507c9,4988730266966908204,6885332586683071942,32,False
unsb-reciprocal-bridge-kernel-deflection-v1,FoggyCityscapes,FoggyCityscapes__0372,2,0.74,3,0.5271100974034938,0.527110531812548,0.4317975612048637,0.6224226336021239,1.4220783794982594e-07,3.489847055782036e-08,1.4220783794982594e-07,1.1668443988810395e-13,5.6517055035953945e-08,2.844391389089651e-13,2482de48d80db365a9509d90d89eae80a34468ddc892e1ef76a9b6fa936c932d,0192b87dbe3c50c7fdff7116c95fbcc502ae9035175f205835c21cf74066e19b,7756d910a15c03e20b22c72db11a47dacb7ae74ec6e02303d9dce8b1d63507c9,550227556809923004,8590767704425710677,32,False
unsb-reciprocal-bridge-kernel-deflection-v1,FoggyCityscapes,FoggyCityscapes__0372,3,0.8600000000000001,3,0.6914605026826948,0.6914616871968081,0.5711438071684085,0.8117771981969811,1.151539086308162e-09,2.4710989698917274e-08,1.151539086308162e-09,1.468825061579082e-13,2.3959811912277473e-10,7.168710070004636e-13,2482de48d80db365a9509d90d89eae80a34468ddc892e1ef76a9b6fa936c932d,0192b87dbe3c50c7fdff7116c95fbcc502ae9035175f205835c21cf74066e19b,7756d910a15c03e20b22c72db11a47dacb7ae74ec6e02303d9dce8b1d63507c9,4701980107290094348,3104512214027194997,32,False
unsb-reciprocal-bridge-kernel-deflection-v1,FoggyCityscapes,FoggyCityscapes__2519,1,0.5,3,0.5505529026853718,0.5505496761493915,0.5133916465393945,0.5877141588313491,1.507715170490087e-07,7.506883354935212e-07,1.507715170490087e-07,7.390754674929667e-13,8.982873067608921e-08,1.1645129305293267e-12,2482de48d80db365a9509d90d89eae80a34468ddc892e1ef76a9b6fa936c932d,0192b87dbe3c50c7fdff7116c95fbcc502ae9035175f205835c21cf74066e19b,e59a07e298f494dfabec98777dde4b4b281008b8c1023ff27ca719af29e70919,3520198809550524054,6514763126334654834,32,False
unsb-reciprocal-bridge-kernel-deflection-v1,FoggyCityscapes,FoggyCityscapes__2519,2,0.74,3,0.7906331383404311,0.7906361894738345,0.7170069968497704,0.8642592798310919,4.3359370538453845e-09,4.997339320134131e-09,4.3359370538453845e-09,2.1960211427085596e-13,1.2330767518164976e-09,6.614708780716683e-13,2482de48d80db365a9509d90d89eae80a34468ddc892e1ef76a9b6fa936c932d,0192b87dbe3c50c7fdff7116c95fbcc502ae9035175f205835c21cf74066e19b,e59a07e298f494dfabec98777dde4b4b281008b8c1023ff27ca719af29e70919,2357298443771134404,9035441590319742773,32,False
unsb-reciprocal-bridge-kernel-deflection-v1,FoggyCityscapes,FoggyCityscapes__2519,3,0.8600000000000001,3,0.9275009084937411,0.9275248561056076,0.8254065068037679,1.0295953101837143,6.210557668140382e-08,1.5814044250772596e-06,6.210557668140382e-08,9.614531393253856e-14,8.792984340644239e-09,5.591083152012288e-13,2482de48d80db365a9509d90d89eae80a34468ddc892e1ef76a9b6fa936c932d,0192b87dbe3c50c7fdff7116c95fbcc502ae9035175f205835c21cf74066e19b,e59a07e298f494dfabec98777dde4b4b281008b8c1023ff27ca719af29e70919,1054835043097677317,544450975847707038,32,False
unsb-reciprocal-bridge-kernel-deflection-v1,FoggyCityscapes,FoggyCityscapes__3534,1,0.5,3,0.3956566069766225,0.395655590908668,0.34203206114846163,0.4492811528047834,5.853716533721354e-08,1.7965879894887848e-09,5.853716533721354e-08,8.992806499463768e-14,4.057006053326262e-08,1.219024881038422e-13,2482de48d80db365a9509d90d89eae80a34468ddc892e1ef76a9b6fa936c932d,0192b87dbe3c50c7fdff7116c95fbcc502ae9035175f205835c21cf74066e19b,7aa625c08614927c988ee75137af116149a77af1e45f5438169d08c263aab231,3383986828734905582,8740798840942701820,32,False
unsb-reciprocal-bridge-kernel-deflection-v1,FoggyCityscapes,FoggyCityscapes__3534,2,0.74,3,0.6062611330909122,0.6062666444324285,0.5023390640179792,0.7101832021638453,3.156898988887491e-07,3.216595056976246e-08,3.156898988887491e-07,1.7574830479816228e-13,1.0531691674309229e-07,4.618527782440651e-13,2482de48d80db365a9509d90d89eae80a34468ddc892e1ef76a9b6fa936c932d,0192b87dbe3c50c7fdff7116c95fbcc502ae9035175f205835c21cf74066e19b,7aa625c08614927c988ee75137af116149a77af1e45f5438169d08c263aab231,1703418760227335952,5435202212793484731,32,False
unsb-reciprocal-bridge-kernel-deflection-v1,FoggyCityscapes,FoggyCityscapes__3534,3,0.8600000000000001,3,0.7280701157260039,0.7280601194122384,0.614039834940626,0.8421003965113819,2.125459308555122e-07,3.0356157776356696e-07,2.125459308555122e-07,5.099254352103344e-13,4.0125387457123907e-08,2.3423485373541553e-12,2482de48d80db365a9509d90d89eae80a34468ddc892e1ef76a9b6fa936c932d,0192b87dbe3c50c7fdff7116c95fbcc502ae9035175f205835c21cf74066e19b,7aa625c08614927c988ee75137af116149a77af1e45f5438169d08c263aab231,5733036966051957878,2677869345280146885,32,False
unsb-reciprocal-bridge-kernel-deflection-v1,FoggyCityscapes,FoggyCityscapes__1905,1,0.5,3,0.1905921862936179,0.19059016633477388,0.16189363141997526,0.21929074116726055,2.0799933109216795e-08,2.5937623160388057e-09,2.0799933109216795e-08,4.367617378875366e-13,2.0000575862155756e-08,5.609956943430916e-13,2482de48d80db365a9509d90d89eae80a34468ddc892e1ef76a9b6fa936c932d,0192b87dbe3c50c7fdff7116c95fbcc502ae9035175f205835c21cf74066e19b,b94d2ed81d9c4071e3315d583a7fe2c4d13dc6a14000768fef2e7e6ba7aeabd9,806081861845892176,2249102967624371257,32,False
unsb-reciprocal-bridge-kernel-deflection-v1,FoggyCityscapes,FoggyCityscapes__1905,2,0.74,3,0.4414825164954227,0.44148008761311724,0.3332814014044735,0.5496836315863719,3.056553232738679e-09,1.4299666784012288e-08,3.056553232738679e-09,2.9486413311019533e-12,1.9511744442368695e-09,6.19004847379756e-12,2482de48d80db365a9509d90d89eae80a34468ddc892e1ef76a9b6fa936c932d,0192b87dbe3c50c7fdff7116c95fbcc502ae9035175f205835c21cf74066e19b,b94d2ed81d9c4071e3315d583a7fe2c4d13dc6a14000768fef2e7e6ba7aeabd9,76094729277201394,7236724268834081084,32,False
unsb-reciprocal-bridge-kernel-deflection-v1,FoggyCityscapes,FoggyCityscapes__1905,3,0.8600000000000001,3,0.6727344714534358,0.6727174198517405,0.5134558206839211,0.8320131222229505,3.612717245360386e-07,3.51583506752462e-08,3.612717245360386e-07,2.934763543294139e-12,1.1387273390894848e-07,1.1374901021099504e-11,2482de48d80db365a9509d90d89eae80a34468ddc892e1ef76a9b6fa936c932d,0192b87dbe3c50c7fdff7116c95fbcc502ae9035175f205835c21cf74066e19b,b94d2ed81d9c4071e3315d583a7fe2c4d13dc6a14000768fef2e7e6ba7aeabd9,6220426193521659354,1586558460842292557,32,False
unsb-reciprocal-bridge-kernel-deflection-v1,FoggyCityscapes,FoggyCityscapes__3724,1,0.5,3,0.13010463592201782,0.13010333926293782,0.11300219251624255,0.1472070793277931,8.114182881158172e-09,2.37534414360141e-09,8.110323301835365e-09,8.781864124784988e-14,8.114182881158172e-09,1.156852391659413e-13,2482de48d80db365a9509d90d89eae80a34468ddc892e1ef76a9b6fa936c932d,0192b87dbe3c50c7fdff7116c95fbcc502ae9035175f205835c21cf74066e19b,d1fab8305fa88f1b23bf7815e2e505031565f4ea54f0681bd899f82572d7c2a0,2340040134557379524,6830355019769701650,32,False
unsb-reciprocal-bridge-kernel-deflection-v1,FoggyCityscapes,FoggyCityscapes__3724,2,0.74,3,0.3464149799804044,0.3464115678258146,0.26066469198079534,0.4321652679800134,4.1581308174443166e-08,8.527345674025355e-08,4.1581308174443166e-08,2.5279778270714814e-12,3.04097509395973e-08,4.8366866067794945e-12,2482de48d80db365a9509d90d89eae80a34468ddc892e1ef76a9b6fa936c932d,0192b87dbe3c50c7fdff7116c95fbcc502ae9035175f205835c21cf74066e19b,d1fab8305fa88f1b23bf7815e2e505031565f4ea54f0681bd899f82572d7c2a0,812645125795833879,6222150761656020225,32,False
unsb-reciprocal-bridge-kernel-deflection-v1,FoggyCityscapes,FoggyCityscapes__3724,3,0.8600000000000001,3,0.6063481343275364,0.6063491559454628,0.4440510173279828,0.76864525132709,3.795608471968137e-08,4.199981840091738e-08,3.795608471968137e-08,2.045141833662001e-12,1.3279815247457805e-08,7.258527112696811e-12,2482de48d80db365a9509d90d89eae80a34468ddc892e1ef76a9b6fa936c932d,0192b87dbe3c50c7fdff7116c95fbcc502ae9035175f205835c21cf74066e19b,d1fab8305fa88f1b23bf7815e2e505031565f4ea54f0681bd899f82572d7c2a0,7436112458144541903,5154908326388743844,32,False
unsb-reciprocal-bridge-kernel-deflection-v1,FoggyCityscapes,FoggyCityscapes__3443,1,0.5,3,0.6562290802195181,0.6561878850993328,0.5512568559235494,0.7612013045154868,1.1701854230050657e-07,2.9040885807241068e-08,1.1701854230050657e-07,5.273559366969494e-13,6.36411860988062e-08,1.081912337497215e-12,2482de48d80db365a9509d90d89eae80a34468ddc892e1ef76a9b6fa936c932d,0192b87dbe3c50c7fdff7116c95fbcc502ae9035175f205835c21cf74066e19b,636a0d78a2dd712315565985f0dcbc92511c7b25891b3766b189c107e31419f9,6390576139545327670,2256388221111031932,32,False
unsb-reciprocal-bridge-kernel-deflection-v1,FoggyCityscapes,FoggyCityscapes__3443,2,0.74,3,0.813933202128996,0.8139208851162091,0.6535013527542566,0.9743650515037355,9.570157943894486e-08,8.514977065665619e-07,9.570157943894486e-08,4.179878665411252e-12,2.4334346204746282e-08,1.5901280292496267e-11,2482de48d80db365a9509d90d89eae80a34468ddc892e1ef76a9b6fa936c932d,0192b87dbe3c50c7fdff7116c95fbcc502ae9035175f205835c21cf74066e19b,636a0d78a2dd712315565985f0dcbc92511c7b25891b3766b189c107e31419f9,6441685270321277194,435188909487770777,32,False
unsb-reciprocal-bridge-kernel-deflection-v1,FoggyCityscapes,FoggyCityscapes__3443,3,0.8600000000000001,3,0.9009002970707324,0.9008602656211286,0.7346286644128148,1.06717192972865,6.642484816632432e-07,5.2345684453669605e-09,6.642484816632432e-07,4.82502926502093e-13,8.784025506969328e-08,3.2021052476238765e-12,2482de48d80db365a9509d90d89eae80a34468ddc892e1ef76a9b6fa936c932d,0192b87dbe3c50c7fdff7116c95fbcc502ae9035175f205835c21cf74066e19b,636a0d78a2dd712315565985f0dcbc92511c7b25891b3766b189c107e31419f9,3570630651812304785,2645309260846481245,32,False
unsb-reciprocal-bridge-kernel-deflection-v1,FoggyCityscapes,FoggyCityscapes__1140,1,0.5,3,0.8249112571085049,0.8249206398047204,0.807683360390709,0.8421391538263007,2.559043830174801e-07,1.5175705103676052e-06,2.559043830174801e-07,1.2712053631958042e-13,1.0954286899789167e-07,2.495781359357352e-13,2482de48d80db365a9509d90d89eae80a34468ddc892e1ef76a9b6fa936c932d,0192b87dbe3c50c7fdff7116c95fbcc502ae9035175f205835c21cf74066e19b,5be0c458353ada9d010a588db262b3e464f3417e6f709b8b8e20b560be4b784a,4821486955860378667,2075174657617123632,32,False
unsb-reciprocal-bridge-kernel-deflection-v1,FoggyCityscapes,FoggyCityscapes__1140,2,0.74,3,0.9309518190377588,0.9309689313946414,0.8809609050913708,0.9809427329841469,2.7754018505632416e-07,8.023533176748643e-07,2.7754018505632416e-07,3.5416114485542494e-13,5.665802349508198e-08,1.553424056055519e-12,2482de48d80db365a9509d90d89eae80a34468ddc892e1ef76a9b6fa936c932d,0192b87dbe3c50c7fdff7116c95fbcc502ae9035175f205835c21cf74066e19b,5be0c458353ada9d010a588db262b3e464f3417e6f709b8b8e20b560be4b784a,823115820543719388,8038606118630710383,32,False
unsb-reciprocal-bridge-kernel-deflection-v1,FoggyCityscapes,FoggyCityscapes__1140,3,0.8600000000000001,3,0.9925825578811407,0.9925195284560062,0.9197657089301964,1.065399406832085,6.923626816313089e-07,2.545775131368444e-06,6.923626816313089e-07,1.8829382497642655e-13,7.674760349463128e-08,1.4621637234313312e-12,2482de48d80db365a9509d90d89eae80a34468ddc892e1ef76a9b6fa936c932d,0192b87dbe3c50c7fdff7116c95fbcc502ae9035175f205835c21cf74066e19b,5be0c458353ada9d010a588db262b3e464f3417e6f709b8b8e20b560be4b784a,1447012162998127174,7035677315950607684,32,False
unsb-reciprocal-bridge-kernel-deflection-v1,FoggyCityscapes,FoggyCityscapes__3432,1,0.5,3,0.529252564270029,0.5292593288556495,0.45721016313536667,0.6012949654046912,6.20020701447288e-10,8.131312700943027e-08,6.20020701447288e-10,5.156985949383852e-13,4.0055314620701665e-10,7.717160244169463e-13,2482de48d80db365a9509d90d89eae80a34468ddc892e1ef76a9b6fa936c932d,0192b87dbe3c50c7fdff7116c95fbcc502ae9035175f205835c21cf74066e19b,b823b3cf57e07cd1b9a0f89dd6d2df5603add37233200fb23c58a02440d6c32b,259482676394139703,5019378559485583388,32,False
unsb-reciprocal-bridge-kernel-deflection-v1,FoggyCityscapes,FoggyCityscapes__3432,2,0.74,3,0.7046441223440638,0.7046108218696974,0.5946467425885994,0.8146415020995282,7.576192340152943e-08,3.1433703784333744e-07,7.576192340152943e-08,2.142730437526552e-14,2.342712634995081e-08,6.628031457012185e-14,2482de48d80db365a9509d90d89eae80a34468ddc892e1ef76a9b6fa936c932d,0192b87dbe3c50c7fdff7116c95fbcc502ae9035175f205835c21cf74066e19b,b823b3cf57e07cd1b9a0f89dd6d2df5603add37233200fb23c58a02440d6c32b,4333043565916440593,5042715787388488928,32,False
unsb-reciprocal-bridge-kernel-deflection-v1,FoggyCityscapes,FoggyCityscapes__3432,3,0.8600000000000001,3,0.7902345281859646,0.790235042236304,0.6794036597489689,0.9010653966229604,5.052411615746877e-07,2.488447326198795e-06,5.052411615746877e-07,1.0402789740737717e-13,9.132112155363359e-08,6.545874953189923e-13,2482de48d80db365a9509d90d89eae80a34468ddc892e1ef76a9b6fa936c932d,0192b87dbe3c50c7fdff7116c95fbcc502ae9035175f205835c21cf74066e19b,b823b3cf57e07cd1b9a0f89dd6d2df5603add37233200fb23c58a02440d6c32b,8169227038377985607,7995594232708713256,32,False
unsb-reciprocal-bridge-kernel-deflection-v1,FoggyCityscapes,FoggyCityscapes__1778,1,0.5,3,0.46205785717717546,0.4620674789657819,0.4134404765096493,0.5106752378447016,2.8329906198720778e-08,1.4422070360176065e-07,2.8329906198720778e-08,1.3733458814613186e-13,1.86962036963223e-08,2.0394796962364126e-13,2482de48d80db365a9509d90d89eae80a34468ddc892e1ef76a9b6fa936c932d,0192b87dbe3c50c7fdff7116c95fbcc502ae9035175f205835c21cf74066e19b,6286b735eb6acc1f6681c9e898353fc3768e36453e59f53177a9cd0bf262c883,3916183645973179352,7489607428184211205,32,False
unsb-reciprocal-bridge-kernel-deflection-v1,FoggyCityscapes,FoggyCityscapes__1778,2,0.74,3,0.7238126126793645,0.7237977538329337,0.6255312403844204,0.8220939849743086,1.6859745866071307e-07,2.3107076474460087e-08,1.6859745866071307e-07,7.0921046813055e-13,5.2452639787148314e-08,1.928901482983747e-12,2482de48d80db365a9509d90d89eae80a34468ddc892e1ef76a9b6fa936c932d,0192b87dbe3c50c7fdff7116c95fbcc502ae9035175f205835c21cf74066e19b,6286b735eb6acc1f6681c9e898353fc3768e36453e59f53177a9cd0bf262c883,3658731460149348726,5417277233057489948,32,False
unsb-reciprocal-bridge-kernel-deflection-v1,FoggyCityscapes,FoggyCityscapes__1778,3,0.8600000000000001,3,0.8621842850774759,0.8621755528146358,0.7604414467587995,0.9639271233961524,2.0084742513581944e-07,1.5074316206398208e-06,2.0084742513581944e-07,4.214406601477094e-13,3.0188581190415675e-08,2.4293900224847675e-12,2482de48d80db365a9509d90d89eae80a34468ddc892e1ef76a9b6fa936c932d,0192b87dbe3c50c7fdff7116c95fbcc502ae9035175f205835c21cf74066e19b,6286b735eb6acc1f6681c9e898353fc3768e36453e59f53177a9cd0bf262c883,2767591819488168569,8354934116093182698,32,False
unsb-reciprocal-bridge-kernel-deflection-v1,FoggyCityscapes,FoggyCityscapes__1546,1,0.5,3,0.30089225569488726,0.30090878177546754,0.25986994463363366,0.34191456675614085,2.191024267572672e-07,5.53901196020945e-08,2.191024267572672e-07,4.873879078104437e-14,1.7839524357743386e-07,6.439293542825908e-14,2482de48d80db365a9509d90d89eae80a34468ddc892e1ef76a9b6fa936c932d,0192b87dbe3c50c7fdff7116c95fbcc502ae9035175f205835c21cf74066e19b,afab2c88c806b13cdee7462a83b985a56de7a1e80dbb2809ce2a9cce4f6fd61a,8423286826636680800,8348803287131965109,32,False
unsb-reciprocal-bridge-kernel-deflection-v1,FoggyCityscapes,FoggyCityscapes__1546,2,0.74,3,0.5599553103133144,0.5599622625795471,0.4453447698264509,0.6745658508001777,8.53000634570833e-08,4.5050987140804466e-07,8.53000634570833e-08,2.8477220581635265e-13,3.52570642681016e-08,7.982503547054876e-13,2482de48d80db365a9509d90d89eae80a34468ddc892e1ef76a9b6fa936c932d,0192b87dbe3c50c7fdff7116c95fbcc502ae9035175f205835c21cf74066e19b,afab2c88c806b13cdee7462a83b985a56de7a1e80dbb2809ce2a9cce4f6fd61a,8160507051651175729,219981466993988043,32,False
unsb-reciprocal-bridge-kernel-deflection-v1,FoggyCityscapes,FoggyCityscapes__1546,3,0.8600000000000001,3,0.7379683157436618,0.7379683312451076,0.5956999323475951,0.8802366991397285,2.3593001714505846e-06,1.391509104387012e-06,2.3593001714505846e-06,8.58424442640171e-13,4.6125813268904636e-07,4.852118706821784e-12,2482de48d80db365a9509d90d89eae80a34468ddc892e1ef76a9b6fa936c932d,0192b87dbe3c50c7fdff7116c95fbcc502ae9035175f205835c21cf74066e19b,afab2c88c806b13cdee7462a83b985a56de7a1e80dbb2809ce2a9cce4f6fd61a,448216570462020267,5021025117057353706,32,False
unsb-reciprocal-bridge-kernel-deflection-v1,FoggyCityscapes,FoggyCityscapes__0990,1,0.5,3,0.21240014305148114,0.21239737611932663,0.19196104865236896,0.23283923745059332,1.7304411015217624e-08,2.63214373630305e-07,1.7304411015217624e-08,7.590594819362195e-13,1.3918716401661868e-08,8.346656699131927e-13,2482de48d80db365a9509d90d89eae80a34468ddc892e1ef76a9b6fa936c932d,0192b87dbe3c50c7fdff7116c95fbcc502ae9035175f205835c21cf74066e19b,efabefaa148283f3ac48feae8fe0794e626bb9bd9ca54d2303a980d87b0de8d5,2242616454596528816,3612094597617500426,32,False
unsb-reciprocal-bridge-kernel-deflection-v1,FoggyCityscapes,FoggyCityscapes__0990,2,0.74,3,0.4425126858869896,0.44251072846139183,0.3732528122533656,0.5117725595206136,2.8906828819508235e-08,3.650587765413604e-08,2.8906828819508235e-08,5.612177389480166e-13,1.3643836616061833e-08,1.042055330913172e-12,2482de48d80db365a9509d90d89eae80a34468ddc892e1ef76a9b6fa936c932d,0192b87dbe3c50c7fdff7116c95fbcc502ae9035175f205835c21cf74066e19b,efabefaa148283f3ac48feae8fe0794e626bb9bd9ca54d2303a980d87b0de8d5,1101028651224822992,1248331476111879641,32,False
unsb-reciprocal-bridge-kernel-deflection-v1,FoggyCityscapes,FoggyCityscapes__0990,3,0.8600000000000001,3,0.6385524109548153,0.6385591225372436,0.5401437020551223,0.7369611198545083,6.879192879782892e-07,1.3067627591123454e-07,6.879192879782892e-07,3.447020446856186e-12,1.6830376081689025e-07,1.3276491017677472e-11,2482de48d80db365a9509d90d89eae80a34468ddc892e1ef76a9b6fa936c932d,0192b87dbe3c50c7fdff7116c95fbcc502ae9035175f205835c21cf74066e19b,efabefaa148283f3ac48feae8fe0794e626bb9bd9ca54d2303a980d87b0de8d5,4109028711032638770,7771566006629149131,32,False
unsb-reciprocal-bridge-kernel-deflection-v1,FoggyCityscapes,FoggyCityscapes__0242,1,0.5,3,0.48494818853752775,0.484948800449299,0.45787795179016244,0.512018425284893,4.3329268617497974e-08,2.607065184845325e-07,4.3329268617497974e-08,2.1094237467877974e-13,2.5875627640559173e-08,2.852162950262027e-13,2482de48d80db365a9509d90d89eae80a34468ddc892e1ef76a9b6fa936c932d,0192b87dbe3c50c7fdff7116c95fbcc502ae9035175f205835c21cf74066e19b,a15ad6c9c651aa6efa44f25ab21dfd73f5f92d7157ebeb0d4038ab7dabd08b37,6423199452121259521,2854907284459662104,32,False
unsb-reciprocal-bridge-kernel-deflection-v1,FoggyCityscapes,FoggyCityscapes__0242,2,0.74,3,0.711211022521791,0.7112085102839041,0.6569252677913828,0.7654967772521992,3.1984659920603065e-08,2.803920096106083e-08,3.1984659920603065e-08,7.598366380534571e-13,9.437203574158559e-09,2.071454119345617e-12,2482de48d80db365a9509d90d89eae80a34468ddc892e1ef76a9b6fa936c932d,0192b87dbe3c50c7fdff7116c95fbcc502ae9035175f205835c21cf74066e19b,a15ad6c9c651aa6efa44f25ab21dfd73f5f92d7157ebeb0d4038ab7dabd08b37,9159332249672082642,6411497167392141699,32,False
unsb-reciprocal-bridge-kernel-deflection-v1,FoggyCityscapes,FoggyCityscapes__0242,3,0.8600000000000001,3,0.8472932167381126,0.8473115126050855,0.787371142704522,0.9072152907717032,1.95193184615583e-07,8.460173939184301e-08,1.95193184615583e-07,2.2870594307278225e-14,3.007026816437275e-08,1.1901590823981678e-13,2482de48d80db365a9509d90d89eae80a34468ddc892e1ef76a9b6fa936c932d,0192b87dbe3c50c7fdff7116c95fbcc502ae9035175f205835c21cf74066e19b,a15ad6c9c651aa6efa44f25ab21dfd73f5f92d7157ebeb0d4038ab7dabd08b37,928052619629484800,2212599215237197383,32,False
unsb-reciprocal-bridge-kernel-deflection-v1,FoggyCityscapes,FoggyCityscapes__3022,1,0.5,3,0.5115358242750709,0.5115122822214871,0.47250984228364523,0.5505618062664965,1.5716601287074639e-07,2.3025684769972798e-07,1.5716601287074639e-07,2.537969834293108e-13,9.004466261508526e-08,3.9013237085328e-13,2482de48d80db365a9509d90d89eae80a34468ddc892e1ef76a9b6fa936c932d,0192b87dbe3c50c7fdff7116c95fbcc502ae9035175f205835c21cf74066e19b,8159fe48503f7e91344a8f96cfc8cc889d6f853ecb7b67a95e855c293983e8e2,3652992574153178195,8565934407986789122,32,False
unsb-reciprocal-bridge-kernel-deflection-v1,FoggyCityscapes,FoggyCityscapes__3022,2,0.74,3,0.6903102149277883,0.6902423392771215,0.6299490349961974,0.7506713948593793,2.412727249101465e-07,1.511903375828183e-06,2.412727249101465e-07,1.0563772079308364e-12,6.49028196741952e-08,3.176570118057498e-12,2482de48d80db365a9509d90d89eae80a34468ddc892e1ef76a9b6fa936c932d,0192b87dbe3c50c7fdff7116c95fbcc502ae9035175f205835c21cf74066e19b,8159fe48503f7e91344a8f96cfc8cc889d6f853ecb7b67a95e855c293983e8e2,1079958734587139858,1437486351412414658,32,False
unsb-reciprocal-bridge-kernel-deflection-v1,FoggyCityscapes,FoggyCityscapes__3022,3,0.8600000000000001,3,0.7727482076731327,0.7727883917920806,0.719559272568238,0.8259371427780272,4.059765978947638e-08,5.5995846404144345e-08,4.059765978947638e-08,3.502753642692369e-12,6.035291044703683e-09,2.0464407946008123e-11,2482de48d80db365a9509d90d89eae80a34468ddc892e1ef76a9b6fa936c932d,0192b87dbe3c50c7fdff7116c95fbcc502ae9035175f205835c21cf74066e19b,8159fe48503f7e91344a8f96cfc8cc889d6f853ecb7b67a95e855c293983e8e2,1507927940243676063,2917552612438840787,32,False
unsb-reciprocal-bridge-kernel-deflection-v1,FoggyCityscapes,FoggyCityscapes__0615,1,0.5,3,0.5841624811735664,0.5841512872962977,0.47043851994194097,0.6978864424051918,2.5823564619997796e-08,7.35324405143345e-07,2.5823564619997796e-08,4.0800696154974503e-13,1.4640808232435631e-08,7.087663789206999e-13,2482de48d80db365a9509d90d89eae80a34468ddc892e1ef76a9b6fa936c932d,0192b87dbe3c50c7fdff7116c95fbcc502ae9035175f205835c21cf74066e19b,f5f6b9620b4859cc2cd540853a17ff80541224bfc17d24fb57d91c1a905bf517,8698300838000650286,3451546543927253822,32,False
unsb-reciprocal-bridge-kernel-deflection-v1,FoggyCityscapes,FoggyCityscapes__0615,2,0.74,3,0.8068725485859092,0.8068604841681297,0.6370932768817638,0.9766518202900547,1.768170484806042e-06,2.08303044213487e-06,1.768170484806042e-06,1.3945511412316591e-12,4.1829392483094807e-07,4.842903855717395e-12,2482de48d80db365a9509d90d89eae80a34468ddc892e1ef76a9b6fa936c932d,0192b87dbe3c50c7fdff7116c95fbcc502ae9035175f205835c21cf74066e19b,f5f6b9620b4859cc2cd540853a17ff80541224bfc17d24fb57d91c1a905bf517,2758369396096935796,4682715797436741600,32,False
unsb-reciprocal-bridge-kernel-deflection-v1,FoggyCityscapes,FoggyCityscapes__0615,3,0.8600000000000001,3,0.9107504975033369,0.9107331270475497,0.7507215691334861,1.0707794258731878,1.3432716474692796e-06,1.119286060502489e-07,1.3432716474692796e-06,9.625633623500107e-14,1.557171693811199e-07,6.989964163039986e-13,2482de48d80db365a9509d90d89eae80a34468ddc892e1ef76a9b6fa936c932d,0192b87dbe3c50c7fdff7116c95fbcc502ae9035175f205835c21cf74066e19b,f5f6b9620b4859cc2cd540853a17ff80541224bfc17d24fb57d91c1a905bf517,4063444256707344966,6671602652177101402,32,False
unsb-reciprocal-bridge-kernel-deflection-v1,FoggyCityscapes,FoggyCityscapes__3293,1,0.5,4,0.1970303277897958,0.19704564685117082,0.1733291689841625,0.22073148659542907,5.473760822383156e-08,1.4487713451138973e-07,5.473760822383156e-08,2.2870594307278225e-14,4.31535377432013e-08,2.7977620220553945e-14,2482de48d80db365a9509d90d89eae80a34468ddc892e1ef76a9b6fa936c932d,87e0907a1706a88da18af7c2a84183029ca05d0e81a1556134824fbc3bc0bbd2,4df27851d62a7e0cda160155b11c71f3182bd8ef9f0475b34005d68a892e4715,2507542767385535672,7571683182661295596,32,False
unsb-reciprocal-bridge-kernel-deflection-v1,FoggyCityscapes,FoggyCityscapes__3293,2,0.74,4,0.43627168292402146,0.4362614886205804,0.35662330717714086,0.5159200586709021,1.017638901479323e-06,8.915359569483527e-07,1.017638901479323e-06,8.08242361927114e-13,4.660169461434549e-07,1.7579271371914729e-12,2482de48d80db365a9509d90d89eae80a34468ddc892e1ef76a9b6fa936c932d,87e0907a1706a88da18af7c2a84183029ca05d0e81a1556134824fbc3bc0bbd2,4df27851d62a7e0cda160155b11c71f3182bd8ef9f0475b34005d68a892e4715,660873307570701009,7339490515332494760,32,False
unsb-reciprocal-bridge-kernel-deflection-v1,FoggyCityscapes,FoggyCityscapes__3293,3,0.8600000000000001,4,0.6461055310204651,0.6461175747353651,0.5565508962623708,0.7356601657785595,3.2442477282401683e-07,7.650208166953831e-08,3.2442477282401683e-07,1.3011813848606835e-13,7.367801369007054e-08,5.595524044110789e-13,2482de48d80db365a9509d90d89eae80a34468ddc892e1ef76a9b6fa936c932d,87e0907a1706a88da18af7c2a84183029ca05d0e81a1556134824fbc3bc0bbd2,4df27851d62a7e0cda160155b11c71f3182bd8ef9f0475b34005d68a892e4715,1491262823427317657,5928589277420570373,32,False
unsb-reciprocal-bridge-kernel-deflection-v1,FoggyCityscapes,FoggyCityscapes__4011,1,0.5,4,0.1507232525085636,0.15072294198470798,0.1270515099645696,0.17439499505255762,1.1095412866257703e-07,5.844699979551393e-07,1.1014929468533552e-07,3.774758283725532e-15,1.1095412866257703e-07,5.10702591327572e-15,2482de48d80db365a9509d90d89eae80a34468ddc892e1ef76a9b6fa936c932d,87e0907a1706a88da18af7c2a84183029ca05d0e81a1556134824fbc3bc0bbd2,e54adc0bd4b262a456ab9b044466eff824b6fc005f18f4cb4b2f7b971cf8bfe0,4982291568009532379,348905905313085124,32,False
unsb-reciprocal-bridge-kernel-deflection-v1,FoggyCityscapes,FoggyCityscapes__4011,2,0.74,4,0.3546137360132952,0.3546142090829547,0.24978603903076924,0.4594414329958212,1.316896477421281e-07,3.1097292430004586e-07,1.316896477421281e-07,6.52811138479592e-14,8.15727674297051e-08,9.85878045867139e-14,2482de48d80db365a9509d90d89eae80a34468ddc892e1ef76a9b6fa936c932d,87e0907a1706a88da18af7c2a84183029ca05d0e81a1556134824fbc3bc0bbd2,e54adc0bd4b262a456ab9b044466eff824b6fc005f18f4cb4b2f7b971cf8bfe0,8008435137501731944,1055585489095011442,32,False
unsb-reciprocal-bridge-kernel-deflection-v1,FoggyCityscapes,FoggyCityscapes__4011,3,0.8600000000000001,4,0.5559102072728968,0.5559114049504184,0.39792602550125566,0.713894389044538,1.6818527903694758e-08,4.227251138022581e-08,1.6818527903694758e-08,1.7319479184152442e-12,4.881033577319727e-09,5.446532114206093e-12,2482de48d80db365a9509d90d89eae80a34468ddc892e1ef76a9b6fa936c932d,87e0907a1706a88da18af7c2a84183029ca05d0e81a1556134824fbc3bc0bbd2,e54adc0bd4b262a456ab9b044466eff824b6fc005f18f4cb4b2f7b971cf8bfe0,2778334570444822654,8731447958904064765,32,False
unsb-reciprocal-bridge-kernel-deflection-v1,FoggyCityscapes,FoggyCityscapes__0372,1,0.5,4,0.2328458646511602,0.23284713560831466,0.18065302534797478,0.2850387039543456,1.3817942789984272e-08,9.597226924284996e-08,1.3817942789984272e-08,3.4983127505938683e-13,1.2636684365574524e-08,4.718447854656915e-13,2482de48d80db365a9509d90d89eae80a34468ddc892e1ef76a9b6fa936c932d,87e0907a1706a88da18af7c2a84183029ca05d0e81a1556134824fbc3bc0bbd2,7756d910a15c03e20b22c72db11a47dacb7ae74ec6e02303d9dce8b1d63507c9,4988730266966908204,6885332586683071942,32,False
unsb-reciprocal-bridge-kernel-deflection-v1,FoggyCityscapes,FoggyCityscapes__0372,2,0.74,4,0.48406693704948,0.4840668228640328,0.32453812399932347,0.6435957500996365,1.4220783794982594e-07,3.489847055782036e-08,1.4220783794982594e-07,3.275157922644212e-14,6.442955480245871e-08,9.348077867343818e-14,2482de48d80db365a9509d90d89eae80a34468ddc892e1ef76a9b6fa936c932d,87e0907a1706a88da18af7c2a84183029ca05d0e81a1556134824fbc3bc0bbd2,7756d910a15c03e20b22c72db11a47dacb7ae74ec6e02303d9dce8b1d63507c9,550227556809923004,8590767704425710677,32,False
unsb-reciprocal-bridge-kernel-deflection-v1,FoggyCityscapes,FoggyCityscapes__0372,3,0.8600000000000001,4,0.6603682627752789,0.6603673976282018,0.4756386154230552,0.8450979101275028,1.151539086308162e-09,2.4710989698917274e-08,1.151539086308162e-09,1.326716514427062e-13,2.569545687336472e-10,7.894795928109488e-13,2482de48d80db365a9509d90d89eae80a34468ddc892e1ef76a9b6fa936c932d,87e0907a1706a88da18af7c2a84183029ca05d0e81a1556134824fbc3bc0bbd2,7756d910a15c03e20b22c72db11a47dacb7ae74ec6e02303d9dce8b1d63507c9,4701980107290094348,3104512214027194997,32,False
unsb-reciprocal-bridge-kernel-deflection-v1,FoggyCityscapes,FoggyCityscapes__2519,1,0.5,4,0.5230411182391329,0.5230393524056212,0.4649154082974749,0.5811668281807909,1.507715170490087e-07,7.506883354935212e-07,1.507715170490087e-07,5.002664948960955e-13,9.341541895580008e-08,9.134915046615788e-13,2482de48d80db365a9509d90d89eae80a34468ddc892e1ef76a9b6fa936c932d,87e0907a1706a88da18af7c2a84183029ca05d0e81a1556134824fbc3bc0bbd2,e59a07e298f494dfabec98777dde4b4b281008b8c1023ff27ca719af29e70919,3520198809550524054,6514763126334654834,32,False
unsb-reciprocal-bridge-kernel-deflection-v1,FoggyCityscapes,FoggyCityscapes__2519,2,0.74,4,0.7710643512712451,0.7710652979794278,0.6775184393728542,0.864610263169636,4.3359370538453845e-09,4.997339320134131e-09,4.3359370538453845e-09,5.084821452783217e-14,1.2606333754661136e-09,2.2115642650533118e-13,2482de48d80db365a9509d90d89eae80a34468ddc892e1ef76a9b6fa936c932d,87e0907a1706a88da18af7c2a84183029ca05d0e81a1556134824fbc3bc0bbd2,e59a07e298f494dfabec98777dde4b4b281008b8c1023ff27ca719af29e70919,2357298443771134404,9035441590319742773,32,False
unsb-reciprocal-bridge-kernel-deflection-v1,FoggyCityscapes,FoggyCityscapes__2519,3,0.8600000000000001,4,0.8961693599844509,0.8961788800218679,0.798729445122335,0.9936092748465667,6.210557668140382e-08,1.5814044250772596e-06,6.210557668140382e-08,3.042011087472929e-14,8.911321680571405e-09,2.416955524608966e-13,2482de48d80db365a9509d90d89eae80a34468ddc892e1ef76a9b6fa936c932d,87e0907a1706a88da18af7c2a84183029ca05d0e81a1556134824fbc3bc0bbd2,e59a07e298f494dfabec98777dde4b4b281008b8c1023ff27ca719af29e70919,1054835043097677317,544450975847707038,32,False
unsb-reciprocal-bridge-kernel-deflection-v1,FoggyCityscapes,FoggyCityscapes__3534,1,0.5,4,0.3217008685819339,0.321700804911893,0.2461424362643847,0.39725930089948314,5.853716533721354e-08,1.7965879894887848e-09,5.853716533721354e-08,4.551914400963142e-14,4.588310642539284e-08,6.217248937900877e-14,2482de48d80db365a9509d90d89eae80a34468ddc892e1ef76a9b6fa936c932d,87e0907a1706a88da18af7c2a84183029ca05d0e81a1556134824fbc3bc0bbd2,7aa625c08614927c988ee75137af116149a77af1e45f5438169d08c263aab231,3383986828734905582,8740798840942701820,32,False
unsb-reciprocal-bridge-kernel-deflection-v1,FoggyCityscapes,FoggyCityscapes__3534,2,0.74,4,0.5347263576902459,0.5347252314284537,0.38359509512931556,0.6858576202511761,3.156898988887491e-07,3.216595056976246e-08,3.156898988887491e-07,4.1522341120980855e-14,1.1909208619265144e-07,1.1834977442504169e-13,2482de48d80db365a9509d90d89eae80a34468ddc892e1ef76a9b6fa936c932d,87e0907a1706a88da18af7c2a84183029ca05d0e81a1556134824fbc3bc0bbd2,7aa625c08614927c988ee75137af116149a77af1e45f5438169d08c263aab231,1703418760227335952,5435202212793484731,32,False
unsb-reciprocal-bridge-kernel-deflection-v1,FoggyCityscapes,FoggyCityscapes__3534,3,0.8600000000000001,4,0.6533992435036444,0.6534072695197634,0.5196615456576321,0.7871369413496567,2.125459308555122e-07,3.0356157776356696e-07,2.125459308555122e-07,1.7252865802674933e-13,4.322456415017939e-08,6.615819003741308e-13,2482de48d80db365a9509d90d89eae80a34468ddc892e1ef76a9b6fa936c932d,87e0907a1706a88da18af7c2a84183029ca05d0e81a1556134824fbc3bc0bbd2,7aa625c08614927c988ee75137af116149a77af1e45f5438169d08c263aab231,5733036966051957878,2677869345280146885,32,False
unsb-reciprocal-bridge-kernel-deflection-v1,FoggyCityscapes,FoggyCityscapes__1905,1,0.5,4,0.1522634949241452,0.15226083695521642,0.11168658848141544,0.19284040136687497,2.399390774954213e-08,2.9960635083980947e-09,2.0799933109216795e-08,6.994405055138486e-15,2.399390774954213e-08,1.099120794378905e-14,2482de48d80db365a9509d90d89eae80a34468ddc892e1ef76a9b6fa936c932d,87e0907a1706a88da18af7c2a84183029ca05d0e81a1556134824fbc3bc0bbd2,b94d2ed81d9c4071e3315d583a7fe2c4d13dc6a14000768fef2e7e6ba7aeabd9,806081861845892176,2249102967624371257,32,False
unsb-reciprocal-bridge-kernel-deflection-v1,FoggyCityscapes,FoggyCityscapes__1905,2,0.74,4,0.4234847701839855,0.4234823659080117,0.2372126324127144,0.6097569079552566,3.056553232738679e-09,1.4299666784012288e-08,3.056553232738679e-09,6.158407117595743e-13,2.5942008541335326e-09,1.5356604876615165e-12,2482de48d80db365a9509d90d89eae80a34468ddc892e1ef76a9b6fa936c932d,87e0907a1706a88da18af7c2a84183029ca05d0e81a1556134824fbc3bc0bbd2,b94d2ed81d9c4071e3315d583a7fe2c4d13dc6a14000768fef2e7e6ba7aeabd9,76094729277201394,7236724268834081084,32,False
unsb-reciprocal-bridge-kernel-deflection-v1,FoggyCityscapes,FoggyCityscapes__1905,3,0.8600000000000001,4,0.679914223680524,0.6799045912720811,0.39572252971776767,0.9641059176432805,3.612717245360386e-07,3.51583506752462e-08,3.612717245360386e-07,9.648948307017235e-13,1.3861289893668527e-07,4.960365451722737e-12,2482de48d80db365a9509d90d89eae80a34468ddc892e1ef76a9b6fa936c932d,87e0907a1706a88da18af7c2a84183029ca05d0e81a1556134824fbc3bc0bbd2,b94d2ed81d9c4071e3315d583a7fe2c4d13dc6a14000768fef2e7e6ba7aeabd9,6220426193521659354,1586558460842292557,32,False
unsb-reciprocal-bridge-kernel-deflection-v1,FoggyCityscapes,FoggyCityscapes__3724,1,0.5,4,0.09464268830613437,0.09464130742871718,0.07516795894596118,0.11411741766630756,1.0032519925928796e-08,2.954172018121426e-09,8.110323301835365e-09,7.327471962526033e-15,1.0032519925928796e-08,9.547918011776346e-15,2482de48d80db365a9509d90d89eae80a34468ddc892e1ef76a9b6fa936c932d,87e0907a1706a88da18af7c2a84183029ca05d0e81a1556134824fbc3bc0bbd2,d1fab8305fa88f1b23bf7815e2e505031565f4ea54f0681bd899f82572d7c2a0,2340040134557379524,6830355019769701650,32,False
unsb-reciprocal-bridge-kernel-deflection-v1,FoggyCityscapes,FoggyCityscapes__3724,2,0.74,4,0.2985896356959334,0.298585263907314,0.17471068316880234,0.42246858822306443,4.691508259657695e-08,9.660345690054584e-08,4.1581308174443166e-08,4.2810199829546036e-13,4.691508259657695e-08,9.015010959956271e-13,2482de48d80db365a9509d90d89eae80a34468ddc892e1ef76a9b6fa936c932d,87e0907a1706a88da18af7c2a84183029ca05d0e81a1556134824fbc3bc0bbd2,d1fab8305fa88f1b23bf7815e2e505031565f4ea54f0681bd899f82572d7c2a0,812645125795833879,6222150761656020225,32,False
unsb-reciprocal-bridge-kernel-deflection-v1,FoggyCityscapes,FoggyCityscapes__3724,3,0.8600000000000001,4,0.5724545720550196,0.5724556642015464,0.3179188506521786,0.8269902934578606,3.795608471968137e-08,4.199981840091738e-08,3.795608471968137e-08,6.281641873329136e-13,2.0847768622545004e-08,2.4763524564264117e-12,2482de48d80db365a9509d90d89eae80a34468ddc892e1ef76a9b6fa936c932d,87e0907a1706a88da18af7c2a84183029ca05d0e81a1556134824fbc3bc0bbd2,d1fab8305fa88f1b23bf7815e2e505031565f4ea54f0681bd899f82572d7c2a0,7436112458144541903,5154908326388743844,32,False
unsb-reciprocal-bridge-kernel-deflection-v1,FoggyCityscapes,FoggyCityscapes__3443,1,0.5,4,0.6599964803651595,0.659949030784092,0.584795073292951,0.7351978874373678,1.1701854230050657e-07,2.9040885807241068e-08,1.1701854230050657e-07,3.186340080674199e-14,6.270510510830718e-08,7.127631818093505e-14,2482de48d80db365a9509d90d89eae80a34468ddc892e1ef76a9b6fa936c932d,87e0907a1706a88da18af7c2a84183029ca05d0e81a1556134824fbc3bc0bbd2,636a0d78a2dd712315565985f0dcbc92511c7b25891b3766b189c107e31419f9,6390576139545327670,2256388221111031932,32,False
unsb-reciprocal-bridge-kernel-deflection-v1,FoggyCityscapes,FoggyCityscapes__3443,2,0.74,4,0.7861413991124162,0.7861275355082482,0.6502229465570201,0.9220598516678122,9.570157943894486e-08,8.514977065665619e-07,9.570157943894486e-08,1.173616759331253e-12,2.5549586779582967e-08,4.7912784850723256e-12,2482de48d80db365a9509d90d89eae80a34468ddc892e1ef76a9b6fa936c932d,87e0907a1706a88da18af7c2a84183029ca05d0e81a1556134824fbc3bc0bbd2,636a0d78a2dd712315565985f0dcbc92511c7b25891b3766b189c107e31419f9,6441685270321277194,435188909487770777,32,False
unsb-reciprocal-bridge-kernel-deflection-v1,FoggyCityscapes,FoggyCityscapes__3443,3,0.8600000000000001,4,0.8607788705567797,0.8607377867690129,0.7018241960063938,1.0197335451071656,6.642484816632432e-07,5.2345684453669605e-09,6.642484816632432e-07,8.559819519859957e-14,9.670919498550035e-08,5.544453784978032e-13,2482de48d80db365a9509d90d89eae80a34468ddc892e1ef76a9b6fa936c932d,87e0907a1706a88da18af7c2a84183029ca05d0e81a1556134824fbc3bc0bbd2,636a0d78a2dd712315565985f0dcbc92511c7b25891b3766b189c107e31419f9,3570630651812304785,2645309260846481245,32,False
unsb-reciprocal-bridge-kernel-deflection-v1,FoggyCityscapes,FoggyCityscapes__1140,1,0.5,4,0.8806497459164092,0.8806614340877478,0.9034438582948359,0.8578556335379826,2.559043830174801e-07,1.5175705103676052e-06,2.559043830174801e-07,1.4943601911454607e-13,1.01163663224213e-07,3.4705571749782393e-13,2482de48d80db365a9509d90d89eae80a34468ddc892e1ef76a9b6fa936c932d,87e0907a1706a88da18af7c2a84183029ca05d0e81a1556134824fbc3bc0bbd2,5be0c458353ada9d010a588db262b3e464f3417e6f709b8b8e20b560be4b784a,4821486955860378667,2075174657617123632,32,False
unsb-reciprocal-bridge-kernel-deflection-v1,FoggyCityscapes,FoggyCityscapes__1140,2,0.74,4,0.9643493571721131,0.9643671858115683,0.9619878642117584,0.9667108501324677,2.7754018505632416e-07,8.023533176748643e-07,2.7754018505632416e-07,1.1481926520673369e-12,5.294917648779318e-08,5.5183635438993406e-12,2482de48d80db365a9509d90d89eae80a34468ddc892e1ef76a9b6fa936c932d,87e0907a1706a88da18af7c2a84183029ca05d0e81a1556134824fbc3bc0bbd2,5be0c458353ada9d010a588db262b3e464f3417e6f709b8b8e20b560be4b784a,823115820543719388,8038606118630710383,32,False
unsb-reciprocal-bridge-kernel-deflection-v1,FoggyCityscapes,FoggyCityscapes__1140,3,0.8600000000000001,4,0.9997711839557983,0.9997158431691975,0.9624741546088929,1.0370682133027038,6.923626816313089e-07,2.545775131368444e-06,6.923626816313089e-07,3.526068326209497e-13,7.476907848413816e-08,3.1264990596469033e-12,2482de48d80db365a9509d90d89eae80a34468ddc892e1ef76a9b6fa936c932d,87e0907a1706a88da18af7c2a84183029ca05d0e81a1556134824fbc3bc0bbd2,5be0c458353ada9d010a588db262b3e464f3417e6f709b8b8e20b560be4b784a,1447012162998127174,7035677315950607684,32,False
unsb-reciprocal-bridge-kernel-deflection-v1,FoggyCityscapes,FoggyCityscapes__3432,1,0.5,4,0.417957333445555,0.41796009233089454,0.3233246756383311,0.5125899912527789,6.20020701447288e-10,8.131312700943027e-08,6.20020701447288e-10,7.771561172376096e-15,4.842476419852915e-10,1.176836406102666e-14,2482de48d80db365a9509d90d89eae80a34468ddc892e1ef76a9b6fa936c932d,87e0907a1706a88da18af7c2a84183029ca05d0e81a1556134824fbc3bc0bbd2,b823b3cf57e07cd1b9a0f89dd6d2df5603add37233200fb23c58a02440d6c32b,259482676394139703,5019378559485583388,32,False
unsb-reciprocal-bridge-kernel-deflection-v1,FoggyCityscapes,FoggyCityscapes__3432,2,0.74,4,0.6163998984952154,0.6163918412195273,0.46306463496542616,0.7697351620250046,7.576192340152943e-08,3.1433703784333744e-07,7.576192340152943e-08,1.6986412276764895e-14,2.8005108454465244e-08,4.75175454539567e-14,2482de48d80db365a9509d90d89eae80a34468ddc892e1ef76a9b6fa936c932d,87e0907a1706a88da18af7c2a84183029ca05d0e81a1556134824fbc3bc0bbd2,b823b3cf57e07cd1b9a0f89dd6d2df5603add37233200fb23c58a02440d6c32b,4333043565916440593,5042715787388488928,32,False
unsb-reciprocal-bridge-kernel-deflection-v1,FoggyCityscapes,FoggyCityscapes__3432,3,0.8600000000000001,4,0.7193953667517926,0.7193947568620249,0.5933528274916398,0.8454379060119455,5.052411615746877e-07,2.488447326198795e-06,5.052411615746877e-07,1.6431300764452317e-14,1.0535046435222739e-07,1.156852391659413e-13,2482de48d80db365a9509d90d89eae80a34468ddc892e1ef76a9b6fa936c932d,87e0907a1706a88da18af7c2a84183029ca05d0e81a1556134824fbc3bc0bbd2,b823b3cf57e07cd1b9a0f89dd6d2df5603add37233200fb23c58a02440d6c32b,8169227038377985607,7995594232708713256,32,False
unsb-reciprocal-bridge-kernel-deflection-v1,FoggyCityscapes,FoggyCityscapes__1778,1,0.5,4,0.40554427237302715,0.40555429115370556,0.32291697849299816,0.48817156625305613,2.8329906198720778e-08,1.4422070360176065e-07,2.8329906198720778e-08,7.560618797697316e-14,2.0473498563156056e-08,1.192379528447418e-13,2482de48d80db365a9509d90d89eae80a34468ddc892e1ef76a9b6fa936c932d,87e0907a1706a88da18af7c2a84183029ca05d0e81a1556134824fbc3bc0bbd2,6286b735eb6acc1f6681c9e898353fc3768e36453e59f53177a9cd0bf262c883,3916183645973179352,7489607428184211205,32,False
unsb-reciprocal-bridge-kernel-deflection-v1,FoggyCityscapes,FoggyCityscapes__1778,2,0.74,4,0.6804628911504537,0.6804513691521904,0.5282924949229717,0.8326332873779356,1.6859745866071307e-07,2.3107076474460087e-08,1.6859745866071307e-07,4.956035581926699e-13,5.226188681817234e-08,1.6304735339645049e-12,2482de48d80db365a9509d90d89eae80a34468ddc892e1ef76a9b6fa936c932d,87e0907a1706a88da18af7c2a84183029ca05d0e81a1556134824fbc3bc0bbd2,6286b735eb6acc1f6681c9e898353fc3768e36453e59f53177a9cd0bf262c883,3658731460149348726,5417277233057489948,32,False
unsb-reciprocal-bridge-kernel-deflection-v1,FoggyCityscapes,FoggyCityscapes__1778,3,0.8600000000000001,4,0.8216152907202269,0.8216081833761696,0.7015356014218006,0.9416949800186531,2.0084742513581944e-07,1.5074316206398208e-06,2.0084742513581944e-07,1.0613732115416497e-13,2.8471937030261074e-08,7.72715225139109e-13,2482de48d80db365a9509d90d89eae80a34468ddc892e1ef76a9b6fa936c932d,87e0907a1706a88da18af7c2a84183029ca05d0e81a1556134824fbc3bc0bbd2,6286b735eb6acc1f6681c9e898353fc3768e36453e59f53177a9cd0bf262c883,2767591819488168569,8354934116093182698,32,False
unsb-reciprocal-bridge-kernel-deflection-v1,FoggyCityscapes,FoggyCityscapes__1546,1,0.5,4,0.23510365808958905,0.23509550005409635,0.17290370380978115,0.29730361236939695,2.2436619073751274e-07,5.672566372183496e-08,2.191024267572672e-07,2.3092638912203256e-14,2.2436619073751274e-07,2.475797344914099e-14,2482de48d80db365a9509d90d89eae80a34468ddc892e1ef76a9b6fa936c932d,87e0907a1706a88da18af7c2a84183029ca05d0e81a1556134824fbc3bc0bbd2,afab2c88c806b13cdee7462a83b985a56de7a1e80dbb2809ce2a9cce4f6fd61a,8423286826636680800,8348803287131965109,32,False
unsb-reciprocal-bridge-kernel-deflection-v1,FoggyCityscapes,FoggyCityscapes__1546,2,0.74,4,0.5116450249608993,0.5116246794398425,0.31696064348404596,0.7063294064377527,8.53000634570833e-08,4.5050987140804466e-07,8.53000634570833e-08,1.0325074129013956e-13,4.339471915137949e-08,2.821076705572523e-13,2482de48d80db365a9509d90d89eae80a34468ddc892e1ef76a9b6fa936c932d,87e0907a1706a88da18af7c2a84183029ca05d0e81a1556134824fbc3bc0bbd2,afab2c88c806b13cdee7462a83b985a56de7a1e80dbb2809ce2a9cce4f6fd61a,8160507051651175729,219981466993988043,32,False
unsb-reciprocal-bridge-kernel-deflection-v1,FoggyCityscapes,FoggyCityscapes__1546,3,0.8600000000000001,4,0.6933570464164738,0.6933581074306506,0.47607278993456537,0.9106413028983822,2.3593001714505846e-06,1.391509104387012e-06,2.3593001714505846e-06,3.3084646133829665e-13,4.913226255842673e-07,2.043032409915213e-12,2482de48d80db365a9509d90d89eae80a34468ddc892e1ef76a9b6fa936c932d,87e0907a1706a88da18af7c2a84183029ca05d0e81a1556134824fbc3bc0bbd2,afab2c88c806b13cdee7462a83b985a56de7a1e80dbb2809ce2a9cce4f6fd61a,448216570462020267,5021025117057353706,32,False
unsb-reciprocal-bridge-kernel-deflection-v1,FoggyCityscapes,FoggyCityscapes__0990,1,0.5,4,0.1630517870113834,0.16305866736157082,0.12519287743565044,0.20091069658711636,1.7304411015217624e-08,2.63214373630305e-07,1.7304411015217624e-08,8.604228440844963e-14,1.6257182822165817e-08,1.2456702336294256e-13,2482de48d80db365a9509d90d89eae80a34468ddc892e1ef76a9b6fa936c932d,87e0907a1706a88da18af7c2a84183029ca05d0e81a1556134824fbc3bc0bbd2,efabefaa148283f3ac48feae8fe0794e626bb9bd9ca54d2303a980d87b0de8d5,2242616454596528816,3612094597617500426,32,False
unsb-reciprocal-bridge-kernel-deflection-v1,FoggyCityscapes,FoggyCityscapes__0990,2,0.74,4,0.3980373752804675,0.3980413769232852,0.24841822283187287,0.5476565277290621,2.8906828819508235e-08,3.650587765413604e-08,2.8906828819508235e-08,8.337774914934926e-14,1.6634878141630338e-08,2.0805579481475434e-13,2482de48d80db365a9509d90d89eae80a34468ddc892e1ef76a9b6fa936c932d,87e0907a1706a88da18af7c2a84183029ca05d0e81a1556134824fbc3bc0bbd2,efabefaa148283f3ac48feae8fe0794e626bb9bd9ca54d2303a980d87b0de8d5,1101028651224822992,1248331476111879641,32,False
unsb-reciprocal-bridge-kernel-deflection-v1,FoggyCityscapes,FoggyCityscapes__0990,3,0.8600000000000001,4,0.6065636394473064,0.6065469468536435,0.40078873534042914,0.8123385435541836,6.879192879782892e-07,1.3067627591123454e-07,6.879192879782892e-07,1.1675105326958146e-12,1.9509933790740064e-07,5.1630921760192905e-12,2482de48d80db365a9509d90d89eae80a34468ddc892e1ef76a9b6fa936c932d,87e0907a1706a88da18af7c2a84183029ca05d0e81a1556134824fbc3bc0bbd2,efabefaa148283f3ac48feae8fe0794e626bb9bd9ca54d2303a980d87b0de8d5,4109028711032638770,7771566006629149131,32,False
unsb-reciprocal-bridge-kernel-deflection-v1,FoggyCityscapes,FoggyCityscapes__0242,1,0.5,4,0.42532471005023365,0.42532633614720533,0.3752731655056648,0.4753762545948025,4.3329268617497974e-08,2.607065184845325e-07,4.3329268617497974e-08,1.3322676295501878e-14,2.593311343446203e-08,1.965094753586527e-14,2482de48d80db365a9509d90d89eae80a34468ddc892e1ef76a9b6fa936c932d,87e0907a1706a88da18af7c2a84183029ca05d0e81a1556134824fbc3bc0bbd2,a15ad6c9c651aa6efa44f25ab21dfd73f5f92d7157ebeb0d4038ab7dabd08b37,6423199452121259521,2854907284459662104,32,False
unsb-reciprocal-bridge-kernel-deflection-v1,FoggyCityscapes,FoggyCityscapes__0242,2,0.74,4,0.6633309026020013,0.6633241663442141,0.5913969265238647,0.7352648786801379,3.1984659920603065e-08,2.803920096106083e-08,3.1984659920603065e-08,1.1823875212257917e-13,9.071871920340868e-09,3.3151259515307174e-13,2482de48d80db365a9509d90d89eae80a34468ddc892e1ef76a9b6fa936c932d,87e0907a1706a88da18af7c2a84183029ca05d0e81a1556134824fbc3bc0bbd2,a15ad6c9c651aa6efa44f25ab21dfd73f5f92d7157ebeb0d4038ab7dabd08b37,9159332249672082642,6411497167392141699,32,False
unsb-reciprocal-bridge-kernel-deflection-v1,FoggyCityscapes,FoggyCityscapes__0242,3,0.8600000000000001,4,0.8090111798760677,0.8090429664707587,0.7567124280042634,0.8613099317478721,1.95193184615583e-07,8.460173939184301e-08,1.95193184615583e-07,1.4876988529977098e-14,2.8964430631717164e-08,8.659739592076221e-14,2482de48d80db365a9509d90d89eae80a34468ddc892e1ef76a9b6fa936c932d,87e0907a1706a88da18af7c2a84183029ca05d0e81a1556134824fbc3bc0bbd2,a15ad6c9c651aa6efa44f25ab21dfd73f5f92d7157ebeb0d4038ab7dabd08b37,928052619629484800,2212599215237197383,32,False
unsb-reciprocal-bridge-kernel-deflection-v1,FoggyCityscapes,FoggyCityscapes__3022,1,0.5,4,0.40989527581737,0.409887882112608,0.34605033765845694,0.4737402139762831,1.5716601287074639e-07,2.3025684769972798e-07,1.5716601287074639e-07,1.0902390101819037e-13,1.0630756852592071e-07,1.2945200467129325e-13,2482de48d80db365a9509d90d89eae80a34468ddc892e1ef76a9b6fa936c932d,87e0907a1706a88da18af7c2a84183029ca05d0e81a1556134824fbc3bc0bbd2,8159fe48503f7e91344a8f96cfc8cc889d6f853ecb7b67a95e855c293983e8e2,3652992574153178195,8565934407986789122,32,False
unsb-reciprocal-bridge-kernel-deflection-v1,FoggyCityscapes,FoggyCityscapes__3022,2,0.74,4,0.598978041336677,0.5989603595791234,0.5136710288844792,0.6842850537888747,2.412727249101465e-07,1.511903375828183e-06,2.412727249101465e-07,9.08162434143378e-14,7.250483502474481e-08,2.0961010704922955e-13,2482de48d80db365a9509d90d89eae80a34468ddc892e1ef76a9b6fa936c932d,87e0907a1706a88da18af7c2a84183029ca05d0e81a1556134824fbc3bc0bbd2,8159fe48503f7e91344a8f96cfc8cc889d6f853ecb7b67a95e855c293983e8e2,1079958734587139858,1437486351412414658,32,False
unsb-reciprocal-bridge-kernel-deflection-v1,FoggyCityscapes,FoggyCityscapes__3022,3,0.8600000000000001,4,0.6996776774067773,0.6996843031110783,0.6560607143695094,0.7432946404440453,4.059765978947638e-08,5.5995846404144345e-08,4.059765978947638e-08,1.4790391134056335e-12,6.2928087185554205e-09,5.739297925799747e-12,2482de48d80db365a9509d90d89eae80a34468ddc892e1ef76a9b6fa936c932d,87e0907a1706a88da18af7c2a84183029ca05d0e81a1556134824fbc3bc0bbd2,8159fe48503f7e91344a8f96cfc8cc889d6f853ecb7b67a95e855c293983e8e2,1507927940243676063,2917552612438840787,32,False
unsb-reciprocal-bridge-kernel-deflection-v1,FoggyCityscapes,FoggyCityscapes__0615,1,0.5,4,0.5422674220135164,0.5422544009608893,0.3831472906014881,0.7013875534255447,2.5823564619997796e-08,7.35324405143345e-07,2.5823564619997796e-08,3.68594044175552e-14,1.7544056207796643e-08,6.772360450213455e-14,2482de48d80db365a9509d90d89eae80a34468ddc892e1ef76a9b6fa936c932d,87e0907a1706a88da18af7c2a84183029ca05d0e81a1556134824fbc3bc0bbd2,f5f6b9620b4859cc2cd540853a17ff80541224bfc17d24fb57d91c1a905bf517,8698300838000650286,3451546543927253822,32,False
unsb-reciprocal-bridge-kernel-deflection-v1,FoggyCityscapes,FoggyCityscapes__0615,2,0.74,4,0.7699602000952697,0.769948918549227,0.5518058053821819,0.9881145948083573,1.768170484806042e-06,2.08303044213487e-06,1.768170484806042e-06,3.2862601528904634e-13,4.4829775747157186e-07,1.2899681323119694e-12,2482de48d80db365a9509d90d89eae80a34468ddc892e1ef76a9b6fa936c932d,87e0907a1706a88da18af7c2a84183029ca05d0e81a1556134824fbc3bc0bbd2,f5f6b9620b4859cc2cd540853a17ff80541224bfc17d24fb57d91c1a905bf517,2758369396096935796,4682715797436741600,32,False
unsb-reciprocal-bridge-kernel-deflection-v1,FoggyCityscapes,FoggyCityscapes__0615,3,0.8600000000000001,4,0.8550771916039628,0.8550628703764551,0.6814546204967166,1.0286997627112089,1.3432716474692796e-06,1.119286060502489e-07,1.3432716474692796e-06,2.9976021664879227e-14,1.5755772775349897e-07,2.1449508835758024e-13,2482de48d80db365a9509d90d89eae80a34468ddc892e1ef76a9b6fa936c932d,87e0907a1706a88da18af7c2a84183029ca05d0e81a1556134824fbc3bc0bbd2,f5f6b9620b4859cc2cd540853a17ff80541224bfc17d24fb57d91c1a905bf517,4063444256707344966,6671602652177101402,32,False
unsb-reciprocal-bridge-kernel-deflection-v1,FoggyCityscapes,FoggyCityscapes__3293,1,0.5,5,0.23480255565154756,0.2348180530906676,0.19546766299007456,0.27413744831302056,5.473760822383156e-08,1.4487713451138973e-07,5.473760822383156e-08,5.5886628658186055e-11,4.359052252489448e-08,6.505984639915141e-11,2482de48d80db365a9509d90d89eae80a34468ddc892e1ef76a9b6fa936c932d,03ffec6f92f6674ce21ab1577b49892159f4f9584aab0351610a0bec1b7c3f05,4df27851d62a7e0cda160155b11c71f3182bd8ef9f0475b34005d68a892e4715,2507542767385535672,7571683182661295596,32,False
unsb-reciprocal-bridge-kernel-deflection-v1,FoggyCityscapes,FoggyCityscapes__3293,2,0.74,5,0.4934921611519349,0.49348137827637134,0.38003201003732556,0.6069523122665442,1.017638901479323e-06,8.915359569483527e-07,1.017638901479323e-06,1.1334464478096606e-09,3.9942323803998647e-07,1.8237191756753646e-09,2482de48d80db365a9509d90d89eae80a34468ddc892e1ef76a9b6fa936c932d,03ffec6f92f6674ce21ab1577b49892159f4f9584aab0351610a0bec1b7c3f05,4df27851d62a7e0cda160155b11c71f3182bd8ef9f0475b34005d68a892e4715,660873307570701009,7339490515332494760,32,False
unsb-reciprocal-bridge-kernel-deflection-v1,FoggyCityscapes,FoggyCityscapes__3293,3,0.8600000000000001,5,0.6788252339300609,0.6788389762561835,0.5690919976796205,0.7885584701805012,3.2442477282401683e-07,7.650208166953831e-08,3.2442477282401683e-07,8.938860762697232e-11,5.287874826898076e-08,2.3132307180873113e-10,2482de48d80db365a9509d90d89eae80a34468ddc892e1ef76a9b6fa936c932d,03ffec6f92f6674ce21ab1577b49892159f4f9584aab0351610a0bec1b7c3f05,4df27851d62a7e0cda160155b11c71f3182bd8ef9f0475b34005d68a892e4715,1491262823427317657,5928589277420570373,32,False
unsb-reciprocal-bridge-kernel-deflection-v1,FoggyCityscapes,FoggyCityscapes__4011,1,0.5,5,0.17151541760035233,0.17151420858007566,0.13323609215953114,0.20979474304117351,1.1361132989939904e-07,5.98185892708436e-07,1.1014929468533552e-07,9.536815781530095e-13,1.1361132989939904e-07,1.071587263368201e-12,2482de48d80db365a9509d90d89eae80a34468ddc892e1ef76a9b6fa936c932d,03ffec6f92f6674ce21ab1577b49892159f4f9584aab0351610a0bec1b7c3f05,e54adc0bd4b262a456ab9b044466eff824b6fc005f18f4cb4b2f7b971cf8bfe0,4982291568009532379,348905905313085124,32,False
unsb-reciprocal-bridge-kernel-deflection-v1,FoggyCityscapes,FoggyCityscapes__4011,2,0.74,5,0.405961085592366,0.405959580589031,0.25980742862517314,0.5521147425595588,1.316896477421281e-07,3.1097292430004586e-07,1.316896477421281e-07,1.0998066901635184e-09,7.443661764749976e-08,1.4045584695310254e-09,2482de48d80db365a9509d90d89eae80a34468ddc892e1ef76a9b6fa936c932d,03ffec6f92f6674ce21ab1577b49892159f4f9584aab0351610a0bec1b7c3f05,e54adc0bd4b262a456ab9b044466eff824b6fc005f18f4cb4b2f7b971cf8bfe0,8008435137501731944,1055585489095011442,32,False
unsb-reciprocal-bridge-kernel-deflection-v1,FoggyCityscapes,FoggyCityscapes__4011,3,0.8600000000000001,5,0.5902740852485956,0.5902842223630574,0.40801649376618043,0.7725316767310108,1.6818527903694758e-08,4.227251138022581e-08,1.6818527903694758e-08,2.4785395957849232e-11,3.6640127598630556e-09,5.2118087623398424e-11,2482de48d80db365a9509d90d89eae80a34468ddc892e1ef76a9b6fa936c932d,03ffec6f92f6674ce21ab1577b49892159f4f9584aab0351610a0bec1b7c3f05,e54adc0bd4b262a456ab9b044466eff824b6fc005f18f4cb4b2f7b971cf8bfe0,2778334570444822654,8731447958904064765,32,False
unsb-reciprocal-bridge-kernel-deflection-v1,FoggyCityscapes,FoggyCityscapes__0372,1,0.5,5,0.2720007179391593,0.2720026836818869,0.1985152716304771,0.3454861642478415,1.3817942789984272e-08,9.597226924284996e-08,1.3817942789984272e-08,7.550665648281552e-10,1.2673570193300066e-08,9.049923033188634e-10,2482de48d80db365a9509d90d89eae80a34468ddc892e1ef76a9b6fa936c932d,03ffec6f92f6674ce21ab1577b49892159f4f9584aab0351610a0bec1b7c3f05,7756d910a15c03e20b22c72db11a47dacb7ae74ec6e02303d9dce8b1d63507c9,4988730266966908204,6885332586683071942,32,False
unsb-reciprocal-bridge-kernel-deflection-v1,FoggyCityscapes,FoggyCityscapes__0372,2,0.74,5,0.5351339697034858,0.5351352076150233,0.3504385860275768,0.7198293533793949,1.4220783794982594e-07,3.489847055782036e-08,1.4220783794982594e-07,4.51455650640753e-10,5.455009433052993e-08,8.171968657322282e-10,2482de48d80db365a9509d90d89eae80a34468ddc892e1ef76a9b6fa936c932d,03ffec6f92f6674ce21ab1577b49892159f4f9584aab0351610a0bec1b7c3f05,7756d910a15c03e20b22c72db11a47dacb7ae74ec6e02303d9dce8b1d63507c9,550227556809923004,8590767704425710677,32,False
unsb-reciprocal-bridge-kernel-deflection-v1,FoggyCityscapes,FoggyCityscapes__0372,3,0.8600000000000001,5,0.6774394560644149,0.6774422026175136,0.5048230872169277,0.8500558249119021,1.151539086308162e-09,2.4710989698917274e-08,1.151539086308162e-09,2.877302840431639e-10,1.9204149381835123e-10,8.540744778073872e-10,2482de48d80db365a9509d90d89eae80a34468ddc892e1ef76a9b6fa936c932d,03ffec6f92f6674ce21ab1577b49892159f4f9584aab0351610a0bec1b7c3f05,7756d910a15c03e20b22c72db11a47dacb7ae74ec6e02303d9dce8b1d63507c9,4701980107290094348,3104512214027194997,32,False
unsb-reciprocal-bridge-kernel-deflection-v1,FoggyCityscapes,FoggyCityscapes__2519,1,0.5,5,0.6163554495355511,0.6163524027630194,0.5108174972691353,0.7218934018019669,1.507715170490087e-07,7.506883354935212e-07,1.507715170490087e-07,8.005898166629777e-10,8.671691298367534e-08,1.748426403658243e-09,2482de48d80db365a9509d90d89eae80a34468ddc892e1ef76a9b6fa936c932d,03ffec6f92f6674ce21ab1577b49892159f4f9584aab0351610a0bec1b7c3f05,e59a07e298f494dfabec98777dde4b4b281008b8c1023ff27ca719af29e70919,3520198809550524054,6514763126334654834,32,False
unsb-reciprocal-bridge-kernel-deflection-v1,FoggyCityscapes,FoggyCityscapes__2519,2,0.74,5,0.8268894084067012,0.8268894115105008,0.6792471715476525,0.97453164526575,4.3359370538453845e-09,4.997339320134131e-09,4.3359370538453845e-09,2.5991742091946435e-10,1.0004375106120733e-09,1.269147453797359e-09,2482de48d80db365a9509d90d89eae80a34468ddc892e1ef76a9b6fa936c932d,03ffec6f92f6674ce21ab1577b49892159f4f9584aab0351610a0bec1b7c3f05,e59a07e298f494dfabec98777dde4b4b281008b8c1023ff27ca719af29e70919,2357298443771134404,9035441590319742773,32,False
unsb-reciprocal-bridge-kernel-deflection-v1,FoggyCityscapes,FoggyCityscapes__2519,3,0.8600000000000001,5,0.8944075930124225,0.8944172953880647,0.7653845901288632,1.0234305958959817,6.210557668140382e-08,1.5814044250772596e-06,6.210557668140382e-08,2.019480138670815e-10,6.578215527852649e-09,2.004555410550779e-09,2482de48d80db365a9509d90d89eae80a34468ddc892e1ef76a9b6fa936c932d,03ffec6f92f6674ce21ab1577b49892159f4f9584aab0351610a0bec1b7c3f05,e59a07e298f494dfabec98777dde4b4b281008b8c1023ff27ca719af29e70919,1054835043097677317,544450975847707038,32,False
unsb-reciprocal-bridge-kernel-deflection-v1,FoggyCityscapes,FoggyCityscapes__3534,1,0.5,5,0.3731488639917461,0.3731466352958919,0.2881212509537018,0.4581764770297905,5.853716533721354e-08,1.7965879894887848e-09,5.853716533721354e-08,3.530509218307998e-12,4.1579226506271993e-08,3.3825164891254644e-12,2482de48d80db365a9509d90d89eae80a34468ddc892e1ef76a9b6fa936c932d,03ffec6f92f6674ce21ab1577b49892159f4f9584aab0351610a0bec1b7c3f05,7aa625c08614927c988ee75137af116149a77af1e45f5438169d08c263aab231,3383986828734905582,8740798840942701820,32,False
unsb-reciprocal-bridge-kernel-deflection-v1,FoggyCityscapes,FoggyCityscapes__3534,2,0.74,5,0.5875074632101417,0.587504746939282,0.4540204479459833,0.7209944784743001,3.156898988887491e-07,3.216595056976246e-08,3.156898988887491e-07,2.619072736465e-10,9.365829289897931e-08,3.5250924401708517e-10,2482de48d80db365a9509d90d89eae80a34468ddc892e1ef76a9b6fa936c932d,03ffec6f92f6674ce21ab1577b49892159f4f9584aab0351610a0bec1b7c3f05,7aa625c08614927c988ee75137af116149a77af1e45f5438169d08c263aab231,1703418760227335952,5435202212793484731,32,False
unsb-reciprocal-bridge-kernel-deflection-v1,FoggyCityscapes,FoggyCityscapes__3534,3,0.8600000000000001,5,0.688439231048659,0.6884477772547286,0.6044497980763193,0.7724286640209987,2.125459308555122e-07,3.0356157776356696e-07,2.125459308555122e-07,5.0758988123789095e-09,2.9587971184241724e-08,6.7983324525400235e-09,2482de48d80db365a9509d90d89eae80a34468ddc892e1ef76a9b6fa936c932d,03ffec6f92f6674ce21ab1577b49892159f4f9584aab0351610a0bec1b7c3f05,7aa625c08614927c988ee75137af116149a77af1e45f5438169d08c263aab231,5733036966051957878,2677869345280146885,32,False
unsb-reciprocal-bridge-kernel-deflection-v1,FoggyCityscapes,FoggyCityscapes__1905,1,0.5,5,0.18601700548551459,0.18601383666864946,0.12485615535303807,0.2471778556179911,2.458719583486868e-08,3.0647417936791044e-09,2.0799933109216795e-08,2.0485613205778463e-11,2.458719583486868e-08,2.4144353183430667e-11,2482de48d80db365a9509d90d89eae80a34468ddc892e1ef76a9b6fa936c932d,03ffec6f92f6674ce21ab1577b49892159f4f9584aab0351610a0bec1b7c3f05,b94d2ed81d9c4071e3315d583a7fe2c4d13dc6a14000768fef2e7e6ba7aeabd9,806081861845892176,2249102967624371257,32,False
unsb-reciprocal-bridge-kernel-deflection-v1,FoggyCityscapes,FoggyCityscapes__1905,2,0.74,5,0.48774352098025203,0.48774109013501304,0.25307562770385317,0.7224114142566509,3.056553232738679e-09,1.4299666784012288e-08,3.056553232738679e-09,6.912803662828537e-12,2.183477953998647e-09,1.2201128996025545e-11,2482de48d80db365a9509d90d89eae80a34468ddc892e1ef76a9b6fa936c932d,03ffec6f92f6674ce21ab1577b49892159f4f9584aab0351610a0bec1b7c3f05,b94d2ed81d9c4071e3315d583a7fe2c4d13dc6a14000768fef2e7e6ba7aeabd9,76094729277201394,7236724268834081084,32,False
unsb-reciprocal-bridge-kernel-deflection-v1,FoggyCityscapes,FoggyCityscapes__1905,3,0.8600000000000001,5,0.7028897693240215,0.7028722851747701,0.4022916433749747,1.0034878952730681,3.612717245360386e-07,3.51583506752462e-08,3.612717245360386e-07,1.449096398431493e-10,9.872477146899428e-08,4.762436001115589e-10,2482de48d80db365a9509d90d89eae80a34468ddc892e1ef76a9b6fa936c932d,03ffec6f92f6674ce21ab1577b49892159f4f9584aab0351610a0bec1b7c3f05,b94d2ed81d9c4071e3315d583a7fe2c4d13dc6a14000768fef2e7e6ba7aeabd9,6220426193521659354,1586558460842292557,32,False
unsb-reciprocal-bridge-kernel-deflection-v1,FoggyCityscapes,FoggyCityscapes__3724,1,0.5,5,0.12015265324157354,0.12015076422738213,0.08730868912828593,0.15299661735486114,9.964139735529898e-09,2.8995681411458918e-09,8.110323301835365e-09,3.2606251032518685e-10,9.964139735529898e-09,4.3592307541473474e-10,2482de48d80db365a9509d90d89eae80a34468ddc892e1ef76a9b6fa936c932d,03ffec6f92f6674ce21ab1577b49892159f4f9584aab0351610a0bec1b7c3f05,d1fab8305fa88f1b23bf7815e2e505031565f4ea54f0681bd899f82572d7c2a0,2340040134557379524,6830355019769701650,32,False
unsb-reciprocal-bridge-kernel-deflection-v1,FoggyCityscapes,FoggyCityscapes__3724,2,0.74,5,0.3696233028952355,0.3696192832600497,0.19406902092347844,0.5451775848669925,4.1581308174443166e-08,8.527345674025355e-08,4.1581308174443166e-08,1.9167800680008895e-10,3.981675755770908e-08,4.2985215387147946e-10,2482de48d80db365a9509d90d89eae80a34468ddc892e1ef76a9b6fa936c932d,03ffec6f92f6674ce21ab1577b49892159f4f9584aab0351610a0bec1b7c3f05,d1fab8305fa88f1b23bf7815e2e505031565f4ea54f0681bd899f82572d7c2a0,812645125795833879,6222150761656020225,32,False
unsb-reciprocal-bridge-kernel-deflection-v1,FoggyCityscapes,FoggyCityscapes__3724,3,0.8600000000000001,5,0.6314761584037036,0.6314762954970332,0.337325338524436,0.9256269782829711,3.795608471968137e-08,4.199981840091738e-08,3.795608471968137e-08,2.9871261020275597e-10,1.4064216014020303e-08,1.206910793527527e-09,2482de48d80db365a9509d90d89eae80a34468ddc892e1ef76a9b6fa936c932d,03ffec6f92f6674ce21ab1577b49892159f4f9584aab0351610a0bec1b7c3f05,d1fab8305fa88f1b23bf7815e2e505031565f4ea54f0681bd899f82572d7c2a0,7436112458144541903,5154908326388743844,32,False
unsb-reciprocal-bridge-kernel-deflection-v1,FoggyCityscapes,FoggyCityscapes__3443,1,0.5,5,0.750313550680108,0.7502601879124992,0.6316171672535666,0.8690099341066493,1.1701854230050657e-07,2.9040885807241068e-08,1.1701854230050657e-07,3.45533157641853e-10,5.485310272668187e-08,7.244693733809981e-10,2482de48d80db365a9509d90d89eae80a34468ddc892e1ef76a9b6fa936c932d,03ffec6f92f6674ce21ab1577b49892159f4f9584aab0351610a0bec1b7c3f05,636a0d78a2dd712315565985f0dcbc92511c7b25891b3766b189c107e31419f9,6390576139545327670,2256388221111031932,32,False
unsb-reciprocal-bridge-kernel-deflection-v1,FoggyCityscapes,FoggyCityscapes__3443,2,0.74,5,0.8413952948432624,0.8413881026148227,0.6898845929388515,0.9929059967476733,9.570157943894486e-08,8.514977065665619e-07,9.570157943894486e-08,7.346485642045764e-10,1.888298784002984e-08,3.0446356547031428e-09,2482de48d80db365a9509d90d89eae80a34468ddc892e1ef76a9b6fa936c932d,03ffec6f92f6674ce21ab1577b49892159f4f9584aab0351610a0bec1b7c3f05,636a0d78a2dd712315565985f0dcbc92511c7b25891b3766b189c107e31419f9,6441685270321277194,435188909487770777,32,False
unsb-reciprocal-bridge-kernel-deflection-v1,FoggyCityscapes,FoggyCityscapes__3443,3,0.8600000000000001,5,0.8587817208373106,0.858746297756928,0.7329115496604577,0.9846518920141636,6.642484816632432e-07,1.0182857890228547e-08,6.642484816632432e-07,5.0929593875537194e-11,6.498472604477001e-08,4.0724335015340785e-10,2482de48d80db365a9509d90d89eae80a34468ddc892e1ef76a9b6fa936c932d,03ffec6f92f6674ce21ab1577b49892159f4f9584aab0351610a0bec1b7c3f05,636a0d78a2dd712315565985f0dcbc92511c7b25891b3766b189c107e31419f9,3570630651812304785,2645309260846481245,32,False
unsb-reciprocal-bridge-kernel-deflection-v1,FoggyCityscapes,FoggyCityscapes__1140,1,0.5,5,0.9487529427505201,0.9487582496162177,0.9043472462904191,0.9931586392106211,2.559043830174801e-07,1.5175705103676052e-06,2.559043830174801e-07,5.189797480653624e-10,9.051542648741417e-08,1.429461105040275e-09,2482de48d80db365a9509d90d89eae80a34468ddc892e1ef76a9b6fa936c932d,03ffec6f92f6674ce21ab1577b49892159f4f9584aab0351610a0bec1b7c3f05,5be0c458353ada9d010a588db262b3e464f3417e6f709b8b8e20b560be4b784a,4821486955860378667,2075174657617123632,32,False
unsb-reciprocal-bridge-kernel-deflection-v1,FoggyCityscapes,FoggyCityscapes__1140,2,0.74,5,0.993596312617899,0.993613909329128,0.9350033552755286,1.0521892699602695,2.7754018505632416e-07,8.023533176748643e-07,2.7754018505632416e-07,2.6770474725879012e-11,4.192331748420486e-08,1.8687218439339404e-10,2482de48d80db365a9509d90d89eae80a34468ddc892e1ef76a9b6fa936c932d,03ffec6f92f6674ce21ab1577b49892159f4f9584aab0351610a0bec1b7c3f05,5be0c458353ada9d010a588db262b3e464f3417e6f709b8b8e20b560be4b784a,823115820543719388,8038606118630710383,32,False
unsb-reciprocal-bridge-kernel-deflection-v1,FoggyCityscapes,FoggyCityscapes__1140,3,0.8600000000000001,5,0.9899831772295661,0.9899456427656743,0.928816838005508,1.0511495164536242,6.923626816313089e-07,2.545775131368444e-06,6.923626816313089e-07,2.591729053591507e-10,5.525569313213907e-08,3.039926088632683e-09,2482de48d80db365a9509d90d89eae80a34468ddc892e1ef76a9b6fa936c932d,03ffec6f92f6674ce21ab1577b49892159f4f9584aab0351610a0bec1b7c3f05,5be0c458353ada9d010a588db262b3e464f3417e6f709b8b8e20b560be4b784a,1447012162998127174,7035677315950607684,32,False
unsb-reciprocal-bridge-kernel-deflection-v1,FoggyCityscapes,FoggyCityscapes__3432,1,0.5,5,0.49170744213080403,0.49170917720881996,0.34724961672111243,0.6361652675404956,6.64963639707139e-10,8.131312700943027e-08,6.20020701447288e-10,4.094097283413589e-10,4.79986828061385e-10,6.64963639707139e-10,2482de48d80db365a9509d90d89eae80a34468ddc892e1ef76a9b6fa936c932d,03ffec6f92f6674ce21ab1577b49892159f4f9584aab0351610a0bec1b7c3f05,b823b3cf57e07cd1b9a0f89dd6d2df5603add37233200fb23c58a02440d6c32b,259482676394139703,5019378559485583388,32,False
unsb-reciprocal-bridge-kernel-deflection-v1,FoggyCityscapes,FoggyCityscapes__3432,2,0.74,5,0.6766276300519216,0.676616845913097,0.4878962490659884,0.865359011037855,7.576192340152943e-08,3.1433703784333744e-07,7.576192340152943e-08,5.508121736497174e-10,2.394302389685521e-08,1.5595015279146196e-09,2482de48d80db365a9509d90d89eae80a34468ddc892e1ef76a9b6fa936c932d,03ffec6f92f6674ce21ab1577b49892159f4f9584aab0351610a0bec1b7c3f05,b823b3cf57e07cd1b9a0f89dd6d2df5603add37233200fb23c58a02440d6c32b,4333043565916440593,5042715787388488928,32,False
unsb-reciprocal-bridge-kernel-deflection-v1,FoggyCityscapes,FoggyCityscapes__3432,3,0.8600000000000001,5,0.7354661525231869,0.7354687512566922,0.6063395758135979,0.8645927292327761,5.052411615746877e-07,2.488447326198795e-06,5.052411615746877e-07,1.623954304363906e-10,8.048574584584856e-08,1.0801342043009754e-09,2482de48d80db365a9509d90d89eae80a34468ddc892e1ef76a9b6fa936c932d,03ffec6f92f6674ce21ab1577b49892159f4f9584aab0351610a0bec1b7c3f05,b823b3cf57e07cd1b9a0f89dd6d2df5603add37233200fb23c58a02440d6c32b,8169227038377985607,7995594232708713256,32,False
unsb-reciprocal-bridge-kernel-deflection-v1,FoggyCityscapes,FoggyCityscapes__1778,1,0.5,5,0.47357810421397306,0.4735897504479704,0.36092560295392695,0.5862306054740192,2.8329906198720778e-08,1.4422070360176065e-07,2.8329906198720778e-08,3.6473513098655985e-10,1.9766466463622123e-08,5.966510618904408e-10,2482de48d80db365a9509d90d89eae80a34468ddc892e1ef76a9b6fa936c932d,03ffec6f92f6674ce21ab1577b49892159f4f9584aab0351610a0bec1b7c3f05,6286b735eb6acc1f6681c9e898353fc3768e36453e59f53177a9cd0bf262c883,3916183645973179352,7489607428184211205,32,False
unsb-reciprocal-bridge-kernel-deflection-v1,FoggyCityscapes,FoggyCityscapes__1778,2,0.74,5,0.725141191020971,0.7251267684931738,0.5521769465472885,0.8981054354946534,1.6859745866071307e-07,2.3107076474460087e-08,1.6859745866071307e-07,7.994536144195763e-10,4.466941794234458e-08,2.8141615704413425e-09,2482de48d80db365a9509d90d89eae80a34468ddc892e1ef76a9b6fa936c932d,03ffec6f92f6674ce21ab1577b49892159f4f9584aab0351610a0bec1b7c3f05,6286b735eb6acc1f6681c9e898353fc3768e36453e59f53177a9cd0bf262c883,3658731460149348726,5417277233057489948,32,False
unsb-reciprocal-bridge-kernel-deflection-v1,FoggyCityscapes,FoggyCityscapes__1778,3,0.8600000000000001,5,0.8177854834691298,0.8177787553040776,0.7073240592930244,0.9282469076452351,2.0084742513581944e-07,1.5074316206398208e-06,2.0084742513581944e-07,1.806255145453406e-11,2.3155761308402134e-08,1.0629708224740853e-10,2482de48d80db365a9509d90d89eae80a34468ddc892e1ef76a9b6fa936c932d,03ffec6f92f6674ce21ab1577b49892159f4f9584aab0351610a0bec1b7c3f05,6286b735eb6acc1f6681c9e898353fc3768e36453e59f53177a9cd0bf262c883,2767591819488168569,8354934116093182698,32,False
unsb-reciprocal-bridge-kernel-deflection-v1,FoggyCityscapes,FoggyCityscapes__1546,1,0.5,5,0.2701350059664172,0.27011431006748055,0.179779563321963,0.36049044861087143,2.436999695376585e-07,6.164804444708238e-08,2.191024267572672e-07,2.223843331705666e-10,2.436999695376585e-07,2.3258350800858807e-10,2482de48d80db365a9509d90d89eae80a34468ddc892e1ef76a9b6fa936c932d,03ffec6f92f6674ce21ab1577b49892159f4f9584aab0351610a0bec1b7c3f05,afab2c88c806b13cdee7462a83b985a56de7a1e80dbb2809ce2a9cce4f6fd61a,8423286826636680800,8348803287131965109,32,False
unsb-reciprocal-bridge-kernel-deflection-v1,FoggyCityscapes,FoggyCityscapes__1546,2,0.74,5,0.550673389613705,0.5506456801825379,0.32118273523195406,0.7801640439954561,8.53000634570833e-08,4.5050987140804466e-07,8.53000634570833e-08,1.9043426835452237e-09,4.06061184676787e-08,3.0498195080497226e-09,2482de48d80db365a9509d90d89eae80a34468ddc892e1ef76a9b6fa936c932d,03ffec6f92f6674ce21ab1577b49892159f4f9584aab0351610a0bec1b7c3f05,afab2c88c806b13cdee7462a83b985a56de7a1e80dbb2809ce2a9cce4f6fd61a,8160507051651175729,219981466993988043,32,False
unsb-reciprocal-bridge-kernel-deflection-v1,FoggyCityscapes,FoggyCityscapes__1546,3,0.8600000000000001,5,0.6845588610420336,0.684559036994436,0.47883684143989425,0.8902808806441729,2.3593001714505846e-06,1.391509104387012e-06,2.3593001714505846e-06,2.0731416583430473e-11,4.1803991446265343e-07,5.3634541252733925e-11,2482de48d80db365a9509d90d89eae80a34468ddc892e1ef76a9b6fa936c932d,03ffec6f92f6674ce21ab1577b49892159f4f9584aab0351610a0bec1b7c3f05,afab2c88c806b13cdee7462a83b985a56de7a1e80dbb2809ce2a9cce4f6fd61a,448216570462020267,5021025117057353706,32,False
unsb-reciprocal-bridge-kernel-deflection-v1,FoggyCityscapes,FoggyCityscapes__0990,1,0.5,5,0.1943597639905193,0.19436989312962238,0.14319648358377146,0.24552304439726713,1.7304411015217624e-08,2.63214373630305e-07,1.7304411015217624e-08,1.5986312273952308e-10,1.6727690121953742e-08,1.9955348484756996e-10,2482de48d80db365a9509d90d89eae80a34468ddc892e1ef76a9b6fa936c932d,03ffec6f92f6674ce21ab1577b49892159f4f9584aab0351610a0bec1b7c3f05,efabefaa148283f3ac48feae8fe0794e626bb9bd9ca54d2303a980d87b0de8d5,2242616454596528816,3612094597617500426,32,False
unsb-reciprocal-bridge-kernel-deflection-v1,FoggyCityscapes,FoggyCityscapes__0990,2,0.74,5,0.4522433595368259,0.45224752597911577,0.29094899798634144,0.6135377210873103,2.8906828819508235e-08,3.650587765413604e-08,2.8906828819508235e-08,4.187028501689838e-11,1.5327213498395054e-08,9.28759291696224e-11,2482de48d80db365a9509d90d89eae80a34468ddc892e1ef76a9b6fa936c932d,03ffec6f92f6674ce21ab1577b49892159f4f9584aab0351610a0bec1b7c3f05,efabefaa148283f3ac48feae8fe0794e626bb9bd9ca54d2303a980d87b0de8d5,1101028651224822992,1248331476111879641,32,False
unsb-reciprocal-bridge-kernel-deflection-v1,FoggyCityscapes,FoggyCityscapes__0990,3,0.8600000000000001,5,0.6426405767404524,0.6426248675721742,0.4670772669323259,0.818203886548579,6.879192879782892e-07,1.3067627591123454e-07,6.879192879782892e-07,7.614626706953231e-10,1.5805283104519674e-07,2.5549542481684284e-09,2482de48d80db365a9509d90d89eae80a34468ddc892e1ef76a9b6fa936c932d,03ffec6f92f6674ce21ab1577b49892159f4f9584aab0351610a0bec1b7c3f05,efabefaa148283f3ac48feae8fe0794e626bb9bd9ca54d2303a980d87b0de8d5,4109028711032638770,7771566006629149131,32,False
unsb-reciprocal-bridge-kernel-deflection-v1,FoggyCityscapes,FoggyCityscapes__0242,1,0.5,5,0.4953894205786992,0.49539397016630765,0.42956999954096475,0.5612088416164337,4.3329268617497974e-08,2.607065184845325e-07,4.3329268617497974e-08,2.863118631069028e-10,2.4605545489997382e-08,4.061730951576692e-10,2482de48d80db365a9509d90d89eae80a34468ddc892e1ef76a9b6fa936c932d,03ffec6f92f6674ce21ab1577b49892159f4f9584aab0351610a0bec1b7c3f05,a15ad6c9c651aa6efa44f25ab21dfd73f5f92d7157ebeb0d4038ab7dabd08b37,6423199452121259521,2854907284459662104,32,False
unsb-reciprocal-bridge-kernel-deflection-v1,FoggyCityscapes,FoggyCityscapes__0242,2,0.74,5,0.7053147156075839,0.7053063898849616,0.6387327456899367,0.771896685525231,3.1984659920603065e-08,2.803920096106083e-08,3.1984659920603065e-08,3.595017616930818e-10,7.648284894301582e-09,9.990561711248347e-10,2482de48d80db365a9509d90d89eae80a34468ddc892e1ef76a9b6fa936c932d,03ffec6f92f6674ce21ab1577b49892159f4f9584aab0351610a0bec1b7c3f05,a15ad6c9c651aa6efa44f25ab21dfd73f5f92d7157ebeb0d4038ab7dabd08b37,9159332249672082642,6411497167392141699,32,False
unsb-reciprocal-bridge-kernel-deflection-v1,FoggyCityscapes,FoggyCityscapes__0242,3,0.8600000000000001,5,0.7966245454470859,0.7966498073201715,0.7870527665434363,0.8061963243507357,1.95193184615583e-07,8.460173939184301e-08,1.95193184615583e-07,1.0111684822788902e-09,2.292580147944534e-08,5.209278564066722e-09,2482de48d80db365a9509d90d89eae80a34468ddc892e1ef76a9b6fa936c932d,03ffec6f92f6674ce21ab1577b49892159f4f9584aab0351610a0bec1b7c3f05,a15ad6c9c651aa6efa44f25ab21dfd73f5f92d7157ebeb0d4038ab7dabd08b37,928052619629484800,2212599215237197383,32,False
unsb-reciprocal-bridge-kernel-deflection-v1,FoggyCityscapes,FoggyCityscapes__3022,1,0.5,5,0.4554066957305337,0.4554041688100156,0.3582165877526794,0.552596803708388,1.5716601287074639e-07,2.3025684769972798e-07,1.5716601287074639e-07,4.264557929012369e-09,1.009663179729614e-07,4.953191856671424e-09,2482de48d80db365a9509d90d89eae80a34468ddc892e1ef76a9b6fa936c932d,03ffec6f92f6674ce21ab1577b49892159f4f9584aab0351610a0bec1b7c3f05,8159fe48503f7e91344a8f96cfc8cc889d6f853ecb7b67a95e855c293983e8e2,3652992574153178195,8565934407986789122,32,False
unsb-reciprocal-bridge-kernel-deflection-v1,FoggyCityscapes,FoggyCityscapes__3022,2,0.74,5,0.6452997895893485,0.6453015844869486,0.5228570351036845,0.7677425440750125,2.412727249101465e-07,1.511903375828183e-06,2.412727249101465e-07,3.934655490311911e-09,5.829520022260226e-08,5.564191329909818e-09,2482de48d80db365a9509d90d89eae80a34468ddc892e1ef76a9b6fa936c932d,03ffec6f92f6674ce21ab1577b49892159f4f9584aab0351610a0bec1b7c3f05,8159fe48503f7e91344a8f96cfc8cc889d6f853ecb7b67a95e855c293983e8e2,1079958734587139858,1437486351412414658,32,False
unsb-reciprocal-bridge-kernel-deflection-v1,FoggyCityscapes,FoggyCityscapes__3022,3,0.8600000000000001,5,0.7174365504343655,0.7174253250203086,0.6621726555084184,0.7727004453603126,4.059765978947638e-08,5.5995846404144345e-08,4.059765978947638e-08,2.2126853682635783e-09,4.603536218894533e-09,4.390074304083669e-09,2482de48d80db365a9509d90d89eae80a34468ddc892e1ef76a9b6fa936c932d,03ffec6f92f6674ce21ab1577b49892159f4f9584aab0351610a0bec1b7c3f05,8159fe48503f7e91344a8f96cfc8cc889d6f853ecb7b67a95e855c293983e8e2,1507927940243676063,2917552612438840787,32,False
unsb-reciprocal-bridge-kernel-deflection-v1,FoggyCityscapes,FoggyCityscapes__0615,1,0.5,5,0.6395932970013531,0.6395832056961389,0.42974308164027486,0.8494435123624315,2.5823564619997796e-08,7.35324405143345e-07,2.5823564619997796e-08,1.7650170214267291e-09,1.5980841094886955e-08,2.9603577367254275e-09,2482de48d80db365a9509d90d89eae80a34468ddc892e1ef76a9b6fa936c932d,03ffec6f92f6674ce21ab1577b49892159f4f9584aab0351610a0bec1b7c3f05,f5f6b9620b4859cc2cd540853a17ff80541224bfc17d24fb57d91c1a905bf517,8698300838000650286,3451546543927253822,32,False
unsb-reciprocal-bridge-kernel-deflection-v1,FoggyCityscapes,FoggyCityscapes__0615,2,0.74,5,0.832144861835943,0.8321376490820303,0.5936843979099504,1.0706053257619357,1.768170484806042e-06,2.08303044213487e-06,1.768170484806042e-06,9.333134265432363e-11,3.634912900674081e-07,2.616760141904706e-10,2482de48d80db365a9509d90d89eae80a34468ddc892e1ef76a9b6fa936c932d,03ffec6f92f6674ce21ab1577b49892159f4f9584aab0351610a0bec1b7c3f05,f5f6b9620b4859cc2cd540853a17ff80541224bfc17d24fb57d91c1a905bf517,2758369396096935796,4682715797436741600,32,False
unsb-reciprocal-bridge-kernel-deflection-v1,FoggyCityscapes,FoggyCityscapes__0615,3,0.8600000000000001,5,0.8634171964376876,0.8634027276611342,0.7150297945538199,1.0118045983215553,1.3432716474692796e-06,1.119286060502489e-07,1.3432716474692796e-06,1.6619294829212095e-10,1.2290262840775057e-07,1.0288608853770143e-09,2482de48d80db365a9509d90d89eae80a34468ddc892e1ef76a9b6fa936c932d,03ffec6f92f6674ce21ab1577b49892159f4f9584aab0351610a0bec1b7c3f05,f5f6b9620b4859cc2cd540853a17ff80541224bfc17d24fb57d91c1a905bf517,4063444256707344966,6671602652177101402,32,False
unsb-reciprocal-bridge-kernel-deflection-v1,LowLightTrafficData,LowLightTrafficData__292,1,0.5,1,0.32696019753311445,0.32700358617055353,0.08627980402173507,0.5676405910444938,1.4762483502295254e-07,9.66455193651683e-08,3.5099237516433845e-08,5.1298574277325315e-08,1.4762483502295254e-07,8.048942901073275e-08,2482de48d80db365a9509d90d89eae80a34468ddc892e1ef76a9b6fa936c932d,db8d9aa2244c7dff9026ecd8031e976de0ad40ad473921a7ab80fb301100183d,3a1d1cf398e4487ed0c06bfcb5fa0ee7bdbc3a5b8f5b98f61f5b02cb8543ee4a,1969898256015074757,8699498283269127194,32,False
unsb-reciprocal-bridge-kernel-deflection-v1,LowLightTrafficData,LowLightTrafficData__292,2,0.74,1,0.9124498440015598,0.9124395078670174,0.15203709360911832,1.6728625943940014,4.1875910516964154e-09,1.2239762781085517e-07,4.1875910516964154e-09,2.1001123062802662e-10,3.635565182236178e-09,6.166626098647043e-10,2482de48d80db365a9509d90d89eae80a34468ddc892e1ef76a9b6fa936c932d,db8d9aa2244c7dff9026ecd8031e976de0ad40ad473921a7ab80fb301100183d,3a1d1cf398e4487ed0c06bfcb5fa0ee7bdbc3a5b8f5b98f61f5b02cb8543ee4a,4774459018658423525,4211594121749700206,32,False
unsb-reciprocal-bridge-kernel-deflection-v1,LowLightTrafficData,LowLightTrafficData__292,3,0.8600000000000001,1,1.023103048743937,1.023090361152165,0.24437195008442159,1.8018341474034525,1.1068173177974927e-07,3.867083919750769e-08,2.2221320672421996e-08,1.667470583832653e-08,3.3000272514627227e-09,1.1068173177974927e-07,2482de48d80db365a9509d90d89eae80a34468ddc892e1ef76a9b6fa936c932d,db8d9aa2244c7dff9026ecd8031e976de0ad40ad473921a7ab80fb301100183d,3a1d1cf398e4487ed0c06bfcb5fa0ee7bdbc3a5b8f5b98f61f5b02cb8543ee4a,5949182440668931142,7454895150848081565,32,False
unsb-reciprocal-bridge-kernel-deflection-v1,LowLightTrafficData,LowLightTrafficData__710,1,0.5,1,0.23412245906902962,0.23414035461864052,0.06668019350833077,0.4015647246297285,3.285628502602833e-08,4.237096395964812e-08,8.973990661687026e-09,2.022601819362535e-08,3.285628502602833e-08,2.5638574485675747e-08,2482de48d80db365a9509d90d89eae80a34468ddc892e1ef76a9b6fa936c932d,db8d9aa2244c7dff9026ecd8031e976de0ad40ad473921a7ab80fb301100183d,e2f784909e16706525cf025afad1680af689056f9a407125b8861e667f00485d,16895986491911908,4992320877404280280,32,False
unsb-reciprocal-bridge-kernel-deflection-v1,LowLightTrafficData,LowLightTrafficData__710,2,0.74,1,0.8727252059539441,0.8726546041743354,0.11918174232240875,1.6262686695854796,2.2926453580041084e-07,3.0759492219978313e-07,1.9047372179503697e-07,1.2082365108412318e-07,1.6349492848455327e-07,2.2926453580041084e-07,2482de48d80db365a9509d90d89eae80a34468ddc892e1ef76a9b6fa936c932d,db8d9aa2244c7dff9026ecd8031e976de0ad40ad473921a7ab80fb301100183d,e2f784909e16706525cf025afad1680af689056f9a407125b8861e667f00485d,626357537093855623,1082271824002955214,32,False
unsb-reciprocal-bridge-kernel-deflection-v1,LowLightTrafficData,LowLightTrafficData__710,3,0.8600000000000001,1,0.9793866665481945,0.9793318408962786,0.18756381229186614,1.7712095208045229,1.6412638803586788e-08,9.267945721980198e-08,2.503807605691577e-09,5.017987358968412e-09,3.5340641524328475e-10,1.6412638803586788e-08,2482de48d80db365a9509d90d89eae80a34468ddc892e1ef76a9b6fa936c932d,db8d9aa2244c7dff9026ecd8031e976de0ad40ad473921a7ab80fb301100183d,e2f784909e16706525cf025afad1680af689056f9a407125b8861e667f00485d,9131695238777377096,2142852627857812385,32,False
unsb-reciprocal-bridge-kernel-deflection-v1,LowLightTrafficData,LowLightTrafficData__199,1,0.5,1,0.328233797153206,0.32819907907325074,0.09094721790551197,0.5655203764009,1.1515241116200059e-07,3.5391060371203764e-07,2.919411423718543e-08,2.6267637398547095e-08,1.1515241116200059e-07,2.3387427550147777e-08,2482de48d80db365a9509d90d89eae80a34468ddc892e1ef76a9b6fa936c932d,db8d9aa2244c7dff9026ecd8031e976de0ad40ad473921a7ab80fb301100183d,0d9fd4c8709b93dae99cf5c5709a6a7cc5121592f387ac722fdad03190e91bb9,1079648097964007135,5445894023204246209,32,False
unsb-reciprocal-bridge-kernel-deflection-v1,LowLightTrafficData,LowLightTrafficData__199,2,0.74,1,0.8857492613681865,0.8857603670404732,0.1575981110926682,1.6139004116437048,1.9118728333822332e-07,9.686582758128282e-08,1.1002035948948219e-09,1.173198824755417e-07,9.439040660197406e-10,1.9118728333822332e-07,2482de48d80db365a9509d90d89eae80a34468ddc892e1ef76a9b6fa936c932d,db8d9aa2244c7dff9026ecd8031e976de0ad40ad473921a7ab80fb301100183d,0d9fd4c8709b93dae99cf5c5709a6a7cc5121592f387ac722fdad03190e91bb9,5418024561844912349,1244524372480558092,32,False
unsb-reciprocal-bridge-kernel-deflection-v1,LowLightTrafficData,LowLightTrafficData__199,3,0.8600000000000001,1,1.0159269054028621,1.0159724484762866,0.24987263909393853,1.7819811717117857,1.8795834277884893e-07,1.9252974703398706e-07,9.310426762887403e-08,5.2858882382267325e-08,1.3580340629815169e-08,1.8795834277884893e-07,2482de48d80db365a9509d90d89eae80a34468ddc892e1ef76a9b6fa936c932d,db8d9aa2244c7dff9026ecd8031e976de0ad40ad473921a7ab80fb301100183d,0d9fd4c8709b93dae99cf5c5709a6a7cc5121592f387ac722fdad03190e91bb9,1758476084089223377,5820423833839804330,32,False
unsb-reciprocal-bridge-kernel-deflection-v1,LowLightTrafficData,LowLightTrafficData__730,1,0.5,1,0.3191257532562696,0.31914250400805927,0.09063304475383704,0.5476184617587021,1.4956671512411646e-07,3.2052285403594283e-07,4.8521056950079355e-08,4.934702646508526e-10,1.4956671512411646e-07,6.05393846164759e-10,2482de48d80db365a9509d90d89eae80a34468ddc892e1ef76a9b6fa936c932d,db8d9aa2244c7dff9026ecd8031e976de0ad40ad473921a7ab80fb301100183d,eb5b042ab487d165d174bd21d45902fa2b70373d305d633ed84015e3149e989e,7482508840074480500,6392005255628458481,32,False
unsb-reciprocal-bridge-kernel-deflection-v1,LowLightTrafficData,LowLightTrafficData__730,2,0.74,1,0.8884404612342489,0.8884550006874794,0.15884359307642104,1.6180373293920767,3.3524904374804265e-07,2.8551776087848424e-07,1.4146939175674333e-10,1.3695071587882524e-07,9.414991009037976e-11,3.3524904374804265e-07,2482de48d80db365a9509d90d89eae80a34468ddc892e1ef76a9b6fa936c932d,db8d9aa2244c7dff9026ecd8031e976de0ad40ad473921a7ab80fb301100183d,eb5b042ab487d165d174bd21d45902fa2b70373d305d633ed84015e3149e989e,2029976514594272078,8692655659180698780,32,False
unsb-reciprocal-bridge-kernel-deflection-v1,LowLightTrafficData,LowLightTrafficData__730,3,0.8600000000000001,1,1.017655987129066,1.017731888193238,0.2566424843945567,1.778669489863575,2.9156349135028847e-07,3.533042176595558e-07,2.9156349135028847e-07,3.496610778697118e-10,3.206094156826822e-08,1.9957515640101064e-09,2482de48d80db365a9509d90d89eae80a34468ddc892e1ef76a9b6fa936c932d,db8d9aa2244c7dff9026ecd8031e976de0ad40ad473921a7ab80fb301100183d,eb5b042ab487d165d174bd21d45902fa2b70373d305d633ed84015e3149e989e,4816985686559837174,2489873364156989122,32,False
unsb-reciprocal-bridge-kernel-deflection-v1,LowLightTrafficData,LowLightTrafficData__010,1,0.5,1,0.3073001997972396,0.3072415941076794,0.09571695597175778,0.5188834436227214,1.6261702062703165e-07,6.33440446762279e-08,2.4137716270189458e-09,1.0713520115501751e-07,5.132727132206583e-09,1.6261702062703165e-07,2482de48d80db365a9509d90d89eae80a34468ddc892e1ef76a9b6fa936c932d,db8d9aa2244c7dff9026ecd8031e976de0ad40ad473921a7ab80fb301100183d,52597537d7abe355da789b0e8afd874ff6cfb29f74933148fb2e5e932ad866c3,5237980517855290109,227465772332445732,32,False
unsb-reciprocal-bridge-kernel-deflection-v1,LowLightTrafficData,LowLightTrafficData__010,2,0.74,1,0.8785717667542302,0.8785019810923458,0.1694329282580196,1.5877106052504408,1.1975510405548562e-07,1.3163972600871432e-07,2.664972909016683e-09,4.332886505142852e-08,1.3082928074226174e-09,1.1975510405548562e-07,2482de48d80db365a9509d90d89eae80a34468ddc892e1ef76a9b6fa936c932d,db8d9aa2244c7dff9026ecd8031e976de0ad40ad473921a7ab80fb301100183d,52597537d7abe355da789b0e8afd874ff6cfb29f74933148fb2e5e932ad866c3,3667140780809971234,273207222852073222,32,False
unsb-reciprocal-bridge-kernel-deflection-v1,LowLightTrafficData,LowLightTrafficData__010,3,0.8600000000000001,1,1.0240546045179846,1.024057431607302,0.27227758754451614,1.775831621491453,5.499791368990259e-07,1.2561105833253094e-06,5.499791368990259e-07,2.3441629748433e-09,5.230346533657837e-08,1.3749131499984912e-08,2482de48d80db365a9509d90d89eae80a34468ddc892e1ef76a9b6fa936c932d,db8d9aa2244c7dff9026ecd8031e976de0ad40ad473921a7ab80fb301100183d,52597537d7abe355da789b0e8afd874ff6cfb29f74933148fb2e5e932ad866c3,5777475005453387556,6021393778738341003,32,False
unsb-reciprocal-bridge-kernel-deflection-v1,LowLightTrafficData,LowLightTrafficData__238,1,0.5,1,0.1886863904407033,0.18870220854097342,0.059893121989147535,0.31747965889225904,5.813658154885104e-08,4.2313810810767905e-07,1.4490763478036683e-08,5.813658154885104e-08,3.551717520089426e-08,4.349581661511337e-08,2482de48d80db365a9509d90d89eae80a34468ddc892e1ef76a9b6fa936c932d,db8d9aa2244c7dff9026ecd8031e976de0ad40ad473921a7ab80fb301100183d,17b53e1c0d563fc96f738e2d0a419e70cf3574252b49debc637134c85fc28406,5856108453136631376,1746739613722046192,32,False
unsb-reciprocal-bridge-kernel-deflection-v1,LowLightTrafficData,LowLightTrafficData__238,2,0.74,1,0.8582856272222465,0.8582844428314482,0.1251932240115341,1.591378030432959,1.526127166862068e-07,3.163985572429695e-07,1.526127166862068e-07,1.6430059535110786e-09,1.094607753326926e-07,1.2875051025318385e-09,2482de48d80db365a9509d90d89eae80a34468ddc892e1ef76a9b6fa936c932d,db8d9aa2244c7dff9026ecd8031e976de0ad40ad473921a7ab80fb301100183d,17b53e1c0d563fc96f738e2d0a419e70cf3574252b49debc637134c85fc28406,8053633920889771509,2436407831571083100,32,False
unsb-reciprocal-bridge-kernel-deflection-v1,LowLightTrafficData,LowLightTrafficData__238,3,0.8600000000000001,1,0.9905656049112952,0.9905959320828449,0.2187297000255387,1.7624015097970516,5.922340395869696e-08,1.2919267666777756e-07,3.878684040614644e-10,4.478658910400668e-08,5.763534094427314e-11,5.922340395869696e-08,2482de48d80db365a9509d90d89eae80a34468ddc892e1ef76a9b6fa936c932d,db8d9aa2244c7dff9026ecd8031e976de0ad40ad473921a7ab80fb301100183d,17b53e1c0d563fc96f738e2d0a419e70cf3574252b49debc637134c85fc28406,137486398404658573,7918143684928624700,32,False
unsb-reciprocal-bridge-kernel-deflection-v1,LowLightTrafficData,LowLightTrafficData__226,1,0.5,1,0.24681145596996656,0.2468395559720819,0.06986123320303461,0.4237616787368985,2.657669162520193e-08,2.7708218885980074e-07,1.1833963808882686e-09,2.1651505366371282e-08,6.381597472682188e-09,2.657669162520193e-08,2482de48d80db365a9509d90d89eae80a34468ddc892e1ef76a9b6fa936c932d,db8d9aa2244c7dff9026ecd8031e976de0ad40ad473921a7ab80fb301100183d,d506aac6585f2064ad7f4180c44e01575b48c46517744435ff9a4afceb203d0a,2554421231982851696,5485596344125645323,32,False
unsb-reciprocal-bridge-kernel-deflection-v1,LowLightTrafficData,LowLightTrafficData__226,2,0.74,1,0.8931760470253116,0.8931733972355438,0.10974170322425147,1.6766103908263719,7.448739501869639e-07,1.0174380787875137e-06,5.6440816464942145e-09,7.448739501869639e-07,5.966507954369149e-09,7.205459744419329e-07,2482de48d80db365a9509d90d89eae80a34468ddc892e1ef76a9b6fa936c932d,db8d9aa2244c7dff9026ecd8031e976de0ad40ad473921a7ab80fb301100183d,d506aac6585f2064ad7f4180c44e01575b48c46517744435ff9a4afceb203d0a,6088401478345770248,1248799780810876957,32,False
unsb-reciprocal-bridge-kernel-deflection-v1,LowLightTrafficData,LowLightTrafficData__226,3,0.8600000000000001,1,0.9841444267525519,0.9841260656875066,0.17412183516055435,1.7941670183445493,8.769012072029625e-07,6.822290959940247e-07,7.743430807671814e-08,5.538734698662395e-07,1.234704560815203e-08,8.769012072029625e-07,2482de48d80db365a9509d90d89eae80a34468ddc892e1ef76a9b6fa936c932d,db8d9aa2244c7dff9026ecd8031e976de0ad40ad473921a7ab80fb301100183d,d506aac6585f2064ad7f4180c44e01575b48c46517744435ff9a4afceb203d0a,6142971159780006642,3183695261401885163,32,False
unsb-reciprocal-bridge-kernel-deflection-v1,LowLightTrafficData,LowLightTrafficData__426,1,0.5,1,0.24113232125924589,0.24117286866250565,0.06612570260449546,0.4161389399139963,2.991661979256932e-07,5.571785668401219e-07,1.008104910660279e-08,2.991661979256932e-07,5.412207260135915e-08,1.9865911127237013e-07,2482de48d80db365a9509d90d89eae80a34468ddc892e1ef76a9b6fa936c932d,db8d9aa2244c7dff9026ecd8031e976de0ad40ad473921a7ab80fb301100183d,a68f94ee7c51d76df171e9d51e3a2e7eebd6671ff9a364623db0df08bdd0cdc2,5466080150618351410,579113742268111841,32,False
unsb-reciprocal-bridge-kernel-deflection-v1,LowLightTrafficData,LowLightTrafficData__426,2,0.74,1,0.8974102935198782,0.8974070356455668,0.10825112830315264,1.6865694587366038,1.44493221831965e-08,1.2235757518297419e-08,5.859748908321194e-09,1.44493221831965e-08,6.629144455594371e-09,9.689876678820042e-09,2482de48d80db365a9509d90d89eae80a34468ddc892e1ef76a9b6fa936c932d,db8d9aa2244c7dff9026ecd8031e976de0ad40ad473921a7ab80fb301100183d,a68f94ee7c51d76df171e9d51e3a2e7eebd6671ff9a364623db0df08bdd0cdc2,1946208540839522054,779806681800718514,32,False
unsb-reciprocal-bridge-kernel-deflection-v1,LowLightTrafficData,LowLightTrafficData__426,3,0.8600000000000001,1,0.984046070725296,0.9840960343699587,0.17679480331153918,1.791297338139053,2.5398405711918315e-07,8.334423741152008e-07,2.5398405711918315e-07,1.151662210041593e-09,4.483229565366287e-08,1.0979768205743312e-09,2482de48d80db365a9509d90d89eae80a34468ddc892e1ef76a9b6fa936c932d,db8d9aa2244c7dff9026ecd8031e976de0ad40ad473921a7ab80fb301100183d,a68f94ee7c51d76df171e9d51e3a2e7eebd6671ff9a364623db0df08bdd0cdc2,2219590537578877238,5617202296957069000,32,False
unsb-reciprocal-bridge-kernel-deflection-v1,LowLightTrafficData,LowLightTrafficData__057,1,0.5,1,0.26524650428614005,0.26521108081471767,0.08249804867397814,0.44799495989830196,4.962464150715107e-08,5.954772719363177e-08,1.4322725672144543e-08,8.525664396685784e-09,4.962464150715107e-08,9.392270960972837e-09,2482de48d80db365a9509d90d89eae80a34468ddc892e1ef76a9b6fa936c932d,db8d9aa2244c7dff9026ecd8031e976de0ad40ad473921a7ab80fb301100183d,8bf0b11c056830f473f2ee27c2e6a7a7141f9306e6dfbb21a18f120b08cc23cf,1365398854483437368,6862427938171824170,32,False
unsb-reciprocal-bridge-kernel-deflection-v1,LowLightTrafficData,LowLightTrafficData__057,2,0.74,1,0.8774406490994251,0.8774823415087131,0.14984841706183005,1.60503288113702,2.2850444758582e-07,6.049479661651702e-07,4.981315138152809e-09,1.0539889816474357e-07,4.654275187476742e-09,2.2850444758582e-07,2482de48d80db365a9509d90d89eae80a34468ddc892e1ef76a9b6fa936c932d,db8d9aa2244c7dff9026ecd8031e976de0ad40ad473921a7ab80fb301100183d,8bf0b11c056830f473f2ee27c2e6a7a7141f9306e6dfbb21a18f120b08cc23cf,855827648883155269,949907344421511128,32,False
unsb-reciprocal-bridge-kernel-deflection-v1,LowLightTrafficData,LowLightTrafficData__057,3,0.8600000000000001,1,1.0163477699311383,1.0163314927447502,0.23665550282019732,1.7960400370420793,1.1622483089279712e-06,1.5618354033408721e-06,9.464593242469732e-08,2.7538242874936003e-07,1.4623015243131476e-08,1.1622483089279712e-06,2482de48d80db365a9509d90d89eae80a34468ddc892e1ef76a9b6fa936c932d,db8d9aa2244c7dff9026ecd8031e976de0ad40ad473921a7ab80fb301100183d,8bf0b11c056830f473f2ee27c2e6a7a7141f9306e6dfbb21a18f120b08cc23cf,5458288230797204153,4812546913960043790,32,False
unsb-reciprocal-bridge-kernel-deflection-v1,LowLightTrafficData,LowLightTrafficData__725,1,0.5,1,0.24458681797829035,0.24456503716408268,0.06606577904314792,0.4231078569134328,3.267529202766184e-08,1.5183273749386217e-07,8.910390869587559e-09,9.015303392700957e-09,3.267529202766184e-08,1.0183478726943918e-08,2482de48d80db365a9509d90d89eae80a34468ddc892e1ef76a9b6fa936c932d,db8d9aa2244c7dff9026ecd8031e976de0ad40ad473921a7ab80fb301100183d,cf00956fea263f4f28ebfcf16bfa43fcecbd1c8ab4a27019c89fafe6bf37734f,2193843896395955460,7151079935915539618,32,False
unsb-reciprocal-bridge-kernel-deflection-v1,LowLightTrafficData,LowLightTrafficData__725,2,0.74,1,0.8399362944135385,0.8399727698452795,0.11972995771636985,1.5601426311107072,1.7789287598546366e-08,1.8035843041275257e-07,1.6213410836130038e-08,9.06009089973736e-09,1.7789287598546366e-08,1.7627077131265878e-08,2482de48d80db365a9509d90d89eae80a34468ddc892e1ef76a9b6fa936c932d,db8d9aa2244c7dff9026ecd8031e976de0ad40ad473921a7ab80fb301100183d,cf00956fea263f4f28ebfcf16bfa43fcecbd1c8ab4a27019c89fafe6bf37734f,6834393173159946512,411431628896577477,32,False
unsb-reciprocal-bridge-kernel-deflection-v1,LowLightTrafficData,LowLightTrafficData__725,3,0.8600000000000001,1,0.981399194032772,0.9814700607524296,0.19285981907524608,1.7699385689902978,1.649924605162667e-06,2.540892308999787e-06,2.5086230115434205e-07,3.9758875369777513e-07,4.551187771095755e-08,1.649924605162667e-06,2482de48d80db365a9509d90d89eae80a34468ddc892e1ef76a9b6fa936c932d,db8d9aa2244c7dff9026ecd8031e976de0ad40ad473921a7ab80fb301100183d,cf00956fea263f4f28ebfcf16bfa43fcecbd1c8ab4a27019c89fafe6bf37734f,4031864545717622524,5899695335536752629,32,False
unsb-reciprocal-bridge-kernel-deflection-v1,LowLightTrafficData,LowLightTrafficData__252,1,0.5,1,0.2052561520250551,0.20526215970389428,0.0657646736225217,0.3447476304275885,3.004084980773314e-09,3.19390875413994e-07,2.3070434451710753e-13,3.004084980773314e-09,8.113509863960644e-13,1.4382298685333694e-09,2482de48d80db365a9509d90d89eae80a34468ddc892e1ef76a9b6fa936c932d,db8d9aa2244c7dff9026ecd8031e976de0ad40ad473921a7ab80fb301100183d,a94fe46893867f3129cb75066a6efaf1fec340e3c9824a689d67a0f6339dd26c,7311419731036356668,9123078044626209976,32,False
unsb-reciprocal-bridge-kernel-deflection-v1,LowLightTrafficData,LowLightTrafficData__252,2,0.74,1,0.8382279525469082,0.838280555793819,0.13737227291798648,1.5390836321758299,7.388165745858544e-09,3.0548849261347044e-07,7.388165745858544e-09,5.048578222144329e-10,4.980352907857366e-09,5.055109664198199e-10,2482de48d80db365a9509d90d89eae80a34468ddc892e1ef76a9b6fa936c932d,db8d9aa2244c7dff9026ecd8031e976de0ad40ad473921a7ab80fb301100183d,a94fe46893867f3129cb75066a6efaf1fec340e3c9824a689d67a0f6339dd26c,5208213136339940451,8875306293854222487,32,False
unsb-reciprocal-bridge-kernel-deflection-v1,LowLightTrafficData,LowLightTrafficData__252,3,0.8600000000000001,1,0.9986292510637768,0.9986539942955891,0.249076736811227,1.7481817653163265,1.8687485736634812e-07,1.5370986627960548e-07,9.945598811178513e-08,7.745500640865544e-08,1.1322039750183421e-08,1.8687485736634812e-07,2482de48d80db365a9509d90d89eae80a34468ddc892e1ef76a9b6fa936c932d,db8d9aa2244c7dff9026ecd8031e976de0ad40ad473921a7ab80fb301100183d,a94fe46893867f3129cb75066a6efaf1fec340e3c9824a689d67a0f6339dd26c,7276737873365626879,1821442079743956661,32,False
unsb-reciprocal-bridge-kernel-deflection-v1,LowLightTrafficData,LowLightTrafficData__236,1,0.5,1,0.21526573912896546,0.2152268150688944,0.06554965070473728,0.36498182755319364,1.0917584547520676e-07,2.9564162407069716e-07,6.299585086910753e-08,7.913861010955259e-09,1.0917584547520676e-07,2.118409458962134e-08,2482de48d80db365a9509d90d89eae80a34468ddc892e1ef76a9b6fa936c932d,db8d9aa2244c7dff9026ecd8031e976de0ad40ad473921a7ab80fb301100183d,6e5c8ed1c258ac9415a6896447fc379e44696b093d58653acb7b76dee10193d4,9150838207434310431,2233466248580720116,32,False
unsb-reciprocal-bridge-kernel-deflection-v1,LowLightTrafficData,LowLightTrafficData__236,2,0.74,1,0.8233652581419821,0.8233687625310568,0.12497812210630499,1.5217523941776592,1.2619763456456212e-07,1.564963858502466e-07,7.899859710835955e-08,1.9743293666607542e-08,3.7772584393636066e-08,1.2619763456456212e-07,2482de48d80db365a9509d90d89eae80a34468ddc892e1ef76a9b6fa936c932d,db8d9aa2244c7dff9026ecd8031e976de0ad40ad473921a7ab80fb301100183d,6e5c8ed1c258ac9415a6896447fc379e44696b093d58653acb7b76dee10193d4,7155465993345422100,4037380317564150324,32,False
unsb-reciprocal-bridge-kernel-deflection-v1,LowLightTrafficData,LowLightTrafficData__236,3,0.8600000000000001,1,0.974337034628934,0.9743508356622732,0.20547338399939896,1.743200685258469,4.0284872127038795e-07,1.2314708528471385e-06,9.8766183231902e-08,2.9479438889978837e-08,7.260409717879668e-09,4.0284872127038795e-07,2482de48d80db365a9509d90d89eae80a34468ddc892e1ef76a9b6fa936c932d,db8d9aa2244c7dff9026ecd8031e976de0ad40ad473921a7ab80fb301100183d,6e5c8ed1c258ac9415a6896447fc379e44696b093d58653acb7b76dee10193d4,164533876346081158,3883488188560504449,32,False
unsb-reciprocal-bridge-kernel-deflection-v1,LowLightTrafficData,LowLightTrafficData__280,1,0.5,1,0.1703829147477532,0.1703764156769625,0.045444766577473095,0.2953210629180333,8.14261646997494e-09,2.103014862253616e-07,5.134671576811911e-10,8.14261646997494e-09,1.6481187525840824e-09,2.7533486601782897e-09,2482de48d80db365a9509d90d89eae80a34468ddc892e1ef76a9b6fa936c932d,db8d9aa2244c7dff9026ecd8031e976de0ad40ad473921a7ab80fb301100183d,649586a8766b9150129226cd2e6894944c802d2190e5a2a805589d8d34321a90,970520630984303441,8215755882284543138,32,False
unsb-reciprocal-bridge-kernel-deflection-v1,LowLightTrafficData,LowLightTrafficData__280,2,0.74,1,0.8485040830390775,0.8485039334854969,0.11003269148660533,1.5869754745915499,2.502245991520269e-07,2.648740767829949e-07,3.782889201886519e-08,2.502245991520269e-07,2.9852056160351026e-08,1.96130116814075e-07,2482de48d80db365a9509d90d89eae80a34468ddc892e1ef76a9b6fa936c932d,db8d9aa2244c7dff9026ecd8031e976de0ad40ad473921a7ab80fb301100183d,649586a8766b9150129226cd2e6894944c802d2190e5a2a805589d8d34321a90,1646992707641955389,7063229136481794602,32,False
unsb-reciprocal-bridge-kernel-deflection-v1,LowLightTrafficData,LowLightTrafficData__280,3,0.8600000000000001,1,1.0004774288655924,1.0004702553763258,0.23865417128824207,1.7623006864429427,5.022550868538644e-07,1.6174736328089523e-06,5.022550868538644e-07,7.575122529246414e-09,5.475833431134447e-08,1.2097251644860307e-08,2482de48d80db365a9509d90d89eae80a34468ddc892e1ef76a9b6fa936c932d,db8d9aa2244c7dff9026ecd8031e976de0ad40ad473921a7ab80fb301100183d,649586a8766b9150129226cd2e6894944c802d2190e5a2a805589d8d34321a90,380290893083595250,1049699960950637958,32,False
unsb-reciprocal-bridge-kernel-deflection-v1,LowLightTrafficData,LowLightTrafficData__284,1,0.5,1,0.23758192307602755,0.23760018213183015,0.08080684596097876,0.39435700019107633,2.1106972503126542e-08,4.361971983612989e-08,1.2741344868061333e-08,3.2272007288725035e-10,2.1106972503126542e-08,3.483078270249962e-10,2482de48d80db365a9509d90d89eae80a34468ddc892e1ef76a9b6fa936c932d,db8d9aa2244c7dff9026ecd8031e976de0ad40ad473921a7ab80fb301100183d,bc9ad293db6230486113d37d2c3cfad5658d947192c6869946394552302bd3e2,6587312979407657176,4686980785384522157,32,False
unsb-reciprocal-bridge-kernel-deflection-v1,LowLightTrafficData,LowLightTrafficData__284,2,0.74,1,0.8276601152987718,0.8276321289237217,0.14614206882515934,1.5091781617723843,6.983554191597463e-07,7.119069150851587e-07,8.369576121047828e-08,3.217393782506406e-07,4.1529907734982885e-08,6.983554191597463e-07,2482de48d80db365a9509d90d89eae80a34468ddc892e1ef76a9b6fa936c932d,db8d9aa2244c7dff9026ecd8031e976de0ad40ad473921a7ab80fb301100183d,bc9ad293db6230486113d37d2c3cfad5658d947192c6869946394552302bd3e2,3429441264106960891,4221897649522663025,32,False
unsb-reciprocal-bridge-kernel-deflection-v1,LowLightTrafficData,LowLightTrafficData__284,3,0.8600000000000001,1,0.9822437590548065,0.9822935046128104,0.22568064407910604,1.738806874030507,7.299288431461548e-07,2.5711067375144836e-07,8.712535271016009e-08,1.4547796267638802e-07,6.8494994120982255e-09,7.299288431461548e-07,2482de48d80db365a9509d90d89eae80a34468ddc892e1ef76a9b6fa936c932d,db8d9aa2244c7dff9026ecd8031e976de0ad40ad473921a7ab80fb301100183d,bc9ad293db6230486113d37d2c3cfad5658d947192c6869946394552302bd3e2,3272825837376817394,6326581701397423693,32,False
unsb-reciprocal-bridge-kernel-deflection-v1,LowLightTrafficData,LowLightTrafficData__687,1,0.5,1,0.3345443613935366,0.33454664379332955,0.07619138046102325,0.59289734232605,1.4133898018631186e-07,8.118306027427025e-09,2.767895002087073e-08,4.091415983786817e-08,1.4133898018631186e-07,5.383872281328195e-08,2482de48d80db365a9509d90d89eae80a34468ddc892e1ef76a9b6fa936c932d,db8d9aa2244c7dff9026ecd8031e976de0ad40ad473921a7ab80fb301100183d,3271c9c393ea8ce94147f8608ba5bce52106e2b8c5f661288685cb868a395b50,7107334900612213713,1227880519069100754,32,False
unsb-reciprocal-bridge-kernel-deflection-v1,LowLightTrafficData,LowLightTrafficData__687,2,0.74,1,0.9293683631801146,0.9293671922306939,0.131879059007185,1.7268576673530442,3.498464811180213e-07,1.6191939533616306e-07,9.522610477930016e-10,1.382148098194591e-07,8.422044173173049e-10,3.498464811180213e-07,2482de48d80db365a9509d90d89eae80a34468ddc892e1ef76a9b6fa936c932d,db8d9aa2244c7dff9026ecd8031e976de0ad40ad473921a7ab80fb301100183d,3271c9c393ea8ce94147f8608ba5bce52106e2b8c5f661288685cb868a395b50,7853525223409392795,5993538053964321669,32,False
unsb-reciprocal-bridge-kernel-deflection-v1,LowLightTrafficData,LowLightTrafficData__687,3,0.8600000000000001,1,1.0168719382015476,1.0168727971016227,0.20463680703709608,1.8291070693659992,2.2757380735427546e-07,3.4999728426576837e-07,1.129359517015871e-08,4.379066032011991e-08,1.609159694382356e-09,2.2757380735427546e-07,2482de48d80db365a9509d90d89eae80a34468ddc892e1ef76a9b6fa936c932d,db8d9aa2244c7dff9026ecd8031e976de0ad40ad473921a7ab80fb301100183d,3271c9c393ea8ce94147f8608ba5bce52106e2b8c5f661288685cb868a395b50,4958822668819146274,1628280722977176001,32,False
unsb-reciprocal-bridge-kernel-deflection-v1,LowLightTrafficData,LowLightTrafficData__053,1,0.5,1,0.2700035616124372,0.2700442629866738,0.08592490651914275,0.4540822167057317,3.176906182567052e-08,1.119987802500333e-08,1.4807356119028725e-08,1.9498734626921532e-08,3.176906182567052e-08,2.636492413277125e-08,2482de48d80db365a9509d90d89eae80a34468ddc892e1ef76a9b6fa936c932d,db8d9aa2244c7dff9026ecd8031e976de0ad40ad473921a7ab80fb301100183d,87e1b06007cdeae729c160f74e18c838fc6872509cd6a99ba2674494a6f90f82,7220901273210473841,865387782569029136,32,False
unsb-reciprocal-bridge-kernel-deflection-v1,LowLightTrafficData,LowLightTrafficData__053,2,0.74,1,0.8551358467328651,0.8551095953607762,0.15257127034111617,1.557700423124614,1.8392995226879094e-07,1.1482322981315463e-07,3.2205753619507504e-09,7.38057149840543e-08,1.8585590844111266e-09,1.8392995226879094e-07,2482de48d80db365a9509d90d89eae80a34468ddc892e1ef76a9b6fa936c932d,db8d9aa2244c7dff9026ecd8031e976de0ad40ad473921a7ab80fb301100183d,87e1b06007cdeae729c160f74e18c838fc6872509cd6a99ba2674494a6f90f82,3160912857173924403,5622569584346721810,32,False
unsb-reciprocal-bridge-kernel-deflection-v1,LowLightTrafficData,LowLightTrafficData__053,3,0.8600000000000001,1,1.0040458365232647,1.0040843368318892,0.24494828863937157,1.763143384407158,6.521782179857993e-07,1.4600010501686356e-06,6.521782179857993e-07,1.4621363897404649e-08,6.608409430786111e-08,7.563829340639927e-08,2482de48d80db365a9509d90d89eae80a34468ddc892e1ef76a9b6fa936c932d,db8d9aa2244c7dff9026ecd8031e976de0ad40ad473921a7ab80fb301100183d,87e1b06007cdeae729c160f74e18c838fc6872509cd6a99ba2674494a6f90f82,5242241304906697260,5603587322241374928,32,False
unsb-reciprocal-bridge-kernel-deflection-v1,LowLightTrafficData,LowLightTrafficData__292,1,0.5,2,0.20763607117521898,0.20763671979544773,0.08843705796790502,0.32683508438253295,1.2184750075583395e-07,7.960404835305468e-08,3.5099237516433845e-08,3.911782009424769e-10,1.2184750075583395e-07,5.421342264000373e-10,2482de48d80db365a9509d90d89eae80a34468ddc892e1ef76a9b6fa936c932d,b51ab267c341940e49534712a0e492a73cca5abbe9979e3d41186303b49c3f4e,3a1d1cf398e4487ed0c06bfcb5fa0ee7bdbc3a5b8f5b98f61f5b02cb8543ee4a,1969898256015074757,8699498283269127194,32,False
unsb-reciprocal-bridge-kernel-deflection-v1,LowLightTrafficData,LowLightTrafficData__292,2,0.74,2,0.8077976803574918,0.8077853950477544,0.16828351481481663,1.447311845900167,6.583274370086656e-09,1.8766224685329291e-07,4.1875910516964154e-09,9.845460002821937e-10,6.583274370086656e-09,3.508989210310176e-09,2482de48d80db365a9509d90d89eae80a34468ddc892e1ef76a9b6fa936c932d,b51ab267c341940e49534712a0e492a73cca5abbe9979e3d41186303b49c3f4e,3a1d1cf398e4487ed0c06bfcb5fa0ee7bdbc3a5b8f5b98f61f5b02cb8543ee4a,4774459018658423525,4211594121749700206,32,False
unsb-reciprocal-bridge-kernel-deflection-v1,LowLightTrafficData,LowLightTrafficData__292,3,0.8600000000000001,2,0.9998539429972626,0.9998517587967342,0.2731022420098079,1.7266056439847173,6.311522204871522e-08,2.957306144413252e-08,2.2221320672421996e-08,8.383577942971954e-09,6.139765362789262e-09,6.311522204871522e-08,2482de48d80db365a9509d90d89eae80a34468ddc892e1ef76a9b6fa936c932d,b51ab267c341940e49534712a0e492a73cca5abbe9979e3d41186303b49c3f4e,3a1d1cf398e4487ed0c06bfcb5fa0ee7bdbc3a5b8f5b98f61f5b02cb8543ee4a,5949182440668931142,7454895150848081565,32,False
unsb-reciprocal-bridge-kernel-deflection-v1,LowLightTrafficData,LowLightTrafficData__710,1,0.5,2,0.1432695437257971,0.14325170795755743,0.08018941671495095,0.20634967073664323,2.0360153119014512e-08,1.2956017370058248e-08,8.973990661687026e-09,6.698808174832038e-11,2.0360153119014512e-08,1.2427670004200309e-10,2482de48d80db365a9509d90d89eae80a34468ddc892e1ef76a9b6fa936c932d,b51ab267c341940e49534712a0e492a73cca5abbe9979e3d41186303b49c3f4e,e2f784909e16706525cf025afad1680af689056f9a407125b8861e667f00485d,16895986491911908,4992320877404280280,32,False
unsb-reciprocal-bridge-kernel-deflection-v1,LowLightTrafficData,LowLightTrafficData__710,2,0.74,2,0.6722242347865346,0.6721719061284456,0.1509874001642303,1.1934610694088388,3.511040216341854e-07,2.292578382689925e-08,1.9047372179503697e-07,9.074916373918995e-10,3.511040216341854e-07,1.2239980140549278e-09,2482de48d80db365a9509d90d89eae80a34468ddc892e1ef76a9b6fa936c932d,b51ab267c341940e49534712a0e492a73cca5abbe9979e3d41186303b49c3f4e,e2f784909e16706525cf025afad1680af689056f9a407125b8861e667f00485d,626357537093855623,1082271824002955214,32,False
unsb-reciprocal-bridge-kernel-deflection-v1,LowLightTrafficData,LowLightTrafficData__710,3,0.8600000000000001,2,0.9431725777365697,0.9431235736600139,0.23736393255731714,1.6489812229158223,2.503807605691577e-09,9.267945721980198e-08,2.503807605691577e-09,3.2135638594610327e-10,7.869674911731295e-10,3.7622904791589917e-10,2482de48d80db365a9509d90d89eae80a34468ddc892e1ef76a9b6fa936c932d,b51ab267c341940e49534712a0e492a73cca5abbe9979e3d41186303b49c3f4e,e2f784909e16706525cf025afad1680af689056f9a407125b8861e667f00485d,9131695238777377096,2142852627857812385,32,False
unsb-reciprocal-bridge-kernel-deflection-v1,LowLightTrafficData,LowLightTrafficData__199,1,0.5,2,0.20778426886505064,0.20778361162048825,0.07855010895210557,0.3370184287779957,9.965749292462078e-08,3.0620220159427447e-07,2.919411423718543e-08,2.74029299252021e-09,9.965749292462078e-08,5.927498381019802e-09,2482de48d80db365a9509d90d89eae80a34468ddc892e1ef76a9b6fa936c932d,b51ab267c341940e49534712a0e492a73cca5abbe9979e3d41186303b49c3f4e,0d9fd4c8709b93dae99cf5c5709a6a7cc5121592f387ac722fdad03190e91bb9,1079648097964007135,5445894023204246209,32,False
unsb-reciprocal-bridge-kernel-deflection-v1,LowLightTrafficData,LowLightTrafficData__199,2,0.74,2,0.7984261243308883,0.7984260498294242,0.14902474179991554,1.4478275068618611,7.760882714258344e-09,1.1883647865751357e-07,1.1002035948948219e-09,1.7193194645770404e-09,1.5988675938771735e-09,7.760882714258344e-09,2482de48d80db365a9509d90d89eae80a34468ddc892e1ef76a9b6fa936c932d,b51ab267c341940e49534712a0e492a73cca5abbe9979e3d41186303b49c3f4e,0d9fd4c8709b93dae99cf5c5709a6a7cc5121592f387ac722fdad03190e91bb9,5418024561844912349,1244524372480558092,32,False
unsb-reciprocal-bridge-kernel-deflection-v1,LowLightTrafficData,LowLightTrafficData__199,3,0.8600000000000001,2,0.9803867650149924,0.9803748850965669,0.2487370521389155,1.7120364778910695,9.310426762887403e-08,1.9947953733279178e-08,9.310426762887403e-08,2.387017250526924e-10,2.4845619228663907e-08,2.5903293954243622e-09,2482de48d80db365a9509d90d89eae80a34468ddc892e1ef76a9b6fa936c932d,b51ab267c341940e49534712a0e492a73cca5abbe9979e3d41186303b49c3f4e,0d9fd4c8709b93dae99cf5c5709a6a7cc5121592f387ac722fdad03190e91bb9,1758476084089223377,5820423833839804330,32,False
unsb-reciprocal-bridge-kernel-deflection-v1,LowLightTrafficData,LowLightTrafficData__730,1,0.5,2,0.21623183676595292,0.21624060286661823,0.09320280487987564,0.3392608686520302,1.5272222075868314e-07,3.2728052368202754e-07,4.8521056950079355e-08,2.3952730909826414e-09,1.5272222075868314e-07,4.2182208837004964e-09,2482de48d80db365a9509d90d89eae80a34468ddc892e1ef76a9b6fa936c932d,b51ab267c341940e49534712a0e492a73cca5abbe9979e3d41186303b49c3f4e,eb5b042ab487d165d174bd21d45902fa2b70373d305d633ed84015e3149e989e,7482508840074480500,6392005255628458481,32,False
unsb-reciprocal-bridge-kernel-deflection-v1,LowLightTrafficData,LowLightTrafficData__730,2,0.74,2,0.812208632072242,0.8122176787063795,0.17788180208186555,1.4465354620626185,3.424004413332682e-10,1.819916639611563e-08,1.4146939175674333e-10,1.0549494611211685e-10,2.0345147788702889e-10,3.424004413332682e-10,2482de48d80db365a9509d90d89eae80a34468ddc892e1ef76a9b6fa936c932d,b51ab267c341940e49534712a0e492a73cca5abbe9979e3d41186303b49c3f4e,eb5b042ab487d165d174bd21d45902fa2b70373d305d633ed84015e3149e989e,2029976514594272078,8692655659180698780,32,False
unsb-reciprocal-bridge-kernel-deflection-v1,LowLightTrafficData,LowLightTrafficData__730,3,0.8600000000000001,2,1.0047636030801936,1.0047718845365012,0.2905907411905776,1.7189364649698096,2.9156349135028847e-07,3.533042176595558e-07,2.9156349135028847e-07,3.705703299772267e-09,6.687240594605015e-08,3.018287353384608e-08,2482de48d80db365a9509d90d89eae80a34468ddc892e1ef76a9b6fa936c932d,b51ab267c341940e49534712a0e492a73cca5abbe9979e3d41186303b49c3f4e,eb5b042ab487d165d174bd21d45902fa2b70373d305d633ed84015e3149e989e,4816985686559837174,2489873364156989122,32,False
unsb-reciprocal-bridge-kernel-deflection-v1,LowLightTrafficData,LowLightTrafficData__010,1,0.5,2,0.19898067040194423,0.198976393315773,0.08742867746235938,0.31053266334152907,8.441154997207434e-09,7.277763502955281e-09,2.4137716270189458e-09,4.366430106372832e-09,5.296354355088795e-09,8.441154997207434e-09,2482de48d80db365a9509d90d89eae80a34468ddc892e1ef76a9b6fa936c932d,b51ab267c341940e49534712a0e492a73cca5abbe9979e3d41186303b49c3f4e,52597537d7abe355da789b0e8afd874ff6cfb29f74933148fb2e5e932ad866c3,5237980517855290109,227465772332445732,32,False
unsb-reciprocal-bridge-kernel-deflection-v1,LowLightTrafficData,LowLightTrafficData__010,2,0.74,2,0.8150592963795491,0.8150573979459788,0.17867630777715116,1.451442284981947,7.036868088228232e-09,1.3163972600871432e-07,2.664972909016683e-09,1.608144062359429e-09,2.5818606141925216e-09,7.036868088228232e-09,2482de48d80db365a9509d90d89eae80a34468ddc892e1ef76a9b6fa936c932d,b51ab267c341940e49534712a0e492a73cca5abbe9979e3d41186303b49c3f4e,52597537d7abe355da789b0e8afd874ff6cfb29f74933148fb2e5e932ad866c3,3667140780809971234,273207222852073222,32,False
unsb-reciprocal-bridge-kernel-deflection-v1,LowLightTrafficData,LowLightTrafficData__010,3,0.8600000000000001,2,1.0132527072314557,1.013272239380881,0.3068600511196402,1.7196453633432711,5.499791368990259e-07,4.6000532161194485e-07,5.499791368990259e-07,1.3860530501119683e-09,9.972872849761671e-08,1.0770977887375466e-08,2482de48d80db365a9509d90d89eae80a34468ddc892e1ef76a9b6fa936c932d,b51ab267c341940e49534712a0e492a73cca5abbe9979e3d41186303b49c3f4e,52597537d7abe355da789b0e8afd874ff6cfb29f74933148fb2e5e932ad866c3,5777475005453387556,6021393778738341003,32,False
unsb-reciprocal-bridge-kernel-deflection-v1,LowLightTrafficData,LowLightTrafficData__238,1,0.5,2,0.13121971270755795,0.13122319731408427,0.08319636131260388,0.179243064102512,2.9556565861454942e-08,8.536825579774643e-09,1.4490763478036683e-08,3.423768268895344e-09,2.9556565861454942e-08,1.3939270848695173e-09,2482de48d80db365a9509d90d89eae80a34468ddc892e1ef76a9b6fa936c932d,b51ab267c341940e49534712a0e492a73cca5abbe9979e3d41186303b49c3f4e,17b53e1c0d563fc96f738e2d0a419e70cf3574252b49debc637134c85fc28406,5856108453136631376,1746739613722046192,32,False
unsb-reciprocal-bridge-kernel-deflection-v1,LowLightTrafficData,LowLightTrafficData__238,2,0.74,2,0.642854927367115,0.6428687114211052,0.1531201335430492,1.1325897211911808,3.2379686265571195e-07,6.723583846346415e-07,1.526127166862068e-07,1.1235884889160275e-08,3.2379686265571195e-07,1.0703732455930037e-08,2482de48d80db365a9509d90d89eae80a34468ddc892e1ef76a9b6fa936c932d,b51ab267c341940e49534712a0e492a73cca5abbe9979e3d41186303b49c3f4e,17b53e1c0d563fc96f738e2d0a419e70cf3574252b49debc637134c85fc28406,8053633920889771509,2436407831571083100,32,False
unsb-reciprocal-bridge-kernel-deflection-v1,LowLightTrafficData,LowLightTrafficData__238,3,0.8600000000000001,2,0.9364142806408553,0.9365021838966776,0.2418668946667728,1.6309616666149378,1.2256157311263394e-08,1.2919267666777756e-07,3.878684040614644e-10,1.070306443473612e-08,1.6354362308845793e-10,1.2256157311263394e-08,2482de48d80db365a9509d90d89eae80a34468ddc892e1ef76a9b6fa936c932d,b51ab267c341940e49534712a0e492a73cca5abbe9979e3d41186303b49c3f4e,17b53e1c0d563fc96f738e2d0a419e70cf3574252b49debc637134c85fc28406,137486398404658573,7918143684928624700,32,False
unsb-reciprocal-bridge-kernel-deflection-v1,LowLightTrafficData,LowLightTrafficData__226,1,0.5,2,0.16216132610421763,0.16214554649962576,0.08141345472854589,0.24290919747988937,4.191766600492031e-09,1.83421951849283e-07,1.1833963808882686e-09,1.7920209760546868e-10,4.191766600492031e-09,5.499145583343079e-11,2482de48d80db365a9509d90d89eae80a34468ddc892e1ef76a9b6fa936c932d,b51ab267c341940e49534712a0e492a73cca5abbe9979e3d41186303b49c3f4e,d506aac6585f2064ad7f4180c44e01575b48c46517744435ff9a4afceb203d0a,2554421231982851696,5485596344125645323,32,False
unsb-reciprocal-bridge-kernel-deflection-v1,LowLightTrafficData,LowLightTrafficData__226,2,0.74,2,0.695957593183314,0.695955854498927,0.14781277718451025,1.2441024091821176,1.587676690117945e-08,1.633344630658229e-07,5.6440816464942145e-09,1.587676690117945e-08,1.4254529778767733e-08,1.3900833595315021e-08,2482de48d80db365a9509d90d89eae80a34468ddc892e1ef76a9b6fa936c932d,b51ab267c341940e49534712a0e492a73cca5abbe9979e3d41186303b49c3f4e,d506aac6585f2064ad7f4180c44e01575b48c46517744435ff9a4afceb203d0a,6088401478345770248,1248799780810876957,32,False
unsb-reciprocal-bridge-kernel-deflection-v1,LowLightTrafficData,LowLightTrafficData__226,3,0.8600000000000001,2,0.9419372154587606,0.9419134249639465,0.23397770171403132,1.64989672920349,7.743430807671814e-08,5.091161812131872e-07,7.743430807671814e-08,2.241302365924014e-09,3.5543590404252257e-08,8.103758664113059e-09,2482de48d80db365a9509d90d89eae80a34468ddc892e1ef76a9b6fa936c932d,b51ab267c341940e49534712a0e492a73cca5abbe9979e3d41186303b49c3f4e,d506aac6585f2064ad7f4180c44e01575b48c46517744435ff9a4afceb203d0a,6142971159780006642,3183695261401885163,32,False
unsb-reciprocal-bridge-kernel-deflection-v1,LowLightTrafficData,LowLightTrafficData__426,1,0.5,2,0.1696513566446306,0.16967695378282055,0.08040072432336198,0.2589019889658992,3.166516693298149e-08,2.2065787086411603e-08,1.008104910660279e-08,1.318001596750662e-09,3.166516693298149e-08,2.6543039988169426e-09,2482de48d80db365a9509d90d89eae80a34468ddc892e1ef76a9b6fa936c932d,b51ab267c341940e49534712a0e492a73cca5abbe9979e3d41186303b49c3f4e,a68f94ee7c51d76df171e9d51e3a2e7eebd6671ff9a364623db0df08bdd0cdc2,5466080150618351410,579113742268111841,32,False
unsb-reciprocal-bridge-kernel-deflection-v1,LowLightTrafficData,LowLightTrafficData__426,2,0.74,2,0.6952399077831048,0.6952288425127229,0.14860990991376033,1.2418699056524494,1.2936311244438059e-08,2.171995638899915e-08,5.859748908321194e-09,1.2936311244438059e-08,1.1741737582227074e-08,9.316072469012227e-09,2482de48d80db365a9509d90d89eae80a34468ddc892e1ef76a9b6fa936c932d,b51ab267c341940e49534712a0e492a73cca5abbe9979e3d41186303b49c3f4e,a68f94ee7c51d76df171e9d51e3a2e7eebd6671ff9a364623db0df08bdd0cdc2,1946208540839522054,779806681800718514,32,False
unsb-reciprocal-bridge-kernel-deflection-v1,LowLightTrafficData,LowLightTrafficData__426,3,0.8600000000000001,2,0.934491358108976,0.9345124266041527,0.24608656603350865,1.6228961501844434,2.5398405711918315e-07,8.334423741152008e-07,2.5398405711918315e-07,4.4307757463002417e-10,8.896160819116261e-08,3.5197111891704935e-10,2482de48d80db365a9509d90d89eae80a34468ddc892e1ef76a9b6fa936c932d,b51ab267c341940e49534712a0e492a73cca5abbe9979e3d41186303b49c3f4e,a68f94ee7c51d76df171e9d51e3a2e7eebd6671ff9a364623db0df08bdd0cdc2,2219590537578877238,5617202296957069000,32,False
unsb-reciprocal-bridge-kernel-deflection-v1,LowLightTrafficData,LowLightTrafficData__057,1,0.5,2,0.1802294137920602,0.18021181344149984,0.08810020377555572,0.2723586238085647,4.5317543495571044e-08,5.3288391477224195e-09,1.4322725672144543e-08,4.993494506777552e-10,4.5317543495571044e-08,6.297253829501415e-10,2482de48d80db365a9509d90d89eae80a34468ddc892e1ef76a9b6fa936c932d,b51ab267c341940e49534712a0e492a73cca5abbe9979e3d41186303b49c3f4e,8bf0b11c056830f473f2ee27c2e6a7a7141f9306e6dfbb21a18f120b08cc23cf,1365398854483437368,6862427938171824170,32,False
unsb-reciprocal-bridge-kernel-deflection-v1,LowLightTrafficData,LowLightTrafficData__057,2,0.74,2,0.7546935177981737,0.7547263411137239,0.16522263465066644,1.344164400945681,3.23229921717072e-08,6.849902614014525e-07,4.981315138152809e-09,9.511031295872385e-09,8.608920243347029e-09,3.23229921717072e-08,2482de48d80db365a9509d90d89eae80a34468ddc892e1ef76a9b6fa936c932d,b51ab267c341940e49534712a0e492a73cca5abbe9979e3d41186303b49c3f4e,8bf0b11c056830f473f2ee27c2e6a7a7141f9306e6dfbb21a18f120b08cc23cf,855827648883155269,949907344421511128,32,False
unsb-reciprocal-bridge-kernel-deflection-v1,LowLightTrafficData,LowLightTrafficData__057,3,0.8600000000000001,2,0.9788815997488224,0.9788338182454839,0.2650503624825411,1.6927128370151037,9.464593242469732e-08,4.8545227393503865e-08,9.464593242469732e-08,3.3035507662759755e-10,2.847356439517057e-08,2.5736555109290293e-09,2482de48d80db365a9509d90d89eae80a34468ddc892e1ef76a9b6fa936c932d,b51ab267c341940e49534712a0e492a73cca5abbe9979e3d41186303b49c3f4e,8bf0b11c056830f473f2ee27c2e6a7a7141f9306e6dfbb21a18f120b08cc23cf,5458288230797204153,4812546913960043790,32,False
unsb-reciprocal-bridge-kernel-deflection-v1,LowLightTrafficData,LowLightTrafficData__725,1,0.5,2,0.14582840911757894,0.145829141071593,0.0694905786653921,0.22216623956976578,2.821351419157736e-08,1.3088253036919184e-07,8.910390869587559e-09,1.708793107013662e-09,2.821351419157736e-08,2.2190700388335927e-09,2482de48d80db365a9509d90d89eae80a34468ddc892e1ef76a9b6fa936c932d,b51ab267c341940e49534712a0e492a73cca5abbe9979e3d41186303b49c3f4e,cf00956fea263f4f28ebfcf16bfa43fcecbd1c8ab4a27019c89fafe6bf37734f,2193843896395955460,7151079935915539618,32,False
unsb-reciprocal-bridge-kernel-deflection-v1,LowLightTrafficData,LowLightTrafficData__725,2,0.74,2,0.737800076807682,0.7378244864938293,0.1353173277583135,1.3402828258570505,3.6771694800208365e-08,1.0907762870715487e-07,1.6213410836130038e-08,3.3022939938121e-10,3.6771694800208365e-08,8.229514847357677e-10,2482de48d80db365a9509d90d89eae80a34468ddc892e1ef76a9b6fa936c932d,b51ab267c341940e49534712a0e492a73cca5abbe9979e3d41186303b49c3f4e,cf00956fea263f4f28ebfcf16bfa43fcecbd1c8ab4a27019c89fafe6bf37734f,6834393173159946512,411431628896577477,32,False
unsb-reciprocal-bridge-kernel-deflection-v1,LowLightTrafficData,LowLightTrafficData__725,3,0.8600000000000001,2,0.9722468865747186,0.9722448486947635,0.22180955737120933,1.7226842157782278,2.5086230115434205e-07,5.258687697518027e-07,2.5086230115434205e-07,3.104970280887187e-09,9.16764181235763e-08,1.8203831553265104e-08,2482de48d80db365a9509d90d89eae80a34468ddc892e1ef76a9b6fa936c932d,b51ab267c341940e49534712a0e492a73cca5abbe9979e3d41186303b49c3f4e,cf00956fea263f4f28ebfcf16bfa43fcecbd1c8ab4a27019c89fafe6bf37734f,4031864545717622524,5899695335536752629,32,False
unsb-reciprocal-bridge-kernel-deflection-v1,LowLightTrafficData,LowLightTrafficData__252,1,0.5,2,0.11244277231117028,0.11244091588750621,0.08252254378930202,0.14236300083303854,1.9928820815806603e-09,1.3006629107081835e-08,2.3070434451710753e-13,1.9928820815806603e-09,6.372680161348399e-13,4.0163250503155723e-10,2482de48d80db365a9509d90d89eae80a34468ddc892e1ef76a9b6fa936c932d,b51ab267c341940e49534712a0e492a73cca5abbe9979e3d41186303b49c3f4e,a94fe46893867f3129cb75066a6efaf1fec340e3c9824a689d67a0f6339dd26c,7311419731036356668,9123078044626209976,32,False
unsb-reciprocal-bridge-kernel-deflection-v1,LowLightTrafficData,LowLightTrafficData__252,2,0.74,2,0.5650996130361676,0.5650755024597716,0.15228984436338955,0.9779093817089458,1.4948478788134878e-08,8.869151180146417e-08,7.388165745858544e-09,1.4148995752805149e-08,1.4948478788134878e-08,9.077044893501807e-09,2482de48d80db365a9509d90d89eae80a34468ddc892e1ef76a9b6fa936c932d,b51ab267c341940e49534712a0e492a73cca5abbe9979e3d41186303b49c3f4e,a94fe46893867f3129cb75066a6efaf1fec340e3c9824a689d67a0f6339dd26c,5208213136339940451,8875306293854222487,32,False
unsb-reciprocal-bridge-kernel-deflection-v1,LowLightTrafficData,LowLightTrafficData__252,3,0.8600000000000001,2,0.9151576676004699,0.9151189692803575,0.24110721084014997,1.5892081243607898,9.945598811178513e-08,4.5514771951360444e-08,9.945598811178513e-08,1.5773908845773121e-09,3.755188038301327e-08,4.4220835881958465e-09,2482de48d80db365a9509d90d89eae80a34468ddc892e1ef76a9b6fa936c932d,b51ab267c341940e49534712a0e492a73cca5abbe9979e3d41186303b49c3f4e,a94fe46893867f3129cb75066a6efaf1fec340e3c9824a689d67a0f6339dd26c,7276737873365626879,1821442079743956661,32,False
unsb-reciprocal-bridge-kernel-deflection-v1,LowLightTrafficData,LowLightTrafficData__236,1,0.5,2,0.1301040093316866,0.13012104609469233,0.08105346853341888,0.1791545501299543,8.801761797183616e-08,2.3817175920370914e-07,6.299585086910753e-08,4.489629557014041e-09,8.801761797183616e-08,6.141363750877815e-09,2482de48d80db365a9509d90d89eae80a34468ddc892e1ef76a9b6fa936c932d,b51ab267c341940e49534712a0e492a73cca5abbe9979e3d41186303b49c3f4e,6e5c8ed1c258ac9415a6896447fc379e44696b093d58653acb7b76dee10193d4,9150838207434310431,2233466248580720116,32,False
unsb-reciprocal-bridge-kernel-deflection-v1,LowLightTrafficData,LowLightTrafficData__236,2,0.74,2,0.6777538080070473,0.6777725231683649,0.1482634277380107,1.207244188276084,1.1155943002716384e-07,2.2121705212096998e-07,7.899859710835955e-08,1.1831649215920947e-08,1.1155943002716384e-07,2.0847301662740847e-08,2482de48d80db365a9509d90d89eae80a34468ddc892e1ef76a9b6fa936c932d,b51ab267c341940e49534712a0e492a73cca5abbe9979e3d41186303b49c3f4e,6e5c8ed1c258ac9415a6896447fc379e44696b093d58653acb7b76dee10193d4,7155465993345422100,4037380317564150324,32,False
unsb-reciprocal-bridge-kernel-deflection-v1,LowLightTrafficData,LowLightTrafficData__236,3,0.8600000000000001,2,0.9603232078393461,0.9603165814136583,0.23013716279976149,1.6905092528789307,9.8766183231902e-08,1.55777254429168e-07,9.8766183231902e-08,6.511429173627903e-10,2.1685762519041418e-08,1.9992882904773523e-09,2482de48d80db365a9509d90d89eae80a34468ddc892e1ef76a9b6fa936c932d,b51ab267c341940e49534712a0e492a73cca5abbe9979e3d41186303b49c3f4e,6e5c8ed1c258ac9415a6896447fc379e44696b093d58653acb7b76dee10193d4,164533876346081158,3883488188560504449,32,False
unsb-reciprocal-bridge-kernel-deflection-v1,LowLightTrafficData,LowLightTrafficData__280,1,0.5,2,0.11172820292070512,0.11173222122962273,0.0679816671896567,0.15547473865175354,9.647409537905105e-10,1.2182168007690564e-07,5.134671576811911e-10,9.295431091516093e-10,9.647409537905105e-10,2.573321555843222e-10,2482de48d80db365a9509d90d89eae80a34468ddc892e1ef76a9b6fa936c932d,b51ab267c341940e49534712a0e492a73cca5abbe9979e3d41186303b49c3f4e,649586a8766b9150129226cd2e6894944c802d2190e5a2a805589d8d34321a90,970520630984303441,8215755882284543138,32,False
unsb-reciprocal-bridge-kernel-deflection-v1,LowLightTrafficData,LowLightTrafficData__280,2,0.74,2,0.5509592884636741,0.5509025975166664,0.14258184533837537,0.9593367315889729,7.561927106713995e-08,5.315753757173525e-07,3.782889201886519e-08,3.697034678395994e-09,7.561927106713995e-08,1.5542167552951014e-09,2482de48d80db365a9509d90d89eae80a34468ddc892e1ef76a9b6fa936c932d,b51ab267c341940e49534712a0e492a73cca5abbe9979e3d41186303b49c3f4e,649586a8766b9150129226cd2e6894944c802d2190e5a2a805589d8d34321a90,1646992707641955389,7063229136481794602,32,False
unsb-reciprocal-bridge-kernel-deflection-v1,LowLightTrafficData,LowLightTrafficData__280,3,0.8600000000000001,2,0.9022346840788376,0.9022264574205485,0.24816753825821525,1.5563018298994598,5.022550868538644e-07,1.6174736328089523e-06,5.022550868538644e-07,9.183914917443303e-08,1.784453792508245e-07,4.9924496980935373e-08,2482de48d80db365a9509d90d89eae80a34468ddc892e1ef76a9b6fa936c932d,b51ab267c341940e49534712a0e492a73cca5abbe9979e3d41186303b49c3f4e,649586a8766b9150129226cd2e6894944c802d2190e5a2a805589d8d34321a90,380290893083595250,1049699960950637958,32,False
unsb-reciprocal-bridge-kernel-deflection-v1,LowLightTrafficData,LowLightTrafficData__284,1,0.5,2,0.1416865269050256,0.14168748092070704,0.08671233314373583,0.19666072066631535,1.9288548536167127e-08,3.986097862895832e-08,1.2741344868061333e-08,1.3545453647623162e-09,1.9288548536167127e-08,1.88468685102805e-09,2482de48d80db365a9509d90d89eae80a34468ddc892e1ef76a9b6fa936c932d,b51ab267c341940e49534712a0e492a73cca5abbe9979e3d41186303b49c3f4e,bc9ad293db6230486113d37d2c3cfad5658d947192c6869946394552302bd3e2,6587312979407657176,4686980785384522157,32,False
unsb-reciprocal-bridge-kernel-deflection-v1,LowLightTrafficData,LowLightTrafficData__284,2,0.74,2,0.7322475122113097,0.7321740981784373,0.1610367115667578,1.3034583128558617,9.65716344669687e-08,2.3216180644602957e-07,8.369576121047828e-08,2.427799405957387e-09,9.65716344669687e-08,7.0606571700437826e-09,2482de48d80db365a9509d90d89eae80a34468ddc892e1ef76a9b6fa936c932d,b51ab267c341940e49534712a0e492a73cca5abbe9979e3d41186303b49c3f4e,bc9ad293db6230486113d37d2c3cfad5658d947192c6869946394552302bd3e2,3429441264106960891,4221897649522663025,32,False
unsb-reciprocal-bridge-kernel-deflection-v1,LowLightTrafficData,LowLightTrafficData__284,3,0.8600000000000001,2,0.9747155953244955,0.9747066322915379,0.24849135907289266,1.7009398315760982,1.4248698654295566e-07,1.7382368100449241e-07,8.712535271016009e-08,2.1611805900434433e-08,1.5443317069596674e-08,1.4248698654295566e-07,2482de48d80db365a9509d90d89eae80a34468ddc892e1ef76a9b6fa936c932d,b51ab267c341940e49534712a0e492a73cca5abbe9979e3d41186303b49c3f4e,bc9ad293db6230486113d37d2c3cfad5658d947192c6869946394552302bd3e2,3272825837376817394,6326581701397423693,32,False
unsb-reciprocal-bridge-kernel-deflection-v1,LowLightTrafficData,LowLightTrafficData__687,1,0.5,2,0.2300720531574278,0.23009933065629534,0.09307849365961318,0.3670656126552424,1.009556956921287e-07,7.518674793871583e-09,2.767895002087073e-08,5.013260917507978e-10,1.009556956921287e-07,7.963478765304899e-10,2482de48d80db365a9509d90d89eae80a34468ddc892e1ef76a9b6fa936c932d,b51ab267c341940e49534712a0e492a73cca5abbe9979e3d41186303b49c3f4e,3271c9c393ea8ce94147f8608ba5bce52106e2b8c5f661288685cb868a395b50,7107334900612213713,1227880519069100754,32,False
unsb-reciprocal-bridge-kernel-deflection-v1,LowLightTrafficData,LowLightTrafficData__687,2,0.74,2,0.815286451295053,0.8153022828765959,0.16425563917520325,1.4663172634149026,1.549482098184285e-09,1.2742864319292835e-08,9.522610477930016e-10,1.184178310964512e-10,1.549482098184285e-09,7.995337725219542e-10,2482de48d80db365a9509d90d89eae80a34468ddc892e1ef76a9b6fa936c932d,b51ab267c341940e49534712a0e492a73cca5abbe9979e3d41186303b49c3f4e,3271c9c393ea8ce94147f8608ba5bce52106e2b8c5f661288685cb868a395b50,7853525223409392795,5993538053964321669,32,False
unsb-reciprocal-bridge-kernel-deflection-v1,LowLightTrafficData,LowLightTrafficData__687,3,0.8600000000000001,2,0.9866595309127908,0.986660864812686,0.2535532410475585,1.719765820778023,1.129359517015871e-08,3.4999728426576837e-07,1.129359517015871e-08,2.13987827457629e-10,3.1045122028672267e-09,4.4708292623596435e-10,2482de48d80db365a9509d90d89eae80a34468ddc892e1ef76a9b6fa936c932d,b51ab267c341940e49534712a0e492a73cca5abbe9979e3d41186303b49c3f4e,3271c9c393ea8ce94147f8608ba5bce52106e2b8c5f661288685cb868a395b50,4958822668819146274,1628280722977176001,32,False
unsb-reciprocal-bridge-kernel-deflection-v1,LowLightTrafficData,LowLightTrafficData__053,1,0.5,2,0.1695246787892336,0.16950917984631075,0.08094328372988913,0.2581060738485781,3.240173573892946e-08,1.1439318048367397e-08,1.4807356119028725e-08,4.245983564743483e-10,3.240173573892946e-08,7.422811254542694e-10,2482de48d80db365a9509d90d89eae80a34468ddc892e1ef76a9b6fa936c932d,b51ab267c341940e49534712a0e492a73cca5abbe9979e3d41186303b49c3f4e,87e1b06007cdeae729c160f74e18c838fc6872509cd6a99ba2674494a6f90f82,7220901273210473841,865387782569029136,32,False
unsb-reciprocal-bridge-kernel-deflection-v1,LowLightTrafficData,LowLightTrafficData__053,2,0.74,2,0.7844519932792372,0.7844772357267342,0.16457688154509098,1.4043271050133834,3.967326800413673e-09,9.54336054626026e-08,3.2205753619507504e-09,2.6588575785524426e-10,3.967326800413673e-09,5.92890403439128e-10,2482de48d80db365a9509d90d89eae80a34468ddc892e1ef76a9b6fa936c932d,b51ab267c341940e49534712a0e492a73cca5abbe9979e3d41186303b49c3f4e,87e1b06007cdeae729c160f74e18c838fc6872509cd6a99ba2674494a6f90f82,3160912857173924403,5622569584346721810,32,False
unsb-reciprocal-bridge-kernel-deflection-v1,LowLightTrafficData,LowLightTrafficData__053,3,0.8600000000000001,2,1.0023333887000976,1.0023689120205153,0.27989599304639345,1.7247707843538018,6.521782179857993e-07,1.4600010501686356e-06,6.521782179857993e-07,1.99976923909162e-10,1.3281695820932526e-07,8.89161078099221e-10,2482de48d80db365a9509d90d89eae80a34468ddc892e1ef76a9b6fa936c932d,b51ab267c341940e49534712a0e492a73cca5abbe9979e3d41186303b49c3f4e,87e1b06007cdeae729c160f74e18c838fc6872509cd6a99ba2674494a6f90f82,5242241304906697260,5603587322241374928,32,False
unsb-reciprocal-bridge-kernel-deflection-v1,LowLightTrafficData,LowLightTrafficData__292,1,0.5,3,0.12963555267871102,0.12963483276169824,0.07380554595360778,0.18546555940381426,7.73047730273646e-08,5.060574803650297e-08,3.5099237516433845e-08,1.0018816887225057e-09,7.73047730273646e-08,1.3408074650556046e-09,2482de48d80db365a9509d90d89eae80a34468ddc892e1ef76a9b6fa936c932d,4b4d512ddbf705a1dbd7aeee8d6675c714f6ac48c47671de1fdf45266646b86f,3a1d1cf398e4487ed0c06bfcb5fa0ee7bdbc3a5b8f5b98f61f5b02cb8543ee4a,1969898256015074757,8699498283269127194,32,False
unsb-reciprocal-bridge-kernel-deflection-v1,LowLightTrafficData,LowLightTrafficData__292,2,0.74,3,0.5478353554435906,0.5478134058845505,0.1509294578985393,0.9447412529886419,6.357564519277048e-08,2.4253123176443125e-07,4.1875910516964154e-09,2.8662236473131486e-08,8.353053360110607e-09,6.357564519277048e-08,2482de48d80db365a9509d90d89eae80a34468ddc892e1ef76a9b6fa936c932d,4b4d512ddbf705a1dbd7aeee8d6675c714f6ac48c47671de1fdf45266646b86f,3a1d1cf398e4487ed0c06bfcb5fa0ee7bdbc3a5b8f5b98f61f5b02cb8543ee4a,4774459018658423525,4211594121749700206,32,False
unsb-reciprocal-bridge-kernel-deflection-v1,LowLightTrafficData,LowLightTrafficData__292,3,0.8600000000000001,3,0.8707718834396754,0.8707728720379244,0.2618197607157493,1.4797240061636014,2.2221320672421996e-08,8.185097266633079e-09,2.2221320672421996e-08,4.148535959203059e-09,1.0592448251856013e-08,1.974379848501684e-08,2482de48d80db365a9509d90d89eae80a34468ddc892e1ef76a9b6fa936c932d,4b4d512ddbf705a1dbd7aeee8d6675c714f6ac48c47671de1fdf45266646b86f,3a1d1cf398e4487ed0c06bfcb5fa0ee7bdbc3a5b8f5b98f61f5b02cb8543ee4a,5949182440668931142,7454895150848081565,32,False
unsb-reciprocal-bridge-kernel-deflection-v1,LowLightTrafficData,LowLightTrafficData__710,1,0.5,3,0.09954718503359405,0.09953007846175072,0.06643057342135439,0.13266379664583372,1.643581615251577e-08,5.87700994536533e-08,8.973990661687026e-09,1.9701520415082996e-09,1.643581615251577e-08,2.204486704293629e-09,2482de48d80db365a9509d90d89eae80a34468ddc892e1ef76a9b6fa936c932d,4b4d512ddbf705a1dbd7aeee8d6675c714f6ac48c47671de1fdf45266646b86f,e2f784909e16706525cf025afad1680af689056f9a407125b8861e667f00485d,16895986491911908,4992320877404280280,32,False
unsb-reciprocal-bridge-kernel-deflection-v1,LowLightTrafficData,LowLightTrafficData__710,2,0.74,3,0.4637077278797772,0.4636348385276561,0.1258174859608382,0.8015979697987162,3.98462492556817e-07,2.6180170031864236e-08,1.9047372179503697e-07,1.4860374930592002e-08,3.98462492556817e-07,2.722919556497061e-08,2482de48d80db365a9509d90d89eae80a34468ddc892e1ef76a9b6fa936c932d,4b4d512ddbf705a1dbd7aeee8d6675c714f6ac48c47671de1fdf45266646b86f,e2f784909e16706525cf025afad1680af689056f9a407125b8861e667f00485d,626357537093855623,1082271824002955214,32,False
unsb-reciprocal-bridge-kernel-deflection-v1,LowLightTrafficData,LowLightTrafficData__710,3,0.8600000000000001,3,0.8470050256447876,0.8469134072195301,0.19865072834503172,1.4953593229445437,4.6776226225730966e-09,9.267945721980198e-08,2.503807605691577e-09,1.3311297619722495e-09,1.196541088432923e-09,4.6776226225730966e-09,2482de48d80db365a9509d90d89eae80a34468ddc892e1ef76a9b6fa936c932d,4b4d512ddbf705a1dbd7aeee8d6675c714f6ac48c47671de1fdf45266646b86f,e2f784909e16706525cf025afad1680af689056f9a407125b8861e667f00485d,9131695238777377096,2142852627857812385,32,False
unsb-reciprocal-bridge-kernel-deflection-v1,LowLightTrafficData,LowLightTrafficData__199,1,0.5,3,0.13849609303170085,0.13850002641565695,0.07414552229440319,0.20284666376899851,6.447350520133455e-08,1.9814720464417235e-07,2.919411423718543e-08,9.829436375952127e-09,6.447350520133455e-08,1.5151081278474976e-08,2482de48d80db365a9509d90d89eae80a34468ddc892e1ef76a9b6fa936c932d,4b4d512ddbf705a1dbd7aeee8d6675c714f6ac48c47671de1fdf45266646b86f,0d9fd4c8709b93dae99cf5c5709a6a7cc5121592f387ac722fdad03190e91bb9,1079648097964007135,5445894023204246209,32,False
unsb-reciprocal-bridge-kernel-deflection-v1,LowLightTrafficData,LowLightTrafficData__199,2,0.74,3,0.5498867912381764,0.5498947667384586,0.1517792135489089,0.947994368927444,1.9440171805662487e-08,1.3722062719434547e-07,1.1002035948948219e-09,7.080352970589843e-09,1.8451848937672821e-09,1.9440171805662487e-08,2482de48d80db365a9509d90d89eae80a34468ddc892e1ef76a9b6fa936c932d,4b4d512ddbf705a1dbd7aeee8d6675c714f6ac48c47671de1fdf45266646b86f,0d9fd4c8709b93dae99cf5c5709a6a7cc5121592f387ac722fdad03190e91bb9,5418024561844912349,1244524372480558092,32,False
unsb-reciprocal-bridge-kernel-deflection-v1,LowLightTrafficData,LowLightTrafficData__199,3,0.8600000000000001,3,0.8486376612577886,0.8486179931427305,0.2617384594556226,1.4355368630599548,9.310426762887403e-08,4.994428637328241e-08,9.310426762887403e-08,8.676637186511016e-10,3.877102561222756e-08,4.957071420008674e-09,2482de48d80db365a9509d90d89eae80a34468ddc892e1ef76a9b6fa936c932d,4b4d512ddbf705a1dbd7aeee8d6675c714f6ac48c47671de1fdf45266646b86f,0d9fd4c8709b93dae99cf5c5709a6a7cc5121592f387ac722fdad03190e91bb9,1758476084089223377,5820423833839804330,32,False
unsb-reciprocal-bridge-kernel-deflection-v1,LowLightTrafficData,LowLightTrafficData__730,1,0.5,3,0.13911590961462,0.13911477882531548,0.08042626444052703,0.19780555478871298,9.909961151688407e-08,2.1240655134757702e-07,4.8521056950079355e-08,1.0217809820467494e-08,9.909961151688407e-08,1.2700332674420167e-08,2482de48d80db365a9509d90d89eae80a34468ddc892e1ef76a9b6fa936c932d,4b4d512ddbf705a1dbd7aeee8d6675c714f6ac48c47671de1fdf45266646b86f,eb5b042ab487d165d174bd21d45902fa2b70373d305d633ed84015e3149e989e,7482508840074480500,6392005255628458481,32,False
unsb-reciprocal-bridge-kernel-deflection-v1,LowLightTrafficData,LowLightTrafficData__730,2,0.74,3,0.563421829638896,0.5634196300812311,0.16093389750547038,0.9659097617723216,5.452209794754026e-10,2.471889781752168e-08,1.4146939175674333e-10,2.742988058912488e-10,2.630392570424078e-10,5.452209794754026e-10,2482de48d80db365a9509d90d89eae80a34468ddc892e1ef76a9b6fa936c932d,4b4d512ddbf705a1dbd7aeee8d6675c714f6ac48c47671de1fdf45266646b86f,eb5b042ab487d165d174bd21d45902fa2b70373d305d633ed84015e3149e989e,2029976514594272078,8692655659180698780,32,False
unsb-reciprocal-bridge-kernel-deflection-v1,LowLightTrafficData,LowLightTrafficData__730,3,0.8600000000000001,3,0.8767345477398111,0.8767657369263432,0.2715859796318114,1.4818831158478107,2.9156349135028847e-07,3.533042176595558e-07,2.9156349135028847e-07,4.284757770811609e-08,1.2359682166618313e-07,1.5901641736704164e-07,2482de48d80db365a9509d90d89eae80a34468ddc892e1ef76a9b6fa936c932d,4b4d512ddbf705a1dbd7aeee8d6675c714f6ac48c47671de1fdf45266646b86f,eb5b042ab487d165d174bd21d45902fa2b70373d305d633ed84015e3149e989e,4816985686559837174,2489873364156989122,32,False
unsb-reciprocal-bridge-kernel-deflection-v1,LowLightTrafficData,LowLightTrafficData__010,1,0.5,3,0.13502913083782014,0.13502883440390245,0.0842045480171737,0.1858537136584666,3.966317707604361e-08,1.2222149736729193e-08,2.4137716270189458e-09,2.6134244768272197e-08,3.781659874135812e-09,3.966317707604361e-08,2482de48d80db365a9509d90d89eae80a34468ddc892e1ef76a9b6fa936c932d,4b4d512ddbf705a1dbd7aeee8d6675c714f6ac48c47671de1fdf45266646b86f,52597537d7abe355da789b0e8afd874ff6cfb29f74933148fb2e5e932ad866c3,5237980517855290109,227465772332445732,32,False
unsb-reciprocal-bridge-kernel-deflection-v1,LowLightTrafficData,LowLightTrafficData__010,2,0.74,3,0.5529957069156364,0.5529959885539288,0.1803529368157526,0.9256384770155203,3.660087455337191e-09,1.7696607335082604e-07,2.664972909016683e-09,2.516072905578426e-10,3.660087455337191e-09,9.344689466672662e-10,2482de48d80db365a9509d90d89eae80a34468ddc892e1ef76a9b6fa936c932d,4b4d512ddbf705a1dbd7aeee8d6675c714f6ac48c47671de1fdf45266646b86f,52597537d7abe355da789b0e8afd874ff6cfb29f74933148fb2e5e932ad866c3,3667140780809971234,273207222852073222,32,False
unsb-reciprocal-bridge-kernel-deflection-v1,LowLightTrafficData,LowLightTrafficData__010,3,0.8600000000000001,3,0.8788617512962513,0.8788900112048971,0.31818345726471364,1.439540045327789,5.499791368990259e-07,4.6000532161194485e-07,5.499791368990259e-07,6.33511909597928e-10,1.9072080292836802e-07,3.967117523373531e-09,2482de48d80db365a9509d90d89eae80a34468ddc892e1ef76a9b6fa936c932d,4b4d512ddbf705a1dbd7aeee8d6675c714f6ac48c47671de1fdf45266646b86f,52597537d7abe355da789b0e8afd874ff6cfb29f74933148fb2e5e932ad866c3,5777475005453387556,6021393778738341003,32,False
unsb-reciprocal-bridge-kernel-deflection-v1,LowLightTrafficData,LowLightTrafficData__238,1,0.5,3,0.09652154301201393,0.09652477510528062,0.0620413003752347,0.13100178564879317,3.539498516502704e-08,6.19990403460946e-09,1.4490763478036683e-08,3.03862344175343e-08,2.1419635176656016e-08,3.539498516502704e-08,2482de48d80db365a9509d90d89eae80a34468ddc892e1ef76a9b6fa936c932d,4b4d512ddbf705a1dbd7aeee8d6675c714f6ac48c47671de1fdf45266646b86f,17b53e1c0d563fc96f738e2d0a419e70cf3574252b49debc637134c85fc28406,5856108453136631376,1746739613722046192,32,False
unsb-reciprocal-bridge-kernel-deflection-v1,LowLightTrafficData,LowLightTrafficData__238,2,0.74,3,0.4108719819992046,0.41089025143679925,0.11368613109655068,0.7080578329018585,3.1991454685353915e-07,6.635852622949301e-07,1.526127166862068e-07,6.486776882308476e-08,3.1991454685353915e-07,1.2216072309279014e-07,2482de48d80db365a9509d90d89eae80a34468ddc892e1ef76a9b6fa936c932d,4b4d512ddbf705a1dbd7aeee8d6675c714f6ac48c47671de1fdf45266646b86f,17b53e1c0d563fc96f738e2d0a419e70cf3574252b49debc637134c85fc28406,8053633920889771509,2436407831571083100,32,False
unsb-reciprocal-bridge-kernel-deflection-v1,LowLightTrafficData,LowLightTrafficData__238,3,0.8600000000000001,3,0.7875529064015369,0.7876696664845595,0.18609407991421745,1.3890117328888563,3.437720773602493e-07,5.650805432466655e-07,3.878684040614644e-10,1.2823055073329925e-07,2.9901003895105305e-10,3.437720773602493e-07,2482de48d80db365a9509d90d89eae80a34468ddc892e1ef76a9b6fa936c932d,4b4d512ddbf705a1dbd7aeee8d6675c714f6ac48c47671de1fdf45266646b86f,17b53e1c0d563fc96f738e2d0a419e70cf3574252b49debc637134c85fc28406,137486398404658573,7918143684928624700,32,False
unsb-reciprocal-bridge-kernel-deflection-v1,LowLightTrafficData,LowLightTrafficData__226,1,0.5,3,0.10819574833799656,0.10818618278505471,0.0552058279818709,0.1611856686941222,3.2738273203491985e-09,1.4419159133360893e-07,1.1833963808882686e-09,2.92784352318165e-10,3.2738273203491985e-09,3.75019681975175e-10,2482de48d80db365a9509d90d89eae80a34468ddc892e1ef76a9b6fa936c932d,4b4d512ddbf705a1dbd7aeee8d6675c714f6ac48c47671de1fdf45266646b86f,d506aac6585f2064ad7f4180c44e01575b48c46517744435ff9a4afceb203d0a,2554421231982851696,5485596344125645323,32,False
unsb-reciprocal-bridge-kernel-deflection-v1,LowLightTrafficData,LowLightTrafficData__226,2,0.74,3,0.47299673415360244,0.4730029977927176,0.1002799487200875,0.8457135195871174,2.001118903915966e-07,4.422684862781523e-07,5.6440816464942145e-09,9.04181387539893e-08,1.815876848887399e-08,2.001118903915966e-07,2482de48d80db365a9509d90d89eae80a34468ddc892e1ef76a9b6fa936c932d,4b4d512ddbf705a1dbd7aeee8d6675c714f6ac48c47671de1fdf45266646b86f,d506aac6585f2064ad7f4180c44e01575b48c46517744435ff9a4afceb203d0a,6088401478345770248,1248799780810876957,32,False
unsb-reciprocal-bridge-kernel-deflection-v1,LowLightTrafficData,LowLightTrafficData__226,3,0.8600000000000001,3,0.80952489936084,0.8095068936664704,0.1667921493902056,1.4522576493314745,7.743430807671814e-08,5.091161812131872e-07,7.743430807671814e-08,1.327978260690088e-08,5.869851671391757e-08,4.800677622096572e-08,2482de48d80db365a9509d90d89eae80a34468ddc892e1ef76a9b6fa936c932d,4b4d512ddbf705a1dbd7aeee8d6675c714f6ac48c47671de1fdf45266646b86f,d506aac6585f2064ad7f4180c44e01575b48c46517744435ff9a4afceb203d0a,6142971159780006642,3183695261401885163,32,False
unsb-reciprocal-bridge-kernel-deflection-v1,LowLightTrafficData,LowLightTrafficData__426,1,0.5,3,0.107684175304325,0.1077021885651459,0.053649306592873924,0.16171904401577608,3.637304479831016e-08,3.4897547962486897e-07,1.008104910660279e-08,3.220756528143909e-08,2.3368729396011645e-08,3.637304479831016e-08,2482de48d80db365a9509d90d89eae80a34468ddc892e1ef76a9b6fa936c932d,4b4d512ddbf705a1dbd7aeee8d6675c714f6ac48c47671de1fdf45266646b86f,a68f94ee7c51d76df171e9d51e3a2e7eebd6671ff9a364623db0df08bdd0cdc2,5466080150618351410,579113742268111841,32,False
unsb-reciprocal-bridge-kernel-deflection-v1,LowLightTrafficData,LowLightTrafficData__426,2,0.74,3,0.4527651036175719,0.45274652449905606,0.10111165903014763,0.8044185482049961,6.160982392033887e-07,5.823374836788631e-07,5.859748908321194e-09,3.8666113644225675e-07,1.5368199379750536e-08,6.160982392033887e-07,2482de48d80db365a9509d90d89eae80a34468ddc892e1ef76a9b6fa936c932d,4b4d512ddbf705a1dbd7aeee8d6675c714f6ac48c47671de1fdf45266646b86f,a68f94ee7c51d76df171e9d51e3a2e7eebd6671ff9a364623db0df08bdd0cdc2,1946208540839522054,779806681800718514,32,False
unsb-reciprocal-bridge-kernel-deflection-v1,LowLightTrafficData,LowLightTrafficData__426,3,0.8600000000000001,3,0.770984593089154,0.7710238328666277,0.17039343036404486,1.3715757558142632,2.5398405711918315e-07,8.334423741152008e-07,2.5398405711918315e-07,3.6570938388713614e-08,1.6952807413428417e-07,8.229524706138136e-08,2482de48d80db365a9509d90d89eae80a34468ddc892e1ef76a9b6fa936c932d,4b4d512ddbf705a1dbd7aeee8d6675c714f6ac48c47671de1fdf45266646b86f,a68f94ee7c51d76df171e9d51e3a2e7eebd6671ff9a364623db0df08bdd0cdc2,2219590537578877238,5617202296957069000,32,False
unsb-reciprocal-bridge-kernel-deflection-v1,LowLightTrafficData,LowLightTrafficData__057,1,0.5,3,0.10518803323359682,0.1051800031956312,0.06595658200731247,0.14441948445988118,3.069056320192942e-08,1.3655491626352045e-08,1.4322725672144543e-08,9.387093879986708e-09,3.069056320192942e-08,1.2541810479049786e-08,2482de48d80db365a9509d90d89eae80a34468ddc892e1ef76a9b6fa936c932d,4b4d512ddbf705a1dbd7aeee8d6675c714f6ac48c47671de1fdf45266646b86f,8bf0b11c056830f473f2ee27c2e6a7a7141f9306e6dfbb21a18f120b08cc23cf,1365398854483437368,6862427938171824170,32,False
unsb-reciprocal-bridge-kernel-deflection-v1,LowLightTrafficData,LowLightTrafficData__057,2,0.74,3,0.47930025414812105,0.479331316183193,0.13681521807244024,0.8217852902238019,1.4190434005634245e-07,8.958465278485761e-07,4.981315138152809e-09,5.9380310779566514e-08,1.1226169882583292e-08,1.4190434005634245e-07,2482de48d80db365a9509d90d89eae80a34468ddc892e1ef76a9b6fa936c932d,4b4d512ddbf705a1dbd7aeee8d6675c714f6ac48c47671de1fdf45266646b86f,8bf0b11c056830f473f2ee27c2e6a7a7141f9306e6dfbb21a18f120b08cc23cf,855827648883155269,949907344421511128,32,False
unsb-reciprocal-bridge-kernel-deflection-v1,LowLightTrafficData,LowLightTrafficData__057,3,0.8600000000000001,3,0.8261608232991138,0.8261083989417312,0.23410476441547623,1.4182168821827514,9.464593242469732e-08,2.2097810448151733e-07,9.464593242469732e-08,5.0444677324179565e-09,4.9980991123632634e-08,2.1323454668653596e-08,2482de48d80db365a9509d90d89eae80a34468ddc892e1ef76a9b6fa936c932d,4b4d512ddbf705a1dbd7aeee8d6675c714f6ac48c47671de1fdf45266646b86f,8bf0b11c056830f473f2ee27c2e6a7a7141f9306e6dfbb21a18f120b08cc23cf,5458288230797204153,4812546913960043790,32,False
unsb-reciprocal-bridge-kernel-deflection-v1,LowLightTrafficData,LowLightTrafficData__725,1,0.5,3,0.10759755068759069,0.10759460992042341,0.061297260415873356,0.15389784095930803,2.040542856907024e-08,9.461350947148617e-08,8.910390869587559e-09,7.692770864764498e-10,2.040542856907024e-08,9.42895983513381e-10,2482de48d80db365a9509d90d89eae80a34468ddc892e1ef76a9b6fa936c932d,4b4d512ddbf705a1dbd7aeee8d6675c714f6ac48c47671de1fdf45266646b86f,cf00956fea263f4f28ebfcf16bfa43fcecbd1c8ab4a27019c89fafe6bf37734f,2193843896395955460,7151079935915539618,32,False
unsb-reciprocal-bridge-kernel-deflection-v1,LowLightTrafficData,LowLightTrafficData__725,2,0.74,3,0.48194994769119154,0.48197365275520465,0.12595669683501132,0.8379431985473718,4.017241239662184e-08,2.318876330953401e-07,1.6213410836130038e-08,8.872630408163218e-09,4.017241239662184e-08,1.6645936407044815e-08,2482de48d80db365a9509d90d89eae80a34468ddc892e1ef76a9b6fa936c932d,4b4d512ddbf705a1dbd7aeee8d6675c714f6ac48c47671de1fdf45266646b86f,cf00956fea263f4f28ebfcf16bfa43fcecbd1c8ab4a27019c89fafe6bf37734f,6834393173159946512,411431628896577477,32,False
unsb-reciprocal-bridge-kernel-deflection-v1,LowLightTrafficData,LowLightTrafficData__725,3,0.8600000000000001,3,0.8329908961622292,0.8329881823784381,0.21891877204954302,1.4470630202749155,2.5086230115434205e-07,1.1061901378228711e-06,2.5086230115434205e-07,4.811971976437235e-08,1.6070102470955305e-07,1.5808917908088915e-07,2482de48d80db365a9509d90d89eae80a34468ddc892e1ef76a9b6fa936c932d,4b4d512ddbf705a1dbd7aeee8d6675c714f6ac48c47671de1fdf45266646b86f,cf00956fea263f4f28ebfcf16bfa43fcecbd1c8ab4a27019c89fafe6bf37734f,4031864545717622524,5899695335536752629,32,False
unsb-reciprocal-bridge-kernel-deflection-v1,LowLightTrafficData,LowLightTrafficData__252,1,0.5,3,0.08692524979141214,0.0869054200891553,0.06265307713937185,0.11119742244345243,8.338026824539213e-09,1.1939190192045146e-08,2.3070434451710753e-13,6.404301089446562e-09,4.908295991867817e-13,8.338026824539213e-09,2482de48d80db365a9509d90d89eae80a34468ddc892e1ef76a9b6fa936c932d,4b4d512ddbf705a1dbd7aeee8d6675c714f6ac48c47671de1fdf45266646b86f,a94fe46893867f3129cb75066a6efaf1fec340e3c9824a689d67a0f6339dd26c,7311419731036356668,9123078044626209976,32,False
unsb-reciprocal-bridge-kernel-deflection-v1,LowLightTrafficData,LowLightTrafficData__252,2,0.74,3,0.3770028327167285,0.3769848499230836,0.10995050181925081,0.6440551636142062,4.1864722333251336e-07,3.9726666833939106e-07,7.388165745858544e-09,1.9365766279477725e-07,1.528771398362494e-08,4.1864722333251336e-07,2482de48d80db365a9509d90d89eae80a34468ddc892e1ef76a9b6fa936c932d,4b4d512ddbf705a1dbd7aeee8d6675c714f6ac48c47671de1fdf45266646b86f,a94fe46893867f3129cb75066a6efaf1fec340e3c9824a689d67a0f6339dd26c,5208213136339940451,8875306293854222487,32,False
unsb-reciprocal-bridge-kernel-deflection-v1,LowLightTrafficData,LowLightTrafficData__252,3,0.8600000000000001,3,0.7529199451117132,0.7528644163231298,0.1865873886855719,1.3192525015378544,9.945598811178513e-08,3.6049204032995164e-07,9.945598811178513e-08,1.8571799653699372e-10,6.698973975538536e-08,6.640370475707869e-10,2482de48d80db365a9509d90d89eae80a34468ddc892e1ef76a9b6fa936c932d,4b4d512ddbf705a1dbd7aeee8d6675c714f6ac48c47671de1fdf45266646b86f,a94fe46893867f3129cb75066a6efaf1fec340e3c9824a689d67a0f6339dd26c,7276737873365626879,1821442079743956661,32,False
unsb-reciprocal-bridge-kernel-deflection-v1,LowLightTrafficData,LowLightTrafficData__236,1,0.5,3,0.09138054225345449,0.0913929394613699,0.06107816934220822,0.12168291516470076,9.252668498049843e-08,2.0381605225772148e-07,6.299585086910753e-08,6.42215052248929e-08,7.523522049801556e-08,9.252668498049843e-08,2482de48d80db365a9509d90d89eae80a34468ddc892e1ef76a9b6fa936c932d,4b4d512ddbf705a1dbd7aeee8d6675c714f6ac48c47671de1fdf45266646b86f,6e5c8ed1c258ac9415a6896447fc379e44696b093d58653acb7b76dee10193d4,9150838207434310431,2233466248580720116,32,False
unsb-reciprocal-bridge-kernel-deflection-v1,LowLightTrafficData,LowLightTrafficData__236,2,0.74,3,0.423020608547249,0.42303268090560064,0.11939383964602568,0.7266473774484723,1.1882571593346825e-07,2.3554334649400488e-07,7.899859710835955e-08,3.38315784276233e-08,1.1882571593346825e-07,8.349754887504446e-08,2482de48d80db365a9509d90d89eae80a34468ddc892e1ef76a9b6fa936c932d,4b4d512ddbf705a1dbd7aeee8d6675c714f6ac48c47671de1fdf45266646b86f,6e5c8ed1c258ac9415a6896447fc379e44696b093d58653acb7b76dee10193d4,7155465993345422100,4037380317564150324,32,False
unsb-reciprocal-bridge-kernel-deflection-v1,LowLightTrafficData,LowLightTrafficData__236,3,0.8600000000000001,3,0.8075166754293754,0.8075157975713543,0.20131234414802623,1.4137210067107246,9.8766183231902e-08,1.55777254429168e-07,9.8766183231902e-08,1.8343516705598972e-09,4.002585507478784e-08,8.089371394959244e-09,2482de48d80db365a9509d90d89eae80a34468ddc892e1ef76a9b6fa936c932d,4b4d512ddbf705a1dbd7aeee8d6675c714f6ac48c47671de1fdf45266646b86f,6e5c8ed1c258ac9415a6896447fc379e44696b093d58653acb7b76dee10193d4,164533876346081158,3883488188560504449,32,False
unsb-reciprocal-bridge-kernel-deflection-v1,LowLightTrafficData,LowLightTrafficData__280,1,0.5,3,0.08431951924705283,0.08433580560904402,0.06495934116339663,0.10367969733070903,2.1871746636037415e-09,9.87957405884643e-08,5.134671576811911e-10,1.6743367803329079e-09,8.138050233696958e-10,2.1871746636037415e-09,2482de48d80db365a9509d90d89eae80a34468ddc892e1ef76a9b6fa936c932d,4b4d512ddbf705a1dbd7aeee8d6675c714f6ac48c47671de1fdf45266646b86f,649586a8766b9150129226cd2e6894944c802d2190e5a2a805589d8d34321a90,970520630984303441,8215755882284543138,32,False
unsb-reciprocal-bridge-kernel-deflection-v1,LowLightTrafficData,LowLightTrafficData__280,2,0.74,3,0.3097878755148146,0.30975988967353546,0.12208658090165747,0.4974891701279718,6.946548891662019e-08,4.4295780132763696e-07,3.782889201886519e-08,3.5353398764037536e-08,6.288821507993703e-08,6.946548891662019e-08,2482de48d80db365a9509d90d89eae80a34468ddc892e1ef76a9b6fa936c932d,4b4d512ddbf705a1dbd7aeee8d6675c714f6ac48c47671de1fdf45266646b86f,649586a8766b9150129226cd2e6894944c802d2190e5a2a805589d8d34321a90,1646992707641955389,7063229136481794602,32,False
unsb-reciprocal-bridge-kernel-deflection-v1,LowLightTrafficData,LowLightTrafficData__280,3,0.8600000000000001,3,0.7025031965113855,0.70248989651046,0.20426949399210792,1.200736899030663,5.022550868538644e-07,1.6174736328089523e-06,5.022550868538644e-07,5.59364765617687e-08,2.831310819129129e-07,1.633862971583966e-07,2482de48d80db365a9509d90d89eae80a34468ddc892e1ef76a9b6fa936c932d,4b4d512ddbf705a1dbd7aeee8d6675c714f6ac48c47671de1fdf45266646b86f,649586a8766b9150129226cd2e6894944c802d2190e5a2a805589d8d34321a90,380290893083595250,1049699960950637958,32,False
unsb-reciprocal-bridge-kernel-deflection-v1,LowLightTrafficData,LowLightTrafficData__284,1,0.5,3,0.0990522204998584,0.09906041900133461,0.07040251932437369,0.1277019216753431,1.4073294307692663e-08,2.9102855014784268e-08,1.2741344868061333e-08,1.8220813746694375e-10,1.4073294307692663e-08,2.40438557952416e-10,2482de48d80db365a9509d90d89eae80a34468ddc892e1ef76a9b6fa936c932d,4b4d512ddbf705a1dbd7aeee8d6675c714f6ac48c47671de1fdf45266646b86f,bc9ad293db6230486113d37d2c3cfad5658d947192c6869946394552302bd3e2,6587312979407657176,4686980785384522157,32,False
unsb-reciprocal-bridge-kernel-deflection-v1,LowLightTrafficData,LowLightTrafficData__284,2,0.74,3,0.4560963232980988,0.4560310651880588,0.13973696254765633,0.7724556840485413,1.003502366758724e-07,2.4117810237811454e-07,8.369576121047828e-08,1.494912726940356e-08,1.003502366758724e-07,3.104068402315363e-08,2482de48d80db365a9509d90d89eae80a34468ddc892e1ef76a9b6fa936c932d,4b4d512ddbf705a1dbd7aeee8d6675c714f6ac48c47671de1fdf45266646b86f,bc9ad293db6230486113d37d2c3cfad5658d947192c6869946394552302bd3e2,3429441264106960891,4221897649522663025,32,False
unsb-reciprocal-bridge-kernel-deflection-v1,LowLightTrafficData,LowLightTrafficData__284,3,0.8600000000000001,3,0.8291043092269643,0.8291151169513409,0.23517555468029194,1.4230330637736368,8.648792424459373e-07,1.2516841815246593e-06,8.712535271016009e-08,1.988578853806544e-07,2.6246835260756995e-08,8.648792424459373e-07,2482de48d80db365a9509d90d89eae80a34468ddc892e1ef76a9b6fa936c932d,4b4d512ddbf705a1dbd7aeee8d6675c714f6ac48c47671de1fdf45266646b86f,bc9ad293db6230486113d37d2c3cfad5658d947192c6869946394552302bd3e2,3272825837376817394,6326581701397423693,32,False
unsb-reciprocal-bridge-kernel-deflection-v1,LowLightTrafficData,LowLightTrafficData__687,1,0.5,3,0.1329465988884474,0.13296193704316567,0.06627905166445647,0.19961414611243833,6.671955155024278e-08,3.3347384853499307e-09,2.767895002087073e-08,5.262090319035906e-09,6.671955155024278e-08,7.415693614731822e-09,2482de48d80db365a9509d90d89eae80a34468ddc892e1ef76a9b6fa936c932d,4b4d512ddbf705a1dbd7aeee8d6675c714f6ac48c47671de1fdf45266646b86f,3271c9c393ea8ce94147f8608ba5bce52106e2b8c5f661288685cb868a395b50,7107334900612213713,1227880519069100754,32,False
unsb-reciprocal-bridge-kernel-deflection-v1,LowLightTrafficData,LowLightTrafficData__687,2,0.74,3,0.5626019527707176,0.5626230568728272,0.12285020245830913,1.002353703083126,2.1585189191597465e-09,1.7959531306566134e-08,9.522610477930016e-10,6.589480072705101e-10,2.1585189191597465e-09,1.7159205167871505e-09,2482de48d80db365a9509d90d89eae80a34468ddc892e1ef76a9b6fa936c932d,4b4d512ddbf705a1dbd7aeee8d6675c714f6ac48c47671de1fdf45266646b86f,3271c9c393ea8ce94147f8608ba5bce52106e2b8c5f661288685cb868a395b50,7853525223409392795,5993538053964321669,32,False
unsb-reciprocal-bridge-kernel-deflection-v1,LowLightTrafficData,LowLightTrafficData__687,3,0.8600000000000001,3,0.8536285327429507,0.8536293531347853,0.20482686941885475,1.5024301960670465,5.929366697632332e-08,8.481248745528802e-07,1.129359517015871e-08,1.4785780821924277e-08,5.7857295621133176e-09,5.929366697632332e-08,2482de48d80db365a9509d90d89eae80a34468ddc892e1ef76a9b6fa936c932d,4b4d512ddbf705a1dbd7aeee8d6675c714f6ac48c47671de1fdf45266646b86f,3271c9c393ea8ce94147f8608ba5bce52106e2b8c5f661288685cb868a395b50,4958822668819146274,1628280722977176001,32,False
unsb-reciprocal-bridge-kernel-deflection-v1,LowLightTrafficData,LowLightTrafficData__053,1,0.5,3,0.11688613953976867,0.11687415414513724,0.0747159520379177,0.15905632704161965,2.3887221978213802e-08,8.431930709207336e-09,1.4807356119028725e-08,7.35592986522704e-09,2.3887221978213802e-08,1.0180017384620044e-08,2482de48d80db365a9509d90d89eae80a34468ddc892e1ef76a9b6fa936c932d,4b4d512ddbf705a1dbd7aeee8d6675c714f6ac48c47671de1fdf45266646b86f,87e1b06007cdeae729c160f74e18c838fc6872509cd6a99ba2674494a6f90f82,7220901273210473841,865387782569029136,32,False
unsb-reciprocal-bridge-kernel-deflection-v1,LowLightTrafficData,LowLightTrafficData__053,2,0.74,3,0.51015693578855,0.5101828933140904,0.16096343880146025,0.8593504327756398,1.1888075190924496e-08,1.1882402950469384e-07,3.2205753619507504e-09,4.934039732340523e-09,4.944105569393287e-09,1.1888075190924496e-08,2482de48d80db365a9509d90d89eae80a34468ddc892e1ef76a9b6fa936c932d,4b4d512ddbf705a1dbd7aeee8d6675c714f6ac48c47671de1fdf45266646b86f,87e1b06007cdeae729c160f74e18c838fc6872509cd6a99ba2674494a6f90f82,3160912857173924403,5622569584346721810,32,False
unsb-reciprocal-bridge-kernel-deflection-v1,LowLightTrafficData,LowLightTrafficData__053,3,0.8600000000000001,3,0.8580779362290918,0.8581207965199211,0.2843022398509568,1.4318536326072266,6.521782179857993e-07,1.4600010501686356e-06,6.521782179857993e-07,1.627067369724955e-09,2.501013373068517e-07,8.21282630791842e-09,2482de48d80db365a9509d90d89eae80a34468ddc892e1ef76a9b6fa936c932d,4b4d512ddbf705a1dbd7aeee8d6675c714f6ac48c47671de1fdf45266646b86f,87e1b06007cdeae729c160f74e18c838fc6872509cd6a99ba2674494a6f90f82,5242241304906697260,5603587322241374928,32,False
unsb-reciprocal-bridge-kernel-deflection-v1,LowLightTrafficData,LowLightTrafficData__292,1,0.5,4,0.19498523801625245,0.19498511249415051,0.08109775092757965,0.30887272510492525,1.2326600629108952e-07,8.054654232481084e-08,3.5099237516433845e-08,2.5847410878299115e-09,1.2326600629108952e-07,3.2623123091823913e-09,2482de48d80db365a9509d90d89eae80a34468ddc892e1ef76a9b6fa936c932d,4f9c8cc138dce6ec3acb2b464f535d729c6ff6e73343e80b506103b2e9e38828,3a1d1cf398e4487ed0c06bfcb5fa0ee7bdbc3a5b8f5b98f61f5b02cb8543ee4a,1969898256015074757,8699498283269127194,32,False
unsb-reciprocal-bridge-kernel-deflection-v1,LowLightTrafficData,LowLightTrafficData__292,2,0.74,4,0.7956540255083584,0.7956316743419658,0.14975243966877327,1.4415556113479435,1.15999430727598e-07,1.969245182475987e-07,4.1875910516964154e-09,5.6583530083642586e-08,6.643493977165349e-09,1.15999430727598e-07,2482de48d80db365a9509d90d89eae80a34468ddc892e1ef76a9b6fa936c932d,4f9c8cc138dce6ec3acb2b464f535d729c6ff6e73343e80b506103b2e9e38828,3a1d1cf398e4487ed0c06bfcb5fa0ee7bdbc3a5b8f5b98f61f5b02cb8543ee4a,4774459018658423525,4211594121749700206,32,False
unsb-reciprocal-bridge-kernel-deflection-v1,LowLightTrafficData,LowLightTrafficData__292,3,0.8600000000000001,4,0.9848533425138446,0.9848504029340928,0.2430496681623351,1.726657016865354,2.2221320672421996e-08,3.1869006766882535e-08,2.2221320672421996e-08,4.195602976153623e-09,6.124448281852324e-09,1.815792816106665e-08,2482de48d80db365a9509d90d89eae80a34468ddc892e1ef76a9b6fa936c932d,4f9c8cc138dce6ec3acb2b464f535d729c6ff6e73343e80b506103b2e9e38828,3a1d1cf398e4487ed0c06bfcb5fa0ee7bdbc3a5b8f5b98f61f5b02cb8543ee4a,5949182440668931142,7454895150848081565,32,False
unsb-reciprocal-bridge-kernel-deflection-v1,LowLightTrafficData,LowLightTrafficData__710,1,0.5,4,0.11787169523058738,0.11785037115756797,0.062372240764512754,0.173371149696662,2.2423986889563707e-08,7.129203827282993e-08,8.973990661687026e-09,2.2338613181460687e-09,2.2423986889563707e-08,2.0273559497852034e-09,2482de48d80db365a9509d90d89eae80a34468ddc892e1ef76a9b6fa936c932d,4f9c8cc138dce6ec3acb2b464f535d729c6ff6e73343e80b506103b2e9e38828,e2f784909e16706525cf025afad1680af689056f9a407125b8861e667f00485d,16895986491911908,4992320877404280280,32,False
unsb-reciprocal-bridge-kernel-deflection-v1,LowLightTrafficData,LowLightTrafficData__710,2,0.74,4,0.7087390876205975,0.7086632597738466,0.11405904668891442,1.3034191285522805,3.8808934521572525e-07,2.585440550539886e-08,1.9047372179503697e-07,2.4098335327238374e-08,3.8808934521572525e-07,3.2524545501289026e-08,2482de48d80db365a9509d90d89eae80a34468ddc892e1ef76a9b6fa936c932d,4f9c8cc138dce6ec3acb2b464f535d729c6ff6e73343e80b506103b2e9e38828,e2f784909e16706525cf025afad1680af689056f9a407125b8861e667f00485d,626357537093855623,1082271824002955214,32,False
unsb-reciprocal-bridge-kernel-deflection-v1,LowLightTrafficData,LowLightTrafficData__710,3,0.8600000000000001,4,0.9575537160290262,0.9574544670747764,0.17800232920170478,1.7371051028563476,2.0580327220187655e-08,1.1559215939982437e-07,2.503807605691577e-09,7.479982522262674e-09,6.814945274769002e-10,2.0580327220187655e-08,2482de48d80db365a9509d90d89eae80a34468ddc892e1ef76a9b6fa936c932d,4f9c8cc138dce6ec3acb2b464f535d729c6ff6e73343e80b506103b2e9e38828,e2f784909e16706525cf025afad1680af689056f9a407125b8861e667f00485d,9131695238777377096,2142852627857812385,32,False
unsb-reciprocal-bridge-kernel-deflection-v1,LowLightTrafficData,LowLightTrafficData__199,1,0.5,4,0.19328461492476218,0.1932862209552283,0.07274036555341068,0.3138288642961137,8.839187237708046e-08,2.7171093019973114e-07,2.919411423718543e-08,1.3034503254516494e-08,8.839187237708046e-08,2.067876003764013e-08,2482de48d80db365a9509d90d89eae80a34468ddc892e1ef76a9b6fa936c932d,4f9c8cc138dce6ec3acb2b464f535d729c6ff6e73343e80b506103b2e9e38828,0d9fd4c8709b93dae99cf5c5709a6a7cc5121592f387ac722fdad03190e91bb9,1079648097964007135,5445894023204246209,32,False
unsb-reciprocal-bridge-kernel-deflection-v1,LowLightTrafficData,LowLightTrafficData__199,2,0.74,4,0.7814430513007158,0.7814448271633232,0.13249400726808758,1.430392095333344,2.525334608094454e-08,1.1724027648707391e-07,1.1002035948948219e-09,8.799746376020323e-09,1.5768671923765964e-09,2.525334608094454e-08,2482de48d80db365a9509d90d89eae80a34468ddc892e1ef76a9b6fa936c932d,4f9c8cc138dce6ec3acb2b464f535d729c6ff6e73343e80b506103b2e9e38828,0d9fd4c8709b93dae99cf5c5709a6a7cc5121592f387ac722fdad03190e91bb9,5418024561844912349,1244524372480558092,32,False
unsb-reciprocal-bridge-kernel-deflection-v1,LowLightTrafficData,LowLightTrafficData__199,3,0.8600000000000001,4,0.9712339994526256,0.9712309615565505,0.21685205586100964,1.7256159430442415,9.310426762887403e-08,5.1176668680597004e-08,9.310426762887403e-08,4.923643825982538e-09,2.3529860282422987e-08,3.350719113281997e-08,2482de48d80db365a9509d90d89eae80a34468ddc892e1ef76a9b6fa936c932d,4f9c8cc138dce6ec3acb2b464f535d729c6ff6e73343e80b506103b2e9e38828,0d9fd4c8709b93dae99cf5c5709a6a7cc5121592f387ac722fdad03190e91bb9,1758476084089223377,5820423833839804330,32,False
unsb-reciprocal-bridge-kernel-deflection-v1,LowLightTrafficData,LowLightTrafficData__730,1,0.5,4,0.20687220937881368,0.20687740212317396,0.08556110595381528,0.3281833128038121,1.5698833610855445e-07,3.3633346219197335e-07,4.8521056950079355e-08,3.018678973454314e-09,1.5698833610855445e-07,3.816430726999442e-09,2482de48d80db365a9509d90d89eae80a34468ddc892e1ef76a9b6fa936c932d,4f9c8cc138dce6ec3acb2b464f535d729c6ff6e73343e80b506103b2e9e38828,eb5b042ab487d165d174bd21d45902fa2b70373d305d633ed84015e3149e989e,7482508840074480500,6392005255628458481,32,False
unsb-reciprocal-bridge-kernel-deflection-v1,LowLightTrafficData,LowLightTrafficData__730,2,0.74,4,0.8087628674240266,0.8087763227603899,0.15500494134947385,1.4625207934985793,2.4072170923261638e-08,1.99780985088438e-08,1.4146939175674333e-10,1.0490522561745763e-08,2.0620616325572882e-10,2.4072170923261638e-08,2482de48d80db365a9509d90d89eae80a34468ddc892e1ef76a9b6fa936c932d,4f9c8cc138dce6ec3acb2b464f535d729c6ff6e73343e80b506103b2e9e38828,eb5b042ab487d165d174bd21d45902fa2b70373d305d633ed84015e3149e989e,2029976514594272078,8692655659180698780,32,False
unsb-reciprocal-bridge-kernel-deflection-v1,LowLightTrafficData,LowLightTrafficData__730,3,0.8600000000000001,4,0.9974307473104294,0.9974251120921354,0.2512956801819035,1.7435658144389552,2.9156349135028847e-07,3.533042176595558e-07,2.9156349135028847e-07,1.9986570620744715e-08,7.079439845458779e-08,1.0060815003321011e-07,2482de48d80db365a9509d90d89eae80a34468ddc892e1ef76a9b6fa936c932d,4f9c8cc138dce6ec3acb2b464f535d729c6ff6e73343e80b506103b2e9e38828,eb5b042ab487d165d174bd21d45902fa2b70373d305d633ed84015e3149e989e,4816985686559837174,2489873364156989122,32,False
unsb-reciprocal-bridge-kernel-deflection-v1,LowLightTrafficData,LowLightTrafficData__010,1,0.5,4,0.19157137770513355,0.19157971717890843,0.0840152671970571,0.29912748821321,6.479367065104213e-08,2.481476513160885e-08,2.4137716270189458e-09,4.947733778237762e-08,5.751900067352267e-09,6.479367065104213e-08,2482de48d80db365a9509d90d89eae80a34468ddc892e1ef76a9b6fa936c932d,4f9c8cc138dce6ec3acb2b464f535d729c6ff6e73343e80b506103b2e9e38828,52597537d7abe355da789b0e8afd874ff6cfb29f74933148fb2e5e932ad866c3,5237980517855290109,227465772332445732,32,False
unsb-reciprocal-bridge-kernel-deflection-v1,LowLightTrafficData,LowLightTrafficData__010,2,0.74,4,0.8012404970969387,0.8012435248049048,0.16733182431638927,1.435149169877488,3.206769627617234e-09,1.5373489181680355e-07,2.664972909016683e-09,9.63164992207055e-10,3.206769627617234e-09,2.398525045244071e-09,2482de48d80db365a9509d90d89eae80a34468ddc892e1ef76a9b6fa936c932d,4f9c8cc138dce6ec3acb2b464f535d729c6ff6e73343e80b506103b2e9e38828,52597537d7abe355da789b0e8afd874ff6cfb29f74933148fb2e5e932ad866c3,3667140780809971234,273207222852073222,32,False
unsb-reciprocal-bridge-kernel-deflection-v1,LowLightTrafficData,LowLightTrafficData__010,3,0.8600000000000001,4,1.0098572245215698,1.0098709943274717,0.2866302554955156,1.733084193547624,5.499791368990259e-07,4.6000532161194485e-07,5.499791368990259e-07,6.830296994664309e-09,1.2167618335112707e-07,3.5274798082518544e-08,2482de48d80db365a9509d90d89eae80a34468ddc892e1ef76a9b6fa936c932d,4f9c8cc138dce6ec3acb2b464f535d729c6ff6e73343e80b506103b2e9e38828,52597537d7abe355da789b0e8afd874ff6cfb29f74933148fb2e5e932ad866c3,5777475005453387556,6021393778738341003,32,False
unsb-reciprocal-bridge-kernel-deflection-v1,LowLightTrafficData,LowLightTrafficData__238,1,0.5,4,0.10665515902495004,0.10665979810023507,0.0573794012596468,0.15593091679025328,5.838528738255633e-08,1.3410916155365271e-08,1.4490763478036683e-08,4.5401512438481006e-08,3.3651303965598345e-08,5.838528738255633e-08,2482de48d80db365a9509d90d89eae80a34468ddc892e1ef76a9b6fa936c932d,4f9c8cc138dce6ec3acb2b464f535d729c6ff6e73343e80b506103b2e9e38828,17b53e1c0d563fc96f738e2d0a419e70cf3574252b49debc637134c85fc28406,5856108453136631376,1746739613722046192,32,False
unsb-reciprocal-bridge-kernel-deflection-v1,LowLightTrafficData,LowLightTrafficData__238,2,0.74,4,0.5955135543684411,0.5955358885031105,0.10762115112402937,1.083405957612853,4.133468127776041e-07,8.573229268726834e-07,1.526127166862068e-07,1.2820642458777343e-07,4.133468127776041e-07,2.7358886545147953e-07,2482de48d80db365a9509d90d89eae80a34468ddc892e1ef76a9b6fa936c932d,4f9c8cc138dce6ec3acb2b464f535d729c6ff6e73343e80b506103b2e9e38828,17b53e1c0d563fc96f738e2d0a419e70cf3574252b49debc637134c85fc28406,8053633920889771509,2436407831571083100,32,False
unsb-reciprocal-bridge-kernel-deflection-v1,LowLightTrafficData,LowLightTrafficData__238,3,0.8600000000000001,4,0.9111667519363679,0.9112695700346132,0.17720692091147705,1.6451265829612587,3.5213333848815864e-07,5.000497743656851e-07,3.878684040614644e-10,1.023077291772978e-07,1.6767598420841523e-10,3.5213333848815864e-07,2482de48d80db365a9509d90d89eae80a34468ddc892e1ef76a9b6fa936c932d,4f9c8cc138dce6ec3acb2b464f535d729c6ff6e73343e80b506103b2e9e38828,17b53e1c0d563fc96f738e2d0a419e70cf3574252b49debc637134c85fc28406,137486398404658573,7918143684928624700,32,False
unsb-reciprocal-bridge-kernel-deflection-v1,LowLightTrafficData,LowLightTrafficData__226,1,0.5,4,0.14149362881484412,0.14147489830626053,0.06567739813228546,0.21730985949740278,4.627114469357707e-09,2.0159539781960945e-07,1.1833963808882686e-09,1.2790701831022488e-09,4.627114469357707e-09,1.3031067336299884e-09,2482de48d80db365a9509d90d89eae80a34468ddc892e1ef76a9b6fa936c932d,4f9c8cc138dce6ec3acb2b464f535d729c6ff6e73343e80b506103b2e9e38828,d506aac6585f2064ad7f4180c44e01575b48c46517744435ff9a4afceb203d0a,2554421231982851696,5485596344125645323,32,False
unsb-reciprocal-bridge-kernel-deflection-v1,LowLightTrafficData,LowLightTrafficData__226,2,0.74,4,0.6763368028563714,0.6763626515278451,0.1091709918032352,1.2435026139095078,2.840210027166279e-07,6.396675098496729e-07,5.6440816464942145e-09,1.5514320605980458e-07,1.5648794260414434e-08,2.840210027166279e-07,2482de48d80db365a9509d90d89eae80a34468ddc892e1ef76a9b6fa936c932d,4f9c8cc138dce6ec3acb2b464f535d729c6ff6e73343e80b506103b2e9e38828,d506aac6585f2064ad7f4180c44e01575b48c46517744435ff9a4afceb203d0a,6088401478345770248,1248799780810876957,32,False
unsb-reciprocal-bridge-kernel-deflection-v1,LowLightTrafficData,LowLightTrafficData__226,3,0.8600000000000001,4,0.902531943478524,0.9025354937497723,0.17083174445270521,1.6342321425043427,7.743430807671814e-08,5.091161812131872e-07,7.743430807671814e-08,1.1351650730517804e-09,3.157424710575896e-08,5.958969429009642e-09,2482de48d80db365a9509d90d89eae80a34468ddc892e1ef76a9b6fa936c932d,4f9c8cc138dce6ec3acb2b464f535d729c6ff6e73343e80b506103b2e9e38828,d506aac6585f2064ad7f4180c44e01575b48c46517744435ff9a4afceb203d0a,6142971159780006642,3183695261401885163,32,False
unsb-reciprocal-bridge-kernel-deflection-v1,LowLightTrafficData,LowLightTrafficData__426,1,0.5,4,0.1490555954554209,0.14908768091231434,0.0638868223555834,0.2342243685552584,3.817741189848789e-08,2.2974770574890613e-07,1.008104910660279e-08,2.2546360667341503e-08,3.817741189848789e-08,2.613029326248295e-08,2482de48d80db365a9509d90d89eae80a34468ddc892e1ef76a9b6fa936c932d,4f9c8cc138dce6ec3acb2b464f535d729c6ff6e73343e80b506103b2e9e38828,a68f94ee7c51d76df171e9d51e3a2e7eebd6671ff9a364623db0df08bdd0cdc2,5466080150618351410,579113742268111841,32,False
unsb-reciprocal-bridge-kernel-deflection-v1,LowLightTrafficData,LowLightTrafficData__426,2,0.74,4,0.6639491127566316,0.6639311840281418,0.10784153157989596,1.2200566939333672,2.456780883175469e-07,1.2531779469693305e-07,5.859748908321194e-09,1.5950883147652917e-07,1.348273093171315e-08,2.456780883175469e-07,2482de48d80db365a9509d90d89eae80a34468ddc892e1ef76a9b6fa936c932d,4f9c8cc138dce6ec3acb2b464f535d729c6ff6e73343e80b506103b2e9e38828,a68f94ee7c51d76df171e9d51e3a2e7eebd6671ff9a364623db0df08bdd0cdc2,1946208540839522054,779806681800718514,32,False
unsb-reciprocal-bridge-kernel-deflection-v1,LowLightTrafficData,LowLightTrafficData__426,3,0.8600000000000001,4,0.8725261154175213,0.8725612524749131,0.17403651520872887,1.5710157156263138,2.5398405711918315e-07,8.334423741152008e-07,2.5398405711918315e-07,1.83269222020499e-09,8.895579051149127e-08,4.338082670862775e-09,2482de48d80db365a9509d90d89eae80a34468ddc892e1ef76a9b6fa936c932d,4f9c8cc138dce6ec3acb2b464f535d729c6ff6e73343e80b506103b2e9e38828,a68f94ee7c51d76df171e9d51e3a2e7eebd6671ff9a364623db0df08bdd0cdc2,2219590537578877238,5617202296957069000,32,False
unsb-reciprocal-bridge-kernel-deflection-v1,LowLightTrafficData,LowLightTrafficData__057,1,0.5,4,0.17153833792194872,0.1715261945747386,0.07755984673015126,0.2655168291137462,4.981187884389726e-08,5.788224344271953e-09,1.4322725672144543e-08,7.800158408066693e-09,4.981187884389726e-08,7.863572348831838e-09,2482de48d80db365a9509d90d89eae80a34468ddc892e1ef76a9b6fa936c932d,4f9c8cc138dce6ec3acb2b464f535d729c6ff6e73343e80b506103b2e9e38828,8bf0b11c056830f473f2ee27c2e6a7a7141f9306e6dfbb21a18f120b08cc23cf,1365398854483437368,6862427938171824170,32,False
unsb-reciprocal-bridge-kernel-deflection-v1,LowLightTrafficData,LowLightTrafficData__057,2,0.74,4,0.7091026528997878,0.7091430014167457,0.14168553823736407,1.2765197675622115,1.5916467899224074e-07,8.348228884846876e-07,4.981315138152809e-09,9.287311575345569e-08,1.0556999607835849e-08,1.5916467899224074e-07,2482de48d80db365a9509d90d89eae80a34468ddc892e1ef76a9b6fa936c932d,4f9c8cc138dce6ec3acb2b464f535d729c6ff6e73343e80b506103b2e9e38828,8bf0b11c056830f473f2ee27c2e6a7a7141f9306e6dfbb21a18f120b08cc23cf,855827648883155269,949907344421511128,32,False
unsb-reciprocal-bridge-kernel-deflection-v1,LowLightTrafficData,LowLightTrafficData__057,3,0.8600000000000001,4,0.92701644346676,0.9269649234324127,0.2259071473543396,1.6281257395791804,9.464593242469732e-08,3.187947936744706e-07,9.464593242469732e-08,2.381641328597084e-09,3.4439016749487905e-08,6.673314567606781e-09,2482de48d80db365a9509d90d89eae80a34468ddc892e1ef76a9b6fa936c932d,4f9c8cc138dce6ec3acb2b464f535d729c6ff6e73343e80b506103b2e9e38828,8bf0b11c056830f473f2ee27c2e6a7a7141f9306e6dfbb21a18f120b08cc23cf,5458288230797204153,4812546913960043790,32,False
unsb-reciprocal-bridge-kernel-deflection-v1,LowLightTrafficData,LowLightTrafficData__725,1,0.5,4,0.13842620272888728,0.1384262434719351,0.05451870906390144,0.22233369639387313,3.0684096818944795e-08,1.4232656841972613e-07,8.910390869587559e-09,1.8407053659075245e-09,3.0684096818944795e-08,2.600581971989868e-09,2482de48d80db365a9509d90d89eae80a34468ddc892e1ef76a9b6fa936c932d,4f9c8cc138dce6ec3acb2b464f535d729c6ff6e73343e80b506103b2e9e38828,cf00956fea263f4f28ebfcf16bfa43fcecbd1c8ab4a27019c89fafe6bf37734f,2193843896395955460,7151079935915539618,32,False
unsb-reciprocal-bridge-kernel-deflection-v1,LowLightTrafficData,LowLightTrafficData__725,2,0.74,4,0.72285177791093,0.7228898160142971,0.10216874455124925,1.343534811270611,4.056942315422418e-08,2.685473339258948e-07,1.6213410836130038e-08,4.72403227647078e-11,4.056942315422418e-08,1.143080075038938e-10,2482de48d80db365a9509d90d89eae80a34468ddc892e1ef76a9b6fa936c932d,4f9c8cc138dce6ec3acb2b464f535d729c6ff6e73343e80b506103b2e9e38828,cf00956fea263f4f28ebfcf16bfa43fcecbd1c8ab4a27019c89fafe6bf37734f,6834393173159946512,411431628896577477,32,False
unsb-reciprocal-bridge-kernel-deflection-v1,LowLightTrafficData,LowLightTrafficData__725,3,0.8600000000000001,4,0.9405606314258856,0.9405576282662502,0.1712383078251547,1.7098829550266166,2.5086230115434205e-07,1.1832865054461905e-06,2.5086230115434205e-07,3.508545842745292e-08,9.560844882461339e-08,1.6641436195730108e-07,2482de48d80db365a9509d90d89eae80a34468ddc892e1ef76a9b6fa936c932d,4f9c8cc138dce6ec3acb2b464f535d729c6ff6e73343e80b506103b2e9e38828,cf00956fea263f4f28ebfcf16bfa43fcecbd1c8ab4a27019c89fafe6bf37734f,4031864545717622524,5899695335536752629,32,False
unsb-reciprocal-bridge-kernel-deflection-v1,LowLightTrafficData,LowLightTrafficData__252,1,0.5,4,0.10071872819750927,0.10070489095784813,0.055895398207193914,0.14554205818782462,2.310527547066954e-09,1.6509355438287798e-08,2.3070434451710753e-13,2.310527547066954e-09,4.884981308350689e-13,1.7193537704685014e-09,2482de48d80db365a9509d90d89eae80a34468ddc892e1ef76a9b6fa936c932d,4f9c8cc138dce6ec3acb2b464f535d729c6ff6e73343e80b506103b2e9e38828,a94fe46893867f3129cb75066a6efaf1fec340e3c9824a689d67a0f6339dd26c,7311419731036356668,9123078044626209976,32,False
unsb-reciprocal-bridge-kernel-deflection-v1,LowLightTrafficData,LowLightTrafficData__252,2,0.74,4,0.5787755191042684,0.5787536074881856,0.10842081151934613,1.0491302266891906,2.991151883957599e-07,4.3513202974132525e-07,7.388165745858544e-09,1.92766314022208e-07,1.705551777586578e-08,2.991151883957599e-07,2482de48d80db365a9509d90d89eae80a34468ddc892e1ef76a9b6fa936c932d,4f9c8cc138dce6ec3acb2b464f535d729c6ff6e73343e80b506103b2e9e38828,a94fe46893867f3129cb75066a6efaf1fec340e3c9824a689d67a0f6339dd26c,5208213136339940451,8875306293854222487,32,False
unsb-reciprocal-bridge-kernel-deflection-v1,LowLightTrafficData,LowLightTrafficData__252,3,0.8600000000000001,4,0.911303733746672,0.9112704818566373,0.19745369907880206,1.6251537684145418,9.945598811178513e-08,5.686549315875311e-07,9.945598811178513e-08,5.250554546698538e-09,4.0475459095468125e-08,1.795941073634566e-08,2482de48d80db365a9509d90d89eae80a34468ddc892e1ef76a9b6fa936c932d,4f9c8cc138dce6ec3acb2b464f535d729c6ff6e73343e80b506103b2e9e38828,a94fe46893867f3129cb75066a6efaf1fec340e3c9824a689d67a0f6339dd26c,7276737873365626879,1821442079743956661,32,False
unsb-reciprocal-bridge-kernel-deflection-v1,LowLightTrafficData,LowLightTrafficData__236,1,0.5,4,0.12624066805106787,0.12625256962965387,0.058062082260753156,0.1944192538413826,1.1184241632822278e-07,3.0269264239546345e-07,6.299585086910753e-08,8.121604933020166e-08,1.1184241632822278e-07,1.0622208779231812e-07,2482de48d80db365a9509d90d89eae80a34468ddc892e1ef76a9b6fa936c932d,4f9c8cc138dce6ec3acb2b464f535d729c6ff6e73343e80b506103b2e9e38828,6e5c8ed1c258ac9415a6896447fc379e44696b093d58653acb7b76dee10193d4,9150838207434310431,2233466248580720116,32,False
unsb-reciprocal-bridge-kernel-deflection-v1,LowLightTrafficData,LowLightTrafficData__236,2,0.74,4,0.6786529605347522,0.6786680258049788,0.10954084947951837,1.247765071589986,1.9753470770211834e-07,2.359229038795263e-07,7.899859710835955e-08,7.971668358752737e-08,1.19050362901163e-07,1.9753470770211834e-07,2482de48d80db365a9509d90d89eae80a34468ddc892e1ef76a9b6fa936c932d,4f9c8cc138dce6ec3acb2b464f535d729c6ff6e73343e80b506103b2e9e38828,6e5c8ed1c258ac9415a6896447fc379e44696b093d58653acb7b76dee10193d4,7155465993345422100,4037380317564150324,32,False
unsb-reciprocal-bridge-kernel-deflection-v1,LowLightTrafficData,LowLightTrafficData__236,3,0.8600000000000001,4,0.9359023035227725,0.9359013014654297,0.17980847583370285,1.6919961312118421,9.8766183231902e-08,1.55777254429168e-07,9.8766183231902e-08,1.8571264526201503e-09,2.332783810565786e-08,8.474754231713177e-09,2482de48d80db365a9509d90d89eae80a34468ddc892e1ef76a9b6fa936c932d,4f9c8cc138dce6ec3acb2b464f535d729c6ff6e73343e80b506103b2e9e38828,6e5c8ed1c258ac9415a6896447fc379e44696b093d58653acb7b76dee10193d4,164533876346081158,3883488188560504449,32,False
unsb-reciprocal-bridge-kernel-deflection-v1,LowLightTrafficData,LowLightTrafficData__280,1,0.5,4,0.0817575392335394,0.08177474105638005,0.047938181014590575,0.11557689745248823,8.993770173049143e-10,1.106423968000314e-07,5.134671576811911e-10,2.2022050849557218e-10,8.993770173049143e-10,5.073347297823716e-10,2482de48d80db365a9509d90d89eae80a34468ddc892e1ef76a9b6fa936c932d,4f9c8cc138dce6ec3acb2b464f535d729c6ff6e73343e80b506103b2e9e38828,649586a8766b9150129226cd2e6894944c802d2190e5a2a805589d8d34321a90,970520630984303441,8215755882284543138,32,False
unsb-reciprocal-bridge-kernel-deflection-v1,LowLightTrafficData,LowLightTrafficData__280,2,0.74,4,0.46463337025823415,0.46458294990486065,0.09438085344891034,0.834885887067558,7.623843933934893e-08,5.363633284183322e-07,3.782889201886519e-08,2.7370322008835046e-08,7.623843933934893e-08,2.8734755019854674e-08,2482de48d80db365a9509d90d89eae80a34468ddc892e1ef76a9b6fa936c932d,4f9c8cc138dce6ec3acb2b464f535d729c6ff6e73343e80b506103b2e9e38828,649586a8766b9150129226cd2e6894944c802d2190e5a2a805589d8d34321a90,1646992707641955389,7063229136481794602,32,False
unsb-reciprocal-bridge-kernel-deflection-v1,LowLightTrafficData,LowLightTrafficData__280,3,0.8600000000000001,4,0.852891244243644,0.8528595423088898,0.1798201208497714,1.5259623676375167,5.022550868538644e-07,1.6174736328089523e-06,5.022550868538644e-07,1.4728002550867814e-07,1.7256486728456366e-07,2.777097590778155e-07,2482de48d80db365a9509d90d89eae80a34468ddc892e1ef76a9b6fa936c932d,4f9c8cc138dce6ec3acb2b464f535d729c6ff6e73343e80b506103b2e9e38828,649586a8766b9150129226cd2e6894944c802d2190e5a2a805589d8d34321a90,380290893083595250,1049699960950637958,32,False
unsb-reciprocal-bridge-kernel-deflection-v1,LowLightTrafficData,LowLightTrafficData__284,1,0.5,4,0.13070892182251853,0.1307152428589503,0.06729944038530566,0.1941184032597314,2.220831252230937e-08,8.48707830680695e-08,1.2741344868061333e-08,9.821035207302486e-09,2.220831252230937e-08,1.0636683978049177e-08,2482de48d80db365a9509d90d89eae80a34468ddc892e1ef76a9b6fa936c932d,4f9c8cc138dce6ec3acb2b464f535d729c6ff6e73343e80b506103b2e9e38828,bc9ad293db6230486113d37d2c3cfad5658d947192c6869946394552302bd3e2,6587312979407657176,4686980785384522157,32,False
unsb-reciprocal-bridge-kernel-deflection-v1,LowLightTrafficData,LowLightTrafficData__284,2,0.74,4,0.7005924186124031,0.7005145078295523,0.12643329683935234,1.274751540385454,1.095119106508946e-07,2.62994901412128e-07,8.369576121047828e-08,1.8177674254715726e-08,1.095119106508946e-07,3.476822074688357e-08,2482de48d80db365a9509d90d89eae80a34468ddc892e1ef76a9b6fa936c932d,4f9c8cc138dce6ec3acb2b464f535d729c6ff6e73343e80b506103b2e9e38828,bc9ad293db6230486113d37d2c3cfad5658d947192c6869946394552302bd3e2,3429441264106960891,4221897649522663025,32,False
unsb-reciprocal-bridge-kernel-deflection-v1,LowLightTrafficData,LowLightTrafficData__284,3,0.8600000000000001,4,0.9561144460865847,0.9561139950339004,0.20571459528073055,1.7065142968924387,1.2522021760608126e-06,2.2940904595980527e-06,8.712535271016009e-08,3.044918079897485e-07,1.717917119670176e-08,1.2522021760608126e-06,2482de48d80db365a9509d90d89eae80a34468ddc892e1ef76a9b6fa936c932d,4f9c8cc138dce6ec3acb2b464f535d729c6ff6e73343e80b506103b2e9e38828,bc9ad293db6230486113d37d2c3cfad5658d947192c6869946394552302bd3e2,3272825837376817394,6326581701397423693,32,False
unsb-reciprocal-bridge-kernel-deflection-v1,LowLightTrafficData,LowLightTrafficData__687,1,0.5,4,0.22498332268770216,0.22500473099482998,0.08040001704671307,0.36956662832869125,1.1371423691564075e-07,1.2373787439123873e-08,2.767895002087073e-08,4.062851499675446e-09,1.1371423691564075e-07,6.447933853515053e-09,2482de48d80db365a9509d90d89eae80a34468ddc892e1ef76a9b6fa936c932d,4f9c8cc138dce6ec3acb2b464f535d729c6ff6e73343e80b506103b2e9e38828,3271c9c393ea8ce94147f8608ba5bce52106e2b8c5f661288685cb868a395b50,7107334900612213713,1227880519069100754,32,False
unsb-reciprocal-bridge-kernel-deflection-v1,LowLightTrafficData,LowLightTrafficData__687,2,0.74,4,0.7992994302257066,0.7993222902866738,0.13602514315227043,1.4625737172991429,4.494624339379527e-09,1.4250104873880787e-08,9.522610477930016e-10,1.0708849362828232e-09,1.7037782296114301e-09,4.494624339379527e-09,2482de48d80db365a9509d90d89eae80a34468ddc892e1ef76a9b6fa936c932d,4f9c8cc138dce6ec3acb2b464f535d729c6ff6e73343e80b506103b2e9e38828,3271c9c393ea8ce94147f8608ba5bce52106e2b8c5f661288685cb868a395b50,7853525223409392795,5993538053964321669,32,False
unsb-reciprocal-bridge-kernel-deflection-v1,LowLightTrafficData,LowLightTrafficData__687,3,0.8600000000000001,4,0.9532210438230452,0.9532060712292587,0.20836341016027782,1.6980786774858125,5.169583849884418e-08,1.0033098323258827e-06,1.129359517015871e-08,7.0612260483216005e-09,3.2735767430125406e-09,5.169583849884418e-08,2482de48d80db365a9509d90d89eae80a34468ddc892e1ef76a9b6fa936c932d,4f9c8cc138dce6ec3acb2b464f535d729c6ff6e73343e80b506103b2e9e38828,3271c9c393ea8ce94147f8608ba5bce52106e2b8c5f661288685cb868a395b50,4958822668819146274,1628280722977176001,32,False
unsb-reciprocal-bridge-kernel-deflection-v1,LowLightTrafficData,LowLightTrafficData__053,1,0.5,4,0.16021911582459336,0.1601993156413823,0.07390603018748676,0.24653220146169996,3.562955430691517e-08,6.386288720072741e-08,1.4807356119028725e-08,2.0173749559759813e-08,3.562955430691517e-08,2.6326633872919558e-08,2482de48d80db365a9509d90d89eae80a34468ddc892e1ef76a9b6fa936c932d,4f9c8cc138dce6ec3acb2b464f535d729c6ff6e73343e80b506103b2e9e38828,87e1b06007cdeae729c160f74e18c838fc6872509cd6a99ba2674494a6f90f82,7220901273210473841,865387782569029136,32,False
unsb-reciprocal-bridge-kernel-deflection-v1,LowLightTrafficData,LowLightTrafficData__053,2,0.74,4,0.7616729788229297,0.7616968502979871,0.14691228322731142,1.3764336744185481,6.334228030979716e-09,1.1874540573053594e-07,3.2205753619507504e-09,2.880331417820514e-09,4.920574836475566e-09,6.334228030979716e-09,2482de48d80db365a9509d90d89eae80a34468ddc892e1ef76a9b6fa936c932d,4f9c8cc138dce6ec3acb2b464f535d729c6ff6e73343e80b506103b2e9e38828,87e1b06007cdeae729c160f74e18c838fc6872509cd6a99ba2674494a6f90f82,3160912857173924403,5622569584346721810,32,False
unsb-reciprocal-bridge-kernel-deflection-v1,LowLightTrafficData,LowLightTrafficData__053,3,0.8600000000000001,4,0.98816321292461,0.9881964925042026,0.2501079317923438,1.726218494056876,6.521782179857993e-07,1.4600010501686356e-06,6.521782179857993e-07,2.361367101855194e-09,1.7128582241454637e-07,1.1211935380117666e-08,2482de48d80db365a9509d90d89eae80a34468ddc892e1ef76a9b6fa936c932d,4f9c8cc138dce6ec3acb2b464f535d729c6ff6e73343e80b506103b2e9e38828,87e1b06007cdeae729c160f74e18c838fc6872509cd6a99ba2674494a6f90f82,5242241304906697260,5603587322241374928,32,False
unsb-reciprocal-bridge-kernel-deflection-v1,LowLightTrafficData,LowLightTrafficData__292,1,0.5,5,0.200816883112232,0.20081758347822332,0.0842287084604777,0.3174050577639863,8.939463991275431e-08,5.8463968111155395e-08,3.5099237516433845e-08,1.3309816582207645e-09,8.939463991275431e-08,2.140745802847732e-09,2482de48d80db365a9509d90d89eae80a34468ddc892e1ef76a9b6fa936c932d,b5443a6d2447a642dccceeb05a984ac37bbd0473fb381212d892be0ae7479d90,3a1d1cf398e4487ed0c06bfcb5fa0ee7bdbc3a5b8f5b98f61f5b02cb8543ee4a,1969898256015074757,8699498283269127194,32,False
unsb-reciprocal-bridge-kernel-deflection-v1,LowLightTrafficData,LowLightTrafficData__292,2,0.74,5,0.7148810944785579,0.7148847941491919,0.1511437705957679,1.2786184183613478,3.3240574515147614e-08,1.6136353997442399e-07,4.1875910516964154e-09,9.96507221184828e-09,5.565958138831206e-09,3.3240574515147614e-08,2482de48d80db365a9509d90d89eae80a34468ddc892e1ef76a9b6fa936c932d,b5443a6d2447a642dccceeb05a984ac37bbd0473fb381212d892be0ae7479d90,3a1d1cf398e4487ed0c06bfcb5fa0ee7bdbc3a5b8f5b98f61f5b02cb8543ee4a,4774459018658423525,4211594121749700206,32,False
unsb-reciprocal-bridge-kernel-deflection-v1,LowLightTrafficData,LowLightTrafficData__292,3,0.8600000000000001,5,0.9261606239160574,0.9261677277006066,0.23468309996446335,1.6176381478676514,9.742705375792582e-08,4.1770174619149003e-07,2.2221320672421996e-08,1.2654919112620178e-08,6.111956496468451e-09,9.742705375792582e-08,2482de48d80db365a9509d90d89eae80a34468ddc892e1ef76a9b6fa936c932d,b5443a6d2447a642dccceeb05a984ac37bbd0473fb381212d892be0ae7479d90,3a1d1cf398e4487ed0c06bfcb5fa0ee7bdbc3a5b8f5b98f61f5b02cb8543ee4a,5949182440668931142,7454895150848081565,32,False
unsb-reciprocal-bridge-kernel-deflection-v1,LowLightTrafficData,LowLightTrafficData__710,1,0.5,5,0.11359151422833402,0.1135831746921031,0.05585266308491765,0.1713303653717504,2.0403973510774165e-08,9.626879626800644e-08,8.973990661687026e-09,2.642279062214925e-09,2.0403973510774165e-08,3.5992191449452093e-09,2482de48d80db365a9509d90d89eae80a34468ddc892e1ef76a9b6fa936c932d,b5443a6d2447a642dccceeb05a984ac37bbd0473fb381212d892be0ae7479d90,e2f784909e16706525cf025afad1680af689056f9a407125b8861e667f00485d,16895986491911908,4992320877404280280,32,False
unsb-reciprocal-bridge-kernel-deflection-v1,LowLightTrafficData,LowLightTrafficData__710,2,0.74,5,0.5744722948992627,0.5744261845324476,0.11138511720522126,1.037559472593304,3.791428963006993e-07,3.551531146950282e-08,1.9047372179503697e-07,4.4982123470482804e-08,3.791428963006993e-07,1.1448730363738946e-07,2482de48d80db365a9509d90d89eae80a34468ddc892e1ef76a9b6fa936c932d,b5443a6d2447a642dccceeb05a984ac37bbd0473fb381212d892be0ae7479d90,e2f784909e16706525cf025afad1680af689056f9a407125b8861e667f00485d,626357537093855623,1082271824002955214,32,False
unsb-reciprocal-bridge-kernel-deflection-v1,LowLightTrafficData,LowLightTrafficData__710,3,0.8600000000000001,5,0.8672516150181131,0.8671956489290122,0.18531188137814203,1.5491913486580842,9.872099249186306e-09,9.267945721980198e-08,2.503807605691577e-09,1.968415652697786e-09,9.90451276550175e-10,9.872099249186306e-09,2482de48d80db365a9509d90d89eae80a34468ddc892e1ef76a9b6fa936c932d,b5443a6d2447a642dccceeb05a984ac37bbd0473fb381212d892be0ae7479d90,e2f784909e16706525cf025afad1680af689056f9a407125b8861e667f00485d,9131695238777377096,2142852627857812385,32,False
unsb-reciprocal-bridge-kernel-deflection-v1,LowLightTrafficData,LowLightTrafficData__199,1,0.5,5,0.2024142028201052,0.2024050454410064,0.08280878491550026,0.32201962072471013,6.780280159546237e-08,2.0842557590938782e-07,2.919411423718543e-08,1.8845058846750362e-10,6.780280159546237e-08,3.440756568551251e-10,2482de48d80db365a9509d90d89eae80a34468ddc892e1ef76a9b6fa936c932d,b5443a6d2447a642dccceeb05a984ac37bbd0473fb381212d892be0ae7479d90,0d9fd4c8709b93dae99cf5c5709a6a7cc5121592f387ac722fdad03190e91bb9,1079648097964007135,5445894023204246209,32,False
unsb-reciprocal-bridge-kernel-deflection-v1,LowLightTrafficData,LowLightTrafficData__199,2,0.74,5,0.6957101888177843,0.6957171932249342,0.14486210890674456,1.2465582687288241,3.1750767570670746e-08,9.391784550061288e-08,1.1002035948948219e-09,8.007355334349597e-09,1.26366517250176e-09,3.1750767570670746e-08,2482de48d80db365a9509d90d89eae80a34468ddc892e1ef76a9b6fa936c932d,b5443a6d2447a642dccceeb05a984ac37bbd0473fb381212d892be0ae7479d90,0d9fd4c8709b93dae99cf5c5709a6a7cc5121592f387ac722fdad03190e91bb9,5418024561844912349,1244524372480558092,32,False
unsb-reciprocal-bridge-kernel-deflection-v1,LowLightTrafficData,LowLightTrafficData__199,3,0.8600000000000001,5,0.9027216417013383,0.9027106975266109,0.22469615611236082,1.5807471272903157,9.310426762887403e-08,3.473669054621098e-07,9.310426762887403e-08,6.22691576079859e-09,2.2450874159751777e-08,5.862585394922348e-08,2482de48d80db365a9509d90d89eae80a34468ddc892e1ef76a9b6fa936c932d,b5443a6d2447a642dccceeb05a984ac37bbd0473fb381212d892be0ae7479d90,0d9fd4c8709b93dae99cf5c5709a6a7cc5121592f387ac722fdad03190e91bb9,1758476084089223377,5820423833839804330,32,False
unsb-reciprocal-bridge-kernel-deflection-v1,LowLightTrafficData,LowLightTrafficData__730,1,0.5,5,0.19955054098204272,0.19955165160293342,0.08375542421360249,0.31534565775048295,1.1715914460808108e-07,2.5086640809135474e-07,4.8521056950079355e-08,2.6265779107248477e-08,1.1715914460808108e-07,4.788015117718203e-08,2482de48d80db365a9509d90d89eae80a34468ddc892e1ef76a9b6fa936c932d,b5443a6d2447a642dccceeb05a984ac37bbd0473fb381212d892be0ae7479d90,eb5b042ab487d165d174bd21d45902fa2b70373d305d633ed84015e3149e989e,7482508840074480500,6392005255628458481,32,False
unsb-reciprocal-bridge-kernel-deflection-v1,LowLightTrafficData,LowLightTrafficData__730,2,0.74,5,0.7087807458257915,0.7087901891459389,0.149912529155524,1.2676489624960592,7.544653746194285e-08,2.912077456951323e-08,1.4146939175674333e-10,1.940204896744291e-08,1.800817273078792e-10,7.544653746194285e-08,2482de48d80db365a9509d90d89eae80a34468ddc892e1ef76a9b6fa936c932d,b5443a6d2447a642dccceeb05a984ac37bbd0473fb381212d892be0ae7479d90,eb5b042ab487d165d174bd21d45902fa2b70373d305d633ed84015e3149e989e,2029976514594272078,8692655659180698780,32,False
unsb-reciprocal-bridge-kernel-deflection-v1,LowLightTrafficData,LowLightTrafficData__730,3,0.8600000000000001,5,0.9213372886939982,0.9213360450685,0.23432832038182672,1.6083462570061697,2.9156349135028847e-07,3.533042176595558e-07,2.9156349135028847e-07,2.396520759617715e-10,7.726938622276691e-08,2.209200600233885e-09,2482de48d80db365a9509d90d89eae80a34468ddc892e1ef76a9b6fa936c932d,b5443a6d2447a642dccceeb05a984ac37bbd0473fb381212d892be0ae7479d90,eb5b042ab487d165d174bd21d45902fa2b70373d305d633ed84015e3149e989e,4816985686559837174,2489873364156989122,32,False
unsb-reciprocal-bridge-kernel-deflection-v1,LowLightTrafficData,LowLightTrafficData__010,1,0.5,5,0.179606551572846,0.1796048287597834,0.0786326636853596,0.2805804394603324,7.688891057178182e-08,2.2609308869547817e-09,2.4137716270189458e-09,4.415611010166742e-08,4.291547672785612e-09,7.688891057178182e-08,2482de48d80db365a9509d90d89eae80a34468ddc892e1ef76a9b6fa936c932d,b5443a6d2447a642dccceeb05a984ac37bbd0473fb381212d892be0ae7479d90,52597537d7abe355da789b0e8afd874ff6cfb29f74933148fb2e5e932ad866c3,5237980517855290109,227465772332445732,32,False
unsb-reciprocal-bridge-kernel-deflection-v1,LowLightTrafficData,LowLightTrafficData__010,2,0.74,5,0.6852131447479604,0.685216250741294,0.14460054020953061,1.2258257492863902,5.389673374267545e-09,2.0412724333063181e-07,2.664972909016683e-09,1.4248979773867632e-09,2.7335229635383484e-09,5.389673374267545e-09,2482de48d80db365a9509d90d89eae80a34468ddc892e1ef76a9b6fa936c932d,b5443a6d2447a642dccceeb05a984ac37bbd0473fb381212d892be0ae7479d90,52597537d7abe355da789b0e8afd874ff6cfb29f74933148fb2e5e932ad866c3,3667140780809971234,273207222852073222,32,False
unsb-reciprocal-bridge-kernel-deflection-v1,LowLightTrafficData,LowLightTrafficData__010,3,0.8600000000000001,5,0.9130235712832375,0.9130742949913928,0.2340243349118154,1.5920228076546596,5.499791368990259e-07,4.6000532161194485e-07,5.499791368990259e-07,1.944046323920645e-08,1.2211361000158405e-07,1.7407021746240758e-07,2482de48d80db365a9509d90d89eae80a34468ddc892e1ef76a9b6fa936c932d,b5443a6d2447a642dccceeb05a984ac37bbd0473fb381212d892be0ae7479d90,52597537d7abe355da789b0e8afd874ff6cfb29f74933148fb2e5e932ad866c3,5777475005453387556,6021393778738341003,32,False
unsb-reciprocal-bridge-kernel-deflection-v1,LowLightTrafficData,LowLightTrafficData__238,1,0.5,5,0.09050979427084621,0.09051118944290382,0.051698754811095204,0.12932083373059722,5.187556451069497e-08,1.0957406648692825e-07,1.4490763478036683e-08,3.807392801036258e-08,2.7223397758291412e-08,5.187556451069497e-08,2482de48d80db365a9509d90d89eae80a34468ddc892e1ef76a9b6fa936c932d,b5443a6d2447a642dccceeb05a984ac37bbd0473fb381212d892be0ae7479d90,17b53e1c0d563fc96f738e2d0a419e70cf3574252b49debc637134c85fc28406,5856108453136631376,1746739613722046192,32,False
unsb-reciprocal-bridge-kernel-deflection-v1,LowLightTrafficData,LowLightTrafficData__238,2,0.74,5,0.47891928149002727,0.4789265240101709,0.11177289971297677,0.8460656632670778,3.455451044187541e-07,7.163535349352657e-07,1.526127166862068e-07,4.3519787218393446e-08,3.455451044187541e-07,1.183980475882862e-07,2482de48d80db365a9509d90d89eae80a34468ddc892e1ef76a9b6fa936c932d,b5443a6d2447a642dccceeb05a984ac37bbd0473fb381212d892be0ae7479d90,17b53e1c0d563fc96f738e2d0a419e70cf3574252b49debc637134c85fc28406,8053633920889771509,2436407831571083100,32,False
unsb-reciprocal-bridge-kernel-deflection-v1,LowLightTrafficData,LowLightTrafficData__238,3,0.8600000000000001,5,0.8370802069645593,0.8371342040789711,0.19921784392516484,1.4749425700039538,1.674885785618585e-09,2.2354336570717948e-07,3.878684040614644e-10,2.450109004570322e-10,2.5833046812806515e-10,1.674885785618585e-09,2482de48d80db365a9509d90d89eae80a34468ddc892e1ef76a9b6fa936c932d,b5443a6d2447a642dccceeb05a984ac37bbd0473fb381212d892be0ae7479d90,17b53e1c0d563fc96f738e2d0a419e70cf3574252b49debc637134c85fc28406,137486398404658573,7918143684928624700,32,False
unsb-reciprocal-bridge-kernel-deflection-v1,LowLightTrafficData,LowLightTrafficData__226,1,0.5,5,0.1314969509627933,0.13148798522488725,0.059719577057619766,0.20327432486796682,3.3551910694207265e-08,1.480422245903057e-07,1.1833963808882686e-09,2.3984228714191147e-08,3.393692660225156e-09,3.3551910694207265e-08,2482de48d80db365a9509d90d89eae80a34468ddc892e1ef76a9b6fa936c932d,b5443a6d2447a642dccceeb05a984ac37bbd0473fb381212d892be0ae7479d90,d506aac6585f2064ad7f4180c44e01575b48c46517744435ff9a4afceb203d0a,2554421231982851696,5485596344125645323,32,False
unsb-reciprocal-bridge-kernel-deflection-v1,LowLightTrafficData,LowLightTrafficData__226,2,0.74,5,0.6121156763355833,0.6121250514850021,0.1110161433156579,1.1132152093555086,1.71391512093777e-08,1.5104233996865446e-07,5.6440816464942145e-09,5.111147949321548e-09,1.3213520055899153e-08,1.71391512093777e-08,2482de48d80db365a9509d90d89eae80a34468ddc892e1ef76a9b6fa936c932d,b5443a6d2447a642dccceeb05a984ac37bbd0473fb381212d892be0ae7479d90,d506aac6585f2064ad7f4180c44e01575b48c46517744435ff9a4afceb203d0a,6088401478345770248,1248799780810876957,32,False
unsb-reciprocal-bridge-kernel-deflection-v1,LowLightTrafficData,LowLightTrafficData__226,3,0.8600000000000001,5,0.8770339702405336,0.877027402597026,0.18398824475928233,1.5700796957217849,8.634285797448626e-08,5.091161812131872e-07,7.743430807671814e-08,1.1047625703142216e-08,3.7703774879993546e-08,8.634285797448626e-08,2482de48d80db365a9509d90d89eae80a34468ddc892e1ef76a9b6fa936c932d,b5443a6d2447a642dccceeb05a984ac37bbd0473fb381212d892be0ae7479d90,d506aac6585f2064ad7f4180c44e01575b48c46517744435ff9a4afceb203d0a,6142971159780006642,3183695261401885163,32,False
unsb-reciprocal-bridge-kernel-deflection-v1,LowLightTrafficData,LowLightTrafficData__426,1,0.5,5,0.14138630560740345,0.1414030657154991,0.06403150834264992,0.21874110287215698,2.749105598720547e-08,1.5031609290616643e-08,1.008104910660279e-08,1.6969794014443096e-08,2.589404823893915e-08,2.749105598720547e-08,2482de48d80db365a9509d90d89eae80a34468ddc892e1ef76a9b6fa936c932d,b5443a6d2447a642dccceeb05a984ac37bbd0473fb381212d892be0ae7479d90,a68f94ee7c51d76df171e9d51e3a2e7eebd6671ff9a364623db0df08bdd0cdc2,5466080150618351410,579113742268111841,32,False
unsb-reciprocal-bridge-kernel-deflection-v1,LowLightTrafficData,LowLightTrafficData__426,2,0.74,5,0.6208655232956485,0.620863769493546,0.11921226274332963,1.1225187838479673,1.6065333252601732e-07,1.3329066539391476e-07,5.859748908321194e-09,4.894282323864019e-08,1.135382410311081e-08,1.6065333252601732e-07,2482de48d80db365a9509d90d89eae80a34468ddc892e1ef76a9b6fa936c932d,b5443a6d2447a642dccceeb05a984ac37bbd0473fb381212d892be0ae7479d90,a68f94ee7c51d76df171e9d51e3a2e7eebd6671ff9a364623db0df08bdd0cdc2,1946208540839522054,779806681800718514,32,False
unsb-reciprocal-bridge-kernel-deflection-v1,LowLightTrafficData,LowLightTrafficData__426,3,0.8600000000000001,5,0.8811484385986186,0.8811611860938777,0.19824874009179816,1.564048137105439,6.675344563777941e-07,8.334423741152008e-07,2.5398405711918315e-07,9.018937940918903e-08,1.0207784317817215e-07,6.675344563777941e-07,2482de48d80db365a9509d90d89eae80a34468ddc892e1ef76a9b6fa936c932d,b5443a6d2447a642dccceeb05a984ac37bbd0473fb381212d892be0ae7479d90,a68f94ee7c51d76df171e9d51e3a2e7eebd6671ff9a364623db0df08bdd0cdc2,2219590537578877238,5617202296957069000,32,False
unsb-reciprocal-bridge-kernel-deflection-v1,LowLightTrafficData,LowLightTrafficData__057,1,0.5,5,0.1647897117621992,0.16478553937549406,0.06921439603791446,0.26036502748648394,3.564759321061928e-08,8.148109731376252e-08,1.4322725672144543e-08,1.5900173844229926e-08,3.564759321061928e-08,2.5511430301605742e-08,2482de48d80db365a9509d90d89eae80a34468ddc892e1ef76a9b6fa936c932d,b5443a6d2447a642dccceeb05a984ac37bbd0473fb381212d892be0ae7479d90,8bf0b11c056830f473f2ee27c2e6a7a7141f9306e6dfbb21a18f120b08cc23cf,1365398854483437368,6862427938171824170,32,False
unsb-reciprocal-bridge-kernel-deflection-v1,LowLightTrafficData,LowLightTrafficData__057,2,0.74,5,0.6494180623183182,0.649445858935312,0.1252988499753276,1.1735372746613089,1.2510847002822345e-07,6.689758891287312e-07,4.981315138152809e-09,3.728213560094673e-08,8.407333718096766e-09,1.2510847002822345e-07,2482de48d80db365a9509d90d89eae80a34468ddc892e1ef76a9b6fa936c932d,b5443a6d2447a642dccceeb05a984ac37bbd0473fb381212d892be0ae7479d90,8bf0b11c056830f473f2ee27c2e6a7a7141f9306e6dfbb21a18f120b08cc23cf,855827648883155269,949907344421511128,32,False
unsb-reciprocal-bridge-kernel-deflection-v1,LowLightTrafficData,LowLightTrafficData__057,3,0.8600000000000001,5,0.8855006797408473,0.8854478790737824,0.1960942592893381,1.5749071001923565,9.464593242469732e-08,1.577113387996043e-06,9.464593242469732e-08,6.566151844467072e-09,3.3868195803421486e-08,5.313635287329532e-08,2482de48d80db365a9509d90d89eae80a34468ddc892e1ef76a9b6fa936c932d,b5443a6d2447a642dccceeb05a984ac37bbd0473fb381212d892be0ae7479d90,8bf0b11c056830f473f2ee27c2e6a7a7141f9306e6dfbb21a18f120b08cc23cf,5458288230797204153,4812546913960043790,32,False
unsb-reciprocal-bridge-kernel-deflection-v1,LowLightTrafficData,LowLightTrafficData__725,1,0.5,5,0.13171778271191065,0.13171899327462727,0.057532971803888944,0.20590259361993235,2.2720642811613345e-08,1.053813525331293e-07,8.910390869587559e-09,4.1620462631897226e-10,2.2720642811613345e-08,7.869634943702408e-10,2482de48d80db365a9509d90d89eae80a34468ddc892e1ef76a9b6fa936c932d,b5443a6d2447a642dccceeb05a984ac37bbd0473fb381212d892be0ae7479d90,cf00956fea263f4f28ebfcf16bfa43fcecbd1c8ab4a27019c89fafe6bf37734f,2193843896395955460,7151079935915539618,32,False
unsb-reciprocal-bridge-kernel-deflection-v1,LowLightTrafficData,LowLightTrafficData__725,2,0.74,5,0.6237031881911308,0.6236910593143646,0.11114545589696434,1.1362609204852971,3.380985780232493e-08,1.9493769132239436e-07,1.6213410836130038e-08,1.094039414617498e-09,3.380985780232493e-08,4.0967975678540824e-09,2482de48d80db365a9509d90d89eae80a34468ddc892e1ef76a9b6fa936c932d,b5443a6d2447a642dccceeb05a984ac37bbd0473fb381212d892be0ae7479d90,cf00956fea263f4f28ebfcf16bfa43fcecbd1c8ab4a27019c89fafe6bf37734f,6834393173159946512,411431628896577477,32,False
unsb-reciprocal-bridge-kernel-deflection-v1,LowLightTrafficData,LowLightTrafficData__725,3,0.8600000000000001,5,0.8974888916447971,0.8974775640401111,0.18302858830429458,1.6119491949852995,4.4397015619423996e-07,3.96685291803589e-06,2.5086230115434205e-07,5.1368319708977594e-08,1.0579555864698165e-07,4.4397015619423996e-07,2482de48d80db365a9509d90d89eae80a34468ddc892e1ef76a9b6fa936c932d,b5443a6d2447a642dccceeb05a984ac37bbd0473fb381212d892be0ae7479d90,cf00956fea263f4f28ebfcf16bfa43fcecbd1c8ab4a27019c89fafe6bf37734f,4031864545717622524,5899695335536752629,32,False
unsb-reciprocal-bridge-kernel-deflection-v1,LowLightTrafficData,LowLightTrafficData__252,1,0.5,5,0.08207171407682723,0.08206922698505048,0.04837668728976641,0.11576674086388805,5.2052211430009265e-09,1.685295347719773e-08,2.3070434451710753e-13,4.566174771625242e-09,4.671818487622659e-13,5.2052211430009265e-09,2482de48d80db365a9509d90d89eae80a34468ddc892e1ef76a9b6fa936c932d,b5443a6d2447a642dccceeb05a984ac37bbd0473fb381212d892be0ae7479d90,a94fe46893867f3129cb75066a6efaf1fec340e3c9824a689d67a0f6339dd26c,7311419731036356668,9123078044626209976,32,False
unsb-reciprocal-bridge-kernel-deflection-v1,LowLightTrafficData,LowLightTrafficData__252,2,0.74,5,0.46547921604328163,0.46546060909404974,0.11579144490909032,0.8151669871774729,4.39320320899661e-07,7.066507170527814e-07,7.388165745858544e-09,2.198089062988018e-07,1.6181367468171004e-08,4.39320320899661e-07,2482de48d80db365a9509d90d89eae80a34468ddc892e1ef76a9b6fa936c932d,b5443a6d2447a642dccceeb05a984ac37bbd0473fb381212d892be0ae7479d90,a94fe46893867f3129cb75066a6efaf1fec340e3c9824a689d67a0f6339dd26c,5208213136339940451,8875306293854222487,32,False
unsb-reciprocal-bridge-kernel-deflection-v1,LowLightTrafficData,LowLightTrafficData__252,3,0.8600000000000001,5,0.8156079720034745,0.8155836483980602,0.2267761014904497,1.4044398425164992,1.6510082923026914e-07,4.5514771951360444e-08,9.945598811178513e-08,3.957382066488435e-08,5.458550411674423e-08,1.6510082923026914e-07,2482de48d80db365a9509d90d89eae80a34468ddc892e1ef76a9b6fa936c932d,b5443a6d2447a642dccceeb05a984ac37bbd0473fb381212d892be0ae7479d90,a94fe46893867f3129cb75066a6efaf1fec340e3c9824a689d67a0f6339dd26c,7276737873365626879,1821442079743956661,32,False
unsb-reciprocal-bridge-kernel-deflection-v1,LowLightTrafficData,LowLightTrafficData__236,1,0.5,5,0.10888401649997898,0.10888162150747716,0.05136736466861325,0.1664006683313447,1.039254976520354e-07,2.814396844463829e-07,6.299585086910753e-08,1.3230611828340955e-08,1.039254976520354e-07,2.0115207277626723e-08,2482de48d80db365a9509d90d89eae80a34468ddc892e1ef76a9b6fa936c932d,b5443a6d2447a642dccceeb05a984ac37bbd0473fb381212d892be0ae7479d90,6e5c8ed1c258ac9415a6896447fc379e44696b093d58653acb7b76dee10193d4,9150838207434310431,2233466248580720116,32,False
unsb-reciprocal-bridge-kernel-deflection-v1,LowLightTrafficData,LowLightTrafficData__236,2,0.74,5,0.5493444154219995,0.5493438510451112,0.10814391533645051,0.9905449155075486,1.254615588086594e-07,2.491235486790089e-07,7.899859710835955e-08,1.7445551225847566e-08,1.254615588086594e-07,5.020684912260265e-08,2482de48d80db365a9509d90d89eae80a34468ddc892e1ef76a9b6fa936c932d,b5443a6d2447a642dccceeb05a984ac37bbd0473fb381212d892be0ae7479d90,6e5c8ed1c258ac9415a6896447fc379e44696b093d58653acb7b76dee10193d4,7155465993345422100,4037380317564150324,32,False
unsb-reciprocal-bridge-kernel-deflection-v1,LowLightTrafficData,LowLightTrafficData__236,3,0.8600000000000001,5,0.8647609830185363,0.8647621212968182,0.1900979034728868,1.5394240625641857,2.4959180433548056e-07,1.976747581178273e-07,9.8766183231902e-08,4.100469663814721e-08,3.339007803582206e-08,2.4959180433548056e-07,2482de48d80db365a9509d90d89eae80a34468ddc892e1ef76a9b6fa936c932d,b5443a6d2447a642dccceeb05a984ac37bbd0473fb381212d892be0ae7479d90,6e5c8ed1c258ac9415a6896447fc379e44696b093d58653acb7b76dee10193d4,164533876346081158,3883488188560504449,32,False
unsb-reciprocal-bridge-kernel-deflection-v1,LowLightTrafficData,LowLightTrafficData__280,1,0.5,5,0.07132914177666727,0.07133417259512975,0.041535766199030544,0.101122517354304,9.851461868493061e-10,1.2071499022603405e-07,5.134671576811911e-10,4.4490156003718084e-10,9.851461868493061e-10,6.436959854028146e-10,2482de48d80db365a9509d90d89eae80a34468ddc892e1ef76a9b6fa936c932d,b5443a6d2447a642dccceeb05a984ac37bbd0473fb381212d892be0ae7479d90,649586a8766b9150129226cd2e6894944c802d2190e5a2a805589d8d34321a90,970520630984303441,8215755882284543138,32,False
unsb-reciprocal-bridge-kernel-deflection-v1,LowLightTrafficData,LowLightTrafficData__280,2,0.74,5,0.39103012891155325,0.3910106061665246,0.09963824452461079,0.6824220132984957,3.284511371770549e-07,5.132195169954556e-07,3.782889201886519e-08,1.531003595012237e-07,7.270605228981708e-08,3.284511371770549e-07,2482de48d80db365a9509d90d89eae80a34468ddc892e1ef76a9b6fa936c932d,b5443a6d2447a642dccceeb05a984ac37bbd0473fb381212d892be0ae7479d90,649586a8766b9150129226cd2e6894944c802d2190e5a2a805589d8d34321a90,1646992707641955389,7063229136481794602,32,False
unsb-reciprocal-bridge-kernel-deflection-v1,LowLightTrafficData,LowLightTrafficData__280,3,0.8600000000000001,5,0.7577193924305533,0.757724436126381,0.20597348415870598,1.3094653007024006,5.022550868538644e-07,1.6174736328089523e-06,5.022550868538644e-07,5.781557743667065e-08,2.5543405002270703e-07,2.4841578194489955e-07,2482de48d80db365a9509d90d89eae80a34468ddc892e1ef76a9b6fa936c932d,b5443a6d2447a642dccceeb05a984ac37bbd0473fb381212d892be0ae7479d90,649586a8766b9150129226cd2e6894944c802d2190e5a2a805589d8d34321a90,380290893083595250,1049699960950637958,32,False
unsb-reciprocal-bridge-kernel-deflection-v1,LowLightTrafficData,LowLightTrafficData__284,1,0.5,5,0.12100773031738249,0.12100968236676551,0.0616037846527594,0.18041167598200558,2.1837955554993016e-08,4.5247365632050673e-08,1.2741344868061333e-08,7.621818953751358e-09,2.1837955554993016e-08,1.1697250057451924e-08,2482de48d80db365a9509d90d89eae80a34468ddc892e1ef76a9b6fa936c932d,b5443a6d2447a642dccceeb05a984ac37bbd0473fb381212d892be0ae7479d90,bc9ad293db6230486113d37d2c3cfad5658d947192c6869946394552302bd3e2,6587312979407657176,4686980785384522157,32,False
unsb-reciprocal-bridge-kernel-deflection-v1,LowLightTrafficData,LowLightTrafficData__284,2,0.74,5,0.5829486943739692,0.5829213691894743,0.12203062219256955,1.043866766555369,3.995128909917156e-07,4.312622089441831e-07,8.369576121047828e-08,1.3211999494444626e-07,1.2364585333379807e-07,3.995128909917156e-07,2482de48d80db365a9509d90d89eae80a34468ddc892e1ef76a9b6fa936c932d,b5443a6d2447a642dccceeb05a984ac37bbd0473fb381212d892be0ae7479d90,bc9ad293db6230486113d37d2c3cfad5658d947192c6869946394552302bd3e2,3429441264106960891,4221897649522663025,32,False
unsb-reciprocal-bridge-kernel-deflection-v1,LowLightTrafficData,LowLightTrafficData__284,3,0.8600000000000001,5,0.8796584327252696,0.8796834844319874,0.20063255033802485,1.5586843151125143,8.712535271016009e-08,7.220320163980887e-07,8.712535271016009e-08,9.832033631695936e-09,2.59296495386252e-08,6.86669546778873e-08,2482de48d80db365a9509d90d89eae80a34468ddc892e1ef76a9b6fa936c932d,b5443a6d2447a642dccceeb05a984ac37bbd0473fb381212d892be0ae7479d90,bc9ad293db6230486113d37d2c3cfad5658d947192c6869946394552302bd3e2,3272825837376817394,6326581701397423693,32,False
unsb-reciprocal-bridge-kernel-deflection-v1,LowLightTrafficData,LowLightTrafficData__687,1,0.5,5,0.19246687533221568,0.19247543649789822,0.07401430132988296,0.3109194493345484,7.11680581133578e-08,6.361524507170202e-08,2.767895002087073e-08,2.2659045972872605e-08,7.11680581133578e-08,3.772497048082357e-08,2482de48d80db365a9509d90d89eae80a34468ddc892e1ef76a9b6fa936c932d,b5443a6d2447a642dccceeb05a984ac37bbd0473fb381212d892be0ae7479d90,3271c9c393ea8ce94147f8608ba5bce52106e2b8c5f661288685cb868a395b50,7107334900612213713,1227880519069100754,32,False
unsb-reciprocal-bridge-kernel-deflection-v1,LowLightTrafficData,LowLightTrafficData__687,2,0.74,5,0.7204729706138276,0.7204890234372563,0.13061856012566442,1.3103273811019909,6.528992368970421e-08,4.4944838184513e-08,9.522610477930016e-10,1.7367512317179035e-08,1.3608822957422717e-09,6.528992368970421e-08,2482de48d80db365a9509d90d89eae80a34468ddc892e1ef76a9b6fa936c932d,b5443a6d2447a642dccceeb05a984ac37bbd0473fb381212d892be0ae7479d90,3271c9c393ea8ce94147f8608ba5bce52106e2b8c5f661288685cb868a395b50,7853525223409392795,5993538053964321669,32,False
unsb-reciprocal-bridge-kernel-deflection-v1,LowLightTrafficData,LowLightTrafficData__687,3,0.8600000000000001,5,0.9191949518451837,0.9191990912746295,0.20365071068839713,1.6347391930019703,2.2047047709694567e-07,1.9656814892465846e-06,1.129359517015871e-08,2.2896862073018553e-08,3.3255592724046323e-09,2.2047047709694567e-07,2482de48d80db365a9509d90d89eae80a34468ddc892e1ef76a9b6fa936c932d,b5443a6d2447a642dccceeb05a984ac37bbd0473fb381212d892be0ae7479d90,3271c9c393ea8ce94147f8608ba5bce52106e2b8c5f661288685cb868a395b50,4958822668819146274,1628280722977176001,32,False
unsb-reciprocal-bridge-kernel-deflection-v1,LowLightTrafficData,LowLightTrafficData__053,1,0.5,5,0.15529645235696443,0.15529554453503086,0.07031149776249246,0.2402814069514364,2.7029528393285318e-08,9.579183890551235e-09,1.4807356119028725e-08,4.595668290363619e-11,2.7029528393285318e-08,7.108758026674877e-11,2482de48d80db365a9509d90d89eae80a34468ddc892e1ef76a9b6fa936c932d,b5443a6d2447a642dccceeb05a984ac37bbd0473fb381212d892be0ae7479d90,87e1b06007cdeae729c160f74e18c838fc6872509cd6a99ba2674494a6f90f82,7220901273210473841,865387782569029136,32,False
unsb-reciprocal-bridge-kernel-deflection-v1,LowLightTrafficData,LowLightTrafficData__053,2,0.74,5,0.6493609619680991,0.6493736110312087,0.13209590149721084,1.1666260224389873,2.0073685891297544e-07,9.546367385482313e-08,3.2205753619507504e-09,5.696286975442888e-08,3.971804329871986e-09,2.0073685891297544e-07,2482de48d80db365a9509d90d89eae80a34468ddc892e1ef76a9b6fa936c932d,b5443a6d2447a642dccceeb05a984ac37bbd0473fb381212d892be0ae7479d90,87e1b06007cdeae729c160f74e18c838fc6872509cd6a99ba2674494a6f90f82,3160912857173924403,5622569584346721810,32,False
unsb-reciprocal-bridge-kernel-deflection-v1,LowLightTrafficData,LowLightTrafficData__053,3,0.8600000000000001,5,0.8996139536783981,0.8996056414098894,0.21435535029083908,1.5848725570659572,6.521782179857993e-07,1.4600010501686356e-06,6.521782179857993e-07,3.172805351780994e-08,1.6794398205455252e-07,2.660012842214954e-07,2482de48d80db365a9509d90d89eae80a34468ddc892e1ef76a9b6fa936c932d,b5443a6d2447a642dccceeb05a984ac37bbd0473fb381212d892be0ae7479d90,87e1b06007cdeae729c160f74e18c838fc6872509cd6a99ba2674494a6f90f82,5242241304906697260,5603587322241374928,32,False
unsb-reciprocal-bridge-kernel-deflection-v1,RainCityscapes,RainCityscapes__0768,1,0.5,1,1.014970754094226,1.0149641651028565,0.9849283849115646,1.0450131232768873,3.100476656525686e-07,4.713960273239337e-07,3.100476656525686e-07,8.68373506435205e-09,8.8599787506638e-08,2.215810956940345e-08,2482de48d80db365a9509d90d89eae80a34468ddc892e1ef76a9b6fa936c932d,3df921f674705050a8e3701ddc21b41bb4fa2ce3e196e13a4eb1d8f92a7fcb1d,073cf5c1a1881ed2a454fbbf0836a4fcd75d38613101b02a46d9375d39e805de,5773543443494716135,1081030391839348649,32,False
unsb-reciprocal-bridge-kernel-deflection-v1,RainCityscapes,RainCityscapes__0768,2,0.74,1,1.068302372184365,1.068293675422029,1.026549362299132,1.110055382069598,4.1377355342042677e-07,4.5868121301140263e-08,4.1377355342042677e-07,1.2941452576242796e-08,4.307285061955213e-08,7.379934263695986e-08,2482de48d80db365a9509d90d89eae80a34468ddc892e1ef76a9b6fa936c932d,3df921f674705050a8e3701ddc21b41bb4fa2ce3e196e13a4eb1d8f92a7fcb1d,073cf5c1a1881ed2a454fbbf0836a4fcd75d38613101b02a46d9375d39e805de,2484449394582548313,5887200515223386596,32,False
unsb-reciprocal-bridge-kernel-deflection-v1,RainCityscapes,RainCityscapes__0768,3,0.8600000000000001,1,1.057498720496246,1.057465093767491,1.0048891477000754,1.1101082932924167,3.3749766248369895e-07,2.1776708225562658e-07,3.3749766248369895e-07,2.4871482651178667e-09,1.7102304350480324e-08,2.8354203762681607e-08,2482de48d80db365a9509d90d89eae80a34468ddc892e1ef76a9b6fa936c932d,3df921f674705050a8e3701ddc21b41bb4fa2ce3e196e13a4eb1d8f92a7fcb1d,073cf5c1a1881ed2a454fbbf0836a4fcd75d38613101b02a46d9375d39e805de,1921991499034837013,1688520211561802155,32,False
unsb-reciprocal-bridge-kernel-deflection-v1,RainCityscapes,RainCityscapes__0235,1,0.5,1,0.5676554618222953,0.56765711324457,0.7837068950675885,0.3516040285770021,9.005614809431961e-08,2.7570900162920964e-07,9.005614809431961e-08,3.5355789962387973e-08,3.377456625486275e-08,5.574329764446162e-08,2482de48d80db365a9509d90d89eae80a34468ddc892e1ef76a9b6fa936c932d,3df921f674705050a8e3701ddc21b41bb4fa2ce3e196e13a4eb1d8f92a7fcb1d,f1084a8ee0b2be12a39e1cba268138fdbc410777223e366e121469ee8187ac0d,2280318873256607745,3829442721326788485,32,False
unsb-reciprocal-bridge-kernel-deflection-v1,RainCityscapes,RainCityscapes__0235,2,0.74,1,0.7807942067110402,0.7807697427408902,1.0722570753524783,0.48933133806960205,1.6002957115013317e-07,3.0398378791929304e-07,4.814438070432914e-08,4.2587878334998663e-08,7.727735340523623e-09,1.6002957115013317e-07,2482de48d80db365a9509d90d89eae80a34468ddc892e1ef76a9b6fa936c932d,3df921f674705050a8e3701ddc21b41bb4fa2ce3e196e13a4eb1d8f92a7fcb1d,f1084a8ee0b2be12a39e1cba268138fdbc410777223e366e121469ee8187ac0d,2585916452760913118,7878980430985850763,32,False
unsb-reciprocal-bridge-kernel-deflection-v1,RainCityscapes,RainCityscapes__0235,3,0.8600000000000001,1,0.8719262933784018,0.8718705771757205,1.1196815863579936,0.6241710003988098,1.0450985203913632e-06,1.7777098748616993e-07,1.0450985203913632e-06,1.1028932878076603e-08,8.374234261587787e-08,8.570257814533022e-08,2482de48d80db365a9509d90d89eae80a34468ddc892e1ef76a9b6fa936c932d,3df921f674705050a8e3701ddc21b41bb4fa2ce3e196e13a4eb1d8f92a7fcb1d,f1084a8ee0b2be12a39e1cba268138fdbc410777223e366e121469ee8187ac0d,3557938806870812292,1100931041218108404,32,False
unsb-reciprocal-bridge-kernel-deflection-v1,RainCityscapes,RainCityscapes__1114,1,0.5,1,0.897553985217825,0.897544012827032,0.7799427018347409,1.0151652686009092,5.493993693317378e-08,3.978384732761242e-09,7.193308171338231e-10,2.5767042388658012e-08,2.9556068703584515e-10,5.493993693317378e-08,2482de48d80db365a9509d90d89eae80a34468ddc892e1ef76a9b6fa936c932d,3df921f674705050a8e3701ddc21b41bb4fa2ce3e196e13a4eb1d8f92a7fcb1d,effd6624c19e933ce854acec606c9b3123490e9a63ebfc8a1050ddbba79a7368,9038453598841201387,4092928047623636159,32,False
unsb-reciprocal-bridge-kernel-deflection-v1,RainCityscapes,RainCityscapes__1114,2,0.74,1,1.0199757163061722,1.0200048829955919,0.8980883075759447,1.1418631250363998,8.99291210387787e-08,7.847770721047809e-07,8.99291210387787e-08,3.7385019524549534e-09,1.3407849164259744e-08,1.706088470498912e-08,2482de48d80db365a9509d90d89eae80a34468ddc892e1ef76a9b6fa936c932d,3df921f674705050a8e3701ddc21b41bb4fa2ce3e196e13a4eb1d8f92a7fcb1d,effd6624c19e933ce854acec606c9b3123490e9a63ebfc8a1050ddbba79a7368,1228066964474370455,179933785234547396,32,False
unsb-reciprocal-bridge-kernel-deflection-v1,RainCityscapes,RainCityscapes__1114,3,0.8600000000000001,1,1.0619720023711559,1.0619860238260328,0.960451432988115,1.1634925717541966,1.4387468874055287e-06,5.72520745811822e-07,1.4387468874055287e-06,1.3582934776934508e-10,9.609655937659056e-08,1.2276331062821555e-09,2482de48d80db365a9509d90d89eae80a34468ddc892e1ef76a9b6fa936c932d,3df921f674705050a8e3701ddc21b41bb4fa2ce3e196e13a4eb1d8f92a7fcb1d,effd6624c19e933ce854acec606c9b3123490e9a63ebfc8a1050ddbba79a7368,3394036885335742946,4772234979000107411,32,False
unsb-reciprocal-bridge-kernel-deflection-v1,RainCityscapes,RainCityscapes__0692,1,0.5,1,0.940267184951749,0.9402653581268201,0.8900592421267991,0.9904751277766989,1.6064556263017948e-07,1.7479132741193837e-07,1.6064556263017948e-07,6.927857887362165e-08,5.444842876567435e-08,1.3827520750631095e-07,2482de48d80db365a9509d90d89eae80a34468ddc892e1ef76a9b6fa936c932d,3df921f674705050a8e3701ddc21b41bb4fa2ce3e196e13a4eb1d8f92a7fcb1d,45d8f6bfe43d46aaa205ec47f4f99012e908f1477a68e38551b22b4a9ad81522,3667394676048796306,809371141836587752,32,False
unsb-reciprocal-bridge-kernel-deflection-v1,RainCityscapes,RainCityscapes__0692,2,0.74,1,1.0151376959717977,1.0151130380766895,0.967933491822322,1.0623419001212733,6.906488156932511e-07,3.7863672641691437e-07,6.906488156932511e-07,6.070053348850024e-10,1.0950256168484884e-07,2.2509419883576243e-09,2482de48d80db365a9509d90d89eae80a34468ddc892e1ef76a9b6fa936c932d,3df921f674705050a8e3701ddc21b41bb4fa2ce3e196e13a4eb1d8f92a7fcb1d,45d8f6bfe43d46aaa205ec47f4f99012e908f1477a68e38551b22b4a9ad81522,1868038035549843679,5253635371979453338,32,False
unsb-reciprocal-bridge-kernel-deflection-v1,RainCityscapes,RainCityscapes__0692,3,0.8600000000000001,1,1.0447955951024999,1.044808444389281,1.0157910441542064,1.0738001460507935,8.026467355204403e-07,1.3800997916701974e-06,8.026467355204403e-07,1.5615814641378734e-08,7.541192059701274e-08,9.156791369591133e-08,2482de48d80db365a9509d90d89eae80a34468ddc892e1ef76a9b6fa936c932d,3df921f674705050a8e3701ddc21b41bb4fa2ce3e196e13a4eb1d8f92a7fcb1d,45d8f6bfe43d46aaa205ec47f4f99012e908f1477a68e38551b22b4a9ad81522,2481412628960134877,9121623313878119374,32,False
unsb-reciprocal-bridge-kernel-deflection-v1,RainCityscapes,RainCityscapes__0524,1,0.5,1,0.8857042977031674,0.8857173348709253,0.8616147424588114,0.9097938529475234,1.1842253933025404e-07,2.522900888202173e-08,1.1842253933025404e-07,5.314943485323909e-09,3.482178367875122e-08,1.1561848367591665e-08,2482de48d80db365a9509d90d89eae80a34468ddc892e1ef76a9b6fa936c932d,3df921f674705050a8e3701ddc21b41bb4fa2ce3e196e13a4eb1d8f92a7fcb1d,36225eb955d339d6a7fe9edd3b36dbe41823a40f64de37aaec2f3e7efbc415c0,4623041351118466931,1357460504696188285,32,False
unsb-reciprocal-bridge-kernel-deflection-v1,RainCityscapes,RainCityscapes__0524,2,0.74,1,0.9439393693983692,0.9439406038059517,0.875358155018138,1.0125205837786004,5.9245518713169076e-08,1.5656320351276065e-08,1.8853283378916785e-09,1.290060991365749e-08,2.547357880189338e-10,5.9245518713169076e-08,2482de48d80db365a9509d90d89eae80a34468ddc892e1ef76a9b6fa936c932d,3df921f674705050a8e3701ddc21b41bb4fa2ce3e196e13a4eb1d8f92a7fcb1d,36225eb955d339d6a7fe9edd3b36dbe41823a40f64de37aaec2f3e7efbc415c0,8046223978927488404,4782461983098839396,32,False
unsb-reciprocal-bridge-kernel-deflection-v1,RainCityscapes,RainCityscapes__0524,3,0.8600000000000001,1,0.9481897516238198,0.9481871432495296,0.8615353898284895,1.0348441134191502,5.754988632311608e-07,3.8171362255479124e-06,5.754988632311608e-07,1.0645684334065209e-10,4.3120931270124174e-08,7.834796145189671e-10,2482de48d80db365a9509d90d89eae80a34468ddc892e1ef76a9b6fa936c932d,3df921f674705050a8e3701ddc21b41bb4fa2ce3e196e13a4eb1d8f92a7fcb1d,36225eb955d339d6a7fe9edd3b36dbe41823a40f64de37aaec2f3e7efbc415c0,6878902192670352478,7754881616441507785,32,False
unsb-reciprocal-bridge-kernel-deflection-v1,RainCityscapes,RainCityscapes__0882,1,0.5,1,0.8377359279685412,0.8377162986827708,0.910955036501587,0.7645168194354954,1.824444750830878e-08,1.6877254926939145e-08,4.1057273136857475e-09,9.033129910740456e-09,1.315324182904476e-09,1.824444750830878e-08,2482de48d80db365a9509d90d89eae80a34468ddc892e1ef76a9b6fa936c932d,3df921f674705050a8e3701ddc21b41bb4fa2ce3e196e13a4eb1d8f92a7fcb1d,b0813f0a638bd02b7272a9e94f8774148814de63eb54978607d66ce34f2d70f7,1733313184165356022,1868669035555367481,32,False
unsb-reciprocal-bridge-kernel-deflection-v1,RainCityscapes,RainCityscapes__0882,2,0.74,1,0.9513459980842389,0.9513456624376564,1.0141494137799758,0.8885425823885019,1.231450965644143e-06,1.0582424379013133e-06,1.231450965644143e-06,1.4100245415704649e-09,1.7263414442414415e-07,7.1076762253596826e-09,2482de48d80db365a9509d90d89eae80a34468ddc892e1ef76a9b6fa936c932d,3df921f674705050a8e3701ddc21b41bb4fa2ce3e196e13a4eb1d8f92a7fcb1d,b0813f0a638bd02b7272a9e94f8774148814de63eb54978607d66ce34f2d70f7,8661667833385948326,4074986717313412039,32,False
unsb-reciprocal-bridge-kernel-deflection-v1,RainCityscapes,RainCityscapes__0882,3,0.8600000000000001,1,0.978455588637543,0.9784563917750466,1.0006500497711874,0.9562611275038985,2.4672355269927948e-08,1.3559370182214536e-08,2.4672355269927948e-08,2.5225810329487786e-10,1.7841469412971378e-09,2.320144742995467e-09,2482de48d80db365a9509d90d89eae80a34468ddc892e1ef76a9b6fa936c932d,3df921f674705050a8e3701ddc21b41bb4fa2ce3e196e13a4eb1d8f92a7fcb1d,b0813f0a638bd02b7272a9e94f8774148814de63eb54978607d66ce34f2d70f7,1920787217125416282,172128325590295230,32,False
unsb-reciprocal-bridge-kernel-deflection-v1,RainCityscapes,RainCityscapes__1049,1,0.5,1,0.6449785877720995,0.6449709452650754,0.8293768364438734,0.4605803391003256,7.096558307662093e-08,2.585680414224356e-07,1.0404353378845599e-08,4.1086154478620074e-08,3.5537952580710908e-09,7.096558307662093e-08,2482de48d80db365a9509d90d89eae80a34468ddc892e1ef76a9b6fa936c932d,3df921f674705050a8e3701ddc21b41bb4fa2ce3e196e13a4eb1d8f92a7fcb1d,db2ae60299e0e2440c6f297f36c9e66b3e903b1690c871b5aa3b23cd1ee21481,1988630677909708987,4565490121553621509,32,False
unsb-reciprocal-bridge-kernel-deflection-v1,RainCityscapes,RainCityscapes__1049,2,0.74,1,0.8296746584054462,0.8296635343299138,1.0681912745944262,0.5911580422164661,1.0587386300997537e-07,3.217348611972426e-07,1.0587386300997537e-07,7.44629491400417e-09,1.636956026285219e-08,3.2307245656504335e-08,2482de48d80db365a9509d90d89eae80a34468ddc892e1ef76a9b6fa936c932d,3df921f674705050a8e3701ddc21b41bb4fa2ce3e196e13a4eb1d8f92a7fcb1d,db2ae60299e0e2440c6f297f36c9e66b3e903b1690c871b5aa3b23cd1ee21481,4150462541711202777,6524150338793204010,32,False
unsb-reciprocal-bridge-kernel-deflection-v1,RainCityscapes,RainCityscapes__1049,3,0.8600000000000001,1,0.9113002585674167,0.9112967110184419,1.1076911161682075,0.7149094009666259,5.712866264495631e-07,4.1262808414543883e-07,5.712866264495631e-07,1.1310372416417636e-08,4.8764101645559776e-08,1.045192206117207e-07,2482de48d80db365a9509d90d89eae80a34468ddc892e1ef76a9b6fa936c932d,3df921f674705050a8e3701ddc21b41bb4fa2ce3e196e13a4eb1d8f92a7fcb1d,db2ae60299e0e2440c6f297f36c9e66b3e903b1690c871b5aa3b23cd1ee21481,7646178164912431084,7581066306567311690,32,False
unsb-reciprocal-bridge-kernel-deflection-v1,RainCityscapes,RainCityscapes__0579,1,0.5,1,0.7975985265381068,0.7975979366124244,0.8184014904976293,0.7767955625785843,2.7394340795794392e-08,1.2955373551726268e-07,6.77936595749884e-11,1.2366368262739513e-08,2.7680635561466715e-11,2.7394340795794392e-08,2482de48d80db365a9509d90d89eae80a34468ddc892e1ef76a9b6fa936c932d,3df921f674705050a8e3701ddc21b41bb4fa2ce3e196e13a4eb1d8f92a7fcb1d,d447a6f630fa857adb1b0e132880c4afc8024b0890f49f4bdd7807b4732cd221,8721122968375792221,8506986954243972311,32,False
unsb-reciprocal-bridge-kernel-deflection-v1,RainCityscapes,RainCityscapes__0579,2,0.74,1,0.9382194475543235,0.9382193854329137,0.9576109231707519,0.9188279719378951,4.2631288466044026e-07,3.452514394375328e-07,4.2631288466044026e-07,6.5081738886973994e-09,7.280923186581134e-08,3.232644885109437e-08,2482de48d80db365a9509d90d89eae80a34468ddc892e1ef76a9b6fa936c932d,3df921f674705050a8e3701ddc21b41bb4fa2ce3e196e13a4eb1d8f92a7fcb1d,d447a6f630fa857adb1b0e132880c4afc8024b0890f49f4bdd7807b4732cd221,1469153470024957800,1017093200838932456,32,False
unsb-reciprocal-bridge-kernel-deflection-v1,RainCityscapes,RainCityscapes__0579,3,0.8600000000000001,1,0.9980052361769114,0.9979935076468174,1.0205493198159743,0.9754611525378485,4.5272224635795055e-08,4.5435461681897493e-07,2.6272315878372865e-08,4.833580202756593e-09,2.4144501953315967e-09,4.5272224635795055e-08,2482de48d80db365a9509d90d89eae80a34468ddc892e1ef76a9b6fa936c932d,3df921f674705050a8e3701ddc21b41bb4fa2ce3e196e13a4eb1d8f92a7fcb1d,d447a6f630fa857adb1b0e132880c4afc8024b0890f49f4bdd7807b4732cd221,7629030723556918971,8297349465183167400,32,False
unsb-reciprocal-bridge-kernel-deflection-v1,RainCityscapes,RainCityscapes__0019,1,0.5,1,0.79899379934889,0.7989901795232601,1.0248130322886633,0.5731745664091169,2.4494766459604023e-07,4.383958276399369e-07,2.4494766459604023e-07,5.849471573782239e-09,8.087825809077742e-08,1.1805507793560821e-08,2482de48d80db365a9509d90d89eae80a34468ddc892e1ef76a9b6fa936c932d,3df921f674705050a8e3701ddc21b41bb4fa2ce3e196e13a4eb1d8f92a7fcb1d,a882ba4c0cdfac974ddca5a25220d0fef0665a6c2117dbc664b0adf6091a50f4,761093524752291021,7357611922268448122,32,False
unsb-reciprocal-bridge-kernel-deflection-v1,RainCityscapes,RainCityscapes__0019,2,0.74,1,0.9286672683803929,0.9287327591307023,1.1858171669896,0.6715173697711858,1.2583173258917668e-07,5.386298108644993e-07,7.942857482845511e-11,2.4749423288561445e-08,1.684319350658825e-11,1.2583173258917668e-07,2482de48d80db365a9509d90d89eae80a34468ddc892e1ef76a9b6fa936c932d,3df921f674705050a8e3701ddc21b41bb4fa2ce3e196e13a4eb1d8f92a7fcb1d,a882ba4c0cdfac974ddca5a25220d0fef0665a6c2117dbc664b0adf6091a50f4,5643120136767450693,53782261409670243,32,False
unsb-reciprocal-bridge-kernel-deflection-v1,RainCityscapes,RainCityscapes__0019,3,0.8600000000000001,1,0.9706619990367529,0.9705748556450111,1.1669837035639625,0.7743402945095431,7.900568088636817e-08,8.023374675758532e-08,7.900568088636817e-08,1.024133222671253e-09,6.116114947829487e-09,1.0810095929514318e-08,2482de48d80db365a9509d90d89eae80a34468ddc892e1ef76a9b6fa936c932d,3df921f674705050a8e3701ddc21b41bb4fa2ce3e196e13a4eb1d8f92a7fcb1d,a882ba4c0cdfac974ddca5a25220d0fef0665a6c2117dbc664b0adf6091a50f4,7622302306470994555,1978745799383017909,32,False
unsb-reciprocal-bridge-kernel-deflection-v1,RainCityscapes,RainCityscapes__0108,1,0.5,1,0.8736743961723615,0.873621246190315,0.9478723734815092,0.7994764188632139,5.708480105282021e-07,1.3708010245805369e-06,5.708480105282021e-07,1.6405066194380424e-10,2.163340047101059e-07,2.726090464477693e-10,2482de48d80db365a9509d90d89eae80a34468ddc892e1ef76a9b6fa936c932d,3df921f674705050a8e3701ddc21b41bb4fa2ce3e196e13a4eb1d8f92a7fcb1d,24090ac743b41ffc0b0092e0c76379209d505f88e95b2e40b758d7105901b3c1,324990219429859752,3855355786706686558,32,False
unsb-reciprocal-bridge-kernel-deflection-v1,RainCityscapes,RainCityscapes__0108,2,0.74,1,0.9766200179227275,0.9767263130949033,1.074974280445433,0.8782657554000219,7.633556942110431e-08,4.269324116457085e-08,7.633556942110431e-08,3.3364386808898416e-09,1.3009190391599645e-08,1.1095980245734438e-08,2482de48d80db365a9509d90d89eae80a34468ddc892e1ef76a9b6fa936c932d,3df921f674705050a8e3701ddc21b41bb4fa2ce3e196e13a4eb1d8f92a7fcb1d,24090ac743b41ffc0b0092e0c76379209d505f88e95b2e40b758d7105901b3c1,5334858960273902181,6201097388345457703,32,False
unsb-reciprocal-bridge-kernel-deflection-v1,RainCityscapes,RainCityscapes__0108,3,0.8600000000000001,1,1.0247690685728759,1.0247822370008293,1.1263104497931784,0.9232276873525734,6.15446710927614e-07,7.240667964092395e-07,5.652653833898569e-08,1.0148051532432589e-07,5.201927111286864e-09,6.15446710927614e-07,2482de48d80db365a9509d90d89eae80a34468ddc892e1ef76a9b6fa936c932d,3df921f674705050a8e3701ddc21b41bb4fa2ce3e196e13a4eb1d8f92a7fcb1d,24090ac743b41ffc0b0092e0c76379209d505f88e95b2e40b758d7105901b3c1,2401078462158573711,546284821327687172,32,False
unsb-reciprocal-bridge-kernel-deflection-v1,RainCityscapes,RainCityscapes__1026,1,0.5,1,0.9722314557146776,0.9722314108849383,1.0096745012207382,0.934788410208617,5.9285986897528176e-08,6.097461491272327e-08,5.9285986897528176e-08,8.567436093898095e-09,2.115740671548849e-08,1.6986258399853682e-08,2482de48d80db365a9509d90d89eae80a34468ddc892e1ef76a9b6fa936c932d,3df921f674705050a8e3701ddc21b41bb4fa2ce3e196e13a4eb1d8f92a7fcb1d,4a39c38b3fc12da3c474c549ed41bd469ff430551d8d252cc42f7826441509a6,126957882255435301,4278708505755502221,32,False
unsb-reciprocal-bridge-kernel-deflection-v1,RainCityscapes,RainCityscapes__1026,2,0.74,1,1.0434393814235887,1.0434655924091847,1.0836685003745399,1.0032102624726376,3.103880117372171e-07,6.075808238747982e-07,3.103880117372171e-07,2.6291457899674242e-09,4.4748307281849975e-08,1.0962525887059371e-08,2482de48d80db365a9509d90d89eae80a34468ddc892e1ef76a9b6fa936c932d,3df921f674705050a8e3701ddc21b41bb4fa2ce3e196e13a4eb1d8f92a7fcb1d,4a39c38b3fc12da3c474c549ed41bd469ff430551d8d252cc42f7826441509a6,8647353196429005496,4579001045774148204,32,False
unsb-reciprocal-bridge-kernel-deflection-v1,RainCityscapes,RainCityscapes__1026,3,0.8600000000000001,1,1.042425295855284,1.042436146143081,1.0639382285254493,1.0209123631851185,1.7259103324285263e-07,3.152747569679093e-07,1.193881438155131e-09,2.229955442523135e-08,9.181611027031522e-11,1.7259103324285263e-07,2482de48d80db365a9509d90d89eae80a34468ddc892e1ef76a9b6fa936c932d,3df921f674705050a8e3701ddc21b41bb4fa2ce3e196e13a4eb1d8f92a7fcb1d,4a39c38b3fc12da3c474c549ed41bd469ff430551d8d252cc42f7826441509a6,4737929300746426827,7387638336784598172,32,False
unsb-reciprocal-bridge-kernel-deflection-v1,RainCityscapes,RainCityscapes__1019,1,0.5,1,0.8566981399261628,0.8566969337345445,0.6738198544688561,1.0395764253834696,8.64455943494491e-08,2.825276466111859e-07,5.658914337125509e-08,4.1480827883688676e-08,2.422616751651674e-08,8.64455943494491e-08,2482de48d80db365a9509d90d89eae80a34468ddc892e1ef76a9b6fa936c932d,3df921f674705050a8e3701ddc21b41bb4fa2ce3e196e13a4eb1d8f92a7fcb1d,9b7dabcf56d66010d879048c4b1bb660e642228817eb5d852e1e71e642886a12,1467750537951084846,6009136745599323882,32,False
unsb-reciprocal-bridge-kernel-deflection-v1,RainCityscapes,RainCityscapes__1019,2,0.74,1,0.9924652365963251,0.9924819035630753,0.7690915636109747,1.2158389095816755,1.5179469015080826e-07,4.926760546197784e-07,1.5179469015080826e-07,1.9483821889210162e-08,2.5906225387117843e-08,9.492818853207297e-08,2482de48d80db365a9509d90d89eae80a34468ddc892e1ef76a9b6fa936c932d,3df921f674705050a8e3701ddc21b41bb4fa2ce3e196e13a4eb1d8f92a7fcb1d,9b7dabcf56d66010d879048c4b1bb660e642228817eb5d852e1e71e642886a12,64596641990530778,6792775653825532824,32,False
unsb-reciprocal-bridge-kernel-deflection-v1,RainCityscapes,RainCityscapes__1019,3,0.8600000000000001,1,1.0328566766861154,1.0328435042726525,0.8496974153691286,1.2160159380031024,1.3595263892440812e-07,3.649890700785363e-08,1.3595263892440812e-07,2.1037724895478505e-09,1.1035172331474996e-08,1.9315649524287437e-08,2482de48d80db365a9509d90d89eae80a34468ddc892e1ef76a9b6fa936c932d,3df921f674705050a8e3701ddc21b41bb4fa2ce3e196e13a4eb1d8f92a7fcb1d,9b7dabcf56d66010d879048c4b1bb660e642228817eb5d852e1e71e642886a12,8189474249963755679,2704742643030592940,32,False
unsb-reciprocal-bridge-kernel-deflection-v1,RainCityscapes,RainCityscapes__0928,1,0.5,1,0.9759593830085921,0.9759634132742866,1.0246204592094428,0.9272983068077414,6.427982450762926e-07,1.2802072183459856e-06,6.427982450762926e-07,4.604692294130075e-09,2.2756252193723014e-07,9.95965432348811e-09,2482de48d80db365a9509d90d89eae80a34468ddc892e1ef76a9b6fa936c932d,3df921f674705050a8e3701ddc21b41bb4fa2ce3e196e13a4eb1d8f92a7fcb1d,490d13fea7d8ed91768213cea0847a4ff1b27b546d387dfb3eabd92d51898ff3,7345055900695527553,1280598227020658947,32,False
unsb-reciprocal-bridge-kernel-deflection-v1,RainCityscapes,RainCityscapes__0928,2,0.74,1,1.041781354472333,1.0417935882988911,1.0960097223147156,0.9875529866299504,4.3039862784866045e-08,1.9108405346912605e-07,3.5301742640214684e-08,1.0630958557911185e-08,5.106230327456274e-09,4.3039862784866045e-08,2482de48d80db365a9509d90d89eae80a34468ddc892e1ef76a9b6fa936c932d,3df921f674705050a8e3701ddc21b41bb4fa2ce3e196e13a4eb1d8f92a7fcb1d,490d13fea7d8ed91768213cea0847a4ff1b27b546d387dfb3eabd92d51898ff3,9014181559349888840,7388234734832258487,32,False
unsb-reciprocal-bridge-kernel-deflection-v1,RainCityscapes,RainCityscapes__0928,3,0.8600000000000001,1,1.043172925854945,1.0431938576246431,1.0790543471518341,1.0072915045580557,2.516915542649656e-08,9.037730963612489e-08,2.516915542649656e-08,6.040836719733989e-10,1.8711827642903245e-09,5.367969402314543e-09,2482de48d80db365a9509d90d89eae80a34468ddc892e1ef76a9b6fa936c932d,3df921f674705050a8e3701ddc21b41bb4fa2ce3e196e13a4eb1d8f92a7fcb1d,490d13fea7d8ed91768213cea0847a4ff1b27b546d387dfb3eabd92d51898ff3,7204911387979093103,4484495137644726471,32,False
unsb-reciprocal-bridge-kernel-deflection-v1,RainCityscapes,RainCityscapes__0025,1,0.5,1,0.636683565045649,0.6367227424806357,0.8057766951938055,0.4675904348974925,1.073849531518789e-08,1.2691413853183064e-07,1.073849531518789e-08,1.1605745253717714e-09,4.535195330390707e-09,1.747883171532294e-09,2482de48d80db365a9509d90d89eae80a34468ddc892e1ef76a9b6fa936c932d,3df921f674705050a8e3701ddc21b41bb4fa2ce3e196e13a4eb1d8f92a7fcb1d,5b29ac005536a5635560713592aba9d18eea948f0500ffcf3dfe62cb14e67f16,4299254295602421573,3114734796974150018,32,False
unsb-reciprocal-bridge-kernel-deflection-v1,RainCityscapes,RainCityscapes__0025,2,0.74,1,0.7916616192573402,0.7917318239853297,1.017031304226346,0.5662919342883346,1.2169236729420163e-08,1.035734383814102e-07,1.6042218664580332e-09,3.39042327546224e-09,2.593091297242722e-10,1.2169236729420163e-08,2482de48d80db365a9509d90d89eae80a34468ddc892e1ef76a9b6fa936c932d,3df921f674705050a8e3701ddc21b41bb4fa2ce3e196e13a4eb1d8f92a7fcb1d,5b29ac005536a5635560713592aba9d18eea948f0500ffcf3dfe62cb14e67f16,8544285376151659960,6115291478616522924,32,False
unsb-reciprocal-bridge-kernel-deflection-v1,RainCityscapes,RainCityscapes__0025,3,0.8600000000000001,1,0.8548397435807458,0.8548090009394207,1.0302040949502846,0.679475392211207,1.4251582591828793e-07,9.313533069210678e-07,1.4251582591828793e-07,4.510456563799892e-09,1.2788226588789087e-08,3.1766120733855985e-08,2482de48d80db365a9509d90d89eae80a34468ddc892e1ef76a9b6fa936c932d,3df921f674705050a8e3701ddc21b41bb4fa2ce3e196e13a4eb1d8f92a7fcb1d,5b29ac005536a5635560713592aba9d18eea948f0500ffcf3dfe62cb14e67f16,2237648417301852305,93710389520366942,32,False
unsb-reciprocal-bridge-kernel-deflection-v1,RainCityscapes,RainCityscapes__0885,1,0.5,1,0.8721469574606304,0.8721490143184589,0.708621408856606,1.035672506064655,4.201161463157632e-08,5.7852008961134516e-08,2.740415350199754e-08,1.8831449954959112e-08,1.1583799475189949e-08,4.201161463157632e-08,2482de48d80db365a9509d90d89eae80a34468ddc892e1ef76a9b6fa936c932d,3df921f674705050a8e3701ddc21b41bb4fa2ce3e196e13a4eb1d8f92a7fcb1d,c9bf4471adb245591b23b6561560809d9c778902e896e742d2a92f1030f4bcc5,1841405659840127430,5526016462296220364,32,False
unsb-reciprocal-bridge-kernel-deflection-v1,RainCityscapes,RainCityscapes__0885,2,0.74,1,1.0030501817463988,1.0030709985074822,0.7976902341782897,1.2084101293145082,1.1479675132708422e-07,3.924515112885274e-08,1.1479675132708422e-07,8.493294956224418e-11,1.8692074554849114e-08,5.513876022433806e-10,2482de48d80db365a9509d90d89eae80a34468ddc892e1ef76a9b6fa936c932d,3df921f674705050a8e3701ddc21b41bb4fa2ce3e196e13a4eb1d8f92a7fcb1d,c9bf4471adb245591b23b6561560809d9c778902e896e742d2a92f1030f4bcc5,9023140419460555122,5450472328018003881,32,False
unsb-reciprocal-bridge-kernel-deflection-v1,RainCityscapes,RainCityscapes__0885,3,0.8600000000000001,1,1.039648673899843,1.0396658474001494,0.8723269701744116,1.2069703776252743,1.17865197379885e-06,1.7197985706651764e-06,6.382629702539333e-08,1.2237974011952701e-07,4.958630506202155e-09,1.17865197379885e-06,2482de48d80db365a9509d90d89eae80a34468ddc892e1ef76a9b6fa936c932d,3df921f674705050a8e3701ddc21b41bb4fa2ce3e196e13a4eb1d8f92a7fcb1d,c9bf4471adb245591b23b6561560809d9c778902e896e742d2a92f1030f4bcc5,7964097111701436573,6930570985354354344,32,False
unsb-reciprocal-bridge-kernel-deflection-v1,RainCityscapes,RainCityscapes__0708,1,0.5,1,0.7053225090061888,0.7053199792354068,0.8776378449971923,0.5330071730151853,6.902195259783639e-08,5.829819506031342e-07,6.902195259783639e-08,1.5168352351935255e-08,2.4197382986201887e-08,2.1747675660321875e-08,2482de48d80db365a9509d90d89eae80a34468ddc892e1ef76a9b6fa936c932d,3df921f674705050a8e3701ddc21b41bb4fa2ce3e196e13a4eb1d8f92a7fcb1d,eb497dee8bbdb70738791d8bfb4eb46b81d5575a19629de24c711d2a70d4c220,3811930690332175202,6900201463720407798,32,False
unsb-reciprocal-bridge-kernel-deflection-v1,RainCityscapes,RainCityscapes__0708,2,0.74,1,0.8727254205755473,0.8727268740249624,1.07725272085617,0.6681981202949245,2.9184856131792003e-07,2.766418560895545e-07,4.083738291971173e-08,9.772627018733715e-08,6.422259390959084e-09,2.9184856131792003e-07,2482de48d80db365a9509d90d89eae80a34468ddc892e1ef76a9b6fa936c932d,3df921f674705050a8e3701ddc21b41bb4fa2ce3e196e13a4eb1d8f92a7fcb1d,eb497dee8bbdb70738791d8bfb4eb46b81d5575a19629de24c711d2a70d4c220,1216227404423664318,2856442635917759478,32,False
unsb-reciprocal-bridge-kernel-deflection-v1,RainCityscapes,RainCityscapes__0708,3,0.8600000000000001,1,0.9487744671397011,0.9487434390444425,1.1125294140215956,0.7850195202578067,4.0745824825272337e-08,1.9344193025183642e-08,1.7553680731197119e-09,6.995983792279503e-09,2.0227908237302472e-10,4.0745824825272337e-08,2482de48d80db365a9509d90d89eae80a34468ddc892e1ef76a9b6fa936c932d,3df921f674705050a8e3701ddc21b41bb4fa2ce3e196e13a4eb1d8f92a7fcb1d,eb497dee8bbdb70738791d8bfb4eb46b81d5575a19629de24c711d2a70d4c220,4730746526576256680,4591533335475258911,32,False
unsb-reciprocal-bridge-kernel-deflection-v1,RainCityscapes,RainCityscapes__0768,1,0.5,2,0.5999554289466147,0.5997877666585962,0.6682713204984292,0.5316395373948002,1.7726302439902142e-05,2.2596866711244168e-05,3.100476656525686e-07,1.1019304189119339e-05,1.5781765172473428e-07,1.7726302439902142e-05,2482de48d80db365a9509d90d89eae80a34468ddc892e1ef76a9b6fa936c932d,5d5cc29a79e2996a3cf5d23939557e788a1c9d7baad01339563c65792af5f137,073cf5c1a1881ed2a454fbbf0836a4fcd75d38613101b02a46d9375d39e805de,5773543443494716135,1081030391839348649,32,False
unsb-reciprocal-bridge-kernel-deflection-v1,RainCityscapes,RainCityscapes__0768,2,0.74,2,0.7562666028970132,0.756465667236571,0.8399373962430741,0.6725958095509523,7.831824828308243e-05,0.0006232230600246025,4.1377355342042677e-07,2.4329741957762607e-05,1.1164906033034327e-07,7.831824828308243e-05,2482de48d80db365a9509d90d89eae80a34468ddc892e1ef76a9b6fa936c932d,5d5cc29a79e2996a3cf5d23939557e788a1c9d7baad01339563c65792af5f137,073cf5c1a1881ed2a454fbbf0836a4fcd75d38613101b02a46d9375d39e805de,2484449394582548313,5887200515223386596,32,False
unsb-reciprocal-bridge-kernel-deflection-v1,RainCityscapes,RainCityscapes__0768,3,0.8600000000000001,2,0.8407167462072639,0.8409124287029175,0.9004517923945143,0.7809817000200134,5.944170142946348e-05,6.707275721606898e-05,3.3749766248369895e-07,9.901306805115695e-06,5.36515550875194e-08,5.944170142946348e-05,2482de48d80db365a9509d90d89eae80a34468ddc892e1ef76a9b6fa936c932d,5d5cc29a79e2996a3cf5d23939557e788a1c9d7baad01339563c65792af5f137,073cf5c1a1881ed2a454fbbf0836a4fcd75d38613101b02a46d9375d39e805de,1921991499034837013,1688520211561802155,32,False
unsb-reciprocal-bridge-kernel-deflection-v1,RainCityscapes,RainCityscapes__0235,1,0.5,2,0.2058497341870365,0.2058001398658163,0.2438013465856671,0.1678981217884059,3.211657988888561e-05,4.841047602877069e-05,9.005614809431961e-08,3.0403257143762907e-05,6.354153969656551e-08,3.211657988888561e-05,2482de48d80db365a9509d90d89eae80a34468ddc892e1ef76a9b6fa936c932d,5d5cc29a79e2996a3cf5d23939557e788a1c9d7baad01339563c65792af5f137,f1084a8ee0b2be12a39e1cba268138fdbc410777223e366e121469ee8187ac0d,2280318873256607745,3829442721326788485,32,False
unsb-reciprocal-bridge-kernel-deflection-v1,RainCityscapes,RainCityscapes__0235,2,0.74,2,0.4096295470823379,0.40961672786121706,0.48246753437196266,0.33679155979271314,1.4409132664816582e-07,1.471694720955874e-05,4.814438070432914e-08,7.950344926843655e-08,2.264858922629287e-08,1.4409132664816582e-07,2482de48d80db365a9509d90d89eae80a34468ddc892e1ef76a9b6fa936c932d,5d5cc29a79e2996a3cf5d23939557e788a1c9d7baad01339563c65792af5f137,f1084a8ee0b2be12a39e1cba268138fdbc410777223e366e121469ee8187ac0d,2585916452760913118,7878980430985850763,32,False
unsb-reciprocal-bridge-kernel-deflection-v1,RainCityscapes,RainCityscapes__0235,3,0.8600000000000001,2,0.5908817409456704,0.5909652564752605,0.6583132747955867,0.5234502070957542,0.00033572163453654547,0.0006726526780365116,1.0450985203913632e-06,0.00011096749468642031,3.098267997714288e-07,0.00033572163453654547,2482de48d80db365a9509d90d89eae80a34468ddc892e1ef76a9b6fa936c932d,5d5cc29a79e2996a3cf5d23939557e788a1c9d7baad01339563c65792af5f137,f1084a8ee0b2be12a39e1cba268138fdbc410777223e366e121469ee8187ac0d,3557938806870812292,1100931041218108404,32,False
unsb-reciprocal-bridge-kernel-deflection-v1,RainCityscapes,RainCityscapes__1114,1,0.5,2,0.601823053953461,0.601680067550362,0.6454020561064978,0.5582440518004241,3.1955694853369465e-05,0.00020281392993037883,7.193308171338231e-10,2.0298613690350464e-05,3.8935921153893105e-10,3.1955694853369465e-05,2482de48d80db365a9509d90d89eae80a34468ddc892e1ef76a9b6fa936c932d,5d5cc29a79e2996a3cf5d23939557e788a1c9d7baad01339563c65792af5f137,effd6624c19e933ce854acec606c9b3123490e9a63ebfc8a1050ddbba79a7368,9038453598841201387,4092928047623636159,32,False
unsb-reciprocal-bridge-kernel-deflection-v1,RainCityscapes,RainCityscapes__1114,2,0.74,2,0.7649574503054946,0.7651042313732725,0.8161040323609584,0.7138108682500306,0.00014523703110225217,0.00041334039773999187,8.99291210387787e-08,5.1962341944600254e-05,2.4983970781100595e-08,0.00014523703110225217,2482de48d80db365a9509d90d89eae80a34468ddc892e1ef76a9b6fa936c932d,5d5cc29a79e2996a3cf5d23939557e788a1c9d7baad01339563c65792af5f137,effd6624c19e933ce854acec606c9b3123490e9a63ebfc8a1050ddbba79a7368,1228066964474370455,179933785234547396,32,False
unsb-reciprocal-bridge-kernel-deflection-v1,RainCityscapes,RainCityscapes__1114,3,0.8600000000000001,2,0.8657532056851214,0.8662283580917793,0.8988428808643909,0.8326635305058518,1.4387468874055287e-06,0.00015599473619576365,1.4387468874055287e-06,1.2750776290371135e-07,2.1798782157134156e-07,6.734701700761292e-07,2482de48d80db365a9509d90d89eae80a34468ddc892e1ef76a9b6fa936c932d,5d5cc29a79e2996a3cf5d23939557e788a1c9d7baad01339563c65792af5f137,effd6624c19e933ce854acec606c9b3123490e9a63ebfc8a1050ddbba79a7368,3394036885335742946,4772234979000107411,32,False
unsb-reciprocal-bridge-kernel-deflection-v1,RainCityscapes,RainCityscapes__0692,1,0.5,2,0.6007166397919891,0.6011819230345428,0.646987796237608,0.5544454833463701,6.017013964965123e-05,3.417137214012378e-05,1.6064556263017948e-07,4.0517305380127766e-05,8.679402163647154e-08,6.017013964965123e-05,2482de48d80db365a9509d90d89eae80a34468ddc892e1ef76a9b6fa936c932d,5d5cc29a79e2996a3cf5d23939557e788a1c9d7baad01339563c65792af5f137,45d8f6bfe43d46aaa205ec47f4f99012e908f1477a68e38551b22b4a9ad81522,3667394676048796306,809371141836587752,32,False
unsb-reciprocal-bridge-kernel-deflection-v1,RainCityscapes,RainCityscapes__0692,2,0.74,2,0.7139997432289247,0.7144213061144231,0.7594641612635874,0.6685353251942621,6.847351795613577e-05,0.00029765526797165265,6.906488156932511e-07,2.713558162381613e-05,2.330042910836383e-07,6.847351795613577e-05,2482de48d80db365a9509d90d89eae80a34468ddc892e1ef76a9b6fa936c932d,5d5cc29a79e2996a3cf5d23939557e788a1c9d7baad01339563c65792af5f137,45d8f6bfe43d46aaa205ec47f4f99012e908f1477a68e38551b22b4a9ad81522,1868038035549843679,5253635371979453338,32,False
unsb-reciprocal-bridge-kernel-deflection-v1,RainCityscapes,RainCityscapes__0692,3,0.8600000000000001,2,0.8069612008821718,0.8081459676321887,0.8394629463751221,0.7744594553892215,1.8849560401434928e-06,4.815038808758665e-05,8.026467355204403e-07,4.93274513901909e-07,1.7671297625199145e-07,1.8849560401434928e-06,2482de48d80db365a9509d90d89eae80a34468ddc892e1ef76a9b6fa936c932d,5d5cc29a79e2996a3cf5d23939557e788a1c9d7baad01339563c65792af5f137,45d8f6bfe43d46aaa205ec47f4f99012e908f1477a68e38551b22b4a9ad81522,2481412628960134877,9121623313878119374,32,False
unsb-reciprocal-bridge-kernel-deflection-v1,RainCityscapes,RainCityscapes__0524,1,0.5,2,0.5811553126590824,0.5821037027782718,0.6501445929541707,0.512166032363994,0.0001505866981227344,0.000563232864448926,1.1842253933025404e-07,9.633501420736046e-05,5.878332498543415e-08,0.0001505866981227344,2482de48d80db365a9509d90d89eae80a34468ddc892e1ef76a9b6fa936c932d,5d5cc29a79e2996a3cf5d23939557e788a1c9d7baad01339563c65792af5f137,36225eb955d339d6a7fe9edd3b36dbe41823a40f64de37aaec2f3e7efbc415c0,4623041351118466931,1357460504696188285,32,False
unsb-reciprocal-bridge-kernel-deflection-v1,RainCityscapes,RainCityscapes__0524,2,0.74,2,0.6968448386875459,0.6959940670898209,0.7591706749434448,0.6345190024316469,3.6183119540567077e-06,1.9814706822329775e-05,1.8853283378916785e-09,1.3247957745265992e-06,5.525363500069602e-10,3.6183119540567077e-06,2482de48d80db365a9509d90d89eae80a34468ddc892e1ef76a9b6fa936c932d,5d5cc29a79e2996a3cf5d23939557e788a1c9d7baad01339563c65792af5f137,36225eb955d339d6a7fe9edd3b36dbe41823a40f64de37aaec2f3e7efbc415c0,8046223978927488404,4782461983098839396,32,False
unsb-reciprocal-bridge-kernel-deflection-v1,RainCityscapes,RainCityscapes__0524,3,0.8600000000000001,2,0.7789058494741627,0.7789979911377147,0.8087818523189412,0.7490298466293842,0.00022050723202560185,0.00020986307644266233,5.754988632311608e-07,4.326390606312902e-05,1.1363864926838829e-07,0.00022050723202560185,2482de48d80db365a9509d90d89eae80a34468ddc892e1ef76a9b6fa936c932d,5d5cc29a79e2996a3cf5d23939557e788a1c9d7baad01339563c65792af5f137,36225eb955d339d6a7fe9edd3b36dbe41823a40f64de37aaec2f3e7efbc415c0,6878902192670352478,7754881616441507785,32,False
unsb-reciprocal-bridge-kernel-deflection-v1,RainCityscapes,RainCityscapes__0882,1,0.5,2,0.4221516088350086,0.4219505384819027,0.4805198715108613,0.36378334615915586,6.641232541393371e-05,7.2967909486854055e-06,4.1057273136857475e-09,6.162539855836258e-05,2.2849393488399983e-09,6.641232541393371e-05,2482de48d80db365a9509d90d89eae80a34468ddc892e1ef76a9b6fa936c932d,5d5cc29a79e2996a3cf5d23939557e788a1c9d7baad01339563c65792af5f137,b0813f0a638bd02b7272a9e94f8774148814de63eb54978607d66ce34f2d70f7,1733313184165356022,1868669035555367481,32,False
unsb-reciprocal-bridge-kernel-deflection-v1,RainCityscapes,RainCityscapes__0882,2,0.74,2,0.6096827175249856,0.6100517765903076,0.6885178678742314,0.5308475671757398,4.84146914246919e-05,6.133747863745764e-05,1.231450965644143e-06,2.598718194413152e-05,3.815018204678111e-07,4.84146914246919e-05,2482de48d80db365a9509d90d89eae80a34468ddc892e1ef76a9b6fa936c932d,5d5cc29a79e2996a3cf5d23939557e788a1c9d7baad01339563c65792af5f137,b0813f0a638bd02b7272a9e94f8774148814de63eb54978607d66ce34f2d70f7,8661667833385948326,4074986717313412039,32,False
unsb-reciprocal-bridge-kernel-deflection-v1,RainCityscapes,RainCityscapes__0882,3,0.8600000000000001,2,0.7386270898353502,0.7378561436174927,0.7838629327350052,0.6933912469356951,4.437897189735196e-07,0.0003356004617307562,2.4672355269927948e-08,1.304316890049506e-07,4.713359369468151e-09,4.437897189735196e-07,2482de48d80db365a9509d90d89eae80a34468ddc892e1ef76a9b6fa936c932d,5d5cc29a79e2996a3cf5d23939557e788a1c9d7baad01339563c65792af5f137,b0813f0a638bd02b7272a9e94f8774148814de63eb54978607d66ce34f2d70f7,1920787217125416282,172128325590295230,32,False
unsb-reciprocal-bridge-kernel-deflection-v1,RainCityscapes,RainCityscapes__1049,1,0.5,2,0.26358228123765043,0.2635711664382129,0.30577011636927276,0.2213944461060281,1.6954410579916868e-06,1.5422500061479383e-06,1.0404353378845599e-08,1.4939188233142886e-06,6.413692132944959e-09,1.6954410579916868e-06,2482de48d80db365a9509d90d89eae80a34468ddc892e1ef76a9b6fa936c932d,5d5cc29a79e2996a3cf5d23939557e788a1c9d7baad01339563c65792af5f137,db2ae60299e0e2440c6f297f36c9e66b3e903b1690c871b5aa3b23cd1ee21481,1988630677909708987,4565490121553621509,32,False
unsb-reciprocal-bridge-kernel-deflection-v1,RainCityscapes,RainCityscapes__1049,2,0.74,2,0.48296240308734817,0.48283226430266996,0.5635102590193577,0.40241454715533864,6.228931453522435e-06,8.395164154029189e-05,1.0587386300997537e-07,3.1459869636041304e-06,3.899114331407105e-08,6.228931453522435e-06,2482de48d80db365a9509d90d89eae80a34468ddc892e1ef76a9b6fa936c932d,5d5cc29a79e2996a3cf5d23939557e788a1c9d7baad01339563c65792af5f137,db2ae60299e0e2440c6f297f36c9e66b3e903b1690c871b5aa3b23cd1ee21481,4150462541711202777,6524150338793204010,32,False
unsb-reciprocal-bridge-kernel-deflection-v1,RainCityscapes,RainCityscapes__1049,3,0.8600000000000001,2,0.6631717935874599,0.6625666215002904,0.7334293733539701,0.5929142138209499,2.9296861403627084e-05,4.219177731701329e-05,5.712866264495631e-07,7.75384760154374e-06,1.2792777082104578e-07,2.9296861403627084e-05,2482de48d80db365a9509d90d89eae80a34468ddc892e1ef76a9b6fa936c932d,5d5cc29a79e2996a3cf5d23939557e788a1c9d7baad01339563c65792af5f137,db2ae60299e0e2440c6f297f36c9e66b3e903b1690c871b5aa3b23cd1ee21481,7646178164912431084,7581066306567311690,32,False
unsb-reciprocal-bridge-kernel-deflection-v1,RainCityscapes,RainCityscapes__0579,1,0.5,2,0.4861449605549942,0.4858068811173973,0.5263719550515679,0.4459179660584205,1.3992874714929826e-05,7.044479388595981e-06,6.77936595749884e-11,1.027912136586373e-05,4.1713077436611457e-11,1.3992874714929826e-05,2482de48d80db365a9509d90d89eae80a34468ddc892e1ef76a9b6fa936c932d,5d5cc29a79e2996a3cf5d23939557e788a1c9d7baad01339563c65792af5f137,d447a6f630fa857adb1b0e132880c4afc8024b0890f49f4bdd7807b4732cd221,8721122968375792221,8506986954243972311,32,False
unsb-reciprocal-bridge-kernel-deflection-v1,RainCityscapes,RainCityscapes__0579,2,0.74,2,0.6833147417697003,0.6831780226331073,0.7278280621549722,0.6388014213844284,9.121551293622687e-06,3.8024994637453347e-06,4.2631288466044026e-07,3.92121556680447e-06,1.4693990157965686e-07,9.121551293622687e-06,2482de48d80db365a9509d90d89eae80a34468ddc892e1ef76a9b6fa936c932d,5d5cc29a79e2996a3cf5d23939557e788a1c9d7baad01339563c65792af5f137,d447a6f630fa857adb1b0e132880c4afc8024b0890f49f4bdd7807b4732cd221,1469153470024957800,1017093200838932456,32,False
unsb-reciprocal-bridge-kernel-deflection-v1,RainCityscapes,RainCityscapes__0579,3,0.8600000000000001,2,0.8129580179990736,0.8137268531920603,0.8356250971223635,0.7902909388757836,0.00021864938279891888,0.00010431145500422456,2.6272315878372865e-08,5.226666132451818e-05,5.5710268620501324e-09,0.00021864938279891888,2482de48d80db365a9509d90d89eae80a34468ddc892e1ef76a9b6fa936c932d,5d5cc29a79e2996a3cf5d23939557e788a1c9d7baad01339563c65792af5f137,d447a6f630fa857adb1b0e132880c4afc8024b0890f49f4bdd7807b4732cd221,7629030723556918971,8297349465183167400,32,False
unsb-reciprocal-bridge-kernel-deflection-v1,RainCityscapes,RainCityscapes__0019,1,0.5,2,0.3594914576290387,0.35947411755935277,0.41980432608423135,0.2991785891738461,3.2440507977682387e-06,3.0082906375961116e-06,2.4494766459604023e-07,2.7685193575432976e-06,1.576288732874076e-07,3.2440507977682387e-06,2482de48d80db365a9509d90d89eae80a34468ddc892e1ef76a9b6fa936c932d,5d5cc29a79e2996a3cf5d23939557e788a1c9d7baad01339563c65792af5f137,a882ba4c0cdfac974ddca5a25220d0fef0665a6c2117dbc664b0adf6091a50f4,761093524752291021,7357611922268448122,32,False
unsb-reciprocal-bridge-kernel-deflection-v1,RainCityscapes,RainCityscapes__0019,2,0.74,2,0.5815178888424879,0.5816508850494921,0.6814740944970927,0.48156168318788295,5.156326309929682e-06,0.000154829660139022,7.942857482845511e-11,2.5440145349220344e-06,5.151812310089099e-11,5.156326309929682e-06,2482de48d80db365a9509d90d89eae80a34468ddc892e1ef76a9b6fa936c932d,5d5cc29a79e2996a3cf5d23939557e788a1c9d7baad01339563c65792af5f137,a882ba4c0cdfac974ddca5a25220d0fef0665a6c2117dbc664b0adf6091a50f4,5643120136767450693,53782261409670243,32,False
unsb-reciprocal-bridge-kernel-deflection-v1,RainCityscapes,RainCityscapes__0019,3,0.8600000000000001,2,0.7348924894783135,0.7342838458136676,0.8206419126252833,0.6491430663313438,0.00011743585260637346,9.83801240683757e-06,7.900568088636817e-08,2.8583487632793947e-05,1.811928318495859e-08,0.00011743585260637346,2482de48d80db365a9509d90d89eae80a34468ddc892e1ef76a9b6fa936c932d,5d5cc29a79e2996a3cf5d23939557e788a1c9d7baad01339563c65792af5f137,a882ba4c0cdfac974ddca5a25220d0fef0665a6c2117dbc664b0adf6091a50f4,7622302306470994555,1978745799383017909,32,False
unsb-reciprocal-bridge-kernel-deflection-v1,RainCityscapes,RainCityscapes__0108,1,0.5,2,0.44433037319061247,0.4442126359715725,0.48578282889114777,0.4028779174900772,0.00011215681512821707,0.0003621881241364644,5.708480105282021e-07,9.508028556837189e-05,3.8305176119912687e-07,0.00011215681512821707,2482de48d80db365a9509d90d89eae80a34468ddc892e1ef76a9b6fa936c932d,5d5cc29a79e2996a3cf5d23939557e788a1c9d7baad01339563c65792af5f137,24090ac743b41ffc0b0092e0c76379209d505f88e95b2e40b758d7105901b3c1,324990219429859752,3855355786706686558,32,False
unsb-reciprocal-bridge-kernel-deflection-v1,RainCityscapes,RainCityscapes__0108,2,0.74,2,0.6097621994286193,0.6098588982045531,0.6617423107703725,0.557782088086866,2.7039360099623266e-05,9.035950423452732e-07,7.633556942110431e-08,1.4194072242790234e-05,3.333597220489537e-08,2.7039360099623266e-05,2482de48d80db365a9509d90d89eae80a34468ddc892e1ef76a9b6fa936c932d,5d5cc29a79e2996a3cf5d23939557e788a1c9d7baad01339563c65792af5f137,24090ac743b41ffc0b0092e0c76379209d505f88e95b2e40b758d7105901b3c1,5334858960273902181,6201097388345457703,32,False
unsb-reciprocal-bridge-kernel-deflection-v1,RainCityscapes,RainCityscapes__0108,3,0.8600000000000001,2,0.7456867053176972,0.7458152261334197,0.7912686425977014,0.7001047680376931,1.604243603881006e-05,5.172137071407512e-06,5.652653833898569e-08,4.8630509944525e-06,1.6192100771306173e-08,1.604243603881006e-05,2482de48d80db365a9509d90d89eae80a34468ddc892e1ef76a9b6fa936c932d,5d5cc29a79e2996a3cf5d23939557e788a1c9d7baad01339563c65792af5f137,24090ac743b41ffc0b0092e0c76379209d505f88e95b2e40b758d7105901b3c1,2401078462158573711,546284821327687172,32,False
unsb-reciprocal-bridge-kernel-deflection-v1,RainCityscapes,RainCityscapes__1026,1,0.5,2,0.49344511508890543,0.49325391368963817,0.5660431508178891,0.4208470793599217,7.64970466262671e-05,0.0001587056991475544,5.9285986897528176e-08,6.001833212299079e-05,3.3636215923671386e-08,7.64970466262671e-05,2482de48d80db365a9509d90d89eae80a34468ddc892e1ef76a9b6fa936c932d,5d5cc29a79e2996a3cf5d23939557e788a1c9d7baad01339563c65792af5f137,4a39c38b3fc12da3c474c549ed41bd469ff430551d8d252cc42f7826441509a6,126957882255435301,4278708505755502221,32,False
unsb-reciprocal-bridge-kernel-deflection-v1,RainCityscapes,RainCityscapes__1026,2,0.74,2,0.7017772695227729,0.7019655367372598,0.8125168574795931,0.5910376815659526,7.781419341357232e-05,3.5284051648210024e-06,3.103880117372171e-07,3.3626097066141725e-05,9.580706572531739e-08,7.781419341357232e-05,2482de48d80db365a9509d90d89eae80a34468ddc892e1ef76a9b6fa936c932d,5d5cc29a79e2996a3cf5d23939557e788a1c9d7baad01339563c65792af5f137,4a39c38b3fc12da3c474c549ed41bd469ff430551d8d252cc42f7826441509a6,8647353196429005496,4579001045774148204,32,False
unsb-reciprocal-bridge-kernel-deflection-v1,RainCityscapes,RainCityscapes__1026,3,0.8600000000000001,2,0.8153009322098791,0.8154030860739838,0.9134214052813157,0.7171804591384425,5.066666900366279e-06,1.1022525497228486e-05,1.193881438155131e-09,1.2104564107717763e-06,2.2470647564887258e-10,5.066666900366279e-06,2482de48d80db365a9509d90d89eae80a34468ddc892e1ef76a9b6fa936c932d,5d5cc29a79e2996a3cf5d23939557e788a1c9d7baad01339563c65792af5f137,4a39c38b3fc12da3c474c549ed41bd469ff430551d8d252cc42f7826441509a6,4737929300746426827,7387638336784598172,32,False
unsb-reciprocal-bridge-kernel-deflection-v1,RainCityscapes,RainCityscapes__1019,1,0.5,2,0.6569189308889252,0.6569202991672581,0.7032126122867048,0.6106252494911455,2.1188498990909466e-06,0.00021812944096821774,5.658914337125509e-08,1.1681781955097392e-06,2.9595287220907096e-08,2.1188498990909466e-06,2482de48d80db365a9509d90d89eae80a34468ddc892e1ef76a9b6fa936c932d,5d5cc29a79e2996a3cf5d23939557e788a1c9d7baad01339563c65792af5f137,9b7dabcf56d66010d879048c4b1bb660e642228817eb5d852e1e71e642886a12,1467750537951084846,6009136745599323882,32,False
unsb-reciprocal-bridge-kernel-deflection-v1,RainCityscapes,RainCityscapes__1019,2,0.74,2,0.7682017200463201,0.7683164577842687,0.8046086433759494,0.7317947967166909,3.6395752504914114e-05,2.668868401478619e-05,1.5179469015080826e-07,1.0861876605483545e-05,4.6571523970584394e-08,3.6395752504914114e-05,2482de48d80db365a9509d90d89eae80a34468ddc892e1ef76a9b6fa936c932d,5d5cc29a79e2996a3cf5d23939557e788a1c9d7baad01339563c65792af5f137,9b7dabcf56d66010d879048c4b1bb660e642228817eb5d852e1e71e642886a12,64596641990530778,6792775653825532824,32,False
unsb-reciprocal-bridge-kernel-deflection-v1,RainCityscapes,RainCityscapes__1019,3,0.8600000000000001,2,0.8495666048525046,0.8500299573838113,0.867543939359757,0.831589270345252,5.052840886465848e-05,7.742695837187341e-05,1.3595263892440812e-07,8.331279724660412e-06,2.4942048093556934e-08,5.052840886465848e-05,2482de48d80db365a9509d90d89eae80a34468ddc892e1ef76a9b6fa936c932d,5d5cc29a79e2996a3cf5d23939557e788a1c9d7baad01339563c65792af5f137,9b7dabcf56d66010d879048c4b1bb660e642228817eb5d852e1e71e642886a12,8189474249963755679,2704742643030592940,32,False
unsb-reciprocal-bridge-kernel-deflection-v1,RainCityscapes,RainCityscapes__0928,1,0.5,2,0.4854471911636376,0.48537015564389335,0.5598776359464918,0.41101674638078345,0.00012771760359475692,0.00018812443881099927,6.427982450762926e-07,0.00010063166742346752,3.652703230994092e-07,0.00012771760359475692,2482de48d80db365a9509d90d89eae80a34468ddc892e1ef76a9b6fa936c932d,5d5cc29a79e2996a3cf5d23939557e788a1c9d7baad01339563c65792af5f137,490d13fea7d8ed91768213cea0847a4ff1b27b546d387dfb3eabd92d51898ff3,7345055900695527553,1280598227020658947,32,False
unsb-reciprocal-bridge-kernel-deflection-v1,RainCityscapes,RainCityscapes__0928,2,0.74,2,0.6942792481705122,0.6942819370588862,0.8066410318252553,0.5819174645157692,5.248875235053241e-05,0.00014473977035645014,3.5301742640214684e-08,2.2718882464523027e-05,1.0824063645387128e-08,5.248875235053241e-05,2482de48d80db365a9509d90d89eae80a34468ddc892e1ef76a9b6fa936c932d,5d5cc29a79e2996a3cf5d23939557e788a1c9d7baad01339563c65792af5f137,490d13fea7d8ed91768213cea0847a4ff1b27b546d387dfb3eabd92d51898ff3,9014181559349888840,7388234734832258487,32,False
unsb-reciprocal-bridge-kernel-deflection-v1,RainCityscapes,RainCityscapes__0928,3,0.8600000000000001,2,0.8141227384850043,0.8141470583661728,0.9138698961136871,0.7143755808563215,1.4157776351275686e-07,1.6537469513910885e-05,2.516915542649656e-08,3.522595926064298e-08,4.61780635951925e-09,1.4157776351275686e-07,2482de48d80db365a9509d90d89eae80a34468ddc892e1ef76a9b6fa936c932d,5d5cc29a79e2996a3cf5d23939557e788a1c9d7baad01339563c65792af5f137,490d13fea7d8ed91768213cea0847a4ff1b27b546d387dfb3eabd92d51898ff3,7204911387979093103,4484495137644726471,32,False
unsb-reciprocal-bridge-kernel-deflection-v1,RainCityscapes,RainCityscapes__0025,1,0.5,2,0.24804929947370674,0.2479913703041941,0.2879970435944601,0.20810155535295338,5.37246202303443e-07,3.619089093331862e-05,1.073849531518789e-08,4.946965785901369e-07,8.296482389980042e-09,5.37246202303443e-07,2482de48d80db365a9509d90d89eae80a34468ddc892e1ef76a9b6fa936c932d,5d5cc29a79e2996a3cf5d23939557e788a1c9d7baad01339563c65792af5f137,5b29ac005536a5635560713592aba9d18eea948f0500ffcf3dfe62cb14e67f16,4299254295602421573,3114734796974150018,32,False
unsb-reciprocal-bridge-kernel-deflection-v1,RainCityscapes,RainCityscapes__0025,2,0.74,2,0.4410085145574804,0.44103623018492416,0.5213460774650652,0.3606709516498956,2.0294550908017683e-05,3.6321656853521844e-05,1.6042218664580332e-09,1.2854299289766224e-05,7.850743388715387e-10,2.0294550908017683e-05,2482de48d80db365a9509d90d89eae80a34468ddc892e1ef76a9b6fa936c932d,5d5cc29a79e2996a3cf5d23939557e788a1c9d7baad01339563c65792af5f137,5b29ac005536a5635560713592aba9d18eea948f0500ffcf3dfe62cb14e67f16,8544285376151659960,6115291478616522924,32,False
unsb-reciprocal-bridge-kernel-deflection-v1,RainCityscapes,RainCityscapes__0025,3,0.8600000000000001,2,0.592526414301523,0.5925835267591726,0.6702482367200908,0.5148045918829551,6.758291964947816e-06,7.967817165344115e-05,1.4251582591828793e-07,2.5482014707201017e-06,4.568536504656606e-08,6.758291964947816e-06,2482de48d80db365a9509d90d89eae80a34468ddc892e1ef76a9b6fa936c932d,5d5cc29a79e2996a3cf5d23939557e788a1c9d7baad01339563c65792af5f137,5b29ac005536a5635560713592aba9d18eea948f0500ffcf3dfe62cb14e67f16,2237648417301852305,93710389520366942,32,False
unsb-reciprocal-bridge-kernel-deflection-v1,RainCityscapes,RainCityscapes__0885,1,0.5,2,0.6609240501062001,0.6606110511816436,0.7172372663574459,0.6046108338549545,2.6654489260868885e-05,0.00010613722459118513,2.740415350199754e-08,1.5260258759752787e-05,1.3957630717875702e-08,2.6654489260868885e-05,2482de48d80db365a9509d90d89eae80a34468ddc892e1ef76a9b6fa936c932d,5d5cc29a79e2996a3cf5d23939557e788a1c9d7baad01339563c65792af5f137,c9bf4471adb245591b23b6561560809d9c778902e896e742d2a92f1030f4bcc5,1841405659840127430,5526016462296220364,32,False
unsb-reciprocal-bridge-kernel-deflection-v1,RainCityscapes,RainCityscapes__0885,2,0.74,2,0.7717819114991861,0.7714547300998189,0.8115634430948351,0.7320003799035371,5.887533052950644e-05,1.8606462370840404e-07,1.1479675132708422e-07,1.820997646961864e-05,3.362676181950519e-08,5.887533052950644e-05,2482de48d80db365a9509d90d89eae80a34468ddc892e1ef76a9b6fa936c932d,5d5cc29a79e2996a3cf5d23939557e788a1c9d7baad01339563c65792af5f137,c9bf4471adb245591b23b6561560809d9c778902e896e742d2a92f1030f4bcc5,9023140419460555122,5450472328018003881,32,False
unsb-reciprocal-bridge-kernel-deflection-v1,RainCityscapes,RainCityscapes__0885,3,0.8600000000000001,2,0.8511427334050607,0.8504591932957339,0.8704992964253473,0.8317861703847743,9.028083626094752e-05,0.0003622869728185929,6.382629702539333e-08,1.566151532517157e-05,1.127558602043166e-08,9.028083626094752e-05,2482de48d80db365a9509d90d89eae80a34468ddc892e1ef76a9b6fa936c932d,5d5cc29a79e2996a3cf5d23939557e788a1c9d7baad01339563c65792af5f137,c9bf4471adb245591b23b6561560809d9c778902e896e742d2a92f1030f4bcc5,7964097111701436573,6930570985354354344,32,False
unsb-reciprocal-bridge-kernel-deflection-v1,RainCityscapes,RainCityscapes__0708,1,0.5,2,0.3029254893559409,0.30287196716964027,0.3446172217458181,0.26123375696606366,4.5485745583384585e-06,1.105547388746686e-06,6.902195259783639e-08,4.5485745583384585e-06,4.821303645208275e-08,4.403241890105214e-06,2482de48d80db365a9509d90d89eae80a34468ddc892e1ef76a9b6fa936c932d,5d5cc29a79e2996a3cf5d23939557e788a1c9d7baad01339563c65792af5f137,eb497dee8bbdb70738791d8bfb4eb46b81d5575a19629de24c711d2a70d4c220,3811930690332175202,6900201463720407798,32,False
unsb-reciprocal-bridge-kernel-deflection-v1,RainCityscapes,RainCityscapes__0708,2,0.74,2,0.49840478788045967,0.4983522480393324,0.5680578294621303,0.428751746298789,5.546155143476561e-06,2.2096415475125752e-08,4.083738291971173e-08,3.735738901999852e-06,1.9432049747081237e-08,5.546155143476561e-06,2482de48d80db365a9509d90d89eae80a34468ddc892e1ef76a9b6fa936c932d,5d5cc29a79e2996a3cf5d23939557e788a1c9d7baad01339563c65792af5f137,eb497dee8bbdb70738791d8bfb4eb46b81d5575a19629de24c711d2a70d4c220,1216227404423664318,2856442635917759478,32,False
unsb-reciprocal-bridge-kernel-deflection-v1,RainCityscapes,RainCityscapes__0708,3,0.8600000000000001,2,0.6575260663539977,0.6574516273870239,0.7160262042275725,0.599025928480423,6.754265964115103e-05,3.798537043897543e-05,1.7553680731197119e-09,2.6398563750307247e-05,6.575044952938924e-10,6.754265964115103e-05,2482de48d80db365a9509d90d89eae80a34468ddc892e1ef76a9b6fa936c932d,5d5cc29a79e2996a3cf5d23939557e788a1c9d7baad01339563c65792af5f137,eb497dee8bbdb70738791d8bfb4eb46b81d5575a19629de24c711d2a70d4c220,4730746526576256680,4591533335475258911,32,False
unsb-reciprocal-bridge-kernel-deflection-v1,RainCityscapes,RainCityscapes__0768,1,0.5,3,0.6355766263949367,0.6356245517198129,0.48422677117070645,0.7869264816191671,1.5978647129877288e-06,9.40412056893436e-07,3.100476656525686e-07,8.114040672690948e-07,1.8331660101011948e-07,1.5978647129877288e-06,2482de48d80db365a9509d90d89eae80a34468ddc892e1ef76a9b6fa936c932d,e9f1f2ba86aa436c298e30484ffc2317783114dbd469f2bace88f106ce5bfb4f,073cf5c1a1881ed2a454fbbf0836a4fcd75d38613101b02a46d9375d39e805de,5773543443494716135,1081030391839348649,32,False
unsb-reciprocal-bridge-kernel-deflection-v1,RainCityscapes,RainCityscapes__0768,2,0.74,3,0.8563354016397582,0.8564204797374684,0.6370648312947099,1.0756059719848063,8.1806294086606e-06,4.4223208059746e-05,4.1377355342042677e-07,2.0010409799153805e-06,9.788905286356453e-08,8.1806294086606e-06,2482de48d80db365a9509d90d89eae80a34468ddc892e1ef76a9b6fa936c932d,e9f1f2ba86aa436c298e30484ffc2317783114dbd469f2bace88f106ce5bfb4f,073cf5c1a1881ed2a454fbbf0836a4fcd75d38613101b02a46d9375d39e805de,2484449394582548313,5887200515223386596,32,False
unsb-reciprocal-bridge-kernel-deflection-v1,RainCityscapes,RainCityscapes__0768,3,0.8600000000000001,3,0.9502988202832705,0.9502922062370494,0.7512296581784059,1.149367982388135,1.9035091266217385e-05,3.097277808916665e-05,3.3749766248369895e-07,2.456776375669989e-06,3.673305959406292e-08,1.9035091266217385e-05,2482de48d80db365a9509d90d89eae80a34468ddc892e1ef76a9b6fa936c932d,e9f1f2ba86aa436c298e30484ffc2317783114dbd469f2bace88f106ce5bfb4f,073cf5c1a1881ed2a454fbbf0836a4fcd75d38613101b02a46d9375d39e805de,1921991499034837013,1688520211561802155,32,False
unsb-reciprocal-bridge-kernel-deflection-v1,RainCityscapes,RainCityscapes__0235,1,0.5,3,0.19483096502904373,0.19485904033000978,0.11189429615404878,0.2777676339040387,1.3538741769902884e-06,1.7340362352680216e-06,9.005614809431961e-08,8.899537433659788e-07,1.1840379965377679e-07,1.3538741769902884e-06,2482de48d80db365a9509d90d89eae80a34468ddc892e1ef76a9b6fa936c932d,e9f1f2ba86aa436c298e30484ffc2317783114dbd469f2bace88f106ce5bfb4f,f1084a8ee0b2be12a39e1cba268138fdbc410777223e366e121469ee8187ac0d,2280318873256607745,3829442721326788485,32,False
unsb-reciprocal-bridge-kernel-deflection-v1,RainCityscapes,RainCityscapes__0235,2,0.74,3,0.5749687562674146,0.5749741356510691,0.22337746119023416,0.9265600513445951,4.814438070432914e-08,3.0398378791929304e-07,4.814438070432914e-08,1.2674259419753753e-08,3.4584779928792386e-08,3.800550496535493e-08,2482de48d80db365a9509d90d89eae80a34468ddc892e1ef76a9b6fa936c932d,e9f1f2ba86aa436c298e30484ffc2317783114dbd469f2bace88f106ce5bfb4f,f1084a8ee0b2be12a39e1cba268138fdbc410777223e366e121469ee8187ac0d,2585916452760913118,7878980430985850763,32,False
unsb-reciprocal-bridge-kernel-deflection-v1,RainCityscapes,RainCityscapes__0235,3,0.8600000000000001,3,0.8106522299550311,0.8107799426789871,0.3646193497745942,1.256685110135468,1.653714258209593e-05,3.11956084108056e-05,1.0450985203913632e-06,2.84680806639237e-06,2.4847697521757084e-07,1.653714258209593e-05,2482de48d80db365a9509d90d89eae80a34468ddc892e1ef76a9b6fa936c932d,e9f1f2ba86aa436c298e30484ffc2317783114dbd469f2bace88f106ce5bfb4f,f1084a8ee0b2be12a39e1cba268138fdbc410777223e366e121469ee8187ac0d,3557938806870812292,1100931041218108404,32,False
unsb-reciprocal-bridge-kernel-deflection-v1,RainCityscapes,RainCityscapes__1114,1,0.5,3,0.8385682387203157,0.838515572237095,0.7958896470737096,0.8812468303669218,3.706406281667185e-06,1.4185174397107758e-05,7.193308171338231e-10,1.6827261782870195e-06,2.9393554257239884e-10,3.706406281667185e-06,2482de48d80db365a9509d90d89eae80a34468ddc892e1ef76a9b6fa936c932d,e9f1f2ba86aa436c298e30484ffc2317783114dbd469f2bace88f106ce5bfb4f,effd6624c19e933ce854acec606c9b3123490e9a63ebfc8a1050ddbba79a7368,9038453598841201387,4092928047623636159,32,False
unsb-reciprocal-bridge-kernel-deflection-v1,RainCityscapes,RainCityscapes__1114,2,0.74,3,0.9653611010326337,0.9654301211205832,0.8893785225152587,1.0413436795500086,9.300072308593421e-06,1.7512422903709357e-05,8.99291210387787e-08,1.960336420858688e-06,1.554729989194925e-08,9.300072308593421e-06,2482de48d80db365a9509d90d89eae80a34468ddc892e1ef76a9b6fa936c932d,e9f1f2ba86aa436c298e30484ffc2317783114dbd469f2bace88f106ce5bfb4f,effd6624c19e933ce854acec606c9b3123490e9a63ebfc8a1050ddbba79a7368,1228066964474370455,179933785234547396,32,False
unsb-reciprocal-bridge-kernel-deflection-v1,RainCityscapes,RainCityscapes__1114,3,0.8600000000000001,3,1.0172727670251152,1.017366367475375,0.9216415465044926,1.1129039875457376,1.4387468874055287e-06,1.7079747203219142e-05,1.4387468874055287e-06,1.3557683598008907e-07,1.2116046088639365e-07,1.2319989476372584e-06,2482de48d80db365a9509d90d89eae80a34468ddc892e1ef76a9b6fa936c932d,e9f1f2ba86aa436c298e30484ffc2317783114dbd469f2bace88f106ce5bfb4f,effd6624c19e933ce854acec606c9b3123490e9a63ebfc8a1050ddbba79a7368,3394036885335742946,4772234979000107411,32,False
unsb-reciprocal-bridge-kernel-deflection-v1,RainCityscapes,RainCityscapes__0692,1,0.5,3,0.8369757388795339,0.8370759325423736,0.6661844765116001,1.0077670012474678,1.7136529959493885e-06,1.2881578093093538e-07,1.6064556263017948e-07,8.450564308315478e-07,7.752970287988603e-08,1.7136529959493885e-06,2482de48d80db365a9509d90d89eae80a34468ddc892e1ef76a9b6fa936c932d,e9f1f2ba86aa436c298e30484ffc2317783114dbd469f2bace88f106ce5bfb4f,45d8f6bfe43d46aaa205ec47f4f99012e908f1477a68e38551b22b4a9ad81522,3667394676048796306,809371141836587752,32,False
unsb-reciprocal-bridge-kernel-deflection-v1,RainCityscapes,RainCityscapes__0692,2,0.74,3,0.9495884526404322,0.94960636132611,0.7197477547359341,1.1794291505449304,3.2020402990218244e-06,1.1643301380481752e-05,6.906488156932511e-07,7.656437518432924e-07,1.512498319922173e-07,3.2020402990218244e-06,2482de48d80db365a9509d90d89eae80a34468ddc892e1ef76a9b6fa936c932d,e9f1f2ba86aa436c298e30484ffc2317783114dbd469f2bace88f106ce5bfb4f,45d8f6bfe43d46aaa205ec47f4f99012e908f1477a68e38551b22b4a9ad81522,1868038035549843679,5253635371979453338,32,False
unsb-reciprocal-bridge-kernel-deflection-v1,RainCityscapes,RainCityscapes__0692,3,0.8600000000000001,3,0.9928654252299653,0.9930859332412377,0.7555481477066572,1.2301827027532735,3.766177851360908e-06,1.3800997916701974e-06,8.026467355204403e-07,4.663892713141493e-07,9.392743427483197e-08,3.766177851360908e-06,2482de48d80db365a9509d90d89eae80a34468ddc892e1ef76a9b6fa936c932d,e9f1f2ba86aa436c298e30484ffc2317783114dbd469f2bace88f106ce5bfb4f,45d8f6bfe43d46aaa205ec47f4f99012e908f1477a68e38551b22b4a9ad81522,2481412628960134877,9121623313878119374,32,False
unsb-reciprocal-bridge-kernel-deflection-v1,RainCityscapes,RainCityscapes__0524,1,0.5,3,0.7618744786836253,0.762080092487806,0.5950640850992607,0.92868487226799,2.436804345418153e-06,1.6557740440403812e-05,1.1842253933025404e-07,1.1179033396757632e-06,6.28845395755917e-08,2.436804345418153e-06,2482de48d80db365a9509d90d89eae80a34468ddc892e1ef76a9b6fa936c932d,e9f1f2ba86aa436c298e30484ffc2317783114dbd469f2bace88f106ce5bfb4f,36225eb955d339d6a7fe9edd3b36dbe41823a40f64de37aaec2f3e7efbc415c0,4623041351118466931,1357460504696188285,32,False
unsb-reciprocal-bridge-kernel-deflection-v1,RainCityscapes,RainCityscapes__0524,2,0.74,3,0.9503661300624446,0.9501213451066974,0.7698390645442127,1.1308931955806767,1.2038956831439407e-07,9.095340147702302e-08,1.8853283378916785e-09,2.561819179014435e-08,3.9583203381710064e-10,1.2038956831439407e-07,2482de48d80db365a9509d90d89eae80a34468ddc892e1ef76a9b6fa936c932d,e9f1f2ba86aa436c298e30484ffc2317783114dbd469f2bace88f106ce5bfb4f,36225eb955d339d6a7fe9edd3b36dbe41823a40f64de37aaec2f3e7efbc415c0,8046223978927488404,4782461983098839396,32,False
unsb-reciprocal-bridge-kernel-deflection-v1,RainCityscapes,RainCityscapes__0524,3,0.8600000000000001,3,1.012348353856848,1.0123980784632098,0.8891651807703987,1.1355315269432973,1.5077614809122508e-05,1.3357406372982439e-05,5.754988632311608e-07,1.5491909199916165e-06,6.008435360360664e-08,1.5077614809122508e-05,2482de48d80db365a9509d90d89eae80a34468ddc892e1ef76a9b6fa936c932d,e9f1f2ba86aa436c298e30484ffc2317783114dbd469f2bace88f106ce5bfb4f,36225eb955d339d6a7fe9edd3b36dbe41823a40f64de37aaec2f3e7efbc415c0,6878902192670352478,7754881616441507785,32,False
unsb-reciprocal-bridge-kernel-deflection-v1,RainCityscapes,RainCityscapes__0882,1,0.5,3,0.45334464503155564,0.4534598500843694,0.31282806016194387,0.5938612299011674,1.8176620469878557e-06,1.9559420005865746e-07,4.1057273136857475e-09,1.0680970679022295e-06,3.279884142060041e-09,1.8176620469878557e-06,2482de48d80db365a9509d90d89eae80a34468ddc892e1ef76a9b6fa936c932d,e9f1f2ba86aa436c298e30484ffc2317783114dbd469f2bace88f106ce5bfb4f,b0813f0a638bd02b7272a9e94f8774148814de63eb54978607d66ce34f2d70f7,1733313184165356022,1868669035555367481,32,False
unsb-reciprocal-bridge-kernel-deflection-v1,RainCityscapes,RainCityscapes__0882,2,0.74,3,0.7656701583204294,0.7658685270289423,0.5079317694385395,1.0234085472023193,3.260570904939364e-06,1.0840559077074374e-06,1.231450965644143e-06,8.98636884238968e-07,3.9059881729031076e-07,3.260570904939364e-06,2482de48d80db365a9509d90d89eae80a34468ddc892e1ef76a9b6fa936c932d,e9f1f2ba86aa436c298e30484ffc2317783114dbd469f2bace88f106ce5bfb4f,b0813f0a638bd02b7272a9e94f8774148814de63eb54978607d66ce34f2d70f7,8661667833385948326,4074986717313412039,32,False
unsb-reciprocal-bridge-kernel-deflection-v1,RainCityscapes,RainCityscapes__0882,3,0.8600000000000001,3,0.9140273744068825,0.9137041778967651,0.6880378853176469,1.1400168634961183,5.1128585401016835e-06,6.526056900379995e-05,2.4672355269927948e-08,6.572631694456987e-07,3.210977039813656e-09,5.1128585401016835e-06,2482de48d80db365a9509d90d89eae80a34468ddc892e1ef76a9b6fa936c932d,e9f1f2ba86aa436c298e30484ffc2317783114dbd469f2bace88f106ce5bfb4f,b0813f0a638bd02b7272a9e94f8774148814de63eb54978607d66ce34f2d70f7,1920787217125416282,172128325590295230,32,False
unsb-reciprocal-bridge-kernel-deflection-v1,RainCityscapes,RainCityscapes__1049,1,0.5,3,0.2714639629946337,0.27148247087491006,0.15896471992457184,0.3839632060646956,6.311760258892463e-08,2.9761328135258225e-07,1.0404353378845599e-08,4.024306010652623e-08,1.1944261801843936e-08,6.311760258892463e-08,2482de48d80db365a9509d90d89eae80a34468ddc892e1ef76a9b6fa936c932d,e9f1f2ba86aa436c298e30484ffc2317783114dbd469f2bace88f106ce5bfb4f,db2ae60299e0e2440c6f297f36c9e66b3e903b1690c871b5aa3b23cd1ee21481,1988630677909708987,4565490121553621509,32,False
unsb-reciprocal-bridge-kernel-deflection-v1,RainCityscapes,RainCityscapes__1049,2,0.74,3,0.6534056218212863,0.6532167923935972,0.29924418542294295,1.0075670582196294,1.0587386300997537e-07,4.25086509436845e-06,1.0587386300997537e-07,1.6191455287639656e-08,5.209295850239215e-08,5.3688512857696935e-08,2482de48d80db365a9509d90d89eae80a34468ddc892e1ef76a9b6fa936c932d,e9f1f2ba86aa436c298e30484ffc2317783114dbd469f2bace88f106ce5bfb4f,db2ae60299e0e2440c6f297f36c9e66b3e903b1690c871b5aa3b23cd1ee21481,4150462541711202777,6524150338793204010,32,False
unsb-reciprocal-bridge-kernel-deflection-v1,RainCityscapes,RainCityscapes__1049,3,0.8600000000000001,3,0.8661763878775848,0.8659306584842761,0.4620293710545632,1.2703234047006062,3.0578048901830357e-06,3.6443429722865517e-06,5.712866264495631e-07,4.346839095337174e-07,9.456106697669497e-08,3.0578048901830357e-06,2482de48d80db365a9509d90d89eae80a34468ddc892e1ef76a9b6fa936c932d,e9f1f2ba86aa436c298e30484ffc2317783114dbd469f2bace88f106ce5bfb4f,db2ae60299e0e2440c6f297f36c9e66b3e903b1690c871b5aa3b23cd1ee21481,7646178164912431084,7581066306567311690,32,False
unsb-reciprocal-bridge-kernel-deflection-v1,RainCityscapes,RainCityscapes__0579,1,0.5,3,0.6804811216564641,0.680367132066469,0.489151259395014,0.8718109839179143,1.473425070841472e-07,7.566108097822877e-07,6.77936595749884e-11,7.115166478222079e-08,4.4917403130284583e-11,1.473425070841472e-07,2482de48d80db365a9509d90d89eae80a34468ddc892e1ef76a9b6fa936c932d,e9f1f2ba86aa436c298e30484ffc2317783114dbd469f2bace88f106ce5bfb4f,d447a6f630fa857adb1b0e132880c4afc8024b0890f49f4bdd7807b4732cd221,8721122968375792221,8506986954243972311,32,False
unsb-reciprocal-bridge-kernel-deflection-v1,RainCityscapes,RainCityscapes__0579,2,0.74,3,0.9129010420445431,0.9127553367128391,0.6317619543989039,1.1940401296901824,4.2631288466044026e-07,3.452514394375328e-07,4.2631288466044026e-07,1.9505260295815674e-08,9.752155349929126e-08,8.954141461625653e-08,2482de48d80db365a9509d90d89eae80a34468ddc892e1ef76a9b6fa936c932d,e9f1f2ba86aa436c298e30484ffc2317783114dbd469f2bace88f106ce5bfb4f,d447a6f630fa857adb1b0e132880c4afc8024b0890f49f4bdd7807b4732cd221,1469153470024957800,1017093200838932456,32,False
unsb-reciprocal-bridge-kernel-deflection-v1,RainCityscapes,RainCityscapes__0579,3,0.8600000000000001,3,1.002691281708166,1.0027567580641294,0.7267135907205853,1.2786689726957465,1.8599358374782327e-05,1.3266888414520395e-06,2.6272315878372865e-08,1.928758171176881e-06,2.6111046658172654e-09,1.8599358374782327e-05,2482de48d80db365a9509d90d89eae80a34468ddc892e1ef76a9b6fa936c932d,e9f1f2ba86aa436c298e30484ffc2317783114dbd469f2bace88f106ce5bfb4f,d447a6f630fa857adb1b0e132880c4afc8024b0890f49f4bdd7807b4732cd221,7629030723556918971,8297349465183167400,32,False
unsb-reciprocal-bridge-kernel-deflection-v1,RainCityscapes,RainCityscapes__0019,1,0.5,3,0.3415394546465812,0.3415356670184234,0.18390254775227566,0.49917636154088674,3.0566734932069295e-07,5.472633421987894e-07,2.4494766459604023e-07,1.544925911645123e-07,3.0566734932069295e-07,2.8442114807791796e-07,2482de48d80db365a9509d90d89eae80a34468ddc892e1ef76a9b6fa936c932d,e9f1f2ba86aa436c298e30484ffc2317783114dbd469f2bace88f106ce5bfb4f,a882ba4c0cdfac974ddca5a25220d0fef0665a6c2117dbc664b0adf6091a50f4,761093524752291021,7357611922268448122,32,False
unsb-reciprocal-bridge-kernel-deflection-v1,RainCityscapes,RainCityscapes__0019,2,0.74,3,0.7334423567355304,0.7333512942100767,0.32847146287814655,1.138413250592914,1.5360085883209251e-06,1.0296849194624258e-05,7.942857482845511e-11,4.0427600556114385e-07,4.9605652918671694e-11,1.5360085883209251e-06,2482de48d80db365a9509d90d89eae80a34468ddc892e1ef76a9b6fa936c932d,e9f1f2ba86aa436c298e30484ffc2317783114dbd469f2bace88f106ce5bfb4f,a882ba4c0cdfac974ddca5a25220d0fef0665a6c2117dbc664b0adf6091a50f4,5643120136767450693,53782261409670243,32,False
unsb-reciprocal-bridge-kernel-deflection-v1,RainCityscapes,RainCityscapes__0019,3,0.8600000000000001,3,0.9114167088042473,0.91144215440234,0.5033495455264284,1.319483872082066,6.42742050260825e-06,8.204035573111668e-08,7.900568088636817e-08,8.003657556709953e-07,1.2069824029126153e-08,6.42742050260825e-06,2482de48d80db365a9509d90d89eae80a34468ddc892e1ef76a9b6fa936c932d,e9f1f2ba86aa436c298e30484ffc2317783114dbd469f2bace88f106ce5bfb4f,a882ba4c0cdfac974ddca5a25220d0fef0665a6c2117dbc664b0adf6091a50f4,7622302306470994555,1978745799383017909,32,False
unsb-reciprocal-bridge-kernel-deflection-v1,RainCityscapes,RainCityscapes__0108,1,0.5,3,0.6105337399646961,0.6105140146531305,0.3862089796726722,0.8348585002567199,3.484741986525819e-06,7.404517212927786e-06,5.708480105282021e-07,1.919707204200982e-06,4.2184201920481e-07,3.484741986525819e-06,2482de48d80db365a9509d90d89eae80a34468ddc892e1ef76a9b6fa936c932d,e9f1f2ba86aa436c298e30484ffc2317783114dbd469f2bace88f106ce5bfb4f,24090ac743b41ffc0b0092e0c76379209d505f88e95b2e40b758d7105901b3c1,324990219429859752,3855355786706686558,32,False
unsb-reciprocal-bridge-kernel-deflection-v1,RainCityscapes,RainCityscapes__0108,2,0.74,3,0.83243079880301,0.8325975519778235,0.4784913225339461,1.186370275072074,7.416521818903732e-07,1.1146937861639117e-07,7.633556942110431e-08,1.9403939321982477e-07,2.346031102717916e-08,7.416521818903732e-07,2482de48d80db365a9509d90d89eae80a34468ddc892e1ef76a9b6fa936c932d,e9f1f2ba86aa436c298e30484ffc2317783114dbd469f2bace88f106ce5bfb4f,24090ac743b41ffc0b0092e0c76379209d505f88e95b2e40b758d7105901b3c1,5334858960273902181,6201097388345457703,32,False
unsb-reciprocal-bridge-kernel-deflection-v1,RainCityscapes,RainCityscapes__0108,3,0.8600000000000001,3,0.9311170887755196,0.9312333730000101,0.5640850091596374,1.2981491683914017,1.0830944430217926e-06,9.99049679428765e-07,5.652653833898569e-08,1.3624841033177404e-07,7.866583828786133e-09,1.0830944430217926e-06,2482de48d80db365a9509d90d89eae80a34468ddc892e1ef76a9b6fa936c932d,e9f1f2ba86aa436c298e30484ffc2317783114dbd469f2bace88f106ce5bfb4f,24090ac743b41ffc0b0092e0c76379209d505f88e95b2e40b758d7105901b3c1,2401078462158573711,546284821327687172,32,False
unsb-reciprocal-bridge-kernel-deflection-v1,RainCityscapes,RainCityscapes__1026,1,0.5,3,0.5578070229877901,0.5576195668638451,0.42523732418397997,0.6903767217916003,2.8328662212695477e-06,5.356193149230748e-06,5.9285986897528176e-08,1.4703826000106446e-06,4.192263181046485e-08,2.8328662212695477e-06,2482de48d80db365a9509d90d89eae80a34468ddc892e1ef76a9b6fa936c932d,e9f1f2ba86aa436c298e30484ffc2317783114dbd469f2bace88f106ce5bfb4f,4a39c38b3fc12da3c474c549ed41bd469ff430551d8d252cc42f7826441509a6,126957882255435301,4278708505755502221,32,False
unsb-reciprocal-bridge-kernel-deflection-v1,RainCityscapes,RainCityscapes__1026,2,0.74,3,0.8165589749478164,0.8167683977957665,0.5848767164058095,1.0482412334898232,7.117800567169041e-06,2.550352143138035e-06,3.103880117372171e-07,1.7332077332232743e-06,9.253900323802355e-08,7.117800567169041e-06,2482de48d80db365a9509d90d89eae80a34468ddc892e1ef76a9b6fa936c932d,e9f1f2ba86aa436c298e30484ffc2317783114dbd469f2bace88f106ce5bfb4f,4a39c38b3fc12da3c474c549ed41bd469ff430551d8d252cc42f7826441509a6,8647353196429005496,4579001045774148204,32,False
unsb-reciprocal-bridge-kernel-deflection-v1,RainCityscapes,RainCityscapes__1026,3,0.8600000000000001,3,0.9384574736495064,0.9384334632733788,0.7015950604264073,1.1753198868726056,1.0692337628626092e-06,1.2496164367714613e-06,1.193881438155131e-09,1.3790703901062074e-07,1.6960077786620786e-10,1.0692337628626092e-06,2482de48d80db365a9509d90d89eae80a34468ddc892e1ef76a9b6fa936c932d,e9f1f2ba86aa436c298e30484ffc2317783114dbd469f2bace88f106ce5bfb4f,4a39c38b3fc12da3c474c549ed41bd469ff430551d8d252cc42f7826441509a6,4737929300746426827,7387638336784598172,32,False
unsb-reciprocal-bridge-kernel-deflection-v1,RainCityscapes,RainCityscapes__1019,1,0.5,3,1.0120771970783538,1.012061807520399,1.040703445278959,0.9834509488777485,4.2116244780565637e-07,3.047749767004504e-05,5.658914337125509e-08,1.5545173315256733e-07,1.8718944394535697e-08,4.2116244780565637e-07,2482de48d80db365a9509d90d89eae80a34468ddc892e1ef76a9b6fa936c932d,e9f1f2ba86aa436c298e30484ffc2317783114dbd469f2bace88f106ce5bfb4f,9b7dabcf56d66010d879048c4b1bb660e642228817eb5d852e1e71e642886a12,1467750537951084846,6009136745599323882,32,False
unsb-reciprocal-bridge-kernel-deflection-v1,RainCityscapes,RainCityscapes__1019,2,0.74,3,1.0380290685070066,1.0381142885505388,1.066846133075474,1.0092120039385393,8.483272824211241e-07,1.3851758069449716e-06,1.5179469015080826e-07,1.4124355718347914e-07,2.2260528753648146e-08,8.483272824211241e-07,2482de48d80db365a9509d90d89eae80a34468ddc892e1ef76a9b6fa936c932d,e9f1f2ba86aa436c298e30484ffc2317783114dbd469f2bace88f106ce5bfb4f,9b7dabcf56d66010d879048c4b1bb660e642228817eb5d852e1e71e642886a12,64596641990530778,6792775653825532824,32,False
unsb-reciprocal-bridge-kernel-deflection-v1,RainCityscapes,RainCityscapes__1019,3,0.8600000000000001,3,1.0436067081374927,1.0435491772860832,1.066017825841674,1.0211955904333112,6.292900143201052e-07,3.359278281656053e-06,1.3595263892440812e-07,5.411729453452807e-08,1.015157446992987e-08,6.292900143201052e-07,2482de48d80db365a9509d90d89eae80a34468ddc892e1ef76a9b6fa936c932d,e9f1f2ba86aa436c298e30484ffc2317783114dbd469f2bace88f106ce5bfb4f,9b7dabcf56d66010d879048c4b1bb660e642228817eb5d852e1e71e642886a12,8189474249963755679,2704742643030592940,32,False
unsb-reciprocal-bridge-kernel-deflection-v1,RainCityscapes,RainCityscapes__0928,1,0.5,3,0.5427856867710403,0.5427358877998373,0.4049453566703174,0.6806260168717633,1.3550733287348571e-05,1.8366132535696522e-05,6.427982450762926e-07,6.919564376817178e-06,4.6891144966920706e-07,1.3550733287348571e-05,2482de48d80db365a9509d90d89eae80a34468ddc892e1ef76a9b6fa936c932d,e9f1f2ba86aa436c298e30484ffc2317783114dbd469f2bace88f106ce5bfb4f,490d13fea7d8ed91768213cea0847a4ff1b27b546d387dfb3eabd92d51898ff3,7345055900695527553,1280598227020658947,32,False
unsb-reciprocal-bridge-kernel-deflection-v1,RainCityscapes,RainCityscapes__0928,2,0.74,3,0.8054979499034816,0.8055491635948482,0.5626625227056473,1.048333377101316,4.183596627127528e-06,1.5307560499611128e-05,3.5301742640214684e-08,1.0260557198327191e-06,1.0910598313706998e-08,4.183596627127528e-06,2482de48d80db365a9509d90d89eae80a34468ddc892e1ef76a9b6fa936c932d,e9f1f2ba86aa436c298e30484ffc2317783114dbd469f2bace88f106ce5bfb4f,490d13fea7d8ed91768213cea0847a4ff1b27b546d387dfb3eabd92d51898ff3,9014181559349888840,7388234734832258487,32,False
unsb-reciprocal-bridge-kernel-deflection-v1,RainCityscapes,RainCityscapes__0928,3,0.8600000000000001,3,0.9355744575049552,0.9356345191995462,0.6842602980688308,1.1868886169410795,1.8843628663001155e-06,6.265107150738025e-06,2.516915542649656e-08,2.403200206613221e-07,3.4652489766529015e-09,1.8843628663001155e-06,2482de48d80db365a9509d90d89eae80a34468ddc892e1ef76a9b6fa936c932d,e9f1f2ba86aa436c298e30484ffc2317783114dbd469f2bace88f106ce5bfb4f,490d13fea7d8ed91768213cea0847a4ff1b27b546d387dfb3eabd92d51898ff3,7204911387979093103,4484495137644726471,32,False
unsb-reciprocal-bridge-kernel-deflection-v1,RainCityscapes,RainCityscapes__0025,1,0.5,3,0.20619999820524254,0.20617978453685754,0.12043952953527048,0.2919604668752146,8.809975216017563e-08,8.122819741274157e-07,1.073849531518789e-08,5.566126259903825e-08,1.4659723213128473e-08,8.809975216017563e-08,2482de48d80db365a9509d90d89eae80a34468ddc892e1ef76a9b6fa936c932d,e9f1f2ba86aa436c298e30484ffc2317783114dbd469f2bace88f106ce5bfb4f,5b29ac005536a5635560713592aba9d18eea948f0500ffcf3dfe62cb14e67f16,4299254295602421573,3114734796974150018,32,False
unsb-reciprocal-bridge-kernel-deflection-v1,RainCityscapes,RainCityscapes__0025,2,0.74,3,0.5844991430195514,0.5844749077873483,0.24547366538477589,0.923524620654327,1.3410565946614383e-07,6.967755945552767e-07,1.6042218664580332e-09,4.454992363900345e-08,1.1476467554061287e-09,1.3410565946614383e-07,2482de48d80db365a9509d90d89eae80a34468ddc892e1ef76a9b6fa936c932d,e9f1f2ba86aa436c298e30484ffc2317783114dbd469f2bace88f106ce5bfb4f,5b29ac005536a5635560713592aba9d18eea948f0500ffcf3dfe62cb14e67f16,8544285376151659960,6115291478616522924,32,False
unsb-reciprocal-bridge-kernel-deflection-v1,RainCityscapes,RainCityscapes__0025,3,0.8600000000000001,3,0.8113548852354746,0.8114433703192305,0.411611488950851,1.2110982815200981,6.330602415616227e-07,9.405909556114977e-06,1.4251582591828793e-07,1.0407988393357215e-07,3.57377234472267e-08,6.330602415616227e-07,2482de48d80db365a9509d90d89eae80a34468ddc892e1ef76a9b6fa936c932d,e9f1f2ba86aa436c298e30484ffc2317783114dbd469f2bace88f106ce5bfb4f,5b29ac005536a5635560713592aba9d18eea948f0500ffcf3dfe62cb14e67f16,2237648417301852305,93710389520366942,32,False
unsb-reciprocal-bridge-kernel-deflection-v1,RainCityscapes,RainCityscapes__0885,1,0.5,3,0.996066697463359,0.9960769035626431,1.000253596672707,0.9918797982540108,2.763580069564675e-06,1.2028204119718389e-05,2.740415350199754e-08,1.0633629303757886e-06,9.455024541082935e-09,2.763580069564675e-06,2482de48d80db365a9509d90d89eae80a34468ddc892e1ef76a9b6fa936c932d,e9f1f2ba86aa436c298e30484ffc2317783114dbd469f2bace88f106ce5bfb4f,c9bf4471adb245591b23b6561560809d9c778902e896e742d2a92f1030f4bcc5,1841405659840127430,5526016462296220364,32,False
unsb-reciprocal-bridge-kernel-deflection-v1,RainCityscapes,RainCityscapes__0885,2,0.74,3,1.034280112484361,1.0343145181173234,1.034584582756467,1.033975642212255,2.179554864145672e-06,6.689492437761402e-07,1.1479675132708422e-07,3.764696399066736e-07,1.6906505084790524e-08,2.179554864145672e-06,2482de48d80db365a9509d90d89eae80a34468ddc892e1ef76a9b6fa936c932d,e9f1f2ba86aa436c298e30484ffc2317783114dbd469f2bace88f106ce5bfb4f,c9bf4471adb245591b23b6561560809d9c778902e896e742d2a92f1030f4bcc5,9023140419460555122,5450472328018003881,32,False
unsb-reciprocal-bridge-kernel-deflection-v1,RainCityscapes,RainCityscapes__0885,3,0.8600000000000001,3,1.0430768763263958,1.043075625262548,1.035292383990563,1.0508613686622286,9.124315066388888e-06,5.368571536723543e-05,6.382629702539333e-08,8.128129316276045e-07,4.72686134678213e-09,9.124315066388888e-06,2482de48d80db365a9509d90d89eae80a34468ddc892e1ef76a9b6fa936c932d,e9f1f2ba86aa436c298e30484ffc2317783114dbd469f2bace88f106ce5bfb4f,c9bf4471adb245591b23b6561560809d9c778902e896e742d2a92f1030f4bcc5,7964097111701436573,6930570985354354344,32,False
unsb-reciprocal-bridge-kernel-deflection-v1,RainCityscapes,RainCityscapes__0708,1,0.5,3,0.3610306830075926,0.3610188279963542,0.2090019670813419,0.5130593989338433,8.041881827125508e-08,6.790216418028905e-07,6.902195259783639e-08,3.237310086667833e-09,8.041881827125508e-08,4.959646804358897e-09,2482de48d80db365a9509d90d89eae80a34468ddc892e1ef76a9b6fa936c932d,e9f1f2ba86aa436c298e30484ffc2317783114dbd469f2bace88f106ce5bfb4f,eb497dee8bbdb70738791d8bfb4eb46b81d5575a19629de24c711d2a70d4c220,3811930690332175202,6900201463720407798,32,False
unsb-reciprocal-bridge-kernel-deflection-v1,RainCityscapes,RainCityscapes__0708,2,0.74,3,0.7103752117869769,0.7102904641547916,0.3354292636472527,1.0853211599267012,1.0455739890558036e-06,1.5028796518379295e-07,4.083738291971173e-08,3.346660166769766e-07,2.146421307358537e-08,1.0455739890558036e-06,2482de48d80db365a9509d90d89eae80a34468ddc892e1ef76a9b6fa936c932d,e9f1f2ba86aa436c298e30484ffc2317783114dbd469f2bace88f106ce5bfb4f,eb497dee8bbdb70738791d8bfb4eb46b81d5575a19629de24c711d2a70d4c220,1216227404423664318,2856442635917759478,32,False
unsb-reciprocal-bridge-kernel-deflection-v1,RainCityscapes,RainCityscapes__0708,3,0.8600000000000001,3,0.8852487396413744,0.8851048281558332,0.4626661906302062,1.3078312886525425,3.6056862668942813e-06,2.0591708855821622e-06,1.7553680731197119e-09,5.731372534345525e-07,3.9338932111832037e-10,3.6056862668942813e-06,2482de48d80db365a9509d90d89eae80a34468ddc892e1ef76a9b6fa936c932d,e9f1f2ba86aa436c298e30484ffc2317783114dbd469f2bace88f106ce5bfb4f,eb497dee8bbdb70738791d8bfb4eb46b81d5575a19629de24c711d2a70d4c220,4730746526576256680,4591533335475258911,32,False
unsb-reciprocal-bridge-kernel-deflection-v1,RainCityscapes,RainCityscapes__0768,1,0.5,4,0.8652277898227771,0.865130355897047,0.5880317831772655,1.1424237964682888,1.2059638423433938e-06,4.713960273239337e-07,3.100476656525686e-07,4.450384543108754e-07,1.4376603285626288e-07,1.2059638423433938e-06,2482de48d80db365a9509d90d89eae80a34468ddc892e1ef76a9b6fa936c932d,9abf45c1a2288c852f831d513ef7b6e47913f8352f24c679790a6555a56e1cf4,073cf5c1a1881ed2a454fbbf0836a4fcd75d38613101b02a46d9375d39e805de,5773543443494716135,1081030391839348649,32,False
unsb-reciprocal-bridge-kernel-deflection-v1,RainCityscapes,RainCityscapes__0768,2,0.74,4,1.0260561845435454,1.026022039783574,0.7086909534142121,1.3434214156728785,2.5739092113230555e-06,1.8609867896812737e-05,4.1377355342042677e-07,3.827439999382065e-07,5.956889048697178e-08,2.5739092113230555e-06,2482de48d80db365a9509d90d89eae80a34468ddc892e1ef76a9b6fa936c932d,9abf45c1a2288c852f831d513ef7b6e47913f8352f24c679790a6555a56e1cf4,073cf5c1a1881ed2a454fbbf0836a4fcd75d38613101b02a46d9375d39e805de,2484449394582548313,5887200515223386596,32,False
unsb-reciprocal-bridge-kernel-deflection-v1,RainCityscapes,RainCityscapes__0768,3,0.8600000000000001,4,1.0453688380528146,1.0453567375894852,0.7882100736840789,1.30252760242155,8.165712530483482e-06,1.0806574803123858e-05,3.3749766248369895e-07,5.983219828475939e-07,2.119070541262147e-08,8.165712530483482e-06,2482de48d80db365a9509d90d89eae80a34468ddc892e1ef76a9b6fa936c932d,9abf45c1a2288c852f831d513ef7b6e47913f8352f24c679790a6555a56e1cf4,073cf5c1a1881ed2a454fbbf0836a4fcd75d38613101b02a46d9375d39e805de,1921991499034837013,1688520211561802155,32,False
unsb-reciprocal-bridge-kernel-deflection-v1,RainCityscapes,RainCityscapes__0235,1,0.5,4,0.29628389087377394,0.29624814140520095,0.1308166804173183,0.46175110133022956,8.10389841232606e-07,9.150570932092705e-07,9.005614809431961e-08,4.107464325331378e-07,1.426884678190632e-07,8.10389841232606e-07,2482de48d80db365a9509d90d89eae80a34468ddc892e1ef76a9b6fa936c932d,9abf45c1a2288c852f831d513ef7b6e47913f8352f24c679790a6555a56e1cf4,f1084a8ee0b2be12a39e1cba268138fdbc410777223e366e121469ee8187ac0d,2280318873256607745,3829442721326788485,32,False
unsb-reciprocal-bridge-kernel-deflection-v1,RainCityscapes,RainCityscapes__0235,2,0.74,4,0.7378186679192021,0.7378423062935882,0.2327923438427968,1.2428449919956075,8.784524030414076e-08,3.0398378791929304e-07,4.814438070432914e-08,2.0685407053910865e-08,2.5319258245559695e-08,8.784524030414076e-08,2482de48d80db365a9509d90d89eae80a34468ddc892e1ef76a9b6fa936c932d,9abf45c1a2288c852f831d513ef7b6e47913f8352f24c679790a6555a56e1cf4,f1084a8ee0b2be12a39e1cba268138fdbc410777223e366e121469ee8187ac0d,2585916452760913118,7878980430985850763,32,False
unsb-reciprocal-bridge-kernel-deflection-v1,RainCityscapes,RainCityscapes__0235,3,0.8600000000000001,4,0.8876210570510499,0.8876159943179895,0.35488447259074307,1.4203576415113566,9.862677308625223e-06,1.771406948125609e-05,1.0450985203913632e-06,1.1243056553533748e-06,1.52731845060039e-07,9.862677308625223e-06,2482de48d80db365a9509d90d89eae80a34468ddc892e1ef76a9b6fa936c932d,9abf45c1a2288c852f831d513ef7b6e47913f8352f24c679790a6555a56e1cf4,f1084a8ee0b2be12a39e1cba268138fdbc410777223e366e121469ee8187ac0d,3557938806870812292,1100931041218108404,32,False
unsb-reciprocal-bridge-kernel-deflection-v1,RainCityscapes,RainCityscapes__1114,1,0.5,4,1.095103710032238,1.0951664565783221,0.9874772617386554,1.2027301583258208,1.6057424403470577e-06,4.753063152285186e-06,7.193308171338231e-10,4.6825094113245314e-07,2.1566937125072627e-10,1.6057424403470577e-06,2482de48d80db365a9509d90d89eae80a34468ddc892e1ef76a9b6fa936c932d,9abf45c1a2288c852f831d513ef7b6e47913f8352f24c679790a6555a56e1cf4,effd6624c19e933ce854acec606c9b3123490e9a63ebfc8a1050ddbba79a7368,9038453598841201387,4092928047623636159,32,False
unsb-reciprocal-bridge-kernel-deflection-v1,RainCityscapes,RainCityscapes__1114,2,0.74,4,1.1374374781073904,1.1374177928878682,1.0194525370614322,1.2554224191533487,6.448964886218711e-06,9.07148920670231e-06,8.99291210387787e-08,7.250238531764097e-07,9.806300438341964e-09,6.448964886218711e-06,2482de48d80db365a9509d90d89eae80a34468ddc892e1ef76a9b6fa936c932d,9abf45c1a2288c852f831d513ef7b6e47913f8352f24c679790a6555a56e1cf4,effd6624c19e933ce854acec606c9b3123490e9a63ebfc8a1050ddbba79a7368,1228066964474370455,179933785234547396,32,False
unsb-reciprocal-bridge-kernel-deflection-v1,RainCityscapes,RainCityscapes__1114,3,0.8600000000000001,4,1.1199777850251849,1.1198839878712574,1.0117055276284457,1.2282500424219238,2.030489248516787e-06,1.174924541036404e-05,1.4387468874055287e-06,1.162394045461923e-07,7.564262061166005e-08,2.030489248516787e-06,2482de48d80db365a9509d90d89eae80a34468ddc892e1ef76a9b6fa936c932d,9abf45c1a2288c852f831d513ef7b6e47913f8352f24c679790a6555a56e1cf4,effd6624c19e933ce854acec606c9b3123490e9a63ebfc8a1050ddbba79a7368,3394036885335742946,4772234979000107411,32,False
unsb-reciprocal-bridge-kernel-deflection-v1,RainCityscapes,RainCityscapes__0692,1,0.5,4,0.9914456262755924,0.9913948397030635,0.7394908025690407,1.2434004499821443,8.689860238053626e-07,2.869667601324011e-07,1.6064556263017948e-07,2.8475069080435844e-07,5.718239459717722e-08,8.689860238053626e-07,2482de48d80db365a9509d90d89eae80a34468ddc892e1ef76a9b6fa936c932d,9abf45c1a2288c852f831d513ef7b6e47913f8352f24c679790a6555a56e1cf4,45d8f6bfe43d46aaa205ec47f4f99012e908f1477a68e38551b22b4a9ad81522,3667394676048796306,809371141836587752,32,False
unsb-reciprocal-bridge-kernel-deflection-v1,RainCityscapes,RainCityscapes__0692,2,0.74,4,1.0689575750187623,1.0688550388289408,0.7826355041688915,1.3552796458686331,2.598711932977338e-06,5.858097382960281e-06,6.906488156932511e-07,3.573265913159318e-07,9.898772157512781e-08,2.598711932977338e-06,2482de48d80db365a9509d90d89eae80a34468ddc892e1ef76a9b6fa936c932d,9abf45c1a2288c852f831d513ef7b6e47913f8352f24c679790a6555a56e1cf4,45d8f6bfe43d46aaa205ec47f4f99012e908f1477a68e38551b22b4a9ad81522,1868038035549843679,5253635371979453338,32,False
unsb-reciprocal-bridge-kernel-deflection-v1,RainCityscapes,RainCityscapes__0692,3,0.8600000000000001,4,1.0756006778270473,1.0754856517895548,0.8033881125121771,1.3478132431419174,2.3848107255641793e-06,1.3800997916701974e-06,8.026467355204403e-07,1.5867885272413673e-07,5.8729243135324793e-08,2.3848107255641793e-06,2482de48d80db365a9509d90d89eae80a34468ddc892e1ef76a9b6fa936c932d,9abf45c1a2288c852f831d513ef7b6e47913f8352f24c679790a6555a56e1cf4,45d8f6bfe43d46aaa205ec47f4f99012e908f1477a68e38551b22b4a9ad81522,2481412628960134877,9121623313878119374,32,False
unsb-reciprocal-bridge-kernel-deflection-v1,RainCityscapes,RainCityscapes__0524,1,0.5,4,0.8605758614125971,0.8604921008382218,0.5888818815212647,1.1322698413039294,1.5356711526859357e-06,8.20688946134851e-06,1.1842253933025404e-07,5.186815031921199e-07,4.787587637444801e-08,1.5356711526859357e-06,2482de48d80db365a9509d90d89eae80a34468ddc892e1ef76a9b6fa936c932d,9abf45c1a2288c852f831d513ef7b6e47913f8352f24c679790a6555a56e1cf4,36225eb955d339d6a7fe9edd3b36dbe41823a40f64de37aaec2f3e7efbc415c0,4623041351118466931,1357460504696188285,32,False
unsb-reciprocal-bridge-kernel-deflection-v1,RainCityscapes,RainCityscapes__0524,2,0.74,4,1.0141777178305444,1.0142350139512368,0.7462468886192377,1.282108547041851,1.4730658692840848e-07,2.9282315339163034e-07,1.8853283378916785e-09,1.9909099924220186e-08,2.4124369168987414e-10,1.4730658692840848e-07,2482de48d80db365a9509d90d89eae80a34468ddc892e1ef76a9b6fa936c932d,9abf45c1a2288c852f831d513ef7b6e47913f8352f24c679790a6555a56e1cf4,36225eb955d339d6a7fe9edd3b36dbe41823a40f64de37aaec2f3e7efbc415c0,8046223978927488404,4782461983098839396,32,False
unsb-reciprocal-bridge-kernel-deflection-v1,RainCityscapes,RainCityscapes__0524,3,0.8600000000000001,4,1.0493921618105804,1.049411993693191,0.8537461808183308,1.2450381428028299,7.938956187780732e-06,5.629708862420202e-06,5.754988632311608e-07,4.7152955762186366e-07,3.555227923168758e-08,7.938956187780732e-06,2482de48d80db365a9509d90d89eae80a34468ddc892e1ef76a9b6fa936c932d,9abf45c1a2288c852f831d513ef7b6e47913f8352f24c679790a6555a56e1cf4,36225eb955d339d6a7fe9edd3b36dbe41823a40f64de37aaec2f3e7efbc415c0,6878902192670352478,7754881616441507785,32,False
unsb-reciprocal-bridge-kernel-deflection-v1,RainCityscapes,RainCityscapes__0882,1,0.5,4,0.57660718200803,0.5765683910940076,0.31710549226844886,0.8361088717476111,8.41567838638646e-07,9.385571375641888e-08,4.1057273136857475e-09,3.936906110002525e-07,2.8470565904825662e-09,8.41567838638646e-07,2482de48d80db365a9509d90d89eae80a34468ddc892e1ef76a9b6fa936c932d,9abf45c1a2288c852f831d513ef7b6e47913f8352f24c679790a6555a56e1cf4,b0813f0a638bd02b7272a9e94f8774148814de63eb54978607d66ce34f2d70f7,1733313184165356022,1868669035555367481,32,False
unsb-reciprocal-bridge-kernel-deflection-v1,RainCityscapes,RainCityscapes__0882,2,0.74,4,0.871697288985825,0.8716169685835021,0.49038514184389914,1.2530094361277508,1.7549950058759478e-06,1.0582424379013133e-06,1.231450965644143e-06,3.5371251472238185e-07,2.351978893866402e-07,1.7549950058759478e-06,2482de48d80db365a9509d90d89eae80a34468ddc892e1ef76a9b6fa936c932d,9abf45c1a2288c852f831d513ef7b6e47913f8352f24c679790a6555a56e1cf4,b0813f0a638bd02b7272a9e94f8774148814de63eb54978607d66ce34f2d70f7,8661667833385948326,4074986717313412039,32,False
unsb-reciprocal-bridge-kernel-deflection-v1,RainCityscapes,RainCityscapes__0882,3,0.8600000000000001,4,0.9729394696510838,0.973083221961823,0.6584425403036815,1.287436398998486,3.5852435079641864e-06,2.679015421280795e-05,2.4672355269927948e-08,3.2690257656398103e-07,1.7633260407379225e-09,3.5852435079641864e-06,2482de48d80db365a9509d90d89eae80a34468ddc892e1ef76a9b6fa936c932d,9abf45c1a2288c852f831d513ef7b6e47913f8352f24c679790a6555a56e1cf4,b0813f0a638bd02b7272a9e94f8774148814de63eb54978607d66ce34f2d70f7,1920787217125416282,172128325590295230,32,False
unsb-reciprocal-bridge-kernel-deflection-v1,RainCityscapes,RainCityscapes__1049,1,0.5,4,0.374284854847438,0.3742696065336299,0.15932754547178518,0.5892421642230908,5.329361218997519e-08,3.4062892195763084e-07,1.0404353378845599e-08,2.610498350819057e-08,1.3667358134128449e-08,5.329361218997519e-08,2482de48d80db365a9509d90d89eae80a34468ddc892e1ef76a9b6fa936c932d,9abf45c1a2288c852f831d513ef7b6e47913f8352f24c679790a6555a56e1cf4,db2ae60299e0e2440c6f297f36c9e66b3e903b1690c871b5aa3b23cd1ee21481,1988630677909708987,4565490121553621509,32,False
unsb-reciprocal-bridge-kernel-deflection-v1,RainCityscapes,RainCityscapes__1049,2,0.74,4,0.7794061489765652,0.779476885641823,0.2790855719262666,1.2797267260268639,1.0587386300997537e-07,8.225708438835966e-07,1.0587386300997537e-07,2.7201885188787855e-10,3.682103044688745e-08,1.2752092715118124e-09,2482de48d80db365a9509d90d89eae80a34468ddc892e1ef76a9b6fa936c932d,9abf45c1a2288c852f831d513ef7b6e47913f8352f24c679790a6555a56e1cf4,db2ae60299e0e2440c6f297f36c9e66b3e903b1690c871b5aa3b23cd1ee21481,4150462541711202777,6524150338793204010,32,False
unsb-reciprocal-bridge-kernel-deflection-v1,RainCityscapes,RainCityscapes__1049,3,0.8600000000000001,4,0.9074447442380118,0.9075088235280646,0.42099009807320964,1.3938993904028139,1.1431754185498022e-06,3.2107586517282627e-06,5.712866264495631e-07,1.0981275500032694e-07,5.897526189624358e-08,1.1431754185498022e-06,2482de48d80db365a9509d90d89eae80a34468ddc892e1ef76a9b6fa936c932d,9abf45c1a2288c852f831d513ef7b6e47913f8352f24c679790a6555a56e1cf4,db2ae60299e0e2440c6f297f36c9e66b3e903b1690c871b5aa3b23cd1ee21481,7646178164912431084,7581066306567311690,32,False
unsb-reciprocal-bridge-kernel-deflection-v1,RainCityscapes,RainCityscapes__0579,1,0.5,4,0.7745690734192937,0.774627783435341,0.4858585412388685,1.063279605599719,4.69761207710917e-09,1.2343037476547636e-06,6.77936595749884e-11,1.8565897708100465e-09,3.888467325907641e-11,4.69761207710917e-09,2482de48d80db365a9509d90d89eae80a34468ddc892e1ef76a9b6fa936c932d,9abf45c1a2288c852f831d513ef7b6e47913f8352f24c679790a6555a56e1cf4,d447a6f630fa857adb1b0e132880c4afc8024b0890f49f4bdd7807b4732cd221,8721122968375792221,8506986954243972311,32,False
unsb-reciprocal-bridge-kernel-deflection-v1,RainCityscapes,RainCityscapes__0579,2,0.74,4,0.9895855964212983,0.9896370969063654,0.6237440959096299,1.3554270969329667,4.2631288466044026e-07,4.095689321026441e-07,4.2631288466044026e-07,1.5256650387485138e-09,6.728466628302954e-08,1.029371998750861e-08,2482de48d80db365a9509d90d89eae80a34468ddc892e1ef76a9b6fa936c932d,9abf45c1a2288c852f831d513ef7b6e47913f8352f24c679790a6555a56e1cf4,d447a6f630fa857adb1b0e132880c4afc8024b0890f49f4bdd7807b4732cd221,1469153470024957800,1017093200838932456,32,False
unsb-reciprocal-bridge-kernel-deflection-v1,RainCityscapes,RainCityscapes__0579,3,0.8600000000000001,4,1.0499933603854827,1.0499010507578257,0.7160000655457176,1.3839866552252478,1.3890506288638527e-05,2.210424281168244e-06,2.6272315878372865e-08,9.072422475497888e-07,1.7554693254595577e-09,1.3890506288638527e-05,2482de48d80db365a9509d90d89eae80a34468ddc892e1ef76a9b6fa936c932d,9abf45c1a2288c852f831d513ef7b6e47913f8352f24c679790a6555a56e1cf4,d447a6f630fa857adb1b0e132880c4afc8024b0890f49f4bdd7807b4732cd221,7629030723556918971,8297349465183167400,32,False
unsb-reciprocal-bridge-kernel-deflection-v1,RainCityscapes,RainCityscapes__0019,1,0.5,4,0.48588377430931556,0.48588939301265993,0.20344652196027058,0.7683210266583606,3.0617617396977437e-07,5.480620133280212e-07,2.4494766459604023e-07,4.045404589092527e-08,3.0617617396977437e-07,9.009172519114372e-08,2482de48d80db365a9509d90d89eae80a34468ddc892e1ef76a9b6fa936c932d,9abf45c1a2288c852f831d513ef7b6e47913f8352f24c679790a6555a56e1cf4,a882ba4c0cdfac974ddca5a25220d0fef0665a6c2117dbc664b0adf6091a50f4,761093524752291021,7357611922268448122,32,False
unsb-reciprocal-bridge-kernel-deflection-v1,RainCityscapes,RainCityscapes__0019,2,0.74,4,0.8505352019325111,0.8505505616459026,0.33680003537537506,1.3642703684896471,4.7284606463637857e-07,3.7903903975511355e-06,7.942857482845511e-11,8.405218387963487e-08,2.8596791601387395e-11,4.7284606463637857e-07,2482de48d80db365a9509d90d89eae80a34468ddc892e1ef76a9b6fa936c932d,9abf45c1a2288c852f831d513ef7b6e47913f8352f24c679790a6555a56e1cf4,a882ba4c0cdfac974ddca5a25220d0fef0665a6c2117dbc664b0adf6091a50f4,5643120136767450693,53782261409670243,32,False
unsb-reciprocal-bridge-kernel-deflection-v1,RainCityscapes,RainCityscapes__0019,3,0.8600000000000001,4,0.948121042527049,0.9482591820737255,0.4912318139205424,1.4050102711335557,2.5305820345877805e-06,8.023374675758532e-08,7.900568088636817e-08,1.907711575377391e-07,7.2120974747846844e-09,2.5305820345877805e-06,2482de48d80db365a9509d90d89eae80a34468ddc892e1ef76a9b6fa936c932d,9abf45c1a2288c852f831d513ef7b6e47913f8352f24c679790a6555a56e1cf4,a882ba4c0cdfac974ddca5a25220d0fef0665a6c2117dbc664b0adf6091a50f4,7622302306470994555,1978745799383017909,32,False
unsb-reciprocal-bridge-kernel-deflection-v1,RainCityscapes,RainCityscapes__0108,1,0.5,4,0.7850179095558627,0.7849518784357672,0.4683696463391286,1.101666172772597,2.3766362328148105e-06,4.125304663760154e-06,5.708480105282021e-07,9.481075706752051e-07,3.4250076164088483e-07,2.3766362328148105e-06,2482de48d80db365a9509d90d89eae80a34468ddc892e1ef76a9b6fa936c932d,9abf45c1a2288c852f831d513ef7b6e47913f8352f24c679790a6555a56e1cf4,24090ac743b41ffc0b0092e0c76379209d505f88e95b2e40b758d7105901b3c1,324990219429859752,3855355786706686558,32,False
unsb-reciprocal-bridge-kernel-deflection-v1,RainCityscapes,RainCityscapes__0108,2,0.74,4,0.9779040809076182,0.9778447897749284,0.5658619260183555,1.3899462357968808,1.0864195965076817e-07,1.777116098722331e-08,7.633556942110431e-08,1.8535425194698973e-08,1.5801258523850947e-08,1.0864195965076817e-07,2482de48d80db365a9509d90d89eae80a34468ddc892e1ef76a9b6fa936c932d,9abf45c1a2288c852f831d513ef7b6e47913f8352f24c679790a6555a56e1cf4,24090ac743b41ffc0b0092e0c76379209d505f88e95b2e40b758d7105901b3c1,5334858960273902181,6201097388345457703,32,False
unsb-reciprocal-bridge-kernel-deflection-v1,RainCityscapes,RainCityscapes__0108,3,0.8600000000000001,4,1.0440697586914278,1.0440162433623619,0.6498561642401944,1.438283353142661,6.432258331523499e-07,2.9337341287405394e-06,5.652653833898569e-08,5.060115360056017e-08,5.215728515750584e-09,6.432258331523499e-07,2482de48d80db365a9509d90d89eae80a34468ddc892e1ef76a9b6fa936c932d,9abf45c1a2288c852f831d513ef7b6e47913f8352f24c679790a6555a56e1cf4,24090ac743b41ffc0b0092e0c76379209d505f88e95b2e40b758d7105901b3c1,2401078462158573711,546284821327687172,32,False
unsb-reciprocal-bridge-kernel-deflection-v1,RainCityscapes,RainCityscapes__1026,1,0.5,4,0.7803071696270745,0.7801797418125871,0.5389019158877556,1.0217124233663935,8.987694630757659e-07,2.1617569795351343e-06,5.9285986897528176e-08,3.2708952169002714e-07,3.21133202252355e-08,8.987694630757659e-07,2482de48d80db365a9509d90d89eae80a34468ddc892e1ef76a9b6fa936c932d,9abf45c1a2288c852f831d513ef7b6e47913f8352f24c679790a6555a56e1cf4,4a39c38b3fc12da3c474c549ed41bd469ff430551d8d252cc42f7826441509a6,126957882255435301,4278708505755502221,32,False
unsb-reciprocal-bridge-kernel-deflection-v1,RainCityscapes,RainCityscapes__1026,2,0.74,4,0.9847145940826258,0.9848928724209542,0.6638430325650942,1.3055861556001573,2.559570265181499e-06,1.1563056352414947e-06,3.103880117372171e-07,3.627824876062391e-07,5.310055173346484e-08,2.559570265181499e-06,2482de48d80db365a9509d90d89eae80a34468ddc892e1ef76a9b6fa936c932d,9abf45c1a2288c852f831d513ef7b6e47913f8352f24c679790a6555a56e1cf4,4a39c38b3fc12da3c474c549ed41bd469ff430551d8d252cc42f7826441509a6,8647353196429005496,4579001045774148204,32,False
unsb-reciprocal-bridge-kernel-deflection-v1,RainCityscapes,RainCityscapes__1026,3,0.8600000000000001,4,1.0350449259872128,1.0349131936883642,0.7446902600108699,1.3253995919635557,1.3595101577834612e-07,2.8894411068236536e-06,1.193881438155131e-09,9.220134877807595e-09,8.667033757348008e-11,1.3595101577834612e-07,2482de48d80db365a9509d90d89eae80a34468ddc892e1ef76a9b6fa936c932d,9abf45c1a2288c852f831d513ef7b6e47913f8352f24c679790a6555a56e1cf4,4a39c38b3fc12da3c474c549ed41bd469ff430551d8d252cc42f7826441509a6,4737929300746426827,7387638336784598172,32,False
unsb-reciprocal-bridge-kernel-deflection-v1,RainCityscapes,RainCityscapes__1019,1,0.5,4,1.2329157904877186,1.2329267564716777,1.197212583029634,1.268618997945803,3.5468311654351936e-07,1.8492789768287388e-05,5.658914337125509e-08,8.968950437893142e-08,1.3668504994512887e-08,3.5468311654351936e-07,2482de48d80db365a9509d90d89eae80a34468ddc892e1ef76a9b6fa936c932d,9abf45c1a2288c852f831d513ef7b6e47913f8352f24c679790a6555a56e1cf4,9b7dabcf56d66010d879048c4b1bb660e642228817eb5d852e1e71e642886a12,1467750537951084846,6009136745599323882,32,False
unsb-reciprocal-bridge-kernel-deflection-v1,RainCityscapes,RainCityscapes__1019,2,0.74,4,1.195664039302696,1.1956331601389065,1.1712319993683633,1.2200960792370288,1.5179469015080826e-07,1.487297678903765e-06,1.5179469015080826e-07,7.509999733201767e-09,1.46400178646644e-08,7.653415368125138e-08,2482de48d80db365a9509d90d89eae80a34468ddc892e1ef76a9b6fa936c932d,9abf45c1a2288c852f831d513ef7b6e47913f8352f24c679790a6555a56e1cf4,9b7dabcf56d66010d879048c4b1bb660e642228817eb5d852e1e71e642886a12,64596641990530778,6792775653825532824,32,False
unsb-reciprocal-bridge-kernel-deflection-v1,RainCityscapes,RainCityscapes__1019,3,0.8600000000000001,4,1.1452461370195723,1.145177751575138,1.1395864006683674,1.1509058733707773,1.3595263892440812e-07,8.978514354218703e-08,1.3595263892440812e-07,4.0113574684141895e-09,6.416817965870791e-09,8.300554132922855e-08,2482de48d80db365a9509d90d89eae80a34468ddc892e1ef76a9b6fa936c932d,9abf45c1a2288c852f831d513ef7b6e47913f8352f24c679790a6555a56e1cf4,9b7dabcf56d66010d879048c4b1bb660e642228817eb5d852e1e71e642886a12,8189474249963755679,2704742643030592940,32,False
unsb-reciprocal-bridge-kernel-deflection-v1,RainCityscapes,RainCityscapes__0928,1,0.5,4,0.7640699271331575,0.7640470371750576,0.51450823738317,1.013631616883145,5.174644113425941e-06,5.617312306527289e-06,6.427982450762926e-07,1.8853894322434783e-06,3.617246244758121e-07,5.174644113425941e-06,2482de48d80db365a9509d90d89eae80a34468ddc892e1ef76a9b6fa936c932d,9abf45c1a2288c852f831d513ef7b6e47913f8352f24c679790a6555a56e1cf4,490d13fea7d8ed91768213cea0847a4ff1b27b546d387dfb3eabd92d51898ff3,7345055900695527553,1280598227020658947,32,False
unsb-reciprocal-bridge-kernel-deflection-v1,RainCityscapes,RainCityscapes__0928,2,0.74,4,0.9767100096798937,0.9767808850216186,0.6420332552485511,1.3113867641112362,1.7508053202774931e-06,7.649498579453962e-06,3.5301742640214684e-08,2.555395558490048e-07,6.308600530857689e-09,1.7508053202774931e-06,2482de48d80db365a9509d90d89eae80a34468ddc892e1ef76a9b6fa936c932d,9abf45c1a2288c852f831d513ef7b6e47913f8352f24c679790a6555a56e1cf4,490d13fea7d8ed91768213cea0847a4ff1b27b546d387dfb3eabd92d51898ff3,9014181559349888840,7388234734832258487,32,False
unsb-reciprocal-bridge-kernel-deflection-v1,RainCityscapes,RainCityscapes__0928,3,0.8600000000000001,4,1.0326880517356525,1.0326354863147396,0.7267375068169919,1.338638596654313,1.0917522224040965e-06,3.016441301739725e-06,2.516915542649656e-08,7.456512762793466e-08,1.8567990478501883e-09,1.0917522224040965e-06,2482de48d80db365a9509d90d89eae80a34468ddc892e1ef76a9b6fa936c932d,9abf45c1a2288c852f831d513ef7b6e47913f8352f24c679790a6555a56e1cf4,490d13fea7d8ed91768213cea0847a4ff1b27b546d387dfb3eabd92d51898ff3,7204911387979093103,4484495137644726471,32,False
unsb-reciprocal-bridge-kernel-deflection-v1,RainCityscapes,RainCityscapes__0025,1,0.5,4,0.27829616064629525,0.27828675693653954,0.11791121494704426,0.43868110634554625,1.8935134127318065e-08,8.991156932314226e-07,1.073849531518789e-08,2.6514035411651093e-10,1.8935134127318065e-08,5.127525071202399e-10,2482de48d80db365a9509d90d89eae80a34468ddc892e1ef76a9b6fa936c932d,9abf45c1a2288c852f831d513ef7b6e47913f8352f24c679790a6555a56e1cf4,5b29ac005536a5635560713592aba9d18eea948f0500ffcf3dfe62cb14e67f16,4299254295602421573,3114734796974150018,32,False
unsb-reciprocal-bridge-kernel-deflection-v1,RainCityscapes,RainCityscapes__0025,2,0.74,4,0.7163843907604421,0.716364452101346,0.2165564177011854,1.2162123638196989,8.643481641534834e-08,3.245251565253682e-07,1.6042218664580332e-09,2.0598970640328673e-08,9.133096501301452e-10,8.643481641534834e-08,2482de48d80db365a9509d90d89eae80a34468ddc892e1ef76a9b6fa936c932d,9abf45c1a2288c852f831d513ef7b6e47913f8352f24c679790a6555a56e1cf4,5b29ac005536a5635560713592aba9d18eea948f0500ffcf3dfe62cb14e67f16,8544285376151659960,6115291478616522924,32,False
unsb-reciprocal-bridge-kernel-deflection-v1,RainCityscapes,RainCityscapes__0025,3,0.8600000000000001,4,0.8560830809457245,0.8560668031436036,0.34962630147578755,1.3625398604156616,2.3025456064029726e-07,5.225978597422909e-06,1.4251582591828793e-07,2.579347191389303e-08,2.232998852491619e-08,2.3025456064029726e-07,2482de48d80db365a9509d90d89eae80a34468ddc892e1ef76a9b6fa936c932d,9abf45c1a2288c852f831d513ef7b6e47913f8352f24c679790a6555a56e1cf4,5b29ac005536a5635560713592aba9d18eea948f0500ffcf3dfe62cb14e67f16,2237648417301852305,93710389520366942,32,False
unsb-reciprocal-bridge-kernel-deflection-v1,RainCityscapes,RainCityscapes__0885,1,0.5,4,1.2105471672445431,1.210617546063865,1.149498684147093,1.2715956503419932,1.1759436158165215e-06,5.72051478697766e-06,2.740415350199754e-08,3.0272296125399833e-07,6.852251988043179e-09,1.1759436158165215e-06,2482de48d80db365a9509d90d89eae80a34468ddc892e1ef76a9b6fa936c932d,9abf45c1a2288c852f831d513ef7b6e47913f8352f24c679790a6555a56e1cf4,c9bf4471adb245591b23b6561560809d9c778902e896e742d2a92f1030f4bcc5,1841405659840127430,5526016462296220364,32,False
unsb-reciprocal-bridge-kernel-deflection-v1,RainCityscapes,RainCityscapes__0885,2,0.74,4,1.1892794768366808,1.1893429615336755,1.1364178796001714,1.2421410740731904,1.2751666566002129e-06,1.2291715312251483e-06,1.1479675132708422e-07,1.242081266727979e-07,1.1102453068012608e-08,1.2751666566002129e-06,2482de48d80db365a9509d90d89eae80a34468ddc892e1ef76a9b6fa936c932d,9abf45c1a2288c852f831d513ef7b6e47913f8352f24c679790a6555a56e1cf4,c9bf4471adb245591b23b6561560809d9c778902e896e742d2a92f1030f4bcc5,9023140419460555122,5450472328018003881,32,False
unsb-reciprocal-bridge-kernel-deflection-v1,RainCityscapes,RainCityscapes__0885,3,0.8600000000000001,4,1.1436012315268473,1.1437396990844317,1.1033990652867396,1.183803397766955,4.321746415958394e-06,3.4786361769789664e-05,6.382629702539333e-08,2.1215885626091335e-07,2.9787559086003057e-09,4.321746415958394e-06,2482de48d80db365a9509d90d89eae80a34468ddc892e1ef76a9b6fa936c932d,9abf45c1a2288c852f831d513ef7b6e47913f8352f24c679790a6555a56e1cf4,c9bf4471adb245591b23b6561560809d9c778902e896e742d2a92f1030f4bcc5,7964097111701436573,6930570985354354344,32,False
unsb-reciprocal-bridge-kernel-deflection-v1,RainCityscapes,RainCityscapes__0708,1,0.5,4,0.5060228153485998,0.5059561106726163,0.23586322362506396,0.7761824070721357,8.099738013633839e-08,6.836955932509881e-07,6.902195259783639e-08,1.7533718255080544e-08,8.099738013633839e-08,3.672906234708506e-08,2482de48d80db365a9509d90d89eae80a34468ddc892e1ef76a9b6fa936c932d,9abf45c1a2288c852f831d513ef7b6e47913f8352f24c679790a6555a56e1cf4,eb497dee8bbdb70738791d8bfb4eb46b81d5575a19629de24c711d2a70d4c220,3811930690332175202,6900201463720407798,32,False
unsb-reciprocal-bridge-kernel-deflection-v1,RainCityscapes,RainCityscapes__0708,2,0.74,4,0.8426827765663545,0.8427329917065008,0.3587085516174987,1.3266570015152102,4.6125685171372055e-07,3.048452046350292e-08,4.083738291971173e-08,1.0261165706015873e-07,1.4392805169904932e-08,4.6125685171372055e-07,2482de48d80db365a9509d90d89eae80a34468ddc892e1ef76a9b6fa936c932d,9abf45c1a2288c852f831d513ef7b6e47913f8352f24c679790a6555a56e1cf4,eb497dee8bbdb70738791d8bfb4eb46b81d5575a19629de24c711d2a70d4c220,1216227404423664318,2856442635917759478,32,False
unsb-reciprocal-bridge-kernel-deflection-v1,RainCityscapes,RainCityscapes__0708,3,0.8600000000000001,4,0.9555094752310489,0.9554939615723432,0.4780061908184372,1.4330127596436606,2.3157692320419088e-06,2.6899920020362345e-06,1.7553680731197119e-09,2.4848314716940934e-07,2.398079512744289e-10,2.3157692320419088e-06,2482de48d80db365a9509d90d89eae80a34468ddc892e1ef76a9b6fa936c932d,9abf45c1a2288c852f831d513ef7b6e47913f8352f24c679790a6555a56e1cf4,eb497dee8bbdb70738791d8bfb4eb46b81d5575a19629de24c711d2a70d4c220,4730746526576256680,4591533335475258911,32,False
unsb-reciprocal-bridge-kernel-deflection-v1,RainCityscapes,RainCityscapes__0768,1,0.5,5,0.7008346581740856,0.7008159801114235,0.4902482033776705,0.9114211129705008,3.100476656525686e-07,4.713960273239337e-07,3.100476656525686e-07,8.806778639680601e-09,1.8584674688071345e-07,2.02689638406639e-08,2482de48d80db365a9509d90d89eae80a34468ddc892e1ef76a9b6fa936c932d,51c5f981a31fc6a6d3f570f3f89f708329505a1bdc6d08f4ad2058e85d6751f3,073cf5c1a1881ed2a454fbbf0836a4fcd75d38613101b02a46d9375d39e805de,5773543443494716135,1081030391839348649,32,False
unsb-reciprocal-bridge-kernel-deflection-v1,RainCityscapes,RainCityscapes__0768,2,0.74,5,0.8855216361328178,0.8855218624036879,0.6256393075409719,1.1454039647246637,5.737290860174937e-07,2.1935085301461044e-06,4.1377355342042677e-07,1.1146750589219323e-07,8.983604049550564e-08,5.737290860174937e-07,2482de48d80db365a9509d90d89eae80a34468ddc892e1ef76a9b6fa936c932d,51c5f981a31fc6a6d3f570f3f89f708329505a1bdc6d08f4ad2058e85d6751f3,073cf5c1a1881ed2a454fbbf0836a4fcd75d38613101b02a46d9375d39e805de,2484449394582548313,5887200515223386596,32,False
unsb-reciprocal-bridge-kernel-deflection-v1,RainCityscapes,RainCityscapes__0768,3,0.8600000000000001,5,0.9241262691102414,0.9241163941248447,0.7235976460772977,1.1246548921431851,5.932516962126044e-07,3.396665195776194e-07,3.3749766248369895e-07,6.656543527494563e-08,3.27029588964578e-08,5.932516962126044e-07,2482de48d80db365a9509d90d89eae80a34468ddc892e1ef76a9b6fa936c932d,51c5f981a31fc6a6d3f570f3f89f708329505a1bdc6d08f4ad2058e85d6751f3,073cf5c1a1881ed2a454fbbf0836a4fcd75d38613101b02a46d9375d39e805de,1921991499034837013,1688520211561802155,32,False
unsb-reciprocal-bridge-kernel-deflection-v1,RainCityscapes,RainCityscapes__0235,1,0.5,5,0.22557641312132465,0.22558182086006356,0.12960702823333747,0.3215457980093118,1.2007977701067318e-07,3.6761680011210274e-07,9.005614809431961e-08,5.984346607146307e-08,1.2007977701067318e-07,8.950960761477944e-08,2482de48d80db365a9509d90d89eae80a34468ddc892e1ef76a9b6fa936c932d,51c5f981a31fc6a6d3f570f3f89f708329505a1bdc6d08f4ad2058e85d6751f3,f1084a8ee0b2be12a39e1cba268138fdbc410777223e366e121469ee8187ac0d,2280318873256607745,3829442721326788485,32,False
unsb-reciprocal-bridge-kernel-deflection-v1,RainCityscapes,RainCityscapes__0235,2,0.74,5,0.5894291424318784,0.5894290784030588,0.22982644251537732,0.9490318423483795,8.490903014024553e-08,3.3455911341295774e-07,4.814438070432914e-08,3.341475596219112e-08,3.5101777151602676e-08,8.490903014024553e-08,2482de48d80db365a9509d90d89eae80a34468ddc892e1ef76a9b6fa936c932d,51c5f981a31fc6a6d3f570f3f89f708329505a1bdc6d08f4ad2058e85d6751f3,f1084a8ee0b2be12a39e1cba268138fdbc410777223e366e121469ee8187ac0d,2585916452760913118,7878980430985850763,32,False
unsb-reciprocal-bridge-kernel-deflection-v1,RainCityscapes,RainCityscapes__0235,3,0.8600000000000001,5,0.7834873596018769,0.7834869546983372,0.34543462794875923,1.2215400912549945,1.0450985203913632e-06,9.475507618539325e-07,1.0450985203913632e-06,1.7169864185984096e-07,2.537809016267545e-07,7.956998797631343e-07,2482de48d80db365a9509d90d89eae80a34468ddc892e1ef76a9b6fa936c932d,51c5f981a31fc6a6d3f570f3f89f708329505a1bdc6d08f4ad2058e85d6751f3,f1084a8ee0b2be12a39e1cba268138fdbc410777223e366e121469ee8187ac0d,3557938806870812292,1100931041218108404,32,False
unsb-reciprocal-bridge-kernel-deflection-v1,RainCityscapes,RainCityscapes__1114,1,0.5,5,0.8887268341071004,0.8887487112257757,0.8104090762282486,0.967044591985952,4.58785510693005e-07,3.097666879670058e-06,7.193308171338231e-10,1.741811228583856e-07,2.828344225491719e-10,4.58785510693005e-07,2482de48d80db365a9509d90d89eae80a34468ddc892e1ef76a9b6fa936c932d,51c5f981a31fc6a6d3f570f3f89f708329505a1bdc6d08f4ad2058e85d6751f3,effd6624c19e933ce854acec606c9b3123490e9a63ebfc8a1050ddbba79a7368,9038453598841201387,4092928047623636159,32,False
unsb-reciprocal-bridge-kernel-deflection-v1,RainCityscapes,RainCityscapes__1114,2,0.74,5,0.9759112195170783,0.9759317339518068,0.8853237213268348,1.0664987177073217,3.825334892182397e-07,7.847770721047809e-07,8.99291210387787e-08,7.058514328583954e-08,1.4652626778577371e-08,3.825334892182397e-07,2482de48d80db365a9509d90d89eae80a34468ddc892e1ef76a9b6fa936c932d,51c5f981a31fc6a6d3f570f3f89f708329505a1bdc6d08f4ad2058e85d6751f3,effd6624c19e933ce854acec606c9b3123490e9a63ebfc8a1050ddbba79a7368,1228066964474370455,179933785234547396,32,False
unsb-reciprocal-bridge-kernel-deflection-v1,RainCityscapes,RainCityscapes__1114,3,0.8600000000000001,5,0.9860768170026247,0.9860895074365049,0.9059324264176638,1.0662212075875857,1.4387468874055287e-06,5.72520745811822e-07,1.4387468874055287e-06,6.743709568546308e-08,1.173952735022965e-07,6.533384470097658e-07,2482de48d80db365a9509d90d89eae80a34468ddc892e1ef76a9b6fa936c932d,51c5f981a31fc6a6d3f570f3f89f708329505a1bdc6d08f4ad2058e85d6751f3,effd6624c19e933ce854acec606c9b3123490e9a63ebfc8a1050ddbba79a7368,3394036885335742946,4772234979000107411,32,False
unsb-reciprocal-bridge-kernel-deflection-v1,RainCityscapes,RainCityscapes__0692,1,0.5,5,0.8307338274832808,0.8307388012415137,0.656962452103425,1.0045052028631367,1.6064556263017948e-07,6.629527518065004e-07,1.6064556263017948e-07,2.9238496512817846e-08,7.300633497742126e-08,7.291073489401612e-08,2482de48d80db365a9509d90d89eae80a34468ddc892e1ef76a9b6fa936c932d,51c5f981a31fc6a6d3f570f3f89f708329505a1bdc6d08f4ad2058e85d6751f3,45d8f6bfe43d46aaa205ec47f4f99012e908f1477a68e38551b22b4a9ad81522,3667394676048796306,809371141836587752,32,False
unsb-reciprocal-bridge-kernel-deflection-v1,RainCityscapes,RainCityscapes__0692,2,0.74,5,0.9239803424159114,0.9239613746078564,0.7042365281071641,1.1437241567246588,6.906488156932511e-07,3.7863672641691437e-07,6.906488156932511e-07,1.7030259535921743e-08,1.4534710235381e-07,8.336502532735324e-08,2482de48d80db365a9509d90d89eae80a34468ddc892e1ef76a9b6fa936c932d,51c5f981a31fc6a6d3f570f3f89f708329505a1bdc6d08f4ad2058e85d6751f3,45d8f6bfe43d46aaa205ec47f4f99012e908f1477a68e38551b22b4a9ad81522,1868038035549843679,5253635371979453338,32,False
unsb-reciprocal-bridge-kernel-deflection-v1,RainCityscapes,RainCityscapes__0692,3,0.8600000000000001,5,0.9533100362408877,0.953319565193073,0.7337175774881161,1.1729024949936595,8.026467355204403e-07,1.3800997916701974e-06,8.026467355204403e-07,5.802454183800876e-09,8.984935018219176e-08,5.2456054611127456e-08,2482de48d80db365a9509d90d89eae80a34468ddc892e1ef76a9b6fa936c932d,51c5f981a31fc6a6d3f570f3f89f708329505a1bdc6d08f4ad2058e85d6751f3,45d8f6bfe43d46aaa205ec47f4f99012e908f1477a68e38551b22b4a9ad81522,2481412628960134877,9121623313878119374,32,False
unsb-reciprocal-bridge-kernel-deflection-v1,RainCityscapes,RainCityscapes__0524,1,0.5,5,0.7445794544388409,0.7445625586086705,0.5841883482827521,0.9049705605949296,1.1842253933025404e-07,3.2535779659337294e-07,1.1842253933025404e-07,2.231470697111604e-08,5.302298389242566e-08,4.808069165029849e-08,2482de48d80db365a9509d90d89eae80a34468ddc892e1ef76a9b6fa936c932d,51c5f981a31fc6a6d3f570f3f89f708329505a1bdc6d08f4ad2058e85d6751f3,36225eb955d339d6a7fe9edd3b36dbe41823a40f64de37aaec2f3e7efbc415c0,4623041351118466931,1357460504696188285,32,False
unsb-reciprocal-bridge-kernel-deflection-v1,RainCityscapes,RainCityscapes__0524,2,0.74,5,0.8723547882472379,0.8723811915488622,0.7235614481950858,1.02114812829939,4.1313629350892e-07,2.5527344904574534e-08,1.8853283378916785e-09,1.0332750410846359e-07,3.085780519995751e-10,4.1313629350892e-07,2482de48d80db365a9509d90d89eae80a34468ddc892e1ef76a9b6fa936c932d,51c5f981a31fc6a6d3f570f3f89f708329505a1bdc6d08f4ad2058e85d6751f3,36225eb955d339d6a7fe9edd3b36dbe41823a40f64de37aaec2f3e7efbc415c0,8046223978927488404,4782461983098839396,32,False
unsb-reciprocal-bridge-kernel-deflection-v1,RainCityscapes,RainCityscapes__0524,3,0.8600000000000001,5,0.9067543235353821,0.9067611900471981,0.82063429834857,0.9928743487221943,5.754988632311608e-07,3.8171362255479124e-06,5.754988632311608e-07,2.6258689778124733e-08,5.136565350838396e-08,1.9987604371607404e-07,2482de48d80db365a9509d90d89eae80a34468ddc892e1ef76a9b6fa936c932d,51c5f981a31fc6a6d3f570f3f89f708329505a1bdc6d08f4ad2058e85d6751f3,36225eb955d339d6a7fe9edd3b36dbe41823a40f64de37aaec2f3e7efbc415c0,6878902192670352478,7754881616441507785,32,False
unsb-reciprocal-bridge-kernel-deflection-v1,RainCityscapes,RainCityscapes__0882,1,0.5,5,0.5065610509373129,0.5065689684407035,0.3551979077327375,0.6579241941418882,3.069127363364288e-08,2.400058385365611e-08,4.1057273136857475e-09,1.657844583835555e-08,2.5923851953990606e-09,3.069127363364288e-08,2482de48d80db365a9509d90d89eae80a34468ddc892e1ef76a9b6fa936c932d,51c5f981a31fc6a6d3f570f3f89f708329505a1bdc6d08f4ad2058e85d6751f3,b0813f0a638bd02b7272a9e94f8774148814de63eb54978607d66ce34f2d70f7,1733313184165356022,1868669035555367481,32,False
unsb-reciprocal-bridge-kernel-deflection-v1,RainCityscapes,RainCityscapes__0882,2,0.74,5,0.7632250843258889,0.763254137849471,0.5348311907176082,0.9916189779341695,1.231450965644143e-06,1.0582424379013133e-06,1.231450965644143e-06,1.2872947263709023e-07,2.8408337549024054e-07,4.5881371479872257e-07,2482de48d80db365a9509d90d89eae80a34468ddc892e1ef76a9b6fa936c932d,51c5f981a31fc6a6d3f570f3f89f708329505a1bdc6d08f4ad2058e85d6751f3,b0813f0a638bd02b7272a9e94f8774148814de63eb54978607d66ce34f2d70f7,8661667833385948326,4074986717313412039,32,False
unsb-reciprocal-bridge-kernel-deflection-v1,RainCityscapes,RainCityscapes__0882,3,0.8600000000000001,5,0.8672775770775708,0.8672706398580343,0.6883135353165797,1.046241618838562,1.0480013177271985e-06,1.1524284504460525e-07,2.4672355269927948e-08,1.877060600286029e-07,2.4195309089591888e-09,1.0480013177271985e-06,2482de48d80db365a9509d90d89eae80a34468ddc892e1ef76a9b6fa936c932d,51c5f981a31fc6a6d3f570f3f89f708329505a1bdc6d08f4ad2058e85d6751f3,b0813f0a638bd02b7272a9e94f8774148814de63eb54978607d66ce34f2d70f7,1920787217125416282,172128325590295230,32,False
unsb-reciprocal-bridge-kernel-deflection-v1,RainCityscapes,RainCityscapes__1049,1,0.5,5,0.31253805694083825,0.31253724177357595,0.18297665176040923,0.4420994621212673,3.1346836015799795e-08,2.731582309234426e-07,1.0404353378845599e-08,1.890308443108779e-08,1.0962559748861622e-08,3.1346836015799795e-08,2482de48d80db365a9509d90d89eae80a34468ddc892e1ef76a9b6fa936c932d,51c5f981a31fc6a6d3f570f3f89f708329505a1bdc6d08f4ad2058e85d6751f3,db2ae60299e0e2440c6f297f36c9e66b3e903b1690c871b5aa3b23cd1ee21481,1988630677909708987,4565490121553621509,32,False
unsb-reciprocal-bridge-kernel-deflection-v1,RainCityscapes,RainCityscapes__1049,2,0.74,5,0.6544573497240034,0.654465341288194,0.31357959100224264,0.9953351084457642,1.0587386300997537e-07,2.4283040522821153e-07,1.0587386300997537e-07,8.60935667201801e-09,4.504822148643228e-08,2.5642834966532746e-08,2482de48d80db365a9509d90d89eae80a34468ddc892e1ef76a9b6fa936c932d,51c5f981a31fc6a6d3f570f3f89f708329505a1bdc6d08f4ad2058e85d6751f3,db2ae60299e0e2440c6f297f36c9e66b3e903b1690c871b5aa3b23cd1ee21481,4150462541711202777,6524150338793204010,32,False
unsb-reciprocal-bridge-kernel-deflection-v1,RainCityscapes,RainCityscapes__1049,3,0.8600000000000001,5,0.8109221954921109,0.8110111717969206,0.45075478349678144,1.1710896074874402,5.712866264495631e-07,4.1262808414543883e-07,5.712866264495631e-07,1.2214751432537696e-08,8.792024375203766e-08,7.74266596392792e-08,2482de48d80db365a9509d90d89eae80a34468ddc892e1ef76a9b6fa936c932d,51c5f981a31fc6a6d3f570f3f89f708329505a1bdc6d08f4ad2058e85d6751f3,db2ae60299e0e2440c6f297f36c9e66b3e903b1690c871b5aa3b23cd1ee21481,7646178164912431084,7581066306567311690,32,False
unsb-reciprocal-bridge-kernel-deflection-v1,RainCityscapes,RainCityscapes__0579,1,0.5,5,0.6813627856693668,0.681356258886159,0.50604930204339,0.8566762692953436,2.622653407780007e-07,8.261773990492216e-07,6.77936595749884e-11,1.141838569251874e-07,3.7990055545833457e-11,2.622653407780007e-07,2482de48d80db365a9509d90d89eae80a34468ddc892e1ef76a9b6fa936c932d,51c5f981a31fc6a6d3f570f3f89f708329505a1bdc6d08f4ad2058e85d6751f3,d447a6f630fa857adb1b0e132880c4afc8024b0890f49f4bdd7807b4732cd221,8721122968375792221,8506986954243972311,32,False
unsb-reciprocal-bridge-kernel-deflection-v1,RainCityscapes,RainCityscapes__0579,2,0.74,5,0.8815370936138709,0.881519826238936,0.6397085677645197,1.1233656194632222,4.2631288466044026e-07,3.452514394375328e-07,4.2631288466044026e-07,1.0125192573262609e-08,8.951072683061057e-08,5.2640610981313785e-08,2482de48d80db365a9509d90d89eae80a34468ddc892e1ef76a9b6fa936c932d,51c5f981a31fc6a6d3f570f3f89f708329505a1bdc6d08f4ad2058e85d6751f3,d447a6f630fa857adb1b0e132880c4afc8024b0890f49f4bdd7807b4732cd221,1469153470024957800,1017093200838932456,32,False
unsb-reciprocal-bridge-kernel-deflection-v1,RainCityscapes,RainCityscapes__0579,3,0.8600000000000001,5,0.9390746819489333,0.939066529537773,0.7145525056682775,1.163596858229589,9.917096588374363e-08,4.5435461681897493e-07,2.6272315878372865e-08,9.53194145836278e-09,2.509229157787729e-09,9.917096588374363e-08,2482de48d80db365a9509d90d89eae80a34468ddc892e1ef76a9b6fa936c932d,51c5f981a31fc6a6d3f570f3f89f708329505a1bdc6d08f4ad2058e85d6751f3,d447a6f630fa857adb1b0e132880c4afc8024b0890f49f4bdd7807b4732cd221,7629030723556918971,8297349465183167400,32,False
unsb-reciprocal-bridge-kernel-deflection-v1,RainCityscapes,RainCityscapes__0019,1,0.5,5,0.3833614625286223,0.3833563435734161,0.20015625315245966,0.5665666719047849,2.769028311089272e-07,4.961189762342499e-07,2.4494766459604023e-07,7.746423191790086e-08,2.769028311089272e-07,1.5562503952182283e-07,2482de48d80db365a9509d90d89eae80a34468ddc892e1ef76a9b6fa936c932d,51c5f981a31fc6a6d3f570f3f89f708329505a1bdc6d08f4ad2058e85d6751f3,a882ba4c0cdfac974ddca5a25220d0fef0665a6c2117dbc664b0adf6091a50f4,761093524752291021,7357611922268448122,32,False
unsb-reciprocal-bridge-kernel-deflection-v1,RainCityscapes,RainCityscapes__0019,2,0.74,5,0.7171865794455211,0.7171768395936984,0.33202108261282226,1.10235207627822,3.364762751756345e-07,1.937845416799533e-06,7.942857482845511e-11,7.856447048482096e-08,3.584621488528228e-11,3.364762751756345e-07,2482de48d80db365a9509d90d89eae80a34468ddc892e1ef76a9b6fa936c932d,51c5f981a31fc6a6d3f570f3f89f708329505a1bdc6d08f4ad2058e85d6751f3,a882ba4c0cdfac974ddca5a25220d0fef0665a6c2117dbc664b0adf6091a50f4,5643120136767450693,53782261409670243,32,False
unsb-reciprocal-bridge-kernel-deflection-v1,RainCityscapes,RainCityscapes__0019,3,0.8600000000000001,5,0.8347815096002598,0.8348187623710412,0.4801009888932841,1.1894620303072354,6.604249077613034e-07,7.13749770619998e-07,7.900568088636817e-08,7.908627963626458e-08,1.0867162059113866e-08,6.604249077613034e-07,2482de48d80db365a9509d90d89eae80a34468ddc892e1ef76a9b6fa936c932d,51c5f981a31fc6a6d3f570f3f89f708329505a1bdc6d08f4ad2058e85d6751f3,a882ba4c0cdfac974ddca5a25220d0fef0665a6c2117dbc664b0adf6091a50f4,7622302306470994555,1978745799383017909,32,False
unsb-reciprocal-bridge-kernel-deflection-v1,RainCityscapes,RainCityscapes__0108,1,0.5,5,0.6400615646925392,0.640061703321368,0.40686637763384104,0.8732567517512373,5.708480105282021e-07,1.3708010245805369e-06,5.708480105282021e-07,7.343975427787086e-09,4.307473934206385e-07,1.57165463976483e-08,2482de48d80db365a9509d90d89eae80a34468ddc892e1ef76a9b6fa936c932d,51c5f981a31fc6a6d3f570f3f89f708329505a1bdc6d08f4ad2058e85d6751f3,24090ac743b41ffc0b0092e0c76379209d505f88e95b2e40b758d7105901b3c1,324990219429859752,3855355786706686558,32,False
unsb-reciprocal-bridge-kernel-deflection-v1,RainCityscapes,RainCityscapes__0108,2,0.74,5,0.8523450888536022,0.8524273917084682,0.5040306927895699,1.2006594849176344,7.633556942110431e-08,1.777116098722331e-08,7.633556942110431e-08,6.032461086213914e-09,2.4448818414235518e-08,2.561888778895849e-08,2482de48d80db365a9509d90d89eae80a34468ddc892e1ef76a9b6fa936c932d,51c5f981a31fc6a6d3f570f3f89f708329505a1bdc6d08f4ad2058e85d6751f3,24090ac743b41ffc0b0092e0c76379209d505f88e95b2e40b758d7105901b3c1,5334858960273902181,6201097388345457703,32,False
unsb-reciprocal-bridge-kernel-deflection-v1,RainCityscapes,RainCityscapes__0108,3,0.8600000000000001,5,0.9413391779049846,0.9413718081305082,0.5911957630627402,1.2914825927472289,5.652653833898569e-08,4.615556449261149e-07,5.652653833898569e-08,2.92862845086006e-10,8.504144499710264e-09,2.3341262256337814e-09,2482de48d80db365a9509d90d89eae80a34468ddc892e1ef76a9b6fa936c932d,51c5f981a31fc6a6d3f570f3f89f708329505a1bdc6d08f4ad2058e85d6751f3,24090ac743b41ffc0b0092e0c76379209d505f88e95b2e40b758d7105901b3c1,2401078462158573711,546284821327687172,32,False
unsb-reciprocal-bridge-kernel-deflection-v1,RainCityscapes,RainCityscapes__1026,1,0.5,5,0.6098867232721118,0.6099201279701604,0.43112516731548634,0.7886482792287373,5.9285986897528176e-08,6.202817681710826e-08,5.9285986897528176e-08,2.6277309439493024e-08,3.942820492319754e-08,5.884228226893384e-08,2482de48d80db365a9509d90d89eae80a34468ddc892e1ef76a9b6fa936c932d,51c5f981a31fc6a6d3f570f3f89f708329505a1bdc6d08f4ad2058e85d6751f3,4a39c38b3fc12da3c474c549ed41bd469ff430551d8d252cc42f7826441509a6,126957882255435301,4278708505755502221,32,False
unsb-reciprocal-bridge-kernel-deflection-v1,RainCityscapes,RainCityscapes__1026,2,0.74,5,0.8519350380405993,0.8519101358734493,0.5714015409370434,1.1324685351441552,3.103880117372171e-07,6.075808238747982e-07,3.103880117372171e-07,6.972670663074609e-09,7.718825179026112e-08,3.413717830635932e-08,2482de48d80db365a9509d90d89eae80a34468ddc892e1ef76a9b6fa936c932d,51c5f981a31fc6a6d3f570f3f89f708329505a1bdc6d08f4ad2058e85d6751f3,4a39c38b3fc12da3c474c549ed41bd469ff430551d8d252cc42f7826441509a6,8647353196429005496,4579001045774148204,32,False
unsb-reciprocal-bridge-kernel-deflection-v1,RainCityscapes,RainCityscapes__1026,3,0.8600000000000001,5,0.9309532183557063,0.9309329719765107,0.6707846916801274,1.1911217450312852,5.979882851114837e-07,3.152747569679093e-07,1.193881438155131e-09,7.41480622457047e-08,1.2644008062778767e-10,5.979882851114837e-07,2482de48d80db365a9509d90d89eae80a34468ddc892e1ef76a9b6fa936c932d,51c5f981a31fc6a6d3f570f3f89f708329505a1bdc6d08f4ad2058e85d6751f3,4a39c38b3fc12da3c474c549ed41bd469ff430551d8d252cc42f7826441509a6,4737929300746426827,7387638336784598172,32,False
unsb-reciprocal-bridge-kernel-deflection-v1,RainCityscapes,RainCityscapes__1019,1,0.5,5,1.0347434406262108,1.0347386707853647,1.034710392788689,1.0347764884637327,5.658914337125509e-08,1.19987362268148e-07,5.658914337125509e-08,1.2471021992865872e-09,1.669651927826976e-08,3.750201482688453e-09,2482de48d80db365a9509d90d89eae80a34468ddc892e1ef76a9b6fa936c932d,51c5f981a31fc6a6d3f570f3f89f708329505a1bdc6d08f4ad2058e85d6751f3,9b7dabcf56d66010d879048c4b1bb660e642228817eb5d852e1e71e642886a12,1467750537951084846,6009136745599323882,32,False
unsb-reciprocal-bridge-kernel-deflection-v1,RainCityscapes,RainCityscapes__1019,2,0.74,5,1.0209426933036894,1.0209577125805112,1.042989303025613,0.998896083581766,1.5179469015080826e-07,4.926760546197784e-07,1.5179469015080826e-07,1.0901858082945637e-08,1.9030571341005498e-08,6.861147405778922e-08,2482de48d80db365a9509d90d89eae80a34468ddc892e1ef76a9b6fa936c932d,51c5f981a31fc6a6d3f570f3f89f708329505a1bdc6d08f4ad2058e85d6751f3,9b7dabcf56d66010d879048c4b1bb660e642228817eb5d852e1e71e642886a12,64596641990530778,6792775653825532824,32,False
unsb-reciprocal-bridge-kernel-deflection-v1,RainCityscapes,RainCityscapes__1019,3,0.8600000000000001,5,0.9859797272757702,0.985977058944791,1.0287287403772436,0.9432307141742967,1.3595263892440812e-07,3.296037398570206e-08,1.3595263892440812e-07,5.179492390539053e-09,8.705335119429947e-09,5.5433048706809984e-08,2482de48d80db365a9509d90d89eae80a34468ddc892e1ef76a9b6fa936c932d,51c5f981a31fc6a6d3f570f3f89f708329505a1bdc6d08f4ad2058e85d6751f3,9b7dabcf56d66010d879048c4b1bb660e642228817eb5d852e1e71e642886a12,8189474249963755679,2704742643030592940,32,False
unsb-reciprocal-bridge-kernel-deflection-v1,RainCityscapes,RainCityscapes__0928,1,0.5,5,0.5960953858124275,0.5961399868128788,0.4119040995798202,0.7802866720450348,6.427982450762926e-07,1.2802072183459856e-06,6.427982450762926e-07,1.8006108493118234e-08,4.4389900710761765e-07,4.0876959706004357e-08,2482de48d80db365a9509d90d89eae80a34468ddc892e1ef76a9b6fa936c932d,51c5f981a31fc6a6d3f570f3f89f708329505a1bdc6d08f4ad2058e85d6751f3,490d13fea7d8ed91768213cea0847a4ff1b27b546d387dfb3eabd92d51898ff3,7345055900695527553,1280598227020658947,32,False
unsb-reciprocal-bridge-kernel-deflection-v1,RainCityscapes,RainCityscapes__0928,2,0.74,5,0.8445532926077692,0.8445710111626156,0.5520128502382916,1.1370937349772468,3.5301742640214684e-08,3.4253469816114546e-07,3.5301742640214684e-08,1.68816982615283e-09,9.306138859521695e-09,8.768015202775814e-09,2482de48d80db365a9509d90d89eae80a34468ddc892e1ef76a9b6fa936c932d,51c5f981a31fc6a6d3f570f3f89f708329505a1bdc6d08f4ad2058e85d6751f3,490d13fea7d8ed91768213cea0847a4ff1b27b546d387dfb3eabd92d51898ff3,9014181559349888840,7388234734832258487,32,False
unsb-reciprocal-bridge-kernel-deflection-v1,RainCityscapes,RainCityscapes__0928,3,0.8600000000000001,5,0.9268643956664051,0.9268360810955955,0.6548146998837687,1.1989140914490415,3.392503233889954e-07,1.3184557638989958e-06,2.516915542649656e-08,4.389434193896591e-08,2.749321326156462e-09,3.392503233889954e-07,2482de48d80db365a9509d90d89eae80a34468ddc892e1ef76a9b6fa936c932d,51c5f981a31fc6a6d3f570f3f89f708329505a1bdc6d08f4ad2058e85d6751f3,490d13fea7d8ed91768213cea0847a4ff1b27b546d387dfb3eabd92d51898ff3,7204911387979093103,4484495137644726471,32,False
unsb-reciprocal-bridge-kernel-deflection-v1,RainCityscapes,RainCityscapes__0025,1,0.5,5,0.22759827946788735,0.22759023710087112,0.12140701096605144,0.33378954796972327,1.5139743791969806e-08,1.7851192690709894e-07,1.073849531518789e-08,1.9146645380274663e-09,1.5139743791969806e-08,3.172999085698791e-09,2482de48d80db365a9509d90d89eae80a34468ddc892e1ef76a9b6fa936c932d,51c5f981a31fc6a6d3f570f3f89f708329505a1bdc6d08f4ad2058e85d6751f3,5b29ac005536a5635560713592aba9d18eea948f0500ffcf3dfe62cb14e67f16,4299254295602421573,3114734796974150018,32,False
unsb-reciprocal-bridge-kernel-deflection-v1,RainCityscapes,RainCityscapes__0025,2,0.74,5,0.5835675503444127,0.583584452853515,0.22150339592667967,0.9456317047621458,8.211023871940171e-08,2.8149108366459785e-07,1.6042218664580332e-09,2.7346052311472135e-08,1.0985631293536358e-09,8.211023871940171e-08,2482de48d80db365a9509d90d89eae80a34468ddc892e1ef76a9b6fa936c932d,51c5f981a31fc6a6d3f570f3f89f708329505a1bdc6d08f4ad2058e85d6751f3,5b29ac005536a5635560713592aba9d18eea948f0500ffcf3dfe62cb14e67f16,8544285376151659960,6115291478616522924,32,False
unsb-reciprocal-bridge-kernel-deflection-v1,RainCityscapes,RainCityscapes__0025,3,0.8600000000000001,5,0.7509881445724682,0.7510014195254802,0.3484671306146697,1.1535091585302666,4.4586035496951837e-07,9.313533069210678e-07,1.4251582591828793e-07,8.338634505111742e-08,3.122826641721588e-08,4.4586035496951837e-07,2482de48d80db365a9509d90d89eae80a34468ddc892e1ef76a9b6fa936c932d,51c5f981a31fc6a6d3f570f3f89f708329505a1bdc6d08f4ad2058e85d6751f3,5b29ac005536a5635560713592aba9d18eea948f0500ffcf3dfe62cb14e67f16,2237648417301852305,93710389520366942,32,False
unsb-reciprocal-bridge-kernel-deflection-v1,RainCityscapes,RainCityscapes__0885,1,0.5,5,1.0136358559609673,1.01364047602974,0.9892665702183335,1.038005141703601,2.696863359297197e-07,6.273610386742234e-08,2.740415350199754e-08,9.249806220967827e-08,8.416586316783992e-09,2.696863359297197e-07,2482de48d80db365a9509d90d89eae80a34468ddc892e1ef76a9b6fa936c932d,51c5f981a31fc6a6d3f570f3f89f708329505a1bdc6d08f4ad2058e85d6751f3,c9bf4471adb245591b23b6561560809d9c778902e896e742d2a92f1030f4bcc5,1841405659840127430,5526016462296220364,32,False
unsb-reciprocal-bridge-kernel-deflection-v1,RainCityscapes,RainCityscapes__0885,2,0.74,5,1.0143463308844858,1.0143594489279768,1.0063891395839129,1.022303522185059,1.1479675132708422e-07,7.785633093781996e-08,1.1479675132708422e-07,2.7665347790417627e-09,1.455722975496343e-08,1.9084531510671354e-08,2482de48d80db365a9509d90d89eae80a34468ddc892e1ef76a9b6fa936c932d,51c5f981a31fc6a6d3f570f3f89f708329505a1bdc6d08f4ad2058e85d6751f3,c9bf4471adb245591b23b6561560809d9c778902e896e742d2a92f1030f4bcc5,9023140419460555122,5450472328018003881,32,False
unsb-reciprocal-bridge-kernel-deflection-v1,RainCityscapes,RainCityscapes__0885,3,0.8600000000000001,5,0.9837162971711356,0.9837190916652105,0.9954982715879236,0.9719343227543477,7.969378403860361e-07,1.7197985706651764e-06,6.382629702539333e-08,7.058982820495885e-08,4.057053248907039e-09,7.969378403860361e-07,2482de48d80db365a9509d90d89eae80a34468ddc892e1ef76a9b6fa936c932d,51c5f981a31fc6a6d3f570f3f89f708329505a1bdc6d08f4ad2058e85d6751f3,c9bf4471adb245591b23b6561560809d9c778902e896e742d2a92f1030f4bcc5,7964097111701436573,6930570985354354344,32,False
unsb-reciprocal-bridge-kernel-deflection-v1,RainCityscapes,RainCityscapes__0708,1,0.5,5,0.3881093607084374,0.3881120597682774,0.22172539772191735,0.5544933236949574,8.268668238997634e-08,6.984573590607113e-07,6.902195259783639e-08,9.875448681029297e-09,8.268668238997634e-08,1.806633054268758e-08,2482de48d80db365a9509d90d89eae80a34468ddc892e1ef76a9b6fa936c932d,51c5f981a31fc6a6d3f570f3f89f708329505a1bdc6d08f4ad2058e85d6751f3,eb497dee8bbdb70738791d8bfb4eb46b81d5575a19629de24c711d2a70d4c220,3811930690332175202,6900201463720407798,32,False
unsb-reciprocal-bridge-kernel-deflection-v1,RainCityscapes,RainCityscapes__0708,2,0.74,5,0.7089367425209073,0.7089306262147388,0.33811467002929696,1.0797588150125177,4.43002243666335e-07,2.2096415475125752e-08,4.083738291971173e-08,1.3012293442749012e-07,2.2066768301520767e-08,4.43002243666335e-07,2482de48d80db365a9509d90d89eae80a34468ddc892e1ef76a9b6fa936c932d,51c5f981a31fc6a6d3f570f3f89f708329505a1bdc6d08f4ad2058e85d6751f3,eb497dee8bbdb70738791d8bfb4eb46b81d5575a19629de24c711d2a70d4c220,1216227404423664318,2856442635917759478,32,False
unsb-reciprocal-bridge-kernel-deflection-v1,RainCityscapes,RainCityscapes__0708,3,0.8600000000000001,5,0.8492185114074011,0.8492308452905116,0.4477210081011743,1.2507160147136278,3.0075429258147324e-08,1.7991604817080287e-07,1.7553680731197119e-09,4.5296703055086596e-09,3.9688341502142066e-10,3.0075429258147324e-08,2482de48d80db365a9509d90d89eae80a34468ddc892e1ef76a9b6fa936c932d,51c5f981a31fc6a6d3f570f3f89f708329505a1bdc6d08f4ad2058e85d6751f3,eb497dee8bbdb70738791d8bfb4eb46b81d5575a19629de24c711d2a70d4c220,4730746526576256680,4591533335475258911,32,False
unsb-reciprocal-bridge-kernel-deflection-v1,RSCityscapes,RSCityscapes__0153,1,0.5,1,0.962707148196293,0.9627167181429754,0.9823498795330105,0.9430644168595756,6.10886676799538e-08,3.550044885836101e-07,6.10886676799538e-08,6.439293542825908e-15,1.6020873738753494e-08,2.1094237467877974e-14,2482de48d80db365a9509d90d89eae80a34468ddc892e1ef76a9b6fa936c932d,6b3a39623c32a5c8384bfdae978b32fd8c6522d620cd948127ee07e4f48eeea0,94d1f12abce9d23b2d7e5c3e81b7cd0393b3abd0bbb15ab395db5163bfbad275,6078730620121798999,7412228028987399525,32,False
unsb-reciprocal-bridge-kernel-deflection-v1,RSCityscapes,RSCityscapes__0153,2,0.74,1,1.0172246800777494,1.0172073930284773,1.0504871687725517,0.9839621913829469,3.847610434704052e-07,6.222523051269135e-07,3.847610434704052e-07,5.67323965583455e-14,4.3237865843259726e-08,5.029310301551959e-13,2482de48d80db365a9509d90d89eae80a34468ddc892e1ef76a9b6fa936c932d,6b3a39623c32a5c8384bfdae978b32fd8c6522d620cd948127ee07e4f48eeea0,94d1f12abce9d23b2d7e5c3e81b7cd0393b3abd0bbb15ab395db5163bfbad275,2445345723080842136,4333465570079123427,32,False
unsb-reciprocal-bridge-kernel-deflection-v1,RSCityscapes,RSCityscapes__0153,3,0.8600000000000001,1,0.9967174922134918,0.99666676766804,1.030531075510399,0.9629039089165848,7.500567555940307e-07,2.777602625014808e-06,7.500567555940307e-07,5.040412531798211e-14,4.4720703140654905e-08,7.154277170684509e-13,2482de48d80db365a9509d90d89eae80a34468ddc892e1ef76a9b6fa936c932d,6b3a39623c32a5c8384bfdae978b32fd8c6522d620cd948127ee07e4f48eeea0,94d1f12abce9d23b2d7e5c3e81b7cd0393b3abd0bbb15ab395db5163bfbad275,322374675586949801,4070966993342258379,32,False
unsb-reciprocal-bridge-kernel-deflection-v1,RSCityscapes,RSCityscapes__1035,1,0.5,1,0.5779284178909246,0.5779150790247806,0.8036664688870259,0.3521903668948234,2.5360065158963607e-09,1.4900230493886113e-08,2.5360065158963607e-09,1.63202784619898e-14,9.263751987731439e-10,3.26405569239796e-14,2482de48d80db365a9509d90d89eae80a34468ddc892e1ef76a9b6fa936c932d,6b3a39623c32a5c8384bfdae978b32fd8c6522d620cd948127ee07e4f48eeea0,f1b55d4e12babab87ee59d38835052d28ba30b3f714847bca22403555c7fd2f5,6294932435042733989,5442622827954435768,32,False
unsb-reciprocal-bridge-kernel-deflection-v1,RSCityscapes,RSCityscapes__1035,2,0.74,1,0.8004514290220909,0.8004748782785857,1.1379859040286198,0.462916954015562,4.0041700355430976e-07,7.28036393393694e-08,4.0041700355430976e-07,5.340172748447003e-14,6.678843678109558e-08,2.757793993168889e-13,2482de48d80db365a9509d90d89eae80a34468ddc892e1ef76a9b6fa936c932d,6b3a39623c32a5c8384bfdae978b32fd8c6522d620cd948127ee07e4f48eeea0,f1b55d4e12babab87ee59d38835052d28ba30b3f714847bca22403555c7fd2f5,8390673482415344838,2424365803537830721,32,False
unsb-reciprocal-bridge-kernel-deflection-v1,RSCityscapes,RSCityscapes__1035,3,0.8600000000000001,1,0.9054265809864284,0.9054048146109697,1.2233990786083775,0.5874540833644794,6.496587645621332e-08,9.020687274929884e-08,6.496587645621332e-08,1.6653345369377348e-15,5.2812838546856256e-09,1.5654144647214707e-14,2482de48d80db365a9509d90d89eae80a34468ddc892e1ef76a9b6fa936c932d,6b3a39623c32a5c8384bfdae978b32fd8c6522d620cd948127ee07e4f48eeea0,f1b55d4e12babab87ee59d38835052d28ba30b3f714847bca22403555c7fd2f5,3069554463915273538,8105537611890717825,32,False
unsb-reciprocal-bridge-kernel-deflection-v1,RSCityscapes,RSCityscapes__1168,1,0.5,1,0.886613606656459,0.8865968260879307,1.1253259057997287,0.6479013075131894,5.0053036382280425e-08,6.493504800531014e-08,5.0053036382280425e-08,4.374278717023117e-14,1.4170842277394513e-08,1.170175067954915e-13,2482de48d80db365a9509d90d89eae80a34468ddc892e1ef76a9b6fa936c932d,6b3a39623c32a5c8384bfdae978b32fd8c6522d620cd948127ee07e4f48eeea0,468cdfcb144221e09315a60503edb8d27ffc428e79f2c8f6eb8e1dc6bfeb6ec2,7498492917868736042,8403236402495503840,32,False
unsb-reciprocal-bridge-kernel-deflection-v1,RSCityscapes,RSCityscapes__1168,2,0.74,1,0.978196208726513,0.9781605031686949,1.271646280990895,0.684746136462131,2.1094503477314674e-08,2.753310437419998e-07,2.1094503477314674e-08,2.4424906541753444e-15,2.3661740344849136e-09,1.9984014443252818e-14,2482de48d80db365a9509d90d89eae80a34468ddc892e1ef76a9b6fa936c932d,6b3a39623c32a5c8384bfdae978b32fd8c6522d620cd948127ee07e4f48eeea0,468cdfcb144221e09315a60503edb8d27ffc428e79f2c8f6eb8e1dc6bfeb6ec2,978822757750220282,4449621310878922321,32,False
unsb-reciprocal-bridge-kernel-deflection-v1,RSCityscapes,RSCityscapes__1168,3,0.8600000000000001,1,1.0028616355932598,1.0028934077059475,1.2541081195572676,0.7516151516292519,2.328444648203032e-08,3.4359467593336745e-07,2.328444648203032e-08,1.035838081975271e-13,1.2479068889348355e-09,1.1535217225855376e-12,2482de48d80db365a9509d90d89eae80a34468ddc892e1ef76a9b6fa936c932d,6b3a39623c32a5c8384bfdae978b32fd8c6522d620cd948127ee07e4f48eeea0,468cdfcb144221e09315a60503edb8d27ffc428e79f2c8f6eb8e1dc6bfeb6ec2,271799435538437543,2614220945464548147,32,False
unsb-reciprocal-bridge-kernel-deflection-v1,RSCityscapes,RSCityscapes__0223,1,0.5,1,1.0568074198610717,1.056798033528481,1.00257567080956,1.1110391689125836,8.74581518317541e-11,4.8028444776804236e-08,8.74581518317541e-11,1.6431300764452317e-14,2.2736812432810893e-11,5.4511950509095186e-14,2482de48d80db365a9509d90d89eae80a34468ddc892e1ef76a9b6fa936c932d,6b3a39623c32a5c8384bfdae978b32fd8c6522d620cd948127ee07e4f48eeea0,b4ef9c33c6d595f1f85e875a41645e6741242a65b46dbeefe2e8cd9280efa50b,3016182268493861128,6256330693295806708,32,False
unsb-reciprocal-bridge-kernel-deflection-v1,RSCityscapes,RSCityscapes__0223,2,0.74,1,1.0769133754904892,1.076914840292883,1.0330871551567646,1.1207395958242135,2.2441052460742128e-07,5.993721108321637e-08,2.2441052460742128e-07,1.1168843627729075e-13,2.0332923345023346e-08,7.797096301942474e-13,2482de48d80db365a9509d90d89eae80a34468ddc892e1ef76a9b6fa936c932d,6b3a39623c32a5c8384bfdae978b32fd8c6522d620cd948127ee07e4f48eeea0,b4ef9c33c6d595f1f85e875a41645e6741242a65b46dbeefe2e8cd9280efa50b,3294903753154879560,5013230502110580742,32,False
unsb-reciprocal-bridge-kernel-deflection-v1,RSCityscapes,RSCityscapes__0223,3,0.8600000000000001,1,1.0510954588371981,1.0510952601188261,1.0205121995306539,1.0816787181437426,1.6243517446667965e-06,1.3588881453419077e-07,1.6243517446667965e-06,7.505107646466058e-14,7.17050103737904e-08,8.257838857161914e-13,2482de48d80db365a9509d90d89eae80a34468ddc892e1ef76a9b6fa936c932d,6b3a39623c32a5c8384bfdae978b32fd8c6522d620cd948127ee07e4f48eeea0,b4ef9c33c6d595f1f85e875a41645e6741242a65b46dbeefe2e8cd9280efa50b,1548890836051834007,8470417590786807560,32,False
unsb-reciprocal-bridge-kernel-deflection-v1,RSCityscapes,RSCityscapes__0226,1,0.5,1,0.7733431298709587,0.7733427974431515,0.996501454195863,0.5501848055460543,5.993490048705752e-08,2.0626478303142903e-09,5.993490048705752e-08,7.471800955727304e-14,2.0288489777087193e-08,1.375566327510569e-13,2482de48d80db365a9509d90d89eae80a34468ddc892e1ef76a9b6fa936c932d,6b3a39623c32a5c8384bfdae978b32fd8c6522d620cd948127ee07e4f48eeea0,fa7661f055340b55d48881e015b61ffd2c4b8787d874709438202f6894a79826,283971298780368221,7955420367874193612,32,False
unsb-reciprocal-bridge-kernel-deflection-v1,RSCityscapes,RSCityscapes__0226,2,0.74,1,0.9380147774851105,0.9380134917706316,1.2576064666342743,0.6184230883359467,4.039851686510332e-07,1.1182530487152675e-06,4.039851686510332e-07,5.384581669432009e-14,5.244499190482088e-08,2.5424107263916085e-13,2482de48d80db365a9509d90d89eae80a34468ddc892e1ef76a9b6fa936c932d,6b3a39623c32a5c8384bfdae978b32fd8c6522d620cd948127ee07e4f48eeea0,fa7661f055340b55d48881e015b61ffd2c4b8787d874709438202f6894a79826,8702720799466015278,6912028787967040943,32,False
unsb-reciprocal-bridge-kernel-deflection-v1,RSCityscapes,RSCityscapes__0226,3,0.8600000000000001,1,1.0023475464988407,1.0023476091229413,1.3055804019812114,0.6991146910164698,7.734707219153591e-08,1.5475596644165535e-06,7.734707219153591e-08,2.1094237467877974e-14,4.669745479191079e-09,2.1016521856154213e-13,2482de48d80db365a9509d90d89eae80a34468ddc892e1ef76a9b6fa936c932d,6b3a39623c32a5c8384bfdae978b32fd8c6522d620cd948127ee07e4f48eeea0,fa7661f055340b55d48881e015b61ffd2c4b8787d874709438202f6894a79826,7134576376350863140,4060244540315419442,32,False
unsb-reciprocal-bridge-kernel-deflection-v1,RSCityscapes,RSCityscapes__0317,1,0.5,1,0.6511139384763701,0.6511070387051769,0.8482663124143819,0.45396156453835834,7.914267352582272e-09,1.1831908075521369e-07,7.914267352582272e-09,8.315570454442422e-14,3.1269861144878064e-09,2.2459811788166917e-13,2482de48d80db365a9509d90d89eae80a34468ddc892e1ef76a9b6fa936c932d,6b3a39623c32a5c8384bfdae978b32fd8c6522d620cd948127ee07e4f48eeea0,6e06aa1c1d3a429208211db27fa0946645916f84341c69c8e7ec0e33a4db1b96,7653439257355289446,6122261289514980148,32,False
unsb-reciprocal-bridge-kernel-deflection-v1,RSCityscapes,RSCityscapes__0317,2,0.74,1,0.8683945283582051,0.8683774407274378,1.1368815588559227,0.5999074978604876,2.2137161548307915e-08,7.66955631226196e-08,2.2137161548307915e-08,4.773959005888173e-15,3.7705489841499684e-09,2.4980018054066022e-14,2482de48d80db365a9509d90d89eae80a34468ddc892e1ef76a9b6fa936c932d,6b3a39623c32a5c8384bfdae978b32fd8c6522d620cd948127ee07e4f48eeea0,6e06aa1c1d3a429208211db27fa0946645916f84341c69c8e7ec0e33a4db1b96,4084790930977244673,6674963719295257529,32,False
unsb-reciprocal-bridge-kernel-deflection-v1,RSCityscapes,RSCityscapes__0317,3,0.8600000000000001,1,0.926553485696149,0.9265653289061272,1.1833958661110449,0.6697111052812532,3.364092070468061e-07,6.375052760132505e-07,3.364092070468061e-07,1.3999912340523224e-13,2.6463884306160423e-08,1.7859047574120268e-12,2482de48d80db365a9509d90d89eae80a34468ddc892e1ef76a9b6fa936c932d,6b3a39623c32a5c8384bfdae978b32fd8c6522d620cd948127ee07e4f48eeea0,6e06aa1c1d3a429208211db27fa0946645916f84341c69c8e7ec0e33a4db1b96,5421530113801831538,9076221665271408535,32,False
unsb-reciprocal-bridge-kernel-deflection-v1,RSCityscapes,RSCityscapes__0222,1,0.5,1,0.9102744585403777,0.9102740872907447,1.1122221688330904,0.708326748247665,1.025972780066553e-07,9.089925101513074e-08,1.025972780066553e-07,1.5432100042289676e-14,2.959749745290452e-08,4.907185768843192e-14,2482de48d80db365a9509d90d89eae80a34468ddc892e1ef76a9b6fa936c932d,6b3a39623c32a5c8384bfdae978b32fd8c6522d620cd948127ee07e4f48eeea0,b92365de3f44b59cf24a0db1e2dd6b90fcd26abb6937646e480ada99c123495e,386117772031343144,7522750269907216026,32,False
unsb-reciprocal-bridge-kernel-deflection-v1,RSCityscapes,RSCityscapes__0222,2,0.74,1,1.0230832694618222,1.0230818040521226,1.2541155756538387,0.7920509632698057,1.1493696449038637e-06,1.6958106030529052e-09,1.1493696449038637e-06,3.019806626980426e-14,1.2679062477705116e-07,1.9162449405030202e-13,2482de48d80db365a9509d90d89eae80a34468ddc892e1ef76a9b6fa936c932d,6b3a39623c32a5c8384bfdae978b32fd8c6522d620cd948127ee07e4f48eeea0,b92365de3f44b59cf24a0db1e2dd6b90fcd26abb6937646e480ada99c123495e,676244896055045080,4250034637962642644,32,False
unsb-reciprocal-bridge-kernel-deflection-v1,RSCityscapes,RSCityscapes__0222,3,0.8600000000000001,1,1.0447127806057162,1.0447155384686027,1.2484476343371738,0.8409779268742585,1.7253489836832614e-07,2.736482050957889e-07,1.7253489836832614e-07,1.2656542480726785e-14,9.083557239719653e-09,1.396660564978447e-13,2482de48d80db365a9509d90d89eae80a34468ddc892e1ef76a9b6fa936c932d,6b3a39623c32a5c8384bfdae978b32fd8c6522d620cd948127ee07e4f48eeea0,b92365de3f44b59cf24a0db1e2dd6b90fcd26abb6937646e480ada99c123495e,6452732460132287496,4738901191403966168,32,False
unsb-reciprocal-bridge-kernel-deflection-v1,RSCityscapes,RSCityscapes__0949,1,0.5,1,0.659033292606221,0.6590233729020585,0.8959430224304159,0.42212356278202623,1.8379402622059615e-07,1.0808653372329502e-07,1.8379402622059615e-07,1.2434497875801753e-14,6.29375140892563e-08,2.4202861936828413e-14,2482de48d80db365a9509d90d89eae80a34468ddc892e1ef76a9b6fa936c932d,6b3a39623c32a5c8384bfdae978b32fd8c6522d620cd948127ee07e4f48eeea0,d6526905fb7d8aeffd00571c1bee8cca229715a07fa5d0f3f73c3353f8cb7eb7,4949959907812463294,6373097304634795942,32,False
unsb-reciprocal-bridge-kernel-deflection-v1,RSCityscapes,RSCityscapes__0949,2,0.74,1,0.8363994004765161,0.8364089745177865,1.1838304432193214,0.48896835773371083,1.75799558577161e-07,5.310038994066346e-07,1.75799558577161e-07,9.658940314238862e-15,2.393024867153315e-08,5.551115123125783e-14,2482de48d80db365a9509d90d89eae80a34468ddc892e1ef76a9b6fa936c932d,6b3a39623c32a5c8384bfdae978b32fd8c6522d620cd948127ee07e4f48eeea0,d6526905fb7d8aeffd00571c1bee8cca229715a07fa5d0f3f73c3353f8cb7eb7,8958159521144797822,1817707047714045644,32,False
unsb-reciprocal-bridge-kernel-deflection-v1,RSCityscapes,RSCityscapes__0949,3,0.8600000000000001,1,0.9167019002709323,0.9166710668744139,1.2252462064212726,0.6081575941205921,1.0451939314037872e-10,8.640430815276545e-09,1.0451939314037872e-10,1.687538997430238e-14,6.91424695276055e-12,1.9839685450051547e-13,2482de48d80db365a9509d90d89eae80a34468ddc892e1ef76a9b6fa936c932d,6b3a39623c32a5c8384bfdae978b32fd8c6522d620cd948127ee07e4f48eeea0,d6526905fb7d8aeffd00571c1bee8cca229715a07fa5d0f3f73c3353f8cb7eb7,6300606112785664119,9142447700548874242,32,False
unsb-reciprocal-bridge-kernel-deflection-v1,RSCityscapes,RSCityscapes__0900,1,0.5,1,0.5042650580479884,0.5042716319821705,0.7416401968151625,0.2668899192808143,1.6754133080887357e-07,6.111330261848735e-07,1.6754133080887357e-07,2.5202062658991053e-14,6.635285687561776e-08,3.552713678800501e-14,2482de48d80db365a9509d90d89eae80a34468ddc892e1ef76a9b6fa936c932d,6b3a39623c32a5c8384bfdae978b32fd8c6522d620cd948127ee07e4f48eeea0,6a17f0da7a3b01e38e675b410f0922c6d55036b4ffb18f0f908e14323565842d,137045695871590137,1396254269314438945,32,False
unsb-reciprocal-bridge-kernel-deflection-v1,RSCityscapes,RSCityscapes__0900,2,0.74,1,0.7627844098482102,0.7628096468687348,1.1678118498844667,0.3577569698119536,8.919362137760345e-08,2.3143039262762954e-07,8.919362137760345e-08,9.525713551283843e-14,1.565149609916716e-08,4.0967229608668276e-13,2482de48d80db365a9509d90d89eae80a34468ddc892e1ef76a9b6fa936c932d,6b3a39623c32a5c8384bfdae978b32fd8c6522d620cd948127ee07e4f48eeea0,6a17f0da7a3b01e38e675b410f0922c6d55036b4ffb18f0f908e14323565842d,7385041054475813168,8207075348131589020,32,False
unsb-reciprocal-bridge-kernel-deflection-v1,RSCityscapes,RSCityscapes__0900,3,0.8600000000000001,1,0.8908217404027061,0.8907648819986604,1.2898840383114114,0.4917594424940007,3.6802066727403826e-08,4.1217714175090236e-07,3.6802066727403826e-08,5.88418203051333e-15,3.110302015940647e-09,7.105427357601002e-14,2482de48d80db365a9509d90d89eae80a34468ddc892e1ef76a9b6fa936c932d,6b3a39623c32a5c8384bfdae978b32fd8c6522d620cd948127ee07e4f48eeea0,6a17f0da7a3b01e38e675b410f0922c6d55036b4ffb18f0f908e14323565842d,1318817049727516750,3669512063962720872,32,False
unsb-reciprocal-bridge-kernel-deflection-v1,RSCityscapes,RSCityscapes__0601,1,0.5,1,0.6035437231467644,0.6035425132409606,0.8466915517545779,0.3603958945389508,6.6851502111831e-10,7.608620400390009e-10,6.6851502111831e-10,6.328271240363392e-15,2.259121778536155e-10,1.1213252548714081e-14,2482de48d80db365a9509d90d89eae80a34468ddc892e1ef76a9b6fa936c932d,6b3a39623c32a5c8384bfdae978b32fd8c6522d620cd948127ee07e4f48eeea0,e596548146e1e1c47cf384e4b884b15a35347d71f918c09e8a5f5febaf05767a,7830544252017734087,6317582266866441340,32,False
unsb-reciprocal-bridge-kernel-deflection-v1,RSCityscapes,RSCityscapes__0601,2,0.74,1,0.8126779378655691,0.8126705187525856,1.177649585632094,0.44770629009904395,1.6318140216853294e-07,4.943014398905987e-07,1.6318140216853294e-07,3.219646771412954e-14,2.3304612684071913e-08,1.780797731498751e-13,2482de48d80db365a9509d90d89eae80a34468ddc892e1ef76a9b6fa936c932d,6b3a39623c32a5c8384bfdae978b32fd8c6522d620cd948127ee07e4f48eeea0,e596548146e1e1c47cf384e4b884b15a35347d71f918c09e8a5f5febaf05767a,3130634256051111868,6690416692706555231,32,False
unsb-reciprocal-bridge-kernel-deflection-v1,RSCityscapes,RSCityscapes__0601,3,0.8600000000000001,1,0.9047965058987828,0.904835160806515,1.2478213166163608,0.5617716951812048,7.144102576184252e-07,3.125248489554977e-06,7.144102576184252e-07,4.085620730620576e-14,4.925779562015009e-08,4.765077221691172e-13,2482de48d80db365a9509d90d89eae80a34468ddc892e1ef76a9b6fa936c932d,6b3a39623c32a5c8384bfdae978b32fd8c6522d620cd948127ee07e4f48eeea0,e596548146e1e1c47cf384e4b884b15a35347d71f918c09e8a5f5febaf05767a,8078805684994551380,7263320839334777747,32,False
unsb-reciprocal-bridge-kernel-deflection-v1,RSCityscapes,RSCityscapes__0279,1,0.5,1,0.5646749016236913,0.5646760293325148,0.8170752599738629,0.31227454327351967,1.9200800061014434e-08,1.9351582114524035e-08,1.9200800061014434e-08,1.3433698597964394e-14,6.925672257906967e-09,2.986499936241671e-14,2482de48d80db365a9509d90d89eae80a34468ddc892e1ef76a9b6fa936c932d,6b3a39623c32a5c8384bfdae978b32fd8c6522d620cd948127ee07e4f48eeea0,aed7419a6151a6d85307f481495807071695c5c309b36725ee70f06c9dc2b712,2443140142901412322,6716038102579671918,32,False
unsb-reciprocal-bridge-kernel-deflection-v1,RSCityscapes,RSCityscapes__0279,2,0.74,1,0.7855749141617288,0.7855430361153367,1.1596412394011675,0.41150858892229014,1.0823877072407839e-07,5.6928248781673574e-08,1.0823877072407839e-07,4.651834473179406e-14,1.705930041673298e-08,2.97761815204467e-13,2482de48d80db365a9509d90d89eae80a34468ddc892e1ef76a9b6fa936c932d,6b3a39623c32a5c8384bfdae978b32fd8c6522d620cd948127ee07e4f48eeea0,aed7419a6151a6d85307f481495807071695c5c309b36725ee70f06c9dc2b712,3931750724649363647,7135432849838674484,32,False
unsb-reciprocal-bridge-kernel-deflection-v1,RSCityscapes,RSCityscapes__0279,3,0.8600000000000001,1,0.8844529803921066,0.8844447969497735,1.2430839465440098,0.5258220142402036,6.093650839478215e-08,1.1020441288422944e-06,6.093650839478215e-08,1.9984014443252818e-14,4.650200446931763e-09,3.276268145668837e-13,2482de48d80db365a9509d90d89eae80a34468ddc892e1ef76a9b6fa936c932d,6b3a39623c32a5c8384bfdae978b32fd8c6522d620cd948127ee07e4f48eeea0,aed7419a6151a6d85307f481495807071695c5c309b36725ee70f06c9dc2b712,6590973347759944508,3484994911647723878,32,False
unsb-reciprocal-bridge-kernel-deflection-v1,RSCityscapes,RSCityscapes__0719,1,0.5,1,1.007394872204257,1.007367132661867,1.1913770515941424,0.8234126928143715,3.429641959318275e-08,2.901105591313069e-07,3.429641959318275e-08,5.784261958297066e-14,9.351687979552992e-09,2.915445662665661e-13,2482de48d80db365a9509d90d89eae80a34468ddc892e1ef76a9b6fa936c932d,6b3a39623c32a5c8384bfdae978b32fd8c6522d620cd948127ee07e4f48eeea0,4f0dd08211e67f2715df4da43004f50f5e374d45ada1039f92a5bd4de61ffd27,4202076570664718045,3981918812948638364,32,False
unsb-reciprocal-bridge-kernel-deflection-v1,RSCityscapes,RSCityscapes__0719,2,0.74,1,1.023619571771376,1.0235777402920538,1.229806501950648,0.817432641592104,3.9138245511161074e-07,5.891597743001853e-08,3.9138245511161074e-07,5.0182080713057076e-14,4.3607962352254503e-08,7.129852264142755e-13,2482de48d80db365a9509d90d89eae80a34468ddc892e1ef76a9b6fa936c932d,6b3a39623c32a5c8384bfdae978b32fd8c6522d620cd948127ee07e4f48eeea0,4f0dd08211e67f2715df4da43004f50f5e374d45ada1039f92a5bd4de61ffd27,8420685184351658468,299812764059415383,32,False
unsb-reciprocal-bridge-kernel-deflection-v1,RSCityscapes,RSCityscapes__0719,3,0.8600000000000001,1,0.9933420875250818,0.9933095576258557,1.1584675458084148,0.8282166292417487,4.6362003625066706e-07,5.280311343724975e-07,4.6362003625066706e-07,7.993605777301127e-15,2.759407502495037e-08,1.6397994073713562e-13,2482de48d80db365a9509d90d89eae80a34468ddc892e1ef76a9b6fa936c932d,6b3a39623c32a5c8384bfdae978b32fd8c6522d620cd948127ee07e4f48eeea0,4f0dd08211e67f2715df4da43004f50f5e374d45ada1039f92a5bd4de61ffd27,1093363510779076068,8895448207107685533,32,False
unsb-reciprocal-bridge-kernel-deflection-v1,RSCityscapes,RSCityscapes__0506,1,0.5,1,0.7027834259667184,0.7027911353587328,0.9477342328707627,0.45783261906267403,5.066212649396107e-08,8.64266139766201e-08,5.066212649396107e-08,1.7430501486614958e-14,1.8338914498094994e-08,2.5979218776228663e-14,2482de48d80db365a9509d90d89eae80a34468ddc892e1ef76a9b6fa936c932d,6b3a39623c32a5c8384bfdae978b32fd8c6522d620cd948127ee07e4f48eeea0,a6ae4e92be154ce1878427adc22a98adc646eb6b84340be5b2fe0740838317b6,4013045436968908918,1087959584399341436,32,False
unsb-reciprocal-bridge-kernel-deflection-v1,RSCityscapes,RSCityscapes__0506,2,0.74,1,0.885292279819135,0.8853027318744398,1.2268462590320106,0.5437383006062595,8.506327087154375e-08,4.7175114481490255e-08,8.506327087154375e-08,8.770761894538737e-15,1.405357807904295e-08,2.8199664825478976e-14,2482de48d80db365a9509d90d89eae80a34468ddc892e1ef76a9b6fa936c932d,6b3a39623c32a5c8384bfdae978b32fd8c6522d620cd948127ee07e4f48eeea0,a6ae4e92be154ce1878427adc22a98adc646eb6b84340be5b2fe0740838317b6,3676568857738334573,8231611248048285326,32,False
unsb-reciprocal-bridge-kernel-deflection-v1,RSCityscapes,RSCityscapes__0506,3,0.8600000000000001,1,0.9713805924528052,0.9714009432417352,1.297174130663946,0.6455870542416643,4.4579618452278424e-07,4.966830574604231e-07,4.4579618452278424e-07,4.3520742565306136e-14,3.6793920799027546e-08,2.673417043297377e-13,2482de48d80db365a9509d90d89eae80a34468ddc892e1ef76a9b6fa936c932d,6b3a39623c32a5c8384bfdae978b32fd8c6522d620cd948127ee07e4f48eeea0,a6ae4e92be154ce1878427adc22a98adc646eb6b84340be5b2fe0740838317b6,4861249582668306741,7900200309581837874,32,False
unsb-reciprocal-bridge-kernel-deflection-v1,RSCityscapes,RSCityscapes__0895,1,0.5,1,1.0029980528076763,1.0030101942282723,1.1705136755703194,0.835482430045033,5.286952545757728e-07,1.3849730118309367e-07,5.286952545757728e-07,1.333377852574813e-13,1.249376405665359e-07,4.974909373345326e-13,2482de48d80db365a9509d90d89eae80a34468ddc892e1ef76a9b6fa936c932d,6b3a39623c32a5c8384bfdae978b32fd8c6522d620cd948127ee07e4f48eeea0,04f6ac46cf0a153b660e8bfcc95c50e7556c9250a32e6c78724cebd749b06db2,3714961933487179450,6696667099735974840,32,False
unsb-reciprocal-bridge-kernel-deflection-v1,RSCityscapes,RSCityscapes__0895,2,0.74,1,1.0359328666317167,1.0359570892366323,1.2136704720828508,0.8581952611805825,3.324128625692424e-07,2.608814830828976e-07,3.324128625692424e-07,2.5868196473766147e-14,3.4063868836753386e-08,2.396971510165713e-13,2482de48d80db365a9509d90d89eae80a34468ddc892e1ef76a9b6fa936c932d,6b3a39623c32a5c8384bfdae978b32fd8c6522d620cd948127ee07e4f48eeea0,04f6ac46cf0a153b660e8bfcc95c50e7556c9250a32e6c78724cebd749b06db2,2293768066308388135,3952253815496652317,32,False
unsb-reciprocal-bridge-kernel-deflection-v1,RSCityscapes,RSCityscapes__0895,3,0.8600000000000001,1,1.0152114152330838,1.0152195755422424,1.1399206429718503,0.8905021874943175,4.0894122096402086e-06,3.632551631604919e-06,4.0894122096402086e-06,6.106226635438361e-15,2.2492090856474078e-07,7.938094626069869e-14,2482de48d80db365a9509d90d89eae80a34468ddc892e1ef76a9b6fa936c932d,6b3a39623c32a5c8384bfdae978b32fd8c6522d620cd948127ee07e4f48eeea0,04f6ac46cf0a153b660e8bfcc95c50e7556c9250a32e6c78724cebd749b06db2,2813243104205510748,8722175245902410308,32,False
unsb-reciprocal-bridge-kernel-deflection-v1,RSCityscapes,RSCityscapes__0516,1,0.5,1,0.7652373656008566,0.7652427289850798,1.0314291901422377,0.49904554105947574,6.541293062767295e-10,2.016142589544856e-07,6.541293062767295e-10,1.8207657603852567e-14,2.2586077452757536e-10,3.2085445411667024e-14,2482de48d80db365a9509d90d89eae80a34468ddc892e1ef76a9b6fa936c932d,6b3a39623c32a5c8384bfdae978b32fd8c6522d620cd948127ee07e4f48eeea0,170dfd522cd73085f076a6b434f3747ddd9614b03f6cc861531e94bf679fcc0e,6621825949283365334,8800216586813549782,32,False
unsb-reciprocal-bridge-kernel-deflection-v1,RSCityscapes,RSCityscapes__0516,2,0.74,1,0.9198029922817019,0.919807165229177,1.2526287772036098,0.5869772073597941,9.4363324865121e-07,1.4889705812759502e-07,9.4363324865121e-07,3.530509218307998e-14,1.4459066965955003e-07,1.4210854715202004e-13,2482de48d80db365a9509d90d89eae80a34468ddc892e1ef76a9b6fa936c932d,6b3a39623c32a5c8384bfdae978b32fd8c6522d620cd948127ee07e4f48eeea0,170dfd522cd73085f076a6b434f3747ddd9614b03f6cc861531e94bf679fcc0e,5088650172214397365,6916483190486156050,32,False
unsb-reciprocal-bridge-kernel-deflection-v1,RSCityscapes,RSCityscapes__0516,3,0.8600000000000001,1,0.994425953451289,0.994428529979998,1.2998731451522603,0.6889787617503178,7.268303752194782e-07,8.835557718800402e-08,7.268303752194782e-07,1.0602629885170245e-13,5.63224530347739e-08,7.041034422172743e-13,2482de48d80db365a9509d90d89eae80a34468ddc892e1ef76a9b6fa936c932d,6b3a39623c32a5c8384bfdae978b32fd8c6522d620cd948127ee07e4f48eeea0,170dfd522cd73085f076a6b434f3747ddd9614b03f6cc861531e94bf679fcc0e,7007992366714096312,1390240350671169167,32,False
unsb-reciprocal-bridge-kernel-deflection-v1,RSCityscapes,RSCityscapes__0569,1,0.5,1,0.6470888334132776,0.6470856936537612,0.9215236530507359,0.3726540137758193,2.12024063861449e-08,2.1145960760193816e-07,2.12024063861449e-08,6.350475700855895e-14,7.318177730475384e-09,1.0857981180834031e-13,2482de48d80db365a9509d90d89eae80a34468ddc892e1ef76a9b6fa936c932d,6b3a39623c32a5c8384bfdae978b32fd8c6522d620cd948127ee07e4f48eeea0,41ad589c4504da306bbf8a6814085191afe1b9a5f9100f3eb485f36de1c5887b,1275272586659352163,75698016089356466,32,False
unsb-reciprocal-bridge-kernel-deflection-v1,RSCityscapes,RSCityscapes__0569,2,0.74,1,0.8532567454985608,0.8532669394434467,1.2525553015762476,0.45395818942087396,3.075321641787809e-08,4.2494147678429073e-07,3.075321641787809e-08,4.3520742565306136e-14,4.420773414004486e-09,2.2293278334473143e-13,2482de48d80db365a9509d90d89eae80a34468ddc892e1ef76a9b6fa936c932d,6b3a39623c32a5c8384bfdae978b32fd8c6522d620cd948127ee07e4f48eeea0,41ad589c4504da306bbf8a6814085191afe1b9a5f9100f3eb485f36de1c5887b,2176652519819876048,4199592160094577966,32,False
unsb-reciprocal-bridge-kernel-deflection-v1,RSCityscapes,RSCityscapes__0569,3,0.8600000000000001,1,0.9215718942607654,0.9215813947436586,1.2952580492194858,0.547885739302045,1.88165127923412e-09,7.902494673084348e-07,1.88165127923412e-09,1.3722356584366935e-13,1.2210643607346583e-10,1.6500134591979077e-12,2482de48d80db365a9509d90d89eae80a34468ddc892e1ef76a9b6fa936c932d,6b3a39623c32a5c8384bfdae978b32fd8c6522d620cd948127ee07e4f48eeea0,41ad589c4504da306bbf8a6814085191afe1b9a5f9100f3eb485f36de1c5887b,6767247748143860454,1076417339336376366,32,False
unsb-reciprocal-bridge-kernel-deflection-v1,RSCityscapes,RSCityscapes__0153,1,0.5,2,0.5589139475710743,0.5589212325588216,0.5770835153794701,0.5407443797626784,6.10886676799538e-08,3.550044885836101e-07,6.10886676799538e-08,3.633340517339434e-09,2.704268464714943e-08,6.363204407833223e-09,2482de48d80db365a9509d90d89eae80a34468ddc892e1ef76a9b6fa936c932d,afb005c9c0d64f4b3b73eb45a2deaf0602e0ce9fc7fa0c07879a5dbf8d81b9a8,94d1f12abce9d23b2d7e5c3e81b7cd0393b3abd0bbb15ab395db5163bfbad275,6078730620121798999,7412228028987399525,32,False
unsb-reciprocal-bridge-kernel-deflection-v1,RSCityscapes,RSCityscapes__0153,2,0.74,2,0.7333604199364437,0.7333466467316059,0.7362590314095891,0.7304618084632983,3.847610434704052e-07,6.222523051269135e-07,3.847610434704052e-07,1.1471716465649706e-08,8.757758573896268e-08,4.338079873100753e-08,2482de48d80db365a9509d90d89eae80a34468ddc892e1ef76a9b6fa936c932d,afb005c9c0d64f4b3b73eb45a2deaf0602e0ce9fc7fa0c07879a5dbf8d81b9a8,94d1f12abce9d23b2d7e5c3e81b7cd0393b3abd0bbb15ab395db5163bfbad275,2445345723080842136,4333465570079123427,32,False
unsb-reciprocal-bridge-kernel-deflection-v1,RSCityscapes,RSCityscapes__0153,3,0.8600000000000001,2,0.8321772243239947,0.8321364499626926,0.8002144647290839,0.8641399839189055,7.500567555940307e-07,2.777602625014808e-06,7.500567555940307e-07,5.2780282255859845e-08,9.712877679923793e-08,4.011080618759877e-07,2482de48d80db365a9509d90d89eae80a34468ddc892e1ef76a9b6fa936c932d,afb005c9c0d64f4b3b73eb45a2deaf0602e0ce9fc7fa0c07879a5dbf8d81b9a8,94d1f12abce9d23b2d7e5c3e81b7cd0393b3abd0bbb15ab395db5163bfbad275,322374675586949801,4070966993342258379,32,False
unsb-reciprocal-bridge-kernel-deflection-v1,RSCityscapes,RSCityscapes__1035,1,0.5,2,0.23146677984835934,0.2314549894275192,0.2304144195565605,0.23251914014015818,2.5360065158963607e-09,1.4900230493886113e-08,2.5360065158963607e-09,7.273037727628662e-10,1.9450396848696982e-09,9.536929024278606e-10,2482de48d80db365a9509d90d89eae80a34468ddc892e1ef76a9b6fa936c932d,afb005c9c0d64f4b3b73eb45a2deaf0602e0ce9fc7fa0c07879a5dbf8d81b9a8,f1b55d4e12babab87ee59d38835052d28ba30b3f714847bca22403555c7fd2f5,6294932435042733989,5442622827954435768,32,False
unsb-reciprocal-bridge-kernel-deflection-v1,RSCityscapes,RSCityscapes__1035,2,0.74,2,0.4672244074509023,0.46724740756818195,0.4328791409207903,0.5015696739810144,4.0041700355430976e-07,7.28036393393694e-08,4.0041700355430976e-07,2.2192120363584422e-09,1.8155545267184436e-07,5.1043244075899e-09,2482de48d80db365a9509d90d89eae80a34468ddc892e1ef76a9b6fa936c932d,afb005c9c0d64f4b3b73eb45a2deaf0602e0ce9fc7fa0c07879a5dbf8d81b9a8,f1b55d4e12babab87ee59d38835052d28ba30b3f714847bca22403555c7fd2f5,8390673482415344838,2424365803537830721,32,False
unsb-reciprocal-bridge-kernel-deflection-v1,RSCityscapes,RSCityscapes__1035,3,0.8600000000000001,2,0.6703683267597726,0.6703524002626653,0.5887724317037922,0.7519642218157531,9.616010876456471e-08,9.020687274929884e-08,6.496587645621332e-08,2.068857862802531e-08,1.4408768178597597e-08,9.616010876456471e-08,2482de48d80db365a9509d90d89eae80a34468ddc892e1ef76a9b6fa936c932d,afb005c9c0d64f4b3b73eb45a2deaf0602e0ce9fc7fa0c07879a5dbf8d81b9a8,f1b55d4e12babab87ee59d38835052d28ba30b3f714847bca22403555c7fd2f5,3069554463915273538,8105537611890717825,32,False
unsb-reciprocal-bridge-kernel-deflection-v1,RSCityscapes,RSCityscapes__1168,1,0.5,2,0.40795927870468723,0.40793742050229276,0.40521768970657424,0.41070086770280023,5.0053036382280425e-08,6.493504800531014e-08,5.0053036382280425e-08,1.3093419681808882e-08,3.14494089659334e-08,2.0175873194361316e-08,2482de48d80db365a9509d90d89eae80a34468ddc892e1ef76a9b6fa936c932d,afb005c9c0d64f4b3b73eb45a2deaf0602e0ce9fc7fa0c07879a5dbf8d81b9a8,468cdfcb144221e09315a60503edb8d27ffc428e79f2c8f6eb8e1dc6bfeb6ec2,7498492917868736042,8403236402495503840,32,False
unsb-reciprocal-bridge-kernel-deflection-v1,RSCityscapes,RSCityscapes__1168,2,0.74,2,0.654789374557899,0.6547666351998502,0.6044625728471391,0.7051161762686589,2.1094503477314674e-08,2.753310437419998e-07,2.1094503477314674e-08,8.959437636235634e-10,6.790629170083662e-09,2.821993194679351e-09,2482de48d80db365a9509d90d89eae80a34468ddc892e1ef76a9b6fa936c932d,afb005c9c0d64f4b3b73eb45a2deaf0602e0ce9fc7fa0c07879a5dbf8d81b9a8,468cdfcb144221e09315a60503edb8d27ffc428e79f2c8f6eb8e1dc6bfeb6ec2,978822757750220282,4449621310878922321,32,False
unsb-reciprocal-bridge-kernel-deflection-v1,RSCityscapes,RSCityscapes__1168,3,0.8600000000000001,2,0.8083453124392206,0.8083718011815628,0.7215362797296403,0.8951543451488009,1.9257886596513174e-07,5.021585063325062e-07,2.328444648203032e-08,2.9305973647808514e-08,3.420974392653875e-09,1.9257886596513174e-07,2482de48d80db365a9509d90d89eae80a34468ddc892e1ef76a9b6fa936c932d,afb005c9c0d64f4b3b73eb45a2deaf0602e0ce9fc7fa0c07879a5dbf8d81b9a8,468cdfcb144221e09315a60503edb8d27ffc428e79f2c8f6eb8e1dc6bfeb6ec2,271799435538437543,2614220945464548147,32,False
unsb-reciprocal-bridge-kernel-deflection-v1,RSCityscapes,RSCityscapes__0223,1,0.5,2,0.6737593421285117,0.6737934646870375,0.5893799012506271,0.7581387830063965,7.2160067920989945e-09,5.032570804530678e-08,8.74581518317541e-11,3.7571523670010265e-09,5.108513612128718e-11,7.2160067920989945e-09,2482de48d80db365a9509d90d89eae80a34468ddc892e1ef76a9b6fa936c932d,afb005c9c0d64f4b3b73eb45a2deaf0602e0ce9fc7fa0c07879a5dbf8d81b9a8,b4ef9c33c6d595f1f85e875a41645e6741242a65b46dbeefe2e8cd9280efa50b,3016182268493861128,6256330693295806708,32,False
unsb-reciprocal-bridge-kernel-deflection-v1,RSCityscapes,RSCityscapes__0223,2,0.74,2,0.8362279202886134,0.8362241745191992,0.6957297554538473,0.9767260851233793,2.2441052460742128e-07,1.8037708970908284e-07,2.2441052460742128e-07,1.8677969726432764e-08,5.3141510192311614e-08,6.896839088721407e-08,2482de48d80db365a9509d90d89eae80a34468ddc892e1ef76a9b6fa936c932d,afb005c9c0d64f4b3b73eb45a2deaf0602e0ce9fc7fa0c07879a5dbf8d81b9a8,b4ef9c33c6d595f1f85e875a41645e6741242a65b46dbeefe2e8cd9280efa50b,3294903753154879560,5013230502110580742,32,False
unsb-reciprocal-bridge-kernel-deflection-v1,RSCityscapes,RSCityscapes__0223,3,0.8600000000000001,2,0.8967474252733615,0.8967455219382208,0.7500797496811515,1.0434151008655714,1.6243517446667965e-06,1.3588881453419077e-07,1.6243517446667965e-06,1.166129326435339e-08,1.9348642643635117e-07,7.48109096893046e-08,2482de48d80db365a9509d90d89eae80a34468ddc892e1ef76a9b6fa936c932d,afb005c9c0d64f4b3b73eb45a2deaf0602e0ce9fc7fa0c07879a5dbf8d81b9a8,b4ef9c33c6d595f1f85e875a41645e6741242a65b46dbeefe2e8cd9280efa50b,1548890836051834007,8470417590786807560,32,False
unsb-reciprocal-bridge-kernel-deflection-v1,RSCityscapes,RSCityscapes__0226,1,0.5,2,0.33057730972884847,0.33057715543650656,0.31449387900320336,0.3466607404544936,6.660401985492115e-08,1.597099563710458e-08,5.993490048705752e-08,5.123190427447355e-08,4.538650233421038e-08,6.660401985492115e-08,2482de48d80db365a9509d90d89eae80a34468ddc892e1ef76a9b6fa936c932d,afb005c9c0d64f4b3b73eb45a2deaf0602e0ce9fc7fa0c07879a5dbf8d81b9a8,fa7661f055340b55d48881e015b61ffd2c4b8787d874709438202f6894a79826,283971298780368221,7955420367874193612,32,False
unsb-reciprocal-bridge-kernel-deflection-v1,RSCityscapes,RSCityscapes__0226,2,0.74,2,0.5928801345141224,0.592884405495692,0.5375149316911491,0.6482453373370958,4.039851686510332e-07,1.1182530487152675e-06,4.039851686510332e-07,9.131249090188476e-10,1.6161930638247668e-07,2.0901416153407126e-09,2482de48d80db365a9509d90d89eae80a34468ddc892e1ef76a9b6fa936c932d,afb005c9c0d64f4b3b73eb45a2deaf0602e0ce9fc7fa0c07879a5dbf8d81b9a8,fa7661f055340b55d48881e015b61ffd2c4b8787d874709438202f6894a79826,8702720799466015278,6912028787967040943,32,False
unsb-reciprocal-bridge-kernel-deflection-v1,RSCityscapes,RSCityscapes__0226,3,0.8600000000000001,2,0.7758113302370603,0.7758130001035232,0.694148619939652,0.8574740405344685,7.734707219153591e-08,1.5475596644165535e-06,7.734707219153591e-08,3.1581346426889922e-09,1.4185595365034942e-08,1.3298301904107745e-08,2482de48d80db365a9509d90d89eae80a34468ddc892e1ef76a9b6fa936c932d,afb005c9c0d64f4b3b73eb45a2deaf0602e0ce9fc7fa0c07879a5dbf8d81b9a8,fa7661f055340b55d48881e015b61ffd2c4b8787d874709438202f6894a79826,7134576376350863140,4060244540315419442,32,False
unsb-reciprocal-bridge-kernel-deflection-v1,RSCityscapes,RSCityscapes__0317,1,0.5,2,0.26968630948697536,0.26968230669145643,0.27778475198255603,0.2615878669913947,4.38531564395106e-08,1.1831908075521369e-07,7.914267352582272e-09,3.881573684694217e-08,5.702251004713332e-09,4.38531564395106e-08,2482de48d80db365a9509d90d89eae80a34468ddc892e1ef76a9b6fa936c932d,afb005c9c0d64f4b3b73eb45a2deaf0602e0ce9fc7fa0c07879a5dbf8d81b9a8,6e06aa1c1d3a429208211db27fa0946645916f84341c69c8e7ec0e33a4db1b96,7653439257355289446,6122261289514980148,32,False
unsb-reciprocal-bridge-kernel-deflection-v1,RSCityscapes,RSCityscapes__0317,2,0.74,2,0.5041969553575745,0.5041851866825582,0.5043675655676362,0.5040263451475129,2.2137161548307915e-08,7.66955631226196e-08,2.2137161548307915e-08,1.2409721028561194e-09,9.445585757994479e-09,2.3044938179950236e-09,2482de48d80db365a9509d90d89eae80a34468ddc892e1ef76a9b6fa936c932d,afb005c9c0d64f4b3b73eb45a2deaf0602e0ce9fc7fa0c07879a5dbf8d81b9a8,6e06aa1c1d3a429208211db27fa0946645916f84341c69c8e7ec0e33a4db1b96,4084790930977244673,6674963719295257529,32,False
unsb-reciprocal-bridge-kernel-deflection-v1,RSCityscapes,RSCityscapes__0317,3,0.8600000000000001,2,0.6847511715977438,0.6847597122709668,0.6541457679407563,0.7153565752547313,3.364092070468061e-07,6.375052760132505e-07,3.364092070468061e-07,1.6466045971164078e-08,7.377169686240137e-08,6.139966757245929e-08,2482de48d80db365a9509d90d89eae80a34468ddc892e1ef76a9b6fa936c932d,afb005c9c0d64f4b3b73eb45a2deaf0602e0ce9fc7fa0c07879a5dbf8d81b9a8,6e06aa1c1d3a429208211db27fa0946645916f84341c69c8e7ec0e33a4db1b96,5421530113801831538,9076221665271408535,32,False
unsb-reciprocal-bridge-kernel-deflection-v1,RSCityscapes,RSCityscapes__0222,1,0.5,2,0.4239615775360631,0.42396663400479134,0.4055317583243687,0.4423913967477575,1.025972780066553e-07,9.089925101513074e-08,1.025972780066553e-07,2.6493479965417066e-08,6.862732648826864e-08,4.04633526684961e-08,2482de48d80db365a9509d90d89eae80a34468ddc892e1ef76a9b6fa936c932d,afb005c9c0d64f4b3b73eb45a2deaf0602e0ce9fc7fa0c07879a5dbf8d81b9a8,b92365de3f44b59cf24a0db1e2dd6b90fcd26abb6937646e480ada99c123495e,386117772031343144,7522750269907216026,32,False
unsb-reciprocal-bridge-kernel-deflection-v1,RSCityscapes,RSCityscapes__0222,2,0.74,2,0.6726240952856346,0.67258461379835,0.6124980974773776,0.7327500930938915,1.1493696449038637e-06,1.3018346178839124e-08,1.1493696449038637e-06,1.231210300378649e-08,3.697721095985429e-07,3.580575924644336e-08,2482de48d80db365a9509d90d89eae80a34468ddc892e1ef76a9b6fa936c932d,afb005c9c0d64f4b3b73eb45a2deaf0602e0ce9fc7fa0c07879a5dbf8d81b9a8,b92365de3f44b59cf24a0db1e2dd6b90fcd26abb6937646e480ada99c123495e,676244896055045080,4250034637962642644,32,False
unsb-reciprocal-bridge-kernel-deflection-v1,RSCityscapes,RSCityscapes__0222,3,0.8600000000000001,2,0.8152434266719237,0.8152528809809378,0.7254223924506167,0.9050644608932308,1.7253489836832614e-07,3.8030504745378835e-07,1.7253489836832614e-07,2.176764812844567e-08,2.633131424012447e-08,1.1518007836386346e-07,2482de48d80db365a9509d90d89eae80a34468ddc892e1ef76a9b6fa936c932d,afb005c9c0d64f4b3b73eb45a2deaf0602e0ce9fc7fa0c07879a5dbf8d81b9a8,b92365de3f44b59cf24a0db1e2dd6b90fcd26abb6937646e480ada99c123495e,6452732460132287496,4738901191403966168,32,False
unsb-reciprocal-bridge-kernel-deflection-v1,RSCityscapes,RSCityscapes__0949,1,0.5,2,0.26946707477254966,0.26945640762761314,0.29234380662572623,0.2465903429193731,1.8379402622059615e-07,1.0808653372329502e-07,1.8379402622059615e-07,6.14206685511931e-09,1.355824326143562e-07,7.941116209053689e-09,2482de48d80db365a9509d90d89eae80a34468ddc892e1ef76a9b6fa936c932d,afb005c9c0d64f4b3b73eb45a2deaf0602e0ce9fc7fa0c07879a5dbf8d81b9a8,d6526905fb7d8aeffd00571c1bee8cca229715a07fa5d0f3f73c3353f8cb7eb7,4949959907812463294,6373097304634795942,32,False
unsb-reciprocal-bridge-kernel-deflection-v1,RSCityscapes,RSCityscapes__0949,2,0.74,2,0.4983398649043908,0.49834921095000284,0.5183277278232208,0.4783520019855608,1.75799558577161e-07,5.310038994066346e-07,1.75799558577161e-07,2.2258463960866948e-09,6.81530452073531e-08,5.31268928849471e-09,2482de48d80db365a9509d90d89eae80a34468ddc892e1ef76a9b6fa936c932d,afb005c9c0d64f4b3b73eb45a2deaf0602e0ce9fc7fa0c07879a5dbf8d81b9a8,d6526905fb7d8aeffd00571c1bee8cca229715a07fa5d0f3f73c3353f8cb7eb7,8958159521144797822,1817707047714045644,32,False
unsb-reciprocal-bridge-kernel-deflection-v1,RSCityscapes,RSCityscapes__0949,3,0.8600000000000001,2,0.6851044186439997,0.6850816381035709,0.6647127597460465,0.705496077541953,1.3485770256060903e-07,9.093235719959125e-09,1.0451939314037872e-10,2.6118441853739682e-08,1.933053717095845e-11,1.3485770256060903e-07,2482de48d80db365a9509d90d89eae80a34468ddc892e1ef76a9b6fa936c932d,afb005c9c0d64f4b3b73eb45a2deaf0602e0ce9fc7fa0c07879a5dbf8d81b9a8,d6526905fb7d8aeffd00571c1bee8cca229715a07fa5d0f3f73c3353f8cb7eb7,6300606112785664119,9142447700548874242,32,False
unsb-reciprocal-bridge-kernel-deflection-v1,RSCityscapes,RSCityscapes__0900,1,0.5,2,0.20558785535454355,0.20559413266349413,0.21878215933113931,0.19239355137794778,1.6754133080887357e-07,6.111330261848735e-07,1.6754133080887357e-07,1.574963059969292e-08,1.2283896699827324e-07,1.914605418651405e-08,2482de48d80db365a9509d90d89eae80a34468ddc892e1ef76a9b6fa936c932d,afb005c9c0d64f4b3b73eb45a2deaf0602e0ce9fc7fa0c07879a5dbf8d81b9a8,6a17f0da7a3b01e38e675b410f0922c6d55036b4ffb18f0f908e14323565842d,137045695871590137,1396254269314438945,32,False
unsb-reciprocal-bridge-kernel-deflection-v1,RSCityscapes,RSCityscapes__0900,2,0.74,2,0.4298497078007508,0.42986927374229134,0.43724015184669685,0.4224592637548048,8.919362137760345e-08,2.3143039262762954e-07,8.919362137760345e-08,1.5212542336939805e-10,4.0855106520076845e-08,3.2295588425768074e-10,2482de48d80db365a9509d90d89eae80a34468ddc892e1ef76a9b6fa936c932d,afb005c9c0d64f4b3b73eb45a2deaf0602e0ce9fc7fa0c07879a5dbf8d81b9a8,6a17f0da7a3b01e38e675b410f0922c6d55036b4ffb18f0f908e14323565842d,7385041054475813168,8207075348131589020,32,False
unsb-reciprocal-bridge-kernel-deflection-v1,RSCityscapes,RSCityscapes__0900,3,0.8600000000000001,2,0.6484946565370673,0.6484541636205028,0.6213111569933214,0.6756781560808133,3.6802066727403826e-08,4.1217714175090236e-07,3.6802066727403826e-08,1.766897739230444e-11,8.401965900795005e-09,7.732892104428402e-11,2482de48d80db365a9509d90d89eae80a34468ddc892e1ef76a9b6fa936c932d,afb005c9c0d64f4b3b73eb45a2deaf0602e0ce9fc7fa0c07879a5dbf8d81b9a8,6a17f0da7a3b01e38e675b410f0922c6d55036b4ffb18f0f908e14323565842d,1318817049727516750,3669512063962720872,32,False
unsb-reciprocal-bridge-kernel-deflection-v1,RSCityscapes,RSCityscapes__0601,1,0.5,2,0.23610054207737474,0.23609835217227476,0.2504717037216302,0.2217293804331193,3.353018407370456e-08,2.638430252055457e-09,6.6851502111831e-10,2.685505484656403e-08,4.785600804524393e-10,3.353018407370456e-08,2482de48d80db365a9509d90d89eae80a34468ddc892e1ef76a9b6fa936c932d,afb005c9c0d64f4b3b73eb45a2deaf0602e0ce9fc7fa0c07879a5dbf8d81b9a8,e596548146e1e1c47cf384e4b884b15a35347d71f918c09e8a5f5febaf05767a,7830544252017734087,6317582266866441340,32,False
unsb-reciprocal-bridge-kernel-deflection-v1,RSCityscapes,RSCityscapes__0601,2,0.74,2,0.45770316071463024,0.45769542130413454,0.4496634211670374,0.4657429002622231,1.6318140216853294e-07,4.943014398905987e-07,1.6318140216853294e-07,5.632435740032804e-09,6.73860021116468e-08,1.2381541791839368e-08,2482de48d80db365a9509d90d89eae80a34468ddc892e1ef76a9b6fa936c932d,afb005c9c0d64f4b3b73eb45a2deaf0602e0ce9fc7fa0c07879a5dbf8d81b9a8,e596548146e1e1c47cf384e4b884b15a35347d71f918c09e8a5f5febaf05767a,3130634256051111868,6690416692706555231,32,False
unsb-reciprocal-bridge-kernel-deflection-v1,RSCityscapes,RSCityscapes__0601,3,0.8600000000000001,2,0.65775445746761,0.6577813445436007,0.5939479989947076,0.7215609159405122,7.144102576184252e-07,3.125248489554977e-06,7.144102576184252e-07,5.517202161797741e-08,1.4577760598655232e-07,2.3723396647135075e-07,2482de48d80db365a9509d90d89eae80a34468ddc892e1ef76a9b6fa936c932d,afb005c9c0d64f4b3b73eb45a2deaf0602e0ce9fc7fa0c07879a5dbf8d81b9a8,e596548146e1e1c47cf384e4b884b15a35347d71f918c09e8a5f5febaf05767a,8078805684994551380,7263320839334777747,32,False
unsb-reciprocal-bridge-kernel-deflection-v1,RSCityscapes,RSCityscapes__0279,1,0.5,2,0.24123160731940224,0.24123178245838078,0.2606269537691698,0.2218362608696347,1.9200800061014434e-08,1.9351582114524035e-08,1.9200800061014434e-08,2.7253128642712454e-09,1.4072767839934386e-08,3.608361276441485e-09,2482de48d80db365a9509d90d89eae80a34468ddc892e1ef76a9b6fa936c932d,afb005c9c0d64f4b3b73eb45a2deaf0602e0ce9fc7fa0c07879a5dbf8d81b9a8,aed7419a6151a6d85307f481495807071695c5c309b36725ee70f06c9dc2b712,2443140142901412322,6716038102579671918,32,False
unsb-reciprocal-bridge-kernel-deflection-v1,RSCityscapes,RSCityscapes__0279,2,0.74,2,0.46045718885742215,0.4604325993641342,0.49464948849111257,0.42626488922373174,1.0823877072407839e-07,8.29439621430339e-08,1.0823877072407839e-07,3.457143904483928e-09,4.334889336377046e-08,8.657686567659084e-09,2482de48d80db365a9509d90d89eae80a34468ddc892e1ef76a9b6fa936c932d,afb005c9c0d64f4b3b73eb45a2deaf0602e0ce9fc7fa0c07879a5dbf8d81b9a8,aed7419a6151a6d85307f481495807071695c5c309b36725ee70f06c9dc2b712,3931750724649363647,7135432849838674484,32,False
unsb-reciprocal-bridge-kernel-deflection-v1,RSCityscapes,RSCityscapes__0279,3,0.8600000000000001,2,0.6553022480815635,0.6552975591591036,0.6634296285001282,0.6471748676629987,6.093650839478215e-08,1.1020441288422944e-06,6.093650839478215e-08,3.12061487761639e-12,1.2057644327434502e-08,1.419742101660404e-11,2482de48d80db365a9509d90d89eae80a34468ddc892e1ef76a9b6fa936c932d,afb005c9c0d64f4b3b73eb45a2deaf0602e0ce9fc7fa0c07879a5dbf8d81b9a8,aed7419a6151a6d85307f481495807071695c5c309b36725ee70f06c9dc2b712,6590973347759944508,3484994911647723878,32,False
unsb-reciprocal-bridge-kernel-deflection-v1,RSCityscapes,RSCityscapes__0719,1,0.5,2,0.4856791721538021,0.4856605731167714,0.49582974587007544,0.4755285984375287,3.429641959318275e-08,2.901105591313069e-07,3.429641959318275e-08,1.6720550499726983e-09,1.9954538243993625e-08,2.655192732348155e-09,2482de48d80db365a9509d90d89eae80a34468ddc892e1ef76a9b6fa936c932d,afb005c9c0d64f4b3b73eb45a2deaf0602e0ce9fc7fa0c07879a5dbf8d81b9a8,4f0dd08211e67f2715df4da43004f50f5e374d45ada1039f92a5bd4de61ffd27,4202076570664718045,3981918812948638364,32,False
unsb-reciprocal-bridge-kernel-deflection-v1,RSCityscapes,RSCityscapes__0719,2,0.74,2,0.6868266534611932,0.6868012942079229,0.6603529544291317,0.7133003524932547,3.9138245511161074e-07,5.891597743001853e-08,3.9138245511161074e-07,1.0416250195710575e-08,1.1082116957439325e-07,3.33299682298005e-08,2482de48d80db365a9509d90d89eae80a34468ddc892e1ef76a9b6fa936c932d,afb005c9c0d64f4b3b73eb45a2deaf0602e0ce9fc7fa0c07879a5dbf8d81b9a8,4f0dd08211e67f2715df4da43004f50f5e374d45ada1039f92a5bd4de61ffd27,8420685184351658468,299812764059415383,32,False
unsb-reciprocal-bridge-kernel-deflection-v1,RSCityscapes,RSCityscapes__0719,3,0.8600000000000001,2,0.7962024193579116,0.7961878406133334,0.7313771487490156,0.8610276899668077,4.6362003625066706e-07,5.280311343724975e-07,4.6362003625066706e-07,3.399622527933133e-08,6.886716419352013e-08,2.0598174010899584e-07,2482de48d80db365a9509d90d89eae80a34468ddc892e1ef76a9b6fa936c932d,afb005c9c0d64f4b3b73eb45a2deaf0602e0ce9fc7fa0c07879a5dbf8d81b9a8,4f0dd08211e67f2715df4da43004f50f5e374d45ada1039f92a5bd4de61ffd27,1093363510779076068,8895448207107685533,32,False
unsb-reciprocal-bridge-kernel-deflection-v1,RSCityscapes,RSCityscapes__0506,1,0.5,2,0.3211513898887715,0.3211520509570495,0.28924720353723254,0.3530555762403105,8.876141377456293e-08,1.0754610646479534e-07,5.066212649396107e-08,6.979581679278368e-08,4.086487082055612e-08,8.876141377456293e-08,2482de48d80db365a9509d90d89eae80a34468ddc892e1ef76a9b6fa936c932d,afb005c9c0d64f4b3b73eb45a2deaf0602e0ce9fc7fa0c07879a5dbf8d81b9a8,a6ae4e92be154ce1878427adc22a98adc646eb6b84340be5b2fe0740838317b6,4013045436968908918,1087959584399341436,32,False
unsb-reciprocal-bridge-kernel-deflection-v1,RSCityscapes,RSCityscapes__0506,2,0.74,2,0.5840593108495793,0.5840626648977156,0.481354658245126,0.6867639634540327,9.392292654730738e-08,4.7175114481490255e-08,8.506327087154375e-08,4.223580107876046e-08,4.1868036926295815e-08,9.392292654730738e-08,2482de48d80db365a9509d90d89eae80a34468ddc892e1ef76a9b6fa936c932d,afb005c9c0d64f4b3b73eb45a2deaf0602e0ce9fc7fa0c07879a5dbf8d81b9a8,a6ae4e92be154ce1878427adc22a98adc646eb6b84340be5b2fe0740838317b6,3676568857738334573,8231611248048285326,32,False
unsb-reciprocal-bridge-kernel-deflection-v1,RSCityscapes,RSCityscapes__0506,3,0.8600000000000001,2,0.7722052718205067,0.7722096385176644,0.6353478972573718,0.9090626463836415,4.4579618452278424e-07,4.966830574604231e-07,4.4579618452278424e-07,2.249247676999744e-09,1.0879466461055642e-07,9.031686176719234e-09,2482de48d80db365a9509d90d89eae80a34468ddc892e1ef76a9b6fa936c932d,afb005c9c0d64f4b3b73eb45a2deaf0602e0ce9fc7fa0c07879a5dbf8d81b9a8,a6ae4e92be154ce1878427adc22a98adc646eb6b84340be5b2fe0740838317b6,4861249582668306741,7900200309581837874,32,False
unsb-reciprocal-bridge-kernel-deflection-v1,RSCityscapes,RSCityscapes__0895,1,0.5,2,0.5005512758283864,0.5005617191598226,0.46572786082100304,0.5353746908357698,5.286952545757728e-07,1.3849730118309367e-07,5.286952545757728e-07,3.516638391598548e-08,3.0490944857852753e-07,5.7732562730450354e-08,2482de48d80db365a9509d90d89eae80a34468ddc892e1ef76a9b6fa936c932d,afb005c9c0d64f4b3b73eb45a2deaf0602e0ce9fc7fa0c07879a5dbf8d81b9a8,04f6ac46cf0a153b660e8bfcc95c50e7556c9250a32e6c78724cebd749b06db2,3714961933487179450,6696667099735974840,32,False
unsb-reciprocal-bridge-kernel-deflection-v1,RSCityscapes,RSCityscapes__0895,2,0.74,2,0.7158226164899522,0.7158445208337068,0.6217370152312809,0.8099082177486234,3.324128625692424e-07,2.608814830828976e-07,3.324128625692424e-07,2.981489832798445e-09,9.776045817311285e-08,9.655220845061763e-09,2482de48d80db365a9509d90d89eae80a34468ddc892e1ef76a9b6fa936c932d,afb005c9c0d64f4b3b73eb45a2deaf0602e0ce9fc7fa0c07879a5dbf8d81b9a8,04f6ac46cf0a153b660e8bfcc95c50e7556c9250a32e6c78724cebd749b06db2,2293768066308388135,3952253815496652317,32,False
unsb-reciprocal-bridge-kernel-deflection-v1,RSCityscapes,RSCityscapes__0895,3,0.8600000000000001,2,0.825463274787527,0.8254711331497431,0.7000630842454283,0.9508634653296258,4.0894122096402086e-06,3.632551631604919e-06,4.0894122096402086e-06,4.654779561796829e-09,6.061104438348508e-07,2.738832960424986e-08,2482de48d80db365a9509d90d89eae80a34468ddc892e1ef76a9b6fa936c932d,afb005c9c0d64f4b3b73eb45a2deaf0602e0ce9fc7fa0c07879a5dbf8d81b9a8,04f6ac46cf0a153b660e8bfcc95c50e7556c9250a32e6c78724cebd749b06db2,2813243104205510748,8722175245902410308,32,False
unsb-reciprocal-bridge-kernel-deflection-v1,RSCityscapes,RSCityscapes__0516,1,0.5,2,0.36477417979991067,0.36476667145546565,0.328737367040002,0.40081099255981933,3.5777820817095574e-08,2.016142589544856e-07,6.541293062767295e-10,2.5194314301479892e-08,5.207692055364532e-10,3.5777820817095574e-08,2482de48d80db365a9509d90d89eae80a34468ddc892e1ef76a9b6fa936c932d,afb005c9c0d64f4b3b73eb45a2deaf0602e0ce9fc7fa0c07879a5dbf8d81b9a8,170dfd522cd73085f076a6b434f3747ddd9614b03f6cc861531e94bf679fcc0e,6621825949283365334,8800216586813549782,32,False
unsb-reciprocal-bridge-kernel-deflection-v1,RSCityscapes,RSCityscapes__0516,2,0.74,2,0.6234503497437286,0.6234625937723743,0.5129413333274462,0.733959366160011,9.4363324865121e-07,3.063152678173253e-07,9.4363324865121e-07,5.31792997415792e-08,4.272435563112964e-07,1.3718649183314113e-07,2482de48d80db365a9509d90d89eae80a34468ddc892e1ef76a9b6fa936c932d,afb005c9c0d64f4b3b73eb45a2deaf0602e0ce9fc7fa0c07879a5dbf8d81b9a8,170dfd522cd73085f076a6b434f3747ddd9614b03f6cc861531e94bf679fcc0e,5088650172214397365,6916483190486156050,32,False
unsb-reciprocal-bridge-kernel-deflection-v1,RSCityscapes,RSCityscapes__0516,3,0.8600000000000001,2,0.7934332978805023,0.7934391440114938,0.6496050218176119,0.9372615739433928,7.268303752194782e-07,1.4476081744430047e-07,7.268303752194782e-07,7.116505607029922e-08,1.5755440974096757e-07,3.4668623305478263e-07,2482de48d80db365a9509d90d89eae80a34468ddc892e1ef76a9b6fa936c932d,afb005c9c0d64f4b3b73eb45a2deaf0602e0ce9fc7fa0c07879a5dbf8d81b9a8,170dfd522cd73085f076a6b434f3747ddd9614b03f6cc861531e94bf679fcc0e,7007992366714096312,1390240350671169167,32,False
unsb-reciprocal-bridge-kernel-deflection-v1,RSCityscapes,RSCityscapes__0569,1,0.5,2,0.24168378062506973,0.2416812575894139,0.2671459677879152,0.21622159346222425,2.12024063861449e-08,2.1145960760193816e-07,2.12024063861449e-08,2.5111686063894467e-09,1.494194157292128e-08,3.1324421945200243e-09,2482de48d80db365a9509d90d89eae80a34468ddc892e1ef76a9b6fa936c932d,afb005c9c0d64f4b3b73eb45a2deaf0602e0ce9fc7fa0c07879a5dbf8d81b9a8,41ad589c4504da306bbf8a6814085191afe1b9a5f9100f3eb485f36de1c5887b,1275272586659352163,75698016089356466,32,False
unsb-reciprocal-bridge-kernel-deflection-v1,RSCityscapes,RSCityscapes__0569,2,0.74,2,0.4737265776560308,0.4737331982184195,0.4951813904185969,0.45227176489346477,3.075321641787809e-08,4.2494147678429073e-07,3.075321641787809e-08,2.680410671196398e-09,1.275190586458308e-08,6.210905234560471e-09,2482de48d80db365a9509d90d89eae80a34468ddc892e1ef76a9b6fa936c932d,afb005c9c0d64f4b3b73eb45a2deaf0602e0ce9fc7fa0c07879a5dbf8d81b9a8,41ad589c4504da306bbf8a6814085191afe1b9a5f9100f3eb485f36de1c5887b,2176652519819876048,4199592160094577966,32,False
unsb-reciprocal-bridge-kernel-deflection-v1,RSCityscapes,RSCityscapes__0569,3,0.8600000000000001,2,0.6694891499680697,0.6694932032488025,0.6475375827956071,0.6914407171405323,7.06175665721176e-08,7.902494673084348e-07,1.88165127923412e-09,1.3892127448400515e-08,4.0732683892485966e-10,7.06175665721176e-08,2482de48d80db365a9509d90d89eae80a34468ddc892e1ef76a9b6fa936c932d,afb005c9c0d64f4b3b73eb45a2deaf0602e0ce9fc7fa0c07879a5dbf8d81b9a8,41ad589c4504da306bbf8a6814085191afe1b9a5f9100f3eb485f36de1c5887b,6767247748143860454,1076417339336376366,32,False
unsb-reciprocal-bridge-kernel-deflection-v1,RSCityscapes,RSCityscapes__0153,1,0.5,3,0.3799430381548972,0.37996023390159595,0.22968976857052537,0.5301963077392691,1.4864018538229828e-07,3.85583650674981e-07,6.10886676799538e-08,9.029419845152376e-08,6.638012439719176e-08,1.4864018538229828e-07,2482de48d80db365a9509d90d89eae80a34468ddc892e1ef76a9b6fa936c932d,39b43beddd65b13c4212d6877923b0295dc874c2455a4a4c43604fafae691c0c,94d1f12abce9d23b2d7e5c3e81b7cd0393b3abd0bbb15ab395db5163bfbad275,6078730620121798999,7412228028987399525,32,False
unsb-reciprocal-bridge-kernel-deflection-v1,RSCityscapes,RSCityscapes__0153,2,0.74,3,0.7156851791264607,0.7156973344824948,0.3990049136339232,1.032365444618998,3.037487287471663e-06,1.6461353563590464e-06,3.847610434704052e-07,9.194166622483735e-07,1.6287554205351995e-07,3.037487287471663e-06,2482de48d80db365a9509d90d89eae80a34468ddc892e1ef76a9b6fa936c932d,39b43beddd65b13c4212d6877923b0295dc874c2455a4a4c43604fafae691c0c,94d1f12abce9d23b2d7e5c3e81b7cd0393b3abd0bbb15ab395db5163bfbad275,2445345723080842136,4333465570079123427,32,False
unsb-reciprocal-bridge-kernel-deflection-v1,RSCityscapes,RSCityscapes__0153,3,0.8600000000000001,3,0.8739248464866463,0.8738787950274853,0.5801759367940951,1.1676737561791974,1.624868193550455e-06,4.206833071451754e-06,7.500567555940307e-07,2.5322072083611147e-07,1.2792384274096236e-07,1.624868193550455e-06,2482de48d80db365a9509d90d89eae80a34468ddc892e1ef76a9b6fa936c932d,39b43beddd65b13c4212d6877923b0295dc874c2455a4a4c43604fafae691c0c,94d1f12abce9d23b2d7e5c3e81b7cd0393b3abd0bbb15ab395db5163bfbad275,322374675586949801,4070966993342258379,32,False
unsb-reciprocal-bridge-kernel-deflection-v1,RSCityscapes,RSCityscapes__1035,1,0.5,3,0.14043707694430319,0.14040008581605767,0.08946955067828155,0.19140460321032482,4.043068362324931e-07,5.569848967601487e-07,2.5360065158963607e-09,2.885852183887039e-07,3.5771405837436987e-09,4.043068362324931e-07,2482de48d80db365a9509d90d89eae80a34468ddc892e1ef76a9b6fa936c932d,39b43beddd65b13c4212d6877923b0295dc874c2455a4a4c43604fafae691c0c,f1b55d4e12babab87ee59d38835052d28ba30b3f714847bca22403555c7fd2f5,6294932435042733989,5442622827954435768,32,False
unsb-reciprocal-bridge-kernel-deflection-v1,RSCityscapes,RSCityscapes__1035,2,0.74,3,0.4589090108868962,0.45897775501115745,0.17128390695243212,0.7465341148213602,7.916135881247399e-07,8.28658524021364e-08,4.0041700355430976e-07,3.1240281916922186e-07,4.5565834749794476e-07,7.916135881247399e-07,2482de48d80db365a9509d90d89eae80a34468ddc892e1ef76a9b6fa936c932d,39b43beddd65b13c4212d6877923b0295dc874c2455a4a4c43604fafae691c0c,f1b55d4e12babab87ee59d38835052d28ba30b3f714847bca22403555c7fd2f5,8390673482415344838,2424365803537830721,32,False
unsb-reciprocal-bridge-kernel-deflection-v1,RSCityscapes,RSCityscapes__1035,3,0.8600000000000001,3,0.7365163004149171,0.7365567755991168,0.2746612083425428,1.1983713924872914,2.7467135010894594e-06,1.8222776999587964e-06,6.496587645621332e-08,6.136954395774552e-07,2.444502822385175e-08,2.7467135010894594e-06,2482de48d80db365a9509d90d89eae80a34468ddc892e1ef76a9b6fa936c932d,39b43beddd65b13c4212d6877923b0295dc874c2455a4a4c43604fafae691c0c,f1b55d4e12babab87ee59d38835052d28ba30b3f714847bca22403555c7fd2f5,3069554463915273538,8105537611890717825,32,False
unsb-reciprocal-bridge-kernel-deflection-v1,RSCityscapes,RSCityscapes__1168,1,0.5,3,0.28450995102137056,0.2844225546585783,0.1696066791399553,0.3994132229027858,1.603107090408784e-07,2.393880144002658e-06,5.0053036382280425e-08,9.77429586157541e-08,6.245301087393074e-08,1.603107090408784e-07,2482de48d80db365a9509d90d89eae80a34468ddc892e1ef76a9b6fa936c932d,39b43beddd65b13c4212d6877923b0295dc874c2455a4a4c43604fafae691c0c,468cdfcb144221e09315a60503edb8d27ffc428e79f2c8f6eb8e1dc6bfeb6ec2,7498492917868736042,8403236402495503840,32,False
unsb-reciprocal-bridge-kernel-deflection-v1,RSCityscapes,RSCityscapes__1168,2,0.74,3,0.6450644645221969,0.6450186769249,0.2889704381092386,1.0011584909351552,7.162305187824458e-07,2.753310437419998e-07,2.1094503477314674e-08,2.470073897642422e-07,1.293687623693529e-08,7.162305187824458e-07,2482de48d80db365a9509d90d89eae80a34468ddc892e1ef76a9b6fa936c932d,39b43beddd65b13c4212d6877923b0295dc874c2455a4a4c43604fafae691c0c,468cdfcb144221e09315a60503edb8d27ffc428e79f2c8f6eb8e1dc6bfeb6ec2,978822757750220282,4449621310878922321,32,False
unsb-reciprocal-bridge-kernel-deflection-v1,RSCityscapes,RSCityscapes__1168,3,0.8600000000000001,3,0.8267950673816717,0.8268113912974185,0.4245265095035837,1.2290636252597598,1.948739845714087e-06,4.143565995429199e-06,2.328444648203032e-08,3.3594110626644635e-07,4.8015219578090296e-09,1.948739845714087e-06,2482de48d80db365a9509d90d89eae80a34468ddc892e1ef76a9b6fa936c932d,39b43beddd65b13c4212d6877923b0295dc874c2455a4a4c43604fafae691c0c,468cdfcb144221e09315a60503edb8d27ffc428e79f2c8f6eb8e1dc6bfeb6ec2,271799435538437543,2614220945464548147,32,False
unsb-reciprocal-bridge-kernel-deflection-v1,RSCityscapes,RSCityscapes__0223,1,0.5,3,0.6749998017343075,0.6750642784614902,0.4776559628986612,0.872343640569954,1.8895065212465312e-07,6.358402907524763e-06,8.74581518317541e-11,8.953784513821006e-08,6.304023969505579e-11,1.8895065212465312e-07,2482de48d80db365a9509d90d89eae80a34468ddc892e1ef76a9b6fa936c932d,39b43beddd65b13c4212d6877923b0295dc874c2455a4a4c43604fafae691c0c,b4ef9c33c6d595f1f85e875a41645e6741242a65b46dbeefe2e8cd9280efa50b,3016182268493861128,6256330693295806708,32,False
unsb-reciprocal-bridge-kernel-deflection-v1,RSCityscapes,RSCityscapes__0223,2,0.74,3,0.8817212341941056,0.8817164170450138,0.615378446914843,1.1480640214733684,3.18332176840741e-07,1.0931477264053413e-05,2.2441052460742128e-07,7.800666990132044e-08,5.9177239775110024e-08,3.18332176840741e-07,2482de48d80db365a9509d90d89eae80a34468ddc892e1ef76a9b6fa936c932d,39b43beddd65b13c4212d6877923b0295dc874c2455a4a4c43604fafae691c0c,b4ef9c33c6d595f1f85e875a41645e6741242a65b46dbeefe2e8cd9280efa50b,3294903753154879560,5013230502110580742,32,False
unsb-reciprocal-bridge-kernel-deflection-v1,RSCityscapes,RSCityscapes__0223,3,0.8600000000000001,3,0.9427481539832168,0.9427304364248388,0.7084624764643839,1.1770338315020497,5.86917545875032e-06,2.0411491764571466e-06,1.6243517446667965e-06,8.640840905016489e-07,2.0090614760714942e-07,5.86917545875032e-06,2482de48d80db365a9509d90d89eae80a34468ddc892e1ef76a9b6fa936c932d,39b43beddd65b13c4212d6877923b0295dc874c2455a4a4c43604fafae691c0c,b4ef9c33c6d595f1f85e875a41645e6741242a65b46dbeefe2e8cd9280efa50b,1548890836051834007,8470417590786807560,32,False
unsb-reciprocal-bridge-kernel-deflection-v1,RSCityscapes,RSCityscapes__0226,1,0.5,3,0.24838296482864752,0.2483764243425215,0.15273886878717025,0.3440270608701248,7.785636793045114e-07,5.932403863706526e-07,5.993490048705752e-08,4.929731345360011e-07,7.740317486959469e-08,7.785636793045114e-07,2482de48d80db365a9509d90d89eae80a34468ddc892e1ef76a9b6fa936c932d,39b43beddd65b13c4212d6877923b0295dc874c2455a4a4c43604fafae691c0c,fa7661f055340b55d48881e015b61ffd2c4b8787d874709438202f6894a79826,283971298780368221,7955420367874193612,32,False
unsb-reciprocal-bridge-kernel-deflection-v1,RSCityscapes,RSCityscapes__0226,2,0.74,3,0.5934009614335609,0.5934052446276998,0.26662205546913365,0.9201798673979883,4.039851686510332e-07,1.3129949816281794e-06,4.039851686510332e-07,5.864634222696452e-09,3.0385963789569814e-07,1.5865369018541742e-08,2482de48d80db365a9509d90d89eae80a34468ddc892e1ef76a9b6fa936c932d,39b43beddd65b13c4212d6877923b0295dc874c2455a4a4c43604fafae691c0c,fa7661f055340b55d48881e015b61ffd2c4b8787d874709438202f6894a79826,8702720799466015278,6912028787967040943,32,False
unsb-reciprocal-bridge-kernel-deflection-v1,RSCityscapes,RSCityscapes__0226,3,0.8600000000000001,3,0.7993761215455084,0.7992622910321541,0.38871146985884375,1.210040773232173,3.6922180414178385e-06,1.5475596644165535e-06,7.734707219153591e-08,6.570069466249606e-07,2.0743532891387417e-08,3.6922180414178385e-06,2482de48d80db365a9509d90d89eae80a34468ddc892e1ef76a9b6fa936c932d,39b43beddd65b13c4212d6877923b0295dc874c2455a4a4c43604fafae691c0c,fa7661f055340b55d48881e015b61ffd2c4b8787d874709438202f6894a79826,7134576376350863140,4060244540315419442,32,False
unsb-reciprocal-bridge-kernel-deflection-v1,RSCityscapes,RSCityscapes__0317,1,0.5,3,0.1421037571476766,0.1420943378521798,0.09186229449536876,0.19234521979998442,8.810374557688405e-07,1.4707293414240041e-06,7.914267352582272e-09,6.529240687003224e-07,1.0759070745436361e-08,8.810374557688405e-07,2482de48d80db365a9509d90d89eae80a34468ddc892e1ef76a9b6fa936c932d,39b43beddd65b13c4212d6877923b0295dc874c2455a4a4c43604fafae691c0c,6e06aa1c1d3a429208211db27fa0946645916f84341c69c8e7ec0e33a4db1b96,7653439257355289446,6122261289514980148,32,False
unsb-reciprocal-bridge-kernel-deflection-v1,RSCityscapes,RSCityscapes__0317,2,0.74,3,0.43875549322793894,0.4388084095546001,0.18197548278480613,0.6955355036710718,2.61121770472883e-06,1.0950682940435996e-06,2.2137161548307915e-08,1.0716651119846432e-06,2.3963325435083505e-08,2.61121770472883e-06,2482de48d80db365a9509d90d89eae80a34468ddc892e1ef76a9b6fa936c932d,39b43beddd65b13c4212d6877923b0295dc874c2455a4a4c43604fafae691c0c,6e06aa1c1d3a429208211db27fa0946645916f84341c69c8e7ec0e33a4db1b96,4084790930977244673,6674963719295257529,32,False
unsb-reciprocal-bridge-kernel-deflection-v1,RSCityscapes,RSCityscapes__0317,3,0.8600000000000001,3,0.7060709808709436,0.7060477669352498,0.30147534859774605,1.110666613144141,3.364092070468061e-07,7.344218676097469e-06,3.364092070468061e-07,5.531541658054806e-08,1.294927816086755e-07,2.5637557188318283e-07,2482de48d80db365a9509d90d89eae80a34468ddc892e1ef76a9b6fa936c932d,39b43beddd65b13c4212d6877923b0295dc874c2455a4a4c43604fafae691c0c,6e06aa1c1d3a429208211db27fa0946645916f84341c69c8e7ec0e33a4db1b96,5421530113801831538,9076221665271408535,32,False
unsb-reciprocal-bridge-kernel-deflection-v1,RSCityscapes,RSCityscapes__0222,1,0.5,3,0.338340259958181,0.33832964589276177,0.2077872890777802,0.4688932308385818,2.860227780177027e-07,8.953818790846668e-07,1.025972780066553e-07,1.7340822089373376e-07,1.198452049822052e-07,2.860227780177027e-07,2482de48d80db365a9509d90d89eae80a34468ddc892e1ef76a9b6fa936c932d,39b43beddd65b13c4212d6877923b0295dc874c2455a4a4c43604fafae691c0c,b92365de3f44b59cf24a0db1e2dd6b90fcd26abb6937646e480ada99c123495e,386117772031343144,7522750269907216026,32,False
unsb-reciprocal-bridge-kernel-deflection-v1,RSCityscapes,RSCityscapes__0222,2,0.74,3,0.685916508242451,0.6858387093192151,0.34234760543741427,1.0294854110474878,1.8027265242803736e-06,3.24839787513298e-07,1.1493696449038637e-06,5.604345442167258e-07,6.452907717058309e-07,1.8027265242803736e-06,2482de48d80db365a9509d90d89eae80a34468ddc892e1ef76a9b6fa936c932d,39b43beddd65b13c4212d6877923b0295dc874c2455a4a4c43604fafae691c0c,b92365de3f44b59cf24a0db1e2dd6b90fcd26abb6937646e480ada99c123495e,676244896055045080,4250034637962642644,32,False
unsb-reciprocal-bridge-kernel-deflection-v1,RSCityscapes,RSCityscapes__0222,3,0.8600000000000001,3,0.8505346021434794,0.8505334394202712,0.4793518545315246,1.2217173497554343,1.122861609581527e-06,1.0045561916749435e-05,1.7253489836832614e-07,1.937352881453691e-07,3.5850063584419445e-08,1.122861609581527e-06,2482de48d80db365a9509d90d89eae80a34468ddc892e1ef76a9b6fa936c932d,39b43beddd65b13c4212d6877923b0295dc874c2455a4a4c43604fafae691c0c,b92365de3f44b59cf24a0db1e2dd6b90fcd26abb6937646e480ada99c123495e,6452732460132287496,4738901191403966168,32,False
unsb-reciprocal-bridge-kernel-deflection-v1,RSCityscapes,RSCityscapes__0949,1,0.5,3,0.1600800989769915,0.16005902830409352,0.10783975862500017,0.2123204393289828,2.521408433153738e-07,1.952859565834686e-06,1.8379402622059615e-07,5.606898501042679e-09,2.521408433153738e-07,8.64406624057068e-09,2482de48d80db365a9509d90d89eae80a34468ddc892e1ef76a9b6fa936c932d,39b43beddd65b13c4212d6877923b0295dc874c2455a4a4c43604fafae691c0c,d6526905fb7d8aeffd00571c1bee8cca229715a07fa5d0f3f73c3353f8cb7eb7,4949959907812463294,6373097304634795942,32,False
unsb-reciprocal-bridge-kernel-deflection-v1,RSCityscapes,RSCityscapes__0949,2,0.74,3,0.4717364603584981,0.47176182155546387,0.19832296572909025,0.7451499549879059,6.054061256755006e-07,1.9568022570082277e-06,1.75799558577161e-07,2.310260605042913e-07,1.8372506882524675e-07,6.054061256755006e-07,2482de48d80db365a9509d90d89eae80a34468ddc892e1ef76a9b6fa936c932d,39b43beddd65b13c4212d6877923b0295dc874c2455a4a4c43604fafae691c0c,d6526905fb7d8aeffd00571c1bee8cca229715a07fa5d0f3f73c3353f8cb7eb7,8958159521144797822,1817707047714045644,32,False
unsb-reciprocal-bridge-kernel-deflection-v1,RSCityscapes,RSCityscapes__0949,3,0.8600000000000001,3,0.7301943026694473,0.7301622173735507,0.30578419983659244,1.1546044055023021,5.64732838470583e-06,2.4310815527339713e-06,1.0451939314037872e-10,1.1855904107349602e-06,3.735545206495772e-11,5.64732838470583e-06,2482de48d80db365a9509d90d89eae80a34468ddc892e1ef76a9b6fa936c932d,39b43beddd65b13c4212d6877923b0295dc874c2455a4a4c43604fafae691c0c,d6526905fb7d8aeffd00571c1bee8cca229715a07fa5d0f3f73c3353f8cb7eb7,6300606112785664119,9142447700548874242,32,False
unsb-reciprocal-bridge-kernel-deflection-v1,RSCityscapes,RSCityscapes__0900,1,0.5,3,0.12020723701727726,0.12021555906285114,0.084627893059811,0.15578658097474352,3.390742071562869e-07,7.778422501658611e-07,1.6754133080887357e-07,2.446610551931627e-07,2.132755216877058e-07,3.390742071562869e-07,2482de48d80db365a9509d90d89eae80a34468ddc892e1ef76a9b6fa936c932d,39b43beddd65b13c4212d6877923b0295dc874c2455a4a4c43604fafae691c0c,6a17f0da7a3b01e38e675b410f0922c6d55036b4ffb18f0f908e14323565842d,137045695871590137,1396254269314438945,32,False
unsb-reciprocal-bridge-kernel-deflection-v1,RSCityscapes,RSCityscapes__0900,2,0.74,3,0.3890666959422328,0.3891032010454126,0.16580661163372967,0.612326780250736,1.962579342595916e-06,2.405633728441714e-06,8.919362137760345e-08,8.062440313150177e-07,1.04890738206187e-07,1.962579342595916e-06,2482de48d80db365a9509d90d89eae80a34468ddc892e1ef76a9b6fa936c932d,39b43beddd65b13c4212d6877923b0295dc874c2455a4a4c43604fafae691c0c,6a17f0da7a3b01e38e675b410f0922c6d55036b4ffb18f0f908e14323565842d,7385041054475813168,8207075348131589020,32,False
unsb-reciprocal-bridge-kernel-deflection-v1,RSCityscapes,RSCityscapes__0900,3,0.8600000000000001,3,0.6961626187662607,0.696177428984925,0.27058494897278207,1.1217402885597394,4.262675363686519e-06,1.203389445425529e-05,3.6802066727403826e-08,9.478350138092395e-07,1.63409950015847e-08,4.262675363686519e-06,2482de48d80db365a9509d90d89eae80a34468ddc892e1ef76a9b6fa936c932d,39b43beddd65b13c4212d6877923b0295dc874c2455a4a4c43604fafae691c0c,6a17f0da7a3b01e38e675b410f0922c6d55036b4ffb18f0f908e14323565842d,1318817049727516750,3669512063962720872,32,False
unsb-reciprocal-bridge-kernel-deflection-v1,RSCityscapes,RSCityscapes__0601,1,0.5,3,0.15525703516750777,0.1552183340227744,0.10388497185562962,0.20662909847938593,4.1128379169030893e-07,1.73928538904633e-07,6.6851502111831e-10,2.895377277933875e-07,9.350860086243529e-10,4.1128379169030893e-07,2482de48d80db365a9509d90d89eae80a34468ddc892e1ef76a9b6fa936c932d,39b43beddd65b13c4212d6877923b0295dc874c2455a4a4c43604fafae691c0c,e596548146e1e1c47cf384e4b884b15a35347d71f918c09e8a5f5febaf05767a,7830544252017734087,6317582266866441340,32,False
unsb-reciprocal-bridge-kernel-deflection-v1,RSCityscapes,RSCityscapes__0601,2,0.74,3,0.4604574040240252,0.46048173648670243,0.18614988003122923,0.7347649280168211,1.8348174124493966e-07,3.332675791556383e-06,1.6318140216853294e-07,6.365134064267863e-08,1.8348174124493966e-07,1.6472600372630097e-07,2482de48d80db365a9509d90d89eae80a34468ddc892e1ef76a9b6fa936c932d,39b43beddd65b13c4212d6877923b0295dc874c2455a4a4c43604fafae691c0c,e596548146e1e1c47cf384e4b884b15a35347d71f918c09e8a5f5febaf05767a,3130634256051111868,6690416692706555231,32,False
unsb-reciprocal-bridge-kernel-deflection-v1,RSCityscapes,RSCityscapes__0601,3,0.8600000000000001,3,0.7170413123136528,0.7170365365927935,0.2789357954847588,1.1551468291425468,4.167644256702907e-06,3.125248489554977e-06,7.144102576184252e-07,8.438298790824916e-07,2.737776882977272e-07,4.167644256702907e-06,2482de48d80db365a9509d90d89eae80a34468ddc892e1ef76a9b6fa936c932d,39b43beddd65b13c4212d6877923b0295dc874c2455a4a4c43604fafae691c0c,e596548146e1e1c47cf384e4b884b15a35347d71f918c09e8a5f5febaf05767a,8078805684994551380,7263320839334777747,32,False
unsb-reciprocal-bridge-kernel-deflection-v1,RSCityscapes,RSCityscapes__0279,1,0.5,3,0.1291788305836869,0.12918082797910108,0.08982851560436766,0.16852914556300613,7.460765856226459e-07,5.113668999356946e-08,1.9200800061014434e-08,4.957679261563541e-07,2.513414620874954e-08,7.460765856226459e-07,2482de48d80db365a9509d90d89eae80a34468ddc892e1ef76a9b6fa936c932d,39b43beddd65b13c4212d6877923b0295dc874c2455a4a4c43604fafae691c0c,aed7419a6151a6d85307f481495807071695c5c309b36725ee70f06c9dc2b712,2443140142901412322,6716038102579671918,32,False
unsb-reciprocal-bridge-kernel-deflection-v1,RSCityscapes,RSCityscapes__0279,2,0.74,3,0.3934914351094579,0.3934788966160464,0.1655681000227165,0.6214147701961993,1.9737825118770758e-07,3.8026469151297704e-07,1.0823877072407839e-07,8.468827883412189e-08,1.2817731442904545e-07,1.9737825118770758e-07,2482de48d80db365a9509d90d89eae80a34468ddc892e1ef76a9b6fa936c932d,39b43beddd65b13c4212d6877923b0295dc874c2455a4a4c43604fafae691c0c,aed7419a6151a6d85307f481495807071695c5c309b36725ee70f06c9dc2b712,3931750724649363647,7135432849838674484,32,False
unsb-reciprocal-bridge-kernel-deflection-v1,RSCityscapes,RSCityscapes__0279,3,0.8600000000000001,3,0.675466048253644,0.6754434778308416,0.2584786356684825,1.0924534608388055,1.911367630946792e-06,1.759609529972117e-06,6.093650839478215e-08,4.2303078717775833e-07,2.6131089625458515e-08,1.911367630946792e-06,2482de48d80db365a9509d90d89eae80a34468ddc892e1ef76a9b6fa936c932d,39b43beddd65b13c4212d6877923b0295dc874c2455a4a4c43604fafae691c0c,aed7419a6151a6d85307f481495807071695c5c309b36725ee70f06c9dc2b712,6590973347759944508,3484994911647723878,32,False
unsb-reciprocal-bridge-kernel-deflection-v1,RSCityscapes,RSCityscapes__0719,1,0.5,3,0.3258566870973312,0.3258178937645513,0.1900851565099111,0.46162821768475126,1.1413475466959255e-06,3.4910936341780996e-07,3.429641959318275e-08,6.915219039616005e-07,4.126761976586124e-08,1.1413475466959255e-06,2482de48d80db365a9509d90d89eae80a34468ddc892e1ef76a9b6fa936c932d,39b43beddd65b13c4212d6877923b0295dc874c2455a4a4c43604fafae691c0c,4f0dd08211e67f2715df4da43004f50f5e374d45ada1039f92a5bd4de61ffd27,4202076570664718045,3981918812948638364,32,False
unsb-reciprocal-bridge-kernel-deflection-v1,RSCityscapes,RSCityscapes__0719,2,0.74,3,0.6650880732157537,0.6650245651568726,0.31195804931933746,1.01821809711217,5.776457667749924e-07,1.4148577542894003e-07,3.9138245511161074e-07,1.788863556173581e-07,2.132396159648664e-07,5.776457667749924e-07,2482de48d80db365a9509d90d89eae80a34468ddc892e1ef76a9b6fa936c932d,39b43beddd65b13c4212d6877923b0295dc874c2455a4a4c43604fafae691c0c,4f0dd08211e67f2715df4da43004f50f5e374d45ada1039f92a5bd4de61ffd27,8420685184351658468,299812764059415383,32,False
unsb-reciprocal-bridge-kernel-deflection-v1,RSCityscapes,RSCityscapes__0719,3,0.8600000000000001,3,0.8212076207015042,0.821167338002974,0.4533545064966207,1.1890607349063878,8.563792392224379e-06,9.551318358336225e-06,4.6362003625066706e-07,1.4665993937068578e-06,9.448914450871371e-08,8.563792392224379e-06,2482de48d80db365a9509d90d89eae80a34468ddc892e1ef76a9b6fa936c932d,39b43beddd65b13c4212d6877923b0295dc874c2455a4a4c43604fafae691c0c,4f0dd08211e67f2715df4da43004f50f5e374d45ada1039f92a5bd4de61ffd27,1093363510779076068,8895448207107685533,32,False
unsb-reciprocal-bridge-kernel-deflection-v1,RSCityscapes,RSCityscapes__0506,1,0.5,3,0.25474343846392483,0.2547344894306294,0.15616028499785506,0.3533265919299946,1.482937148522545e-06,6.229018779890794e-06,5.066212649396107e-08,1.0157810421684843e-06,6.951474085248321e-08,1.482937148522545e-06,2482de48d80db365a9509d90d89eae80a34468ddc892e1ef76a9b6fa936c932d,39b43beddd65b13c4212d6877923b0295dc874c2455a4a4c43604fafae691c0c,a6ae4e92be154ce1878427adc22a98adc646eb6b84340be5b2fe0740838317b6,4013045436968908918,1087959584399341436,32,False
unsb-reciprocal-bridge-kernel-deflection-v1,RSCityscapes,RSCityscapes__0506,2,0.74,3,0.6026971049919905,0.6027304287080182,0.275305796166493,0.9300884138174881,4.595048216815556e-06,3.0177203286241294e-06,8.506327087154375e-08,1.6703234587689408e-06,6.72124884637526e-08,4.595048216815556e-06,2482de48d80db365a9509d90d89eae80a34468ddc892e1ef76a9b6fa936c932d,39b43beddd65b13c4212d6877923b0295dc874c2455a4a4c43604fafae691c0c,a6ae4e92be154ce1878427adc22a98adc646eb6b84340be5b2fe0740838317b6,3676568857738334573,8231611248048285326,32,False
unsb-reciprocal-bridge-kernel-deflection-v1,RSCityscapes,RSCityscapes__0506,3,0.8600000000000001,3,0.8091180078237777,0.809104840231792,0.3987292930088284,1.219506722638727,5.902536305946171e-06,4.966830574604231e-07,4.4579618452278424e-07,1.2107585288800848e-06,1.3376293828137875e-07,5.902536305946171e-06,2482de48d80db365a9509d90d89eae80a34468ddc892e1ef76a9b6fa936c932d,39b43beddd65b13c4212d6877923b0295dc874c2455a4a4c43604fafae691c0c,a6ae4e92be154ce1878427adc22a98adc646eb6b84340be5b2fe0740838317b6,4861249582668306741,7900200309581837874,32,False
unsb-reciprocal-bridge-kernel-deflection-v1,RSCityscapes,RSCityscapes__0895,1,0.5,3,0.40636602678446476,0.4063896920855507,0.22824897105195696,0.5844830825169726,1.0268681543967872e-06,2.6074773313844446e-06,5.286952545757728e-07,5.640611717705468e-07,5.933225393217612e-07,1.0268681543967872e-06,2482de48d80db365a9509d90d89eae80a34468ddc892e1ef76a9b6fa936c932d,39b43beddd65b13c4212d6877923b0295dc874c2455a4a4c43604fafae691c0c,04f6ac46cf0a153b660e8bfcc95c50e7556c9250a32e6c78724cebd749b06db2,3714961933487179450,6696667099735974840,32,False
unsb-reciprocal-bridge-kernel-deflection-v1,RSCityscapes,RSCityscapes__0895,2,0.74,3,0.7343896103406228,0.7344456879604486,0.35971027571633396,1.1090689449649116,1.2951753967094248e-06,3.0225569804809282e-06,3.324128625692424e-07,3.624209157226943e-07,1.4822450400409082e-07,1.2951753967094248e-06,2482de48d80db365a9509d90d89eae80a34468ddc892e1ef76a9b6fa936c932d,39b43beddd65b13c4212d6877923b0295dc874c2455a4a4c43604fafae691c0c,04f6ac46cf0a153b660e8bfcc95c50e7556c9250a32e6c78724cebd749b06db2,2293768066308388135,3952253815496652317,32,False
unsb-reciprocal-bridge-kernel-deflection-v1,RSCityscapes,RSCityscapes__0895,3,0.8600000000000001,3,0.8624800633905234,0.8624866155014457,0.49756521241226437,1.2273949143687826,4.0894122096402086e-06,3.632551631604919e-06,4.0894122096402086e-06,2.684356987803227e-07,7.042988141581219e-07,1.7310061721786951e-06,2482de48d80db365a9509d90d89eae80a34468ddc892e1ef76a9b6fa936c932d,39b43beddd65b13c4212d6877923b0295dc874c2455a4a4c43604fafae691c0c,04f6ac46cf0a153b660e8bfcc95c50e7556c9250a32e6c78724cebd749b06db2,2813243104205510748,8722175245902410308,32,False
unsb-reciprocal-bridge-kernel-deflection-v1,RSCityscapes,RSCityscapes__0516,1,0.5,3,0.2948652295878868,0.29484151370508294,0.18367317533264993,0.4060572838431237,2.0915484799655104e-07,7.519136900890899e-07,6.541293062767295e-10,1.4076577603550078e-07,8.399183570872992e-10,2.0915484799655104e-07,2482de48d80db365a9509d90d89eae80a34468ddc892e1ef76a9b6fa936c932d,39b43beddd65b13c4212d6877923b0295dc874c2455a4a4c43604fafae691c0c,170dfd522cd73085f076a6b434f3747ddd9614b03f6cc861531e94bf679fcc0e,6621825949283365334,8800216586813549782,32,False
unsb-reciprocal-bridge-kernel-deflection-v1,RSCityscapes,RSCityscapes__0516,2,0.74,3,0.6418523187495246,0.64185566170857,0.3095128476564103,0.974191789842639,6.005835342492993e-06,2.270620195676809e-05,9.4363324865121e-07,2.166361932620653e-06,6.30792878708597e-07,6.005835342492993e-06,2482de48d80db365a9509d90d89eae80a34468ddc892e1ef76a9b6fa936c932d,39b43beddd65b13c4212d6877923b0295dc874c2455a4a4c43604fafae691c0c,170dfd522cd73085f076a6b434f3747ddd9614b03f6cc861531e94bf679fcc0e,5088650172214397365,6916483190486156050,32,False
unsb-reciprocal-bridge-kernel-deflection-v1,RSCityscapes,RSCityscapes__0516,3,0.8600000000000001,3,0.8358256858397137,0.8358478632571746,0.43445798158805693,1.2371933900913705,3.4300509125229084e-06,2.1994048724494064e-06,7.268303752194782e-07,6.322068459851948e-07,1.7948456332295137e-07,3.4300509125229084e-06,2482de48d80db365a9509d90d89eae80a34468ddc892e1ef76a9b6fa936c932d,39b43beddd65b13c4212d6877923b0295dc874c2455a4a4c43604fafae691c0c,170dfd522cd73085f076a6b434f3747ddd9614b03f6cc861531e94bf679fcc0e,7007992366714096312,1390240350671169167,32,False
unsb-reciprocal-bridge-kernel-deflection-v1,RSCityscapes,RSCityscapes__0569,1,0.5,3,0.14747746401709982,0.1474925308618208,0.10344060313984138,0.19151432489435827,1.152247922853178e-06,8.203378315529974e-06,2.12024063861449e-08,7.361432124985967e-07,2.6640717187831342e-08,1.152247922853178e-06,2482de48d80db365a9509d90d89eae80a34468ddc892e1ef76a9b6fa936c932d,39b43beddd65b13c4212d6877923b0295dc874c2455a4a4c43604fafae691c0c,41ad589c4504da306bbf8a6814085191afe1b9a5f9100f3eb485f36de1c5887b,1275272586659352163,75698016089356466,32,False
unsb-reciprocal-bridge-kernel-deflection-v1,RSCityscapes,RSCityscapes__0569,2,0.74,3,0.4286960930071173,0.4287459340117989,0.1929946561298772,0.6643975298843574,3.095554657051025e-08,4.2882483575201746e-07,3.075321641787809e-08,2.6846704859195825e-09,3.095554657051025e-08,6.5497723911178696e-09,2482de48d80db365a9509d90d89eae80a34468ddc892e1ef76a9b6fa936c932d,39b43beddd65b13c4212d6877923b0295dc874c2455a4a4c43604fafae691c0c,41ad589c4504da306bbf8a6814085191afe1b9a5f9100f3eb485f36de1c5887b,2176652519819876048,4199592160094577966,32,False
unsb-reciprocal-bridge-kernel-deflection-v1,RSCityscapes,RSCityscapes__0569,3,0.8600000000000001,3,0.6950812970289046,0.6951206171483109,0.29959396442966035,1.090568629628149,2.2917545482448176e-06,4.585353779118506e-06,1.88165127923412e-09,4.556383177423129e-07,7.330063223065508e-10,2.2917545482448176e-06,2482de48d80db365a9509d90d89eae80a34468ddc892e1ef76a9b6fa936c932d,39b43beddd65b13c4212d6877923b0295dc874c2455a4a4c43604fafae691c0c,41ad589c4504da306bbf8a6814085191afe1b9a5f9100f3eb485f36de1c5887b,6767247748143860454,1076417339336376366,32,False
unsb-reciprocal-bridge-kernel-deflection-v1,RSCityscapes,RSCityscapes__0153,1,0.5,4,0.34540527434396895,0.34545131137502477,0.29223854056200915,0.39857200812592875,7.977708702755493e-06,3.4495452199134746e-06,6.10886676799538e-08,7.977708702755493e-06,4.913223550229162e-08,7.790211182134854e-06,2482de48d80db365a9509d90d89eae80a34468ddc892e1ef76a9b6fa936c932d,50eee5b0523ee6bf5d4ec70ba4a75c1371addf582fbaf59014e486f177439f8f,94d1f12abce9d23b2d7e5c3e81b7cd0393b3abd0bbb15ab395db5163bfbad275,6078730620121798999,7412228028987399525,32,False
unsb-reciprocal-bridge-kernel-deflection-v1,RSCityscapes,RSCityscapes__0153,2,0.74,4,0.5893247275077649,0.5896356582062063,0.4155278409125621,0.7631216141029675,2.5047269408107198e-05,1.1801607439521078e-05,3.847610434704052e-07,1.580404140444358e-05,1.6801277835654105e-07,2.5047269408107198e-05,2482de48d80db365a9509d90d89eae80a34468ddc892e1ef76a9b6fa936c932d,50eee5b0523ee6bf5d4ec70ba4a75c1371addf582fbaf59014e486f177439f8f,94d1f12abce9d23b2d7e5c3e81b7cd0393b3abd0bbb15ab395db5163bfbad275,2445345723080842136,4333465570079123427,32,False
unsb-reciprocal-bridge-kernel-deflection-v1,RSCityscapes,RSCityscapes__0153,3,0.8600000000000001,4,0.7671075302842123,0.7670774247287822,0.5405552283661168,0.9936598322023078,0.00011337902021502089,0.00012140109791436426,7.500567555940307e-07,3.978426403072888e-05,1.58725068422072e-07,0.00011337902021502089,2482de48d80db365a9509d90d89eae80a34468ddc892e1ef76a9b6fa936c932d,50eee5b0523ee6bf5d4ec70ba4a75c1371addf582fbaf59014e486f177439f8f,94d1f12abce9d23b2d7e5c3e81b7cd0393b3abd0bbb15ab395db5163bfbad275,322374675586949801,4070966993342258379,32,False
unsb-reciprocal-bridge-kernel-deflection-v1,RSCityscapes,RSCityscapes__1035,1,0.5,4,0.11542562287359975,0.11535894466617064,0.08386801382524256,0.14698323192195695,2.1111486970593063e-05,7.611048299160927e-06,2.5360065158963607e-09,1.4960681494979866e-05,3.764217160195926e-09,2.1111486970593063e-05,2482de48d80db365a9509d90d89eae80a34468ddc892e1ef76a9b6fa936c932d,50eee5b0523ee6bf5d4ec70ba4a75c1371addf582fbaf59014e486f177439f8f,f1b55d4e12babab87ee59d38835052d28ba30b3f714847bca22403555c7fd2f5,6294932435042733989,5442622827954435768,32,False
unsb-reciprocal-bridge-kernel-deflection-v1,RSCityscapes,RSCityscapes__1035,2,0.74,4,0.4386019103673852,0.4387715268366543,0.1489921906981294,0.728211630036641,5.334657065125814e-05,7.494051672551905e-07,4.0041700355430976e-07,2.282178486368025e-05,5.945136272167417e-07,5.334657065125814e-05,2482de48d80db365a9509d90d89eae80a34468ddc892e1ef76a9b6fa936c932d,50eee5b0523ee6bf5d4ec70ba4a75c1371addf582fbaf59014e486f177439f8f,f1b55d4e12babab87ee59d38835052d28ba30b3f714847bca22403555c7fd2f5,8390673482415344838,2424365803537830721,32,False
unsb-reciprocal-bridge-kernel-deflection-v1,RSCityscapes,RSCityscapes__1035,3,0.8600000000000001,4,0.7309955033293374,0.7307773382021845,0.22639418275600365,1.2355968239026711,4.7285232775973185e-06,3.674300169853595e-05,6.496587645621332e-08,1.2524601514796174e-06,2.841515878149181e-08,4.7285232775973185e-06,2482de48d80db365a9509d90d89eae80a34468ddc892e1ef76a9b6fa936c932d,50eee5b0523ee6bf5d4ec70ba4a75c1371addf582fbaf59014e486f177439f8f,f1b55d4e12babab87ee59d38835052d28ba30b3f714847bca22403555c7fd2f5,3069554463915273538,8105537611890717825,32,False
unsb-reciprocal-bridge-kernel-deflection-v1,RSCityscapes,RSCityscapes__1168,1,0.5,4,0.24872478733602965,0.24825046349118302,0.1767433008751068,0.3207062737969525,5.189766119073624e-07,1.6914421164804239e-06,5.0053036382280425e-08,3.386707461139338e-07,6.284401610212598e-08,5.189766119073624e-07,2482de48d80db365a9509d90d89eae80a34468ddc892e1ef76a9b6fa936c932d,50eee5b0523ee6bf5d4ec70ba4a75c1371addf582fbaf59014e486f177439f8f,468cdfcb144221e09315a60503edb8d27ffc428e79f2c8f6eb8e1dc6bfeb6ec2,7498492917868736042,8403236402495503840,32,False
unsb-reciprocal-bridge-kernel-deflection-v1,RSCityscapes,RSCityscapes__1168,2,0.74,4,0.5880146577184182,0.5878461383761369,0.27409799390145995,0.9019313215353766,4.359860462432863e-06,1.5294080679573163e-05,2.1094503477314674e-08,1.9020606971675846e-06,1.4365771905389124e-08,4.359860462432863e-06,2482de48d80db365a9509d90d89eae80a34468ddc892e1ef76a9b6fa936c932d,50eee5b0523ee6bf5d4ec70ba4a75c1371addf582fbaf59014e486f177439f8f,468cdfcb144221e09315a60503edb8d27ffc428e79f2c8f6eb8e1dc6bfeb6ec2,978822757750220282,4449621310878922321,32,False
unsb-reciprocal-bridge-kernel-deflection-v1,RSCityscapes,RSCityscapes__1168,3,0.8600000000000001,4,0.773298500348894,0.7733462383558067,0.3761527813902912,1.1704442193074969,9.174914468834672e-06,0.00013668346538575626,2.328444648203032e-08,2.2335038334375668e-06,5.1925355126769546e-09,9.174914468834672e-06,2482de48d80db365a9509d90d89eae80a34468ddc892e1ef76a9b6fa936c932d,50eee5b0523ee6bf5d4ec70ba4a75c1371addf582fbaf59014e486f177439f8f,468cdfcb144221e09315a60503edb8d27ffc428e79f2c8f6eb8e1dc6bfeb6ec2,271799435538437543,2614220945464548147,32,False
unsb-reciprocal-bridge-kernel-deflection-v1,RSCityscapes,RSCityscapes__0223,1,0.5,4,0.6344043322517621,0.6344527871011726,0.4917513207923182,0.777057343711206,3.5833607114899024e-07,9.974642900156816e-05,8.74581518317541e-11,1.7508214078532092e-07,5.872358155301072e-11,3.5833607114899024e-07,2482de48d80db365a9509d90d89eae80a34468ddc892e1ef76a9b6fa936c932d,50eee5b0523ee6bf5d4ec70ba4a75c1371addf582fbaf59014e486f177439f8f,b4ef9c33c6d595f1f85e875a41645e6741242a65b46dbeefe2e8cd9280efa50b,3016182268493861128,6256330693295806708,32,False
unsb-reciprocal-bridge-kernel-deflection-v1,RSCityscapes,RSCityscapes__0223,2,0.74,4,0.8060371422337602,0.8061185089859153,0.6026201907285078,1.0094540937390126,1.9144437353624255e-05,7.18764099733038e-05,2.2441052460742128e-07,5.06197240612849e-06,5.9416048747706895e-08,1.9144437353624255e-05,2482de48d80db365a9509d90d89eae80a34468ddc892e1ef76a9b6fa936c932d,50eee5b0523ee6bf5d4ec70ba4a75c1371addf582fbaf59014e486f177439f8f,b4ef9c33c6d595f1f85e875a41645e6741242a65b46dbeefe2e8cd9280efa50b,3294903753154879560,5013230502110580742,32,False
unsb-reciprocal-bridge-kernel-deflection-v1,RSCityscapes,RSCityscapes__0223,3,0.8600000000000001,4,0.8590913803368544,0.8590718166027225,0.6672682630932489,1.0509144975804598,0.00010483447921849631,2.56558267978102e-05,1.6243517446667965e-06,1.7037515116502533e-05,2.0164751723950047e-07,0.00010483447921849631,2482de48d80db365a9509d90d89eae80a34468ddc892e1ef76a9b6fa936c932d,50eee5b0523ee6bf5d4ec70ba4a75c1371addf582fbaf59014e486f177439f8f,b4ef9c33c6d595f1f85e875a41645e6741242a65b46dbeefe2e8cd9280efa50b,1548890836051834007,8470417590786807560,32,False
unsb-reciprocal-bridge-kernel-deflection-v1,RSCityscapes,RSCityscapes__0226,1,0.5,4,0.2157003048478453,0.21563875365515517,0.13750843284875935,0.29389217684693125,1.2959140222479348e-05,8.555575945923266e-06,5.993490048705752e-08,8.048174681807296e-06,9.008295320800386e-08,1.2959140222479348e-05,2482de48d80db365a9509d90d89eae80a34468ddc892e1ef76a9b6fa936c932d,50eee5b0523ee6bf5d4ec70ba4a75c1371addf582fbaf59014e486f177439f8f,fa7661f055340b55d48881e015b61ffd2c4b8787d874709438202f6894a79826,283971298780368221,7955420367874193612,32,False
unsb-reciprocal-bridge-kernel-deflection-v1,RSCityscapes,RSCityscapes__0226,2,0.74,4,0.5763749769954452,0.5763287075683977,0.23429054675249583,0.9184594072383945,1.0185639378601508e-06,3.759112456824809e-05,4.039851686510332e-07,3.260231002943925e-07,3.8831610083001067e-07,1.0185639378601508e-06,2482de48d80db365a9509d90d89eae80a34468ddc892e1ef76a9b6fa936c932d,50eee5b0523ee6bf5d4ec70ba4a75c1371addf582fbaf59014e486f177439f8f,fa7661f055340b55d48881e015b61ffd2c4b8787d874709438202f6894a79826,8702720799466015278,6912028787967040943,32,False
unsb-reciprocal-bridge-kernel-deflection-v1,RSCityscapes,RSCityscapes__0226,3,0.8600000000000001,4,0.7828319700022444,0.783335979739217,0.3405394238238908,1.225124516180598,1.739889028695707e-05,3.3151896013938753e-06,7.734707219153591e-08,3.163911375669848e-06,2.3402367377300948e-08,1.739889028695707e-05,2482de48d80db365a9509d90d89eae80a34468ddc892e1ef76a9b6fa936c932d,50eee5b0523ee6bf5d4ec70ba4a75c1371addf582fbaf59014e486f177439f8f,fa7661f055340b55d48881e015b61ffd2c4b8787d874709438202f6894a79826,7134576376350863140,4060244540315419442,32,False
unsb-reciprocal-bridge-kernel-deflection-v1,RSCityscapes,RSCityscapes__0317,1,0.5,4,0.11935787057868708,0.1192865172218246,0.08718426449964223,0.15153147665773192,1.0057060063184409e-05,1.08762094161996e-05,7.914267352582272e-09,8.13793716614164e-06,1.0712914777499805e-08,1.0057060063184409e-05,2482de48d80db365a9509d90d89eae80a34468ddc892e1ef76a9b6fa936c932d,50eee5b0523ee6bf5d4ec70ba4a75c1371addf582fbaf59014e486f177439f8f,6e06aa1c1d3a429208211db27fa0946645916f84341c69c8e7ec0e33a4db1b96,7653439257355289446,6122261289514980148,32,False
unsb-reciprocal-bridge-kernel-deflection-v1,RSCityscapes,RSCityscapes__0317,2,0.74,4,0.38348972559889705,0.38351124214709,0.15634747398747184,0.6106319772103223,2.8327452711307544e-06,4.125215326000742e-06,2.2137161548307915e-08,1.3108102768777385e-06,3.019961236638835e-08,2.8327452711307544e-06,2482de48d80db365a9509d90d89eae80a34468ddc892e1ef76a9b6fa936c932d,50eee5b0523ee6bf5d4ec70ba4a75c1371addf582fbaf59014e486f177439f8f,6e06aa1c1d3a429208211db27fa0946645916f84341c69c8e7ec0e33a4db1b96,4084790930977244673,6674963719295257529,32,False
unsb-reciprocal-bridge-kernel-deflection-v1,RSCityscapes,RSCityscapes__0317,3,0.8600000000000001,4,0.6633687983135536,0.6632920090979924,0.24486653550722415,1.081871061119883,2.0079373217463115e-06,6.329048934938797e-06,3.364092070468061e-07,5.586414058011968e-07,1.625437466845625e-07,2.0079373217463115e-06,2482de48d80db365a9509d90d89eae80a34468ddc892e1ef76a9b6fa936c932d,50eee5b0523ee6bf5d4ec70ba4a75c1371addf582fbaf59014e486f177439f8f,6e06aa1c1d3a429208211db27fa0946645916f84341c69c8e7ec0e33a4db1b96,5421530113801831538,9076221665271408535,32,False
unsb-reciprocal-bridge-kernel-deflection-v1,RSCityscapes,RSCityscapes__0222,1,0.5,4,0.30018533830384764,0.3000683973904639,0.191308317024528,0.4090623595831673,5.682013188290647e-06,7.956946177500868e-06,1.025972780066553e-07,3.2312373235976466e-06,1.366552327963788e-07,5.682013188290647e-06,2482de48d80db365a9509d90d89eae80a34468ddc892e1ef76a9b6fa936c932d,50eee5b0523ee6bf5d4ec70ba4a75c1371addf582fbaf59014e486f177439f8f,b92365de3f44b59cf24a0db1e2dd6b90fcd26abb6937646e480ada99c123495e,386117772031343144,7522750269907216026,32,False
unsb-reciprocal-bridge-kernel-deflection-v1,RSCityscapes,RSCityscapes__0222,2,0.74,4,0.6426531133744458,0.6429992305279961,0.30364833824032544,0.9816578885085662,1.0673079671286168e-05,4.689209465946753e-06,1.1493696449038637e-06,3.4773776372842846e-06,7.377195683222482e-07,1.0673079671286168e-05,2482de48d80db365a9509d90d89eae80a34468ddc892e1ef76a9b6fa936c932d,50eee5b0523ee6bf5d4ec70ba4a75c1371addf582fbaf59014e486f177439f8f,b92365de3f44b59cf24a0db1e2dd6b90fcd26abb6937646e480ada99c123495e,676244896055045080,4250034637962642644,32,False
unsb-reciprocal-bridge-kernel-deflection-v1,RSCityscapes,RSCityscapes__0222,3,0.8600000000000001,4,0.7971486531766578,0.7972774760258197,0.4139347421871634,1.1803625641661522,1.3245492944680137e-06,0.00014554027516144874,1.7253489836832614e-07,2.4565462775072433e-07,3.797357761570197e-08,1.3245492944680137e-06,2482de48d80db365a9509d90d89eae80a34468ddc892e1ef76a9b6fa936c932d,50eee5b0523ee6bf5d4ec70ba4a75c1371addf582fbaf59014e486f177439f8f,b92365de3f44b59cf24a0db1e2dd6b90fcd26abb6937646e480ada99c123495e,6452732460132287496,4738901191403966168,32,False
unsb-reciprocal-bridge-kernel-deflection-v1,RSCityscapes,RSCityscapes__0949,1,0.5,4,0.14090648929215455,0.14074988983045705,0.11965517188041175,0.16215780670389734,7.12100927668935e-07,2.9767384192247448e-05,1.8379402622059615e-07,4.880085743286244e-07,2.5654930779772656e-07,7.12100927668935e-07,2482de48d80db365a9509d90d89eae80a34468ddc892e1ef76a9b6fa936c932d,50eee5b0523ee6bf5d4ec70ba4a75c1371addf582fbaf59014e486f177439f8f,d6526905fb7d8aeffd00571c1bee8cca229715a07fa5d0f3f73c3353f8cb7eb7,4949959907812463294,6373097304634795942,32,False
unsb-reciprocal-bridge-kernel-deflection-v1,RSCityscapes,RSCityscapes__0949,2,0.74,4,0.4104526218506722,0.4105128107703038,0.19886478063018576,0.6220404630711587,1.736678534369762e-05,1.4063613856141188e-05,1.75799558577161e-07,6.776791290130646e-06,2.3574040297624776e-07,1.736678534369762e-05,2482de48d80db365a9509d90d89eae80a34468ddc892e1ef76a9b6fa936c932d,50eee5b0523ee6bf5d4ec70ba4a75c1371addf582fbaf59014e486f177439f8f,d6526905fb7d8aeffd00571c1bee8cca229715a07fa5d0f3f73c3353f8cb7eb7,8958159521144797822,1817707047714045644,32,False
unsb-reciprocal-bridge-kernel-deflection-v1,RSCityscapes,RSCityscapes__0949,3,0.8600000000000001,4,0.6894741879312953,0.6894433031390332,0.2763670742222847,1.1025813016403059,9.402684766945946e-05,0.0001200476431250097,1.0451939314037872e-10,2.159426119097141e-05,4.6103343365189176e-11,9.402684766945946e-05,2482de48d80db365a9509d90d89eae80a34468ddc892e1ef76a9b6fa936c932d,50eee5b0523ee6bf5d4ec70ba4a75c1371addf582fbaf59014e486f177439f8f,d6526905fb7d8aeffd00571c1bee8cca229715a07fa5d0f3f73c3353f8cb7eb7,6300606112785664119,9142447700548874242,32,False
unsb-reciprocal-bridge-kernel-deflection-v1,RSCityscapes,RSCityscapes__0900,1,0.5,4,0.09930076059804582,0.09923632012697287,0.08109336021267177,0.11750816098341987,2.3052347242202842e-07,2.2440203902851508e-06,1.6754133080887357e-07,1.6053397433601901e-07,2.3052347242202842e-07,2.1027688723584959e-07,2482de48d80db365a9509d90d89eae80a34468ddc892e1ef76a9b6fa936c932d,50eee5b0523ee6bf5d4ec70ba4a75c1371addf582fbaf59014e486f177439f8f,6a17f0da7a3b01e38e675b410f0922c6d55036b4ffb18f0f908e14323565842d,137045695871590137,1396254269314438945,32,False
unsb-reciprocal-bridge-kernel-deflection-v1,RSCityscapes,RSCityscapes__0900,2,0.74,4,0.3796127775627745,0.37964640668898303,0.15065798622860138,0.6085675688969476,1.1105259820620716e-06,1.0077458603152678e-05,8.919362137760345e-08,4.782292180038894e-07,1.493354719883655e-07,1.1105259820620716e-06,2482de48d80db365a9509d90d89eae80a34468ddc892e1ef76a9b6fa936c932d,50eee5b0523ee6bf5d4ec70ba4a75c1371addf582fbaf59014e486f177439f8f,6a17f0da7a3b01e38e675b410f0922c6d55036b4ffb18f0f908e14323565842d,7385041054475813168,8207075348131589020,32,False
unsb-reciprocal-bridge-kernel-deflection-v1,RSCityscapes,RSCityscapes__0900,3,0.8600000000000001,4,0.7233154542738944,0.7232945700135411,0.23590903312888334,1.2107218754189055,0.000282401839580948,0.000874801875420439,3.6802066727403826e-08,7.393096483609973e-05,2.0550452117795714e-08,0.000282401839580948,2482de48d80db365a9509d90d89eae80a34468ddc892e1ef76a9b6fa936c932d,50eee5b0523ee6bf5d4ec70ba4a75c1371addf582fbaf59014e486f177439f8f,6a17f0da7a3b01e38e675b410f0922c6d55036b4ffb18f0f908e14323565842d,1318817049727516750,3669512063962720872,32,False
unsb-reciprocal-bridge-kernel-deflection-v1,RSCityscapes,RSCityscapes__0601,1,0.5,4,0.137679410747714,0.13720300563176824,0.11168496575431408,0.16367385574111393,1.547032293403028e-05,1.8659041081114935e-06,6.6851502111831e-10,9.085830063648714e-06,9.844743908971054e-10,1.547032293403028e-05,2482de48d80db365a9509d90d89eae80a34468ddc892e1ef76a9b6fa936c932d,50eee5b0523ee6bf5d4ec70ba4a75c1371addf582fbaf59014e486f177439f8f,e596548146e1e1c47cf384e4b884b15a35347d71f918c09e8a5f5febaf05767a,7830544252017734087,6317582266866441340,32,False
unsb-reciprocal-bridge-kernel-deflection-v1,RSCityscapes,RSCityscapes__0601,2,0.74,4,0.45860428067535164,0.4585317096697362,0.18343062173705627,0.733777939613647,4.339013303988892e-06,2.7313024087316506e-05,1.6318140216853294e-07,1.6100340911595623e-06,2.31677185769108e-07,4.339013303988892e-06,2482de48d80db365a9509d90d89eae80a34468ddc892e1ef76a9b6fa936c932d,50eee5b0523ee6bf5d4ec70ba4a75c1371addf582fbaf59014e486f177439f8f,e596548146e1e1c47cf384e4b884b15a35347d71f918c09e8a5f5febaf05767a,3130634256051111868,6690416692706555231,32,False
unsb-reciprocal-bridge-kernel-deflection-v1,RSCityscapes,RSCityscapes__0601,3,0.8600000000000001,4,0.7439271844207422,0.7440344947306385,0.25702317766577487,1.2308311911757097,9.023004345065644e-05,1.8707241170146105e-05,7.144102576184252e-07,1.9205660102050714e-05,3.068008851414561e-07,9.023004345065644e-05,2482de48d80db365a9509d90d89eae80a34468ddc892e1ef76a9b6fa936c932d,50eee5b0523ee6bf5d4ec70ba4a75c1371addf582fbaf59014e486f177439f8f,e596548146e1e1c47cf384e4b884b15a35347d71f918c09e8a5f5febaf05767a,8078805684994551380,7263320839334777747,32,False
unsb-reciprocal-bridge-kernel-deflection-v1,RSCityscapes,RSCityscapes__0279,1,0.5,4,0.12144748674994654,0.1212891409211565,0.1026400785510081,0.140254894948885,1.2185081484927807e-06,1.2711584477242965e-06,1.9200800061014434e-08,1.0076628385036202e-06,2.641659868629631e-08,1.2185081484927807e-06,2482de48d80db365a9509d90d89eae80a34468ddc892e1ef76a9b6fa936c932d,50eee5b0523ee6bf5d4ec70ba4a75c1371addf582fbaf59014e486f177439f8f,aed7419a6151a6d85307f481495807071695c5c309b36725ee70f06c9dc2b712,2443140142901412322,6716038102579671918,32,False
unsb-reciprocal-bridge-kernel-deflection-v1,RSCityscapes,RSCityscapes__0279,2,0.74,4,0.35877113929330856,0.3587495729596048,0.17362426875667614,0.543918009829941,5.391765142137572e-07,3.767580438407414e-06,1.0823877072407839e-07,2.0383677279411927e-07,1.656557818696669e-07,5.391765142137572e-07,2482de48d80db365a9509d90d89eae80a34468ddc892e1ef76a9b6fa936c932d,50eee5b0523ee6bf5d4ec70ba4a75c1371addf582fbaf59014e486f177439f8f,aed7419a6151a6d85307f481495807071695c5c309b36725ee70f06c9dc2b712,3931750724649363647,7135432849838674484,32,False
unsb-reciprocal-bridge-kernel-deflection-v1,RSCityscapes,RSCityscapes__0279,3,0.8600000000000001,4,0.6806280450454772,0.6810182968472925,0.2472479798777758,1.1140081102131787,2.837345927098056e-07,2.3385256815444677e-06,6.093650839478215e-08,6.443099920261375e-08,3.3261855492128234e-08,2.837345927098056e-07,2482de48d80db365a9509d90d89eae80a34468ddc892e1ef76a9b6fa936c932d,50eee5b0523ee6bf5d4ec70ba4a75c1371addf582fbaf59014e486f177439f8f,aed7419a6151a6d85307f481495807071695c5c309b36725ee70f06c9dc2b712,6590973347759944508,3484994911647723878,32,False
unsb-reciprocal-bridge-kernel-deflection-v1,RSCityscapes,RSCityscapes__0719,1,0.5,4,0.28618721499305266,0.2860975773299415,0.20161689017551543,0.3707575398105899,5.541090857263953e-06,3.091762053908376e-05,3.429641959318275e-08,3.773840561160924e-06,4.3657990000944835e-08,5.541090857263953e-06,2482de48d80db365a9509d90d89eae80a34468ddc892e1ef76a9b6fa936c932d,50eee5b0523ee6bf5d4ec70ba4a75c1371addf582fbaf59014e486f177439f8f,4f0dd08211e67f2715df4da43004f50f5e374d45ada1039f92a5bd4de61ffd27,4202076570664718045,3981918812948638364,32,False
unsb-reciprocal-bridge-kernel-deflection-v1,RSCityscapes,RSCityscapes__0719,2,0.74,4,0.5923571916177068,0.5924995294943995,0.291212988817923,0.8935013944174907,1.1174322293916461e-05,9.044215494746766e-06,3.9138245511161074e-07,4.851894633839393e-06,2.7504933708399903e-07,1.1174322293916461e-05,2482de48d80db365a9509d90d89eae80a34468ddc892e1ef76a9b6fa936c932d,50eee5b0523ee6bf5d4ec70ba4a75c1371addf582fbaf59014e486f177439f8f,4f0dd08211e67f2715df4da43004f50f5e374d45ada1039f92a5bd4de61ffd27,8420685184351658468,299812764059415383,32,False
unsb-reciprocal-bridge-kernel-deflection-v1,RSCityscapes,RSCityscapes__0719,3,0.8600000000000001,4,0.7428063595834506,0.7427312948286942,0.38408953501313625,1.1015231841537652,5.977452181005205e-07,1.0131883330544156e-05,4.6362003625066706e-07,1.7274784847032265e-07,1.2321770748169314e-07,5.977452181005205e-07,2482de48d80db365a9509d90d89eae80a34468ddc892e1ef76a9b6fa936c932d,50eee5b0523ee6bf5d4ec70ba4a75c1371addf582fbaf59014e486f177439f8f,4f0dd08211e67f2715df4da43004f50f5e374d45ada1039f92a5bd4de61ffd27,1093363510779076068,8895448207107685533,32,False
unsb-reciprocal-bridge-kernel-deflection-v1,RSCityscapes,RSCityscapes__0506,1,0.5,4,0.2286719104774555,0.22862910082606852,0.13475827959014008,0.3225855413647709,1.666594282800915e-06,7.854578160437775e-06,5.066212649396107e-08,9.78090597958392e-07,8.00264996492217e-08,1.666594282800915e-06,2482de48d80db365a9509d90d89eae80a34468ddc892e1ef76a9b6fa936c932d,50eee5b0523ee6bf5d4ec70ba4a75c1371addf582fbaf59014e486f177439f8f,a6ae4e92be154ce1878427adc22a98adc646eb6b84340be5b2fe0740838317b6,4013045436968908918,1087959584399341436,32,False
unsb-reciprocal-bridge-kernel-deflection-v1,RSCityscapes,RSCityscapes__0506,2,0.74,4,0.6181320855367107,0.6183034484696043,0.2274122694369849,1.0088519016364366,8.270274266053423e-05,0.00012232504810905098,8.506327087154375e-08,2.8127845341785473e-05,7.961026771141633e-08,8.270274266053423e-05,2482de48d80db365a9509d90d89eae80a34468ddc892e1ef76a9b6fa936c932d,50eee5b0523ee6bf5d4ec70ba4a75c1371addf582fbaf59014e486f177439f8f,a6ae4e92be154ce1878427adc22a98adc646eb6b84340be5b2fe0740838317b6,3676568857738334573,8231611248048285326,32,False
unsb-reciprocal-bridge-kernel-deflection-v1,RSCityscapes,RSCityscapes__0506,3,0.8600000000000001,4,0.8138479672613141,0.8138730096549491,0.3262288458318068,1.3014670886908215,5.8942336193412714e-05,9.12042626777243e-06,4.4579618452278424e-07,1.0766241131276999e-05,1.3938705589744416e-07,5.8942336193412714e-05,2482de48d80db365a9509d90d89eae80a34468ddc892e1ef76a9b6fa936c932d,50eee5b0523ee6bf5d4ec70ba4a75c1371addf582fbaf59014e486f177439f8f,a6ae4e92be154ce1878427adc22a98adc646eb6b84340be5b2fe0740838317b6,4861249582668306741,7900200309581837874,32,False
unsb-reciprocal-bridge-kernel-deflection-v1,RSCityscapes,RSCityscapes__0895,1,0.5,4,0.37984554644341967,0.3789589195103391,0.2464477955806328,0.5132432973062065,3.486187241197314e-05,2.8737724559135813e-05,5.286952545757728e-07,2.5493510170448985e-05,6.240684989888834e-07,3.486187241197314e-05,2482de48d80db365a9509d90d89eae80a34468ddc892e1ef76a9b6fa936c932d,50eee5b0523ee6bf5d4ec70ba4a75c1371addf582fbaf59014e486f177439f8f,04f6ac46cf0a153b660e8bfcc95c50e7556c9250a32e6c78724cebd749b06db2,3714961933487179450,6696667099735974840,32,False
unsb-reciprocal-bridge-kernel-deflection-v1,RSCityscapes,RSCityscapes__0895,2,0.74,4,0.6955287675097094,0.6951389290724846,0.3496333028941203,1.0414242321252984,6.706357981811628e-05,2.452102658256905e-06,3.324128625692424e-07,2.630120333269037e-05,1.694911149208167e-07,6.706357981811628e-05,2482de48d80db365a9509d90d89eae80a34468ddc892e1ef76a9b6fa936c932d,50eee5b0523ee6bf5d4ec70ba4a75c1371addf582fbaf59014e486f177439f8f,04f6ac46cf0a153b660e8bfcc95c50e7556c9250a32e6c78724cebd749b06db2,2293768066308388135,3952253815496652317,32,False
unsb-reciprocal-bridge-kernel-deflection-v1,RSCityscapes,RSCityscapes__0895,3,0.8600000000000001,4,0.8133314805544237,0.8131857075026521,0.45405166970286137,1.172611291405986,4.0894122096402086e-06,3.6948850454798787e-06,4.0894122096402086e-06,7.830889448001699e-08,7.790517805306152e-07,4.1670504657975727e-07,2482de48d80db365a9509d90d89eae80a34468ddc892e1ef76a9b6fa936c932d,50eee5b0523ee6bf5d4ec70ba4a75c1371addf582fbaf59014e486f177439f8f,04f6ac46cf0a153b660e8bfcc95c50e7556c9250a32e6c78724cebd749b06db2,2813243104205510748,8722175245902410308,32,False
unsb-reciprocal-bridge-kernel-deflection-v1,RSCityscapes,RSCityscapes__0516,1,0.5,4,0.2710602114525346,0.27112995123004013,0.1597861023508792,0.38233432055419003,2.4236204243521797e-07,3.0595021649482135e-07,6.541293062767295e-10,1.366995956431083e-07,9.795061428619078e-10,2.4236204243521797e-07,2482de48d80db365a9509d90d89eae80a34468ddc892e1ef76a9b6fa936c932d,50eee5b0523ee6bf5d4ec70ba4a75c1371addf582fbaf59014e486f177439f8f,170dfd522cd73085f076a6b434f3747ddd9614b03f6cc861531e94bf679fcc0e,6621825949283365334,8800216586813549782,32,False
unsb-reciprocal-bridge-kernel-deflection-v1,RSCityscapes,RSCityscapes__0516,2,0.74,4,0.6559552268869239,0.6559389495237757,0.26002615462210765,1.05188429915174,2.8203612104982234e-05,4.427517976379747e-05,9.4363324865121e-07,8.090733035870379e-06,7.628483564836586e-07,2.8203612104982234e-05,2482de48d80db365a9509d90d89eae80a34468ddc892e1ef76a9b6fa936c932d,50eee5b0523ee6bf5d4ec70ba4a75c1371addf582fbaf59014e486f177439f8f,170dfd522cd73085f076a6b434f3747ddd9614b03f6cc861531e94bf679fcc0e,5088650172214397365,6916483190486156050,32,False
unsb-reciprocal-bridge-kernel-deflection-v1,RSCityscapes,RSCityscapes__0516,3,0.8600000000000001,4,0.8430113488678357,0.8424570000356493,0.35974533981998436,1.326277357915687,5.1352169349705434e-05,2.242714033551252e-05,7.268303752194782e-07,7.85484744414422e-06,1.9513352111921733e-07,5.1352169349705434e-05,2482de48d80db365a9509d90d89eae80a34468ddc892e1ef76a9b6fa936c932d,50eee5b0523ee6bf5d4ec70ba4a75c1371addf582fbaf59014e486f177439f8f,170dfd522cd73085f076a6b434f3747ddd9614b03f6cc861531e94bf679fcc0e,7007992366714096312,1390240350671169167,32,False
unsb-reciprocal-bridge-kernel-deflection-v1,RSCityscapes,RSCityscapes__0569,1,0.5,4,0.12399201821078987,0.12407070189813141,0.11093191753222942,0.13705211888935032,6.649071405684381e-07,2.223758434505285e-06,2.12024063861449e-08,6.649071405684381e-07,2.6066700575810842e-08,6.549097227859235e-07,2482de48d80db365a9509d90d89eae80a34468ddc892e1ef76a9b6fa936c932d,50eee5b0523ee6bf5d4ec70ba4a75c1371addf582fbaf59014e486f177439f8f,41ad589c4504da306bbf8a6814085191afe1b9a5f9100f3eb485f36de1c5887b,1275272586659352163,75698016089356466,32,False
unsb-reciprocal-bridge-kernel-deflection-v1,RSCityscapes,RSCityscapes__0569,2,0.74,4,0.3804032794556151,0.3807946102196848,0.18339886579016718,0.577407693121063,1.3280388455605419e-07,2.8550160868778818e-06,3.075321641787809e-08,5.718206852467489e-08,3.985417751373177e-08,1.3280388455605419e-07,2482de48d80db365a9509d90d89eae80a34468ddc892e1ef76a9b6fa936c932d,50eee5b0523ee6bf5d4ec70ba4a75c1371addf582fbaf59014e486f177439f8f,41ad589c4504da306bbf8a6814085191afe1b9a5f9100f3eb485f36de1c5887b,2176652519819876048,4199592160094577966,32,False
unsb-reciprocal-bridge-kernel-deflection-v1,RSCityscapes,RSCityscapes__0569,3,0.8600000000000001,4,0.6900856919449883,0.6898382545539782,0.2557437328211457,1.1244276510688307,5.616810713326981e-05,0.00013030940092750853,1.88165127923412e-09,1.9568953529613964e-05,9.61051904724286e-10,5.616810713326981e-05,2482de48d80db365a9509d90d89eae80a34468ddc892e1ef76a9b6fa936c932d,50eee5b0523ee6bf5d4ec70ba4a75c1371addf582fbaf59014e486f177439f8f,41ad589c4504da306bbf8a6814085191afe1b9a5f9100f3eb485f36de1c5887b,6767247748143860454,1076417339336376366,32,False
unsb-reciprocal-bridge-kernel-deflection-v1,RSCityscapes,RSCityscapes__0153,1,0.5,5,0.5090093898681283,0.5090216768923692,0.3574501879322709,0.6605685918039856,1.0497764924011221e-07,1.0789207250949673e-06,6.10886676799538e-08,7.098287257978342e-08,4.115896468093183e-08,1.0497764924011221e-07,2482de48d80db365a9509d90d89eae80a34468ddc892e1ef76a9b6fa936c932d,180f4124f72497efb643a5c839e36bfb2382e11903195018e7200b653449cfda,94d1f12abce9d23b2d7e5c3e81b7cd0393b3abd0bbb15ab395db5163bfbad275,6078730620121798999,7412228028987399525,32,False
unsb-reciprocal-bridge-kernel-deflection-v1,RSCityscapes,RSCityscapes__0153,2,0.74,5,0.7642062552945513,0.7642048019914871,0.5197318822859363,1.0086806283031664,6.667313492414451e-06,1.0569573409946464e-05,3.847610434704052e-07,2.7461259606287314e-06,9.144092039115037e-08,6.667313492414451e-06,2482de48d80db365a9509d90d89eae80a34468ddc892e1ef76a9b6fa936c932d,180f4124f72497efb643a5c839e36bfb2382e11903195018e7200b653449cfda,94d1f12abce9d23b2d7e5c3e81b7cd0393b3abd0bbb15ab395db5163bfbad275,2445345723080842136,4333465570079123427,32,False
unsb-reciprocal-bridge-kernel-deflection-v1,RSCityscapes,RSCityscapes__0153,3,0.8600000000000001,5,0.884456901158911,0.8844467365640902,0.6543945509010248,1.1145192514167972,5.701128906121511e-05,7.848679575483963e-05,7.500567555940307e-07,1.3046290749496592e-05,7.851384764556713e-08,5.701128906121511e-05,2482de48d80db365a9509d90d89eae80a34468ddc892e1ef76a9b6fa936c932d,180f4124f72497efb643a5c839e36bfb2382e11903195018e7200b653449cfda,94d1f12abce9d23b2d7e5c3e81b7cd0393b3abd0bbb15ab395db5163bfbad275,322374675586949801,4070966993342258379,32,False
unsb-reciprocal-bridge-kernel-deflection-v1,RSCityscapes,RSCityscapes__1035,1,0.5,5,0.14957322842214832,0.149477380091129,0.08982259880050292,0.20932385804379372,3.1937403600634795e-06,7.242533361928594e-08,2.5360065158963607e-09,2.4987361374462225e-06,3.872245191161028e-09,3.1937403600634795e-06,2482de48d80db365a9509d90d89eae80a34468ddc892e1ef76a9b6fa936c932d,180f4124f72497efb643a5c839e36bfb2382e11903195018e7200b653449cfda,f1b55d4e12babab87ee59d38835052d28ba30b3f714847bca22403555c7fd2f5,6294932435042733989,5442622827954435768,32,False
unsb-reciprocal-bridge-kernel-deflection-v1,RSCityscapes,RSCityscapes__1035,2,0.74,5,0.5397740487157385,0.5398447482150213,0.16893307627334853,0.9106150211581286,2.5862978442203755e-06,4.45109247315667e-06,4.0041700355430976e-07,1.1503535209955729e-06,4.2425315305294475e-07,2.5862978442203755e-06,2482de48d80db365a9509d90d89eae80a34468ddc892e1ef76a9b6fa936c932d,180f4124f72497efb643a5c839e36bfb2382e11903195018e7200b653449cfda,f1b55d4e12babab87ee59d38835052d28ba30b3f714847bca22403555c7fd2f5,8390673482415344838,2424365803537830721,32,False
unsb-reciprocal-bridge-kernel-deflection-v1,RSCityscapes,RSCityscapes__1035,3,0.8600000000000001,5,0.7903515146079052,0.7902464205751496,0.2689001280838972,1.3118029011319132,1.5070587089383025e-07,1.0814268158965135e-05,6.496587645621332e-08,4.468329228846102e-08,1.851962005972041e-08,1.5070587089383025e-07,2482de48d80db365a9509d90d89eae80a34468ddc892e1ef76a9b6fa936c932d,180f4124f72497efb643a5c839e36bfb2382e11903195018e7200b653449cfda,f1b55d4e12babab87ee59d38835052d28ba30b3f714847bca22403555c7fd2f5,3069554463915273538,8105537611890717825,32,False
unsb-reciprocal-bridge-kernel-deflection-v1,RSCityscapes,RSCityscapes__1168,1,0.5,5,0.3404467693593985,0.3403136482348079,0.19673198462962382,0.48416155408917316,3.120898697250851e-07,1.5976971385889271e-06,5.0053036382280425e-08,2.0074486561938443e-07,6.097658622472579e-08,3.120898697250851e-07,2482de48d80db365a9509d90d89eae80a34468ddc892e1ef76a9b6fa936c932d,180f4124f72497efb643a5c839e36bfb2382e11903195018e7200b653449cfda,468cdfcb144221e09315a60503edb8d27ffc428e79f2c8f6eb8e1dc6bfeb6ec2,7498492917868736042,8403236402495503840,32,False
unsb-reciprocal-bridge-kernel-deflection-v1,RSCityscapes,RSCityscapes__1168,2,0.74,5,0.7082078193837582,0.7081390386558669,0.30931614720395784,1.1070994915635586,1.5432714479679532e-06,1.8947969335769699e-06,2.1094503477314674e-08,6.175355666826476e-07,9.371945663971815e-09,1.5432714479679532e-06,2482de48d80db365a9509d90d89eae80a34468ddc892e1ef76a9b6fa936c932d,180f4124f72497efb643a5c839e36bfb2382e11903195018e7200b653449cfda,468cdfcb144221e09315a60503edb8d27ffc428e79f2c8f6eb8e1dc6bfeb6ec2,978822757750220282,4449621310878922321,32,False
unsb-reciprocal-bridge-kernel-deflection-v1,RSCityscapes,RSCityscapes__1168,3,0.8600000000000001,5,0.854850586184322,0.8548875437149729,0.42453354785524744,1.2851676245133965,1.8758843656208057e-07,1.052195355222274e-05,2.328444648203032e-08,3.036700979563989e-08,3.1905502684281828e-09,1.8758843656208057e-07,2482de48d80db365a9509d90d89eae80a34468ddc892e1ef76a9b6fa936c932d,180f4124f72497efb643a5c839e36bfb2382e11903195018e7200b653449cfda,468cdfcb144221e09315a60503edb8d27ffc428e79f2c8f6eb8e1dc6bfeb6ec2,271799435538437543,2614220945464548147,32,False
unsb-reciprocal-bridge-kernel-deflection-v1,RSCityscapes,RSCityscapes__0223,1,0.5,5,0.7649971442028897,0.7649844256819229,0.5464106099032027,0.9835836785025767,2.8022291820306577e-08,3.869959772750953e-06,8.74581518317541e-11,1.3631854423046263e-08,4.864730840381526e-11,2.8022291820306577e-08,2482de48d80db365a9509d90d89eae80a34468ddc892e1ef76a9b6fa936c932d,180f4124f72497efb643a5c839e36bfb2382e11903195018e7200b653449cfda,b4ef9c33c6d595f1f85e875a41645e6741242a65b46dbeefe2e8cd9280efa50b,3016182268493861128,6256330693295806708,32,False
unsb-reciprocal-bridge-kernel-deflection-v1,RSCityscapes,RSCityscapes__0223,2,0.74,5,0.9239690939319143,0.9240338961218104,0.6652982601145467,1.1826399277492818,1.4790950315646256e-06,2.7268158604432102e-06,2.2441052460742128e-07,3.582381413735902e-07,4.0499900100243735e-08,1.4790950315646256e-06,2482de48d80db365a9509d90d89eae80a34468ddc892e1ef76a9b6fa936c932d,180f4124f72497efb643a5c839e36bfb2382e11903195018e7200b653449cfda,b4ef9c33c6d595f1f85e875a41645e6741242a65b46dbeefe2e8cd9280efa50b,3294903753154879560,5013230502110580742,32,False
unsb-reciprocal-bridge-kernel-deflection-v1,RSCityscapes,RSCityscapes__0223,3,0.8600000000000001,5,0.9489366237175793,0.9489061870186182,0.7375538762092584,1.1603193712259001,1.1205982234474554e-05,4.545630474583895e-06,1.6243517446667965e-06,1.5048507613357742e-06,1.304789549738672e-07,1.1205982234474554e-05,2482de48d80db365a9509d90d89eae80a34468ddc892e1ef76a9b6fa936c932d,180f4124f72497efb643a5c839e36bfb2382e11903195018e7200b653449cfda,b4ef9c33c6d595f1f85e875a41645e6741242a65b46dbeefe2e8cd9280efa50b,1548890836051834007,8470417590786807560,32,False
unsb-reciprocal-bridge-kernel-deflection-v1,RSCityscapes,RSCityscapes__0226,1,0.5,5,0.26757605776641585,0.26758133873424056,0.14075860554195208,0.39439350999087963,2.6031277977622835e-07,5.912143885566934e-08,5.993490048705752e-08,1.5105286388372718e-07,8.718130606322205e-08,2.6031277977622835e-07,2482de48d80db365a9509d90d89eae80a34468ddc892e1ef76a9b6fa936c932d,180f4124f72497efb643a5c839e36bfb2382e11903195018e7200b653449cfda,fa7661f055340b55d48881e015b61ffd2c4b8787d874709438202f6894a79826,283971298780368221,7955420367874193612,32,False
unsb-reciprocal-bridge-kernel-deflection-v1,RSCityscapes,RSCityscapes__0226,2,0.74,5,0.6680521240036488,0.6680347621624865,0.24119644696608222,1.0949078010412152,2.114705703104569e-06,5.045758140420631e-06,4.039851686510332e-07,6.158079091100888e-07,2.6783279460929066e-07,2.114705703104569e-06,2482de48d80db365a9509d90d89eae80a34468ddc892e1ef76a9b6fa936c932d,180f4124f72497efb643a5c839e36bfb2382e11903195018e7200b653449cfda,fa7661f055340b55d48881e015b61ffd2c4b8787d874709438202f6894a79826,8702720799466015278,6912028787967040943,32,False
unsb-reciprocal-bridge-kernel-deflection-v1,RSCityscapes,RSCityscapes__0226,3,0.8600000000000001,5,0.8433335135254112,0.843482830491929,0.3520640782433295,1.3346029488074929,3.3620523344213282e-06,1.5475596644165535e-06,7.734707219153591e-08,5.235695645922078e-07,1.4781300183841495e-08,3.3620523344213282e-06,2482de48d80db365a9509d90d89eae80a34468ddc892e1ef76a9b6fa936c932d,180f4124f72497efb643a5c839e36bfb2382e11903195018e7200b653449cfda,fa7661f055340b55d48881e015b61ffd2c4b8787d874709438202f6894a79826,7134576376350863140,4060244540315419442,32,False
unsb-reciprocal-bridge-kernel-deflection-v1,RSCityscapes,RSCityscapes__0317,1,0.5,5,0.16772610615221828,0.16766241686219274,0.10147430841395444,0.23397790389048212,2.52560710567451e-07,2.812745709679376e-07,7.914267352582272e-09,1.7904441784732938e-07,1.0648080861486164e-08,2.52560710567451e-07,2482de48d80db365a9509d90d89eae80a34468ddc892e1ef76a9b6fa936c932d,180f4124f72497efb643a5c839e36bfb2382e11903195018e7200b653449cfda,6e06aa1c1d3a429208211db27fa0946645916f84341c69c8e7ec0e33a4db1b96,7653439257355289446,6122261289514980148,32,False
unsb-reciprocal-bridge-kernel-deflection-v1,RSCityscapes,RSCityscapes__0317,2,0.74,5,0.5191937005216533,0.5191683311159636,0.19423000927366663,0.8441573917696399,9.398218795420021e-07,3.199191440206306e-06,2.2137161548307915e-08,3.687286559417302e-07,1.9524978300822227e-08,9.398218795420021e-07,2482de48d80db365a9509d90d89eae80a34468ddc892e1ef76a9b6fa936c932d,180f4124f72497efb643a5c839e36bfb2382e11903195018e7200b653449cfda,6e06aa1c1d3a429208211db27fa0946645916f84341c69c8e7ec0e33a4db1b96,4084790930977244673,6674963719295257529,32,False
unsb-reciprocal-bridge-kernel-deflection-v1,RSCityscapes,RSCityscapes__0317,3,0.8600000000000001,5,0.7556509655221407,0.7556452774474991,0.3134754903204897,1.1978264407237917,3.272083411332005e-06,1.6216400664514907e-06,3.364092070468061e-07,6.753677990189999e-07,8.855107402894191e-08,3.272083411332005e-06,2482de48d80db365a9509d90d89eae80a34468ddc892e1ef76a9b6fa936c932d,180f4124f72497efb643a5c839e36bfb2382e11903195018e7200b653449cfda,6e06aa1c1d3a429208211db27fa0946645916f84341c69c8e7ec0e33a4db1b96,5421530113801831538,9076221665271408535,32,False
unsb-reciprocal-bridge-kernel-deflection-v1,RSCityscapes,RSCityscapes__0222,1,0.5,5,0.37813457158071573,0.378128545066982,0.19928809777863088,0.5569810453828006,1.0091873546835828e-06,8.553726178472942e-07,1.025972780066553e-07,6.39553011327898e-07,1.2677531746607684e-07,1.0091873546835828e-06,2482de48d80db365a9509d90d89eae80a34468ddc892e1ef76a9b6fa936c932d,180f4124f72497efb643a5c839e36bfb2382e11903195018e7200b653449cfda,b92365de3f44b59cf24a0db1e2dd6b90fcd26abb6937646e480ada99c123495e,386117772031343144,7522750269907216026,32,False
unsb-reciprocal-bridge-kernel-deflection-v1,RSCityscapes,RSCityscapes__0222,2,0.74,5,0.7403625752628498,0.740430841566353,0.31985969929692193,1.1608654512287777,1.7956158254728294e-06,2.618293194589505e-05,1.1493696449038637e-06,5.907573851215986e-07,4.973654447182341e-07,1.7956158254728294e-06,2482de48d80db365a9509d90d89eae80a34468ddc892e1ef76a9b6fa936c932d,180f4124f72497efb643a5c839e36bfb2382e11903195018e7200b653449cfda,b92365de3f44b59cf24a0db1e2dd6b90fcd26abb6937646e480ada99c123495e,676244896055045080,4250034637962642644,32,False
unsb-reciprocal-bridge-kernel-deflection-v1,RSCityscapes,RSCityscapes__0222,3,0.8600000000000001,5,0.8579927160782634,0.8581128552089688,0.4449467105667052,1.2710387215898218,1.5355704657826763e-06,6.816844848822612e-06,1.7253489836832614e-07,2.7297812843496416e-07,2.389016096060459e-08,1.5355704657826763e-06,2482de48d80db365a9509d90d89eae80a34468ddc892e1ef76a9b6fa936c932d,180f4124f72497efb643a5c839e36bfb2382e11903195018e7200b653449cfda,b92365de3f44b59cf24a0db1e2dd6b90fcd26abb6937646e480ada99c123495e,6452732460132287496,4738901191403966168,32,False
unsb-reciprocal-bridge-kernel-deflection-v1,RSCityscapes,RSCityscapes__0949,1,0.5,5,0.17356159313911124,0.17349500207896335,0.11210517125688568,0.2350180150213368,2.7812546243843883e-07,1.6363796755403115e-06,1.8379402622059615e-07,1.4654077240550123e-07,2.7812546243843883e-07,1.8567879067621362e-07,2482de48d80db365a9509d90d89eae80a34468ddc892e1ef76a9b6fa936c932d,180f4124f72497efb643a5c839e36bfb2382e11903195018e7200b653449cfda,d6526905fb7d8aeffd00571c1bee8cca229715a07fa5d0f3f73c3353f8cb7eb7,4949959907812463294,6373097304634795942,32,False
unsb-reciprocal-bridge-kernel-deflection-v1,RSCityscapes,RSCityscapes__0949,2,0.74,5,0.5268276447506934,0.5267967963784661,0.19828950672659285,0.855365782774794,7.043431903497321e-06,1.59795927124895e-05,1.75799558577161e-07,3.1288687609709598e-06,1.636900839319111e-07,7.043431903497321e-06,2482de48d80db365a9509d90d89eae80a34468ddc892e1ef76a9b6fa936c932d,180f4124f72497efb643a5c839e36bfb2382e11903195018e7200b653449cfda,d6526905fb7d8aeffd00571c1bee8cca229715a07fa5d0f3f73c3353f8cb7eb7,8958159521144797822,1817707047714045644,32,False
unsb-reciprocal-bridge-kernel-deflection-v1,RSCityscapes,RSCityscapes__0949,3,0.8600000000000001,5,0.7472230336282448,0.7472759044590092,0.2969935727201698,1.1974524945363199,1.741241118891068e-05,3.6404096592446145e-05,1.0451939314037872e-10,4.448168307691347e-06,2.5220603383502294e-11,1.741241118891068e-05,2482de48d80db365a9509d90d89eae80a34468ddc892e1ef76a9b6fa936c932d,180f4124f72497efb643a5c839e36bfb2382e11903195018e7200b653449cfda,d6526905fb7d8aeffd00571c1bee8cca229715a07fa5d0f3f73c3353f8cb7eb7,6300606112785664119,9142447700548874242,32,False
unsb-reciprocal-bridge-kernel-deflection-v1,RSCityscapes,RSCityscapes__0900,1,0.5,5,0.12091441775439099,0.1209093719619192,0.0784100672269985,0.16341876828178348,2.4099323137072304e-07,1.066345242772826e-06,1.6754133080887357e-07,2.5351219790081814e-08,2.4099323137072304e-07,3.587534469495779e-08,2482de48d80db365a9509d90d89eae80a34468ddc892e1ef76a9b6fa936c932d,180f4124f72497efb643a5c839e36bfb2382e11903195018e7200b653449cfda,6a17f0da7a3b01e38e675b410f0922c6d55036b4ffb18f0f908e14323565842d,137045695871590137,1396254269314438945,32,False
unsb-reciprocal-bridge-kernel-deflection-v1,RSCityscapes,RSCityscapes__0900,2,0.74,5,0.4722952844385414,0.4722816719901196,0.15049157415340297,0.7940989947236798,2.3906759234471053e-06,4.4345523473321435e-06,8.919362137760345e-08,9.921466385121036e-07,1.113068130997874e-07,2.3906759234471053e-06,2482de48d80db365a9509d90d89eae80a34468ddc892e1ef76a9b6fa936c932d,180f4124f72497efb643a5c839e36bfb2382e11903195018e7200b653449cfda,6a17f0da7a3b01e38e675b410f0922c6d55036b4ffb18f0f908e14323565842d,7385041054475813168,8207075348131589020,32,False
unsb-reciprocal-bridge-kernel-deflection-v1,RSCityscapes,RSCityscapes__0900,3,0.8600000000000001,5,0.7641411080571155,0.7641250294735604,0.2415702229836112,1.28671199313062,5.055080118099298e-05,0.00010021339426535825,3.6802066727403826e-08,1.0860464405793024e-05,1.2660540171793855e-08,5.055080118099298e-05,2482de48d80db365a9509d90d89eae80a34468ddc892e1ef76a9b6fa936c932d,180f4124f72497efb643a5c839e36bfb2382e11903195018e7200b653449cfda,6a17f0da7a3b01e38e675b410f0922c6d55036b4ffb18f0f908e14323565842d,1318817049727516750,3669512063962720872,32,False
unsb-reciprocal-bridge-kernel-deflection-v1,RSCityscapes,RSCityscapes__0601,1,0.5,5,0.15319388432540437,0.15305992145183844,0.10063516616915857,0.20575260248165017,3.4450970418653526e-06,5.409301114811527e-07,6.6851502111831e-10,2.4221365881871293e-06,1.01222075166163e-09,3.4450970418653526e-06,2482de48d80db365a9509d90d89eae80a34468ddc892e1ef76a9b6fa936c932d,180f4124f72497efb643a5c839e36bfb2382e11903195018e7200b653449cfda,e596548146e1e1c47cf384e4b884b15a35347d71f918c09e8a5f5febaf05767a,7830544252017734087,6317582266866441340,32,False
unsb-reciprocal-bridge-kernel-deflection-v1,RSCityscapes,RSCityscapes__0601,2,0.74,5,0.5085855582746619,0.5085392659394448,0.17693058075658064,0.8402405357927433,1.8494737641372438e-07,3.0462414550846972e-06,1.6318140216853294e-07,8.987301958196525e-08,1.834484393281599e-07,1.8494737641372438e-07,2482de48d80db365a9509d90d89eae80a34468ddc892e1ef76a9b6fa936c932d,180f4124f72497efb643a5c839e36bfb2382e11903195018e7200b653449cfda,e596548146e1e1c47cf384e4b884b15a35347d71f918c09e8a5f5febaf05767a,3130634256051111868,6690416692706555231,32,False
unsb-reciprocal-bridge-kernel-deflection-v1,RSCityscapes,RSCityscapes__0601,3,0.8600000000000001,5,0.7554509228362833,0.7555855397901462,0.26136058078775937,1.2495412648848072,6.6879521825047306e-06,3.125248489554977e-06,7.144102576184252e-07,1.0927274599614734e-06,2.259669471538217e-07,6.6879521825047306e-06,2482de48d80db365a9509d90d89eae80a34468ddc892e1ef76a9b6fa936c932d,180f4124f72497efb643a5c839e36bfb2382e11903195018e7200b653449cfda,e596548146e1e1c47cf384e4b884b15a35347d71f918c09e8a5f5febaf05767a,8078805684994551380,7263320839334777747,32,False
unsb-reciprocal-bridge-kernel-deflection-v1,RSCityscapes,RSCityscapes__0279,1,0.5,5,0.14622610380422268,0.14623259480888018,0.09944046923128702,0.19301173837715835,8.414575525250712e-07,3.2398534143274205e-06,1.9200800061014434e-08,4.681477904222575e-07,2.77284879501849e-08,8.414575525250712e-07,2482de48d80db365a9509d90d89eae80a34468ddc892e1ef76a9b6fa936c932d,180f4124f72497efb643a5c839e36bfb2382e11903195018e7200b653449cfda,aed7419a6151a6d85307f481495807071695c5c309b36725ee70f06c9dc2b712,2443140142901412322,6716038102579671918,32,False
unsb-reciprocal-bridge-kernel-deflection-v1,RSCityscapes,RSCityscapes__0279,2,0.74,5,0.4644267346512624,0.46442194066766784,0.17772295178320707,0.7511305175193177,1.5233033305861454e-06,3.849184819548768e-06,1.0823877072407839e-07,5.485627572188179e-07,1.2187484588199737e-07,1.5233033305861454e-06,2482de48d80db365a9509d90d89eae80a34468ddc892e1ef76a9b6fa936c932d,180f4124f72497efb643a5c839e36bfb2382e11903195018e7200b653449cfda,aed7419a6151a6d85307f481495807071695c5c309b36725ee70f06c9dc2b712,3931750724649363647,7135432849838674484,32,False
unsb-reciprocal-bridge-kernel-deflection-v1,RSCityscapes,RSCityscapes__0279,3,0.8600000000000001,5,0.7218479902073663,0.7219806031282688,0.26747152992425094,1.1762244504904817,9.653812169663212e-07,2.1066383717460724e-06,6.093650839478215e-08,2.0114554133421336e-07,1.935304438926977e-08,9.653812169663212e-07,2482de48d80db365a9509d90d89eae80a34468ddc892e1ef76a9b6fa936c932d,180f4124f72497efb643a5c839e36bfb2382e11903195018e7200b653449cfda,aed7419a6151a6d85307f481495807071695c5c309b36725ee70f06c9dc2b712,6590973347759944508,3484994911647723878,32,False
unsb-reciprocal-bridge-kernel-deflection-v1,RSCityscapes,RSCityscapes__0719,1,0.5,5,0.37804279558832166,0.37786560198770003,0.22065211123645012,0.5354334799401932,5.352390892499059e-06,3.392496684684332e-07,3.429641959318275e-08,3.0769763589288956e-06,4.012404408726411e-08,5.352390892499059e-06,2482de48d80db365a9509d90d89eae80a34468ddc892e1ef76a9b6fa936c932d,180f4124f72497efb643a5c839e36bfb2382e11903195018e7200b653449cfda,4f0dd08211e67f2715df4da43004f50f5e374d45ada1039f92a5bd4de61ffd27,4202076570664718045,3981918812948638364,32,False
unsb-reciprocal-bridge-kernel-deflection-v1,RSCityscapes,RSCityscapes__0719,2,0.74,5,0.7066134003473121,0.7066368479749385,0.3393182140563066,1.0739085866383178,3.9138245511161074e-07,2.4823480470059778e-06,3.9138245511161074e-07,6.69397018926432e-08,1.7032130106287013e-07,2.2615948913617956e-07,2482de48d80db365a9509d90d89eae80a34468ddc892e1ef76a9b6fa936c932d,180f4124f72497efb643a5c839e36bfb2382e11903195018e7200b653449cfda,4f0dd08211e67f2715df4da43004f50f5e374d45ada1039f92a5bd4de61ffd27,8420685184351658468,299812764059415383,32,False
unsb-reciprocal-bridge-kernel-deflection-v1,RSCityscapes,RSCityscapes__0719,3,0.8600000000000001,5,0.8287710147719765,0.8287663887162936,0.46116990292683335,1.1963721266171194,7.037611621241169e-06,1.4567783920393929e-05,4.6362003625066706e-07,1.1557788295313287e-06,7.07523704068791e-08,7.037611621241169e-06,2482de48d80db365a9509d90d89eae80a34468ddc892e1ef76a9b6fa936c932d,180f4124f72497efb643a5c839e36bfb2382e11903195018e7200b653449cfda,4f0dd08211e67f2715df4da43004f50f5e374d45ada1039f92a5bd4de61ffd27,1093363510779076068,8895448207107685533,32,False
unsb-reciprocal-bridge-kernel-deflection-v1,RSCityscapes,RSCityscapes__0506,1,0.5,5,0.3111172804795004,0.31111193407553395,0.150997634547819,0.47123692641118176,2.44578593489031e-06,4.265376820744571e-06,5.066212649396107e-08,1.6358644956415702e-06,7.782214317408886e-08,2.44578593489031e-06,2482de48d80db365a9509d90d89eae80a34468ddc892e1ef76a9b6fa936c932d,180f4124f72497efb643a5c839e36bfb2382e11903195018e7200b653449cfda,a6ae4e92be154ce1878427adc22a98adc646eb6b84340be5b2fe0740838317b6,4013045436968908918,1087959584399341436,32,False
unsb-reciprocal-bridge-kernel-deflection-v1,RSCityscapes,RSCityscapes__0506,2,0.74,5,0.721146485100397,0.7212188063822964,0.2524666848184298,1.1898262853823642,1.9668219416235644e-05,6.146425099928798e-05,8.506327087154375e-08,6.6511535473656735e-06,5.5729427073103466e-08,1.9668219416235644e-05,2482de48d80db365a9509d90d89eae80a34468ddc892e1ef76a9b6fa936c932d,180f4124f72497efb643a5c839e36bfb2382e11903195018e7200b653449cfda,a6ae4e92be154ce1878427adc22a98adc646eb6b84340be5b2fe0740838317b6,3676568857738334573,8231611248048285326,32,False
unsb-reciprocal-bridge-kernel-deflection-v1,RSCityscapes,RSCityscapes__0506,3,0.8600000000000001,5,0.8888238255678338,0.8888230605720352,0.35835717989821936,1.4192904712374483,9.545630422547191e-06,4.316923399527717e-06,4.4579618452278424e-07,1.6178302724156879e-06,9.503662257159817e-08,9.545630422547191e-06,2482de48d80db365a9509d90d89eae80a34468ddc892e1ef76a9b6fa936c932d,180f4124f72497efb643a5c839e36bfb2382e11903195018e7200b653449cfda,a6ae4e92be154ce1878427adc22a98adc646eb6b84340be5b2fe0740838317b6,4861249582668306741,7900200309581837874,32,False
unsb-reciprocal-bridge-kernel-deflection-v1,RSCityscapes,RSCityscapes__0895,1,0.5,5,0.4733108201586948,0.47319933692553234,0.25695251297231303,0.6896691273450766,1.8631835241311734e-06,2.4573172998643145e-06,5.286952545757728e-07,1.3128901603653986e-06,5.445625628208717e-07,1.8631835241311734e-06,2482de48d80db365a9509d90d89eae80a34468ddc892e1ef76a9b6fa936c932d,180f4124f72497efb643a5c839e36bfb2382e11903195018e7200b653449cfda,04f6ac46cf0a153b660e8bfcc95c50e7556c9250a32e6c78724cebd749b06db2,3714961933487179450,6696667099735974840,32,False
unsb-reciprocal-bridge-kernel-deflection-v1,RSCityscapes,RSCityscapes__0895,2,0.74,5,0.7944735602792521,0.7943745096918393,0.3844086681995079,1.2045384523589961,6.4384686619956e-06,1.9027739499577478e-06,3.324128625692424e-07,2.309904875263946e-06,1.1076379147212378e-07,6.4384686619956e-06,2482de48d80db365a9509d90d89eae80a34468ddc892e1ef76a9b6fa936c932d,180f4124f72497efb643a5c839e36bfb2382e11903195018e7200b653449cfda,04f6ac46cf0a153b660e8bfcc95c50e7556c9250a32e6c78724cebd749b06db2,2293768066308388135,3952253815496652317,32,False
unsb-reciprocal-bridge-kernel-deflection-v1,RSCityscapes,RSCityscapes__0895,3,0.8600000000000001,5,0.9017347718031168,0.9016744989026182,0.5177691392733723,1.2857004043328613,4.0894122096402086e-06,3.632551631604919e-06,4.0894122096402086e-06,6.933111595941455e-08,4.904791076620896e-07,4.2309796532968846e-07,2482de48d80db365a9509d90d89eae80a34468ddc892e1ef76a9b6fa936c932d,180f4124f72497efb643a5c839e36bfb2382e11903195018e7200b653449cfda,04f6ac46cf0a153b660e8bfcc95c50e7556c9250a32e6c78724cebd749b06db2,2813243104205510748,8722175245902410308,32,False
unsb-reciprocal-bridge-kernel-deflection-v1,RSCityscapes,RSCityscapes__0516,1,0.5,5,0.34675556439281835,0.34674379456820226,0.16910786339951478,0.5244032653861219,4.3984218489612203e-07,3.89141187717712e-07,6.541293062767295e-10,2.7189533780003217e-07,9.408132051191842e-10,4.3984218489612203e-07,2482de48d80db365a9509d90d89eae80a34468ddc892e1ef76a9b6fa936c932d,180f4124f72497efb643a5c839e36bfb2382e11903195018e7200b653449cfda,170dfd522cd73085f076a6b434f3747ddd9614b03f6cc861531e94bf679fcc0e,6621825949283365334,8800216586813549782,32,False
unsb-reciprocal-bridge-kernel-deflection-v1,RSCityscapes,RSCityscapes__0516,2,0.74,5,0.7453451177024113,0.7453173647542073,0.27389604246225685,1.2167941929425659,5.462741918371705e-06,8.558372238343104e-06,9.4363324865121e-07,1.6763659312912793e-06,5.446699590239135e-07,5.462741918371705e-06,2482de48d80db365a9509d90d89eae80a34468ddc892e1ef76a9b6fa936c932d,180f4124f72497efb643a5c839e36bfb2382e11903195018e7200b653449cfda,170dfd522cd73085f076a6b434f3747ddd9614b03f6cc861531e94bf679fcc0e,5088650172214397365,6916483190486156050,32,False
unsb-reciprocal-bridge-kernel-deflection-v1,RSCityscapes,RSCityscapes__0516,3,0.8600000000000001,5,0.9036490738135767,0.9035884976754633,0.3795602558061115,1.427737891821042,4.704342804862094e-06,1.9121901917440454e-06,7.268303752194782e-07,7.127839062315289e-07,1.3488790440163712e-07,4.704342804862094e-06,2482de48d80db365a9509d90d89eae80a34468ddc892e1ef76a9b6fa936c932d,180f4124f72497efb643a5c839e36bfb2382e11903195018e7200b653449cfda,170dfd522cd73085f076a6b434f3747ddd9614b03f6cc861531e94bf679fcc0e,7007992366714096312,1390240350671169167,32,False
unsb-reciprocal-bridge-kernel-deflection-v1,RSCityscapes,RSCityscapes__0569,1,0.5,5,0.14750507485265718,0.14757823198869263,0.1031981732925179,0.19181197641279646,5.673164606978531e-07,5.6457084463001905e-06,2.12024063861449e-08,3.8666039214874104e-07,2.8527175177650577e-08,5.673164606978531e-07,2482de48d80db365a9509d90d89eae80a34468ddc892e1ef76a9b6fa936c932d,180f4124f72497efb643a5c839e36bfb2382e11903195018e7200b653449cfda,41ad589c4504da306bbf8a6814085191afe1b9a5f9100f3eb485f36de1c5887b,1275272586659352163,75698016089356466,32,False
unsb-reciprocal-bridge-kernel-deflection-v1,RSCityscapes,RSCityscapes__0569,2,0.74,5,0.4955483108488929,0.4956762370382018,0.18055232736502191,0.8105442943327639,2.6014177312294606e-06,3.829294286106233e-06,3.075321641787809e-08,1.3141914626535467e-06,2.9370331611211498e-08,2.6014177312294606e-06,2482de48d80db365a9509d90d89eae80a34468ddc892e1ef76a9b6fa936c932d,180f4124f72497efb643a5c839e36bfb2382e11903195018e7200b653449cfda,41ad589c4504da306bbf8a6814085191afe1b9a5f9100f3eb485f36de1c5887b,2176652519819876048,4199592160094577966,32,False
unsb-reciprocal-bridge-kernel-deflection-v1,RSCityscapes,RSCityscapes__0569,3,0.8600000000000001,5,0.7638962156035627,0.763809099871616,0.27192144327773116,1.2558709879293941,7.830593443447498e-06,2.836950735896071e-05,1.88165127923412e-09,2.1485300383261574e-06,5.402639446927537e-10,7.830593443447498e-06,2482de48d80db365a9509d90d89eae80a34468ddc892e1ef76a9b6fa936c932d,180f4124f72497efb643a5c839e36bfb2382e11903195018e7200b653449cfda,41ad589c4504da306bbf8a6814085191afe1b9a5f9100f3eb485f36de1c5887b,6767247748143860454,1076417339336376366,32,False
unsb-reciprocal-bridge-kernel-deflection-v1,SnowTrafficData,SnowTrafficData__1012,1,0.5,1,0.5133686307123572,0.51335723914823,0.8145699647313038,0.2121672966934105,2.5172452344790486e-08,2.4420711786099503e-08,2.5172452344790486e-08,2.1094237467877974e-15,1.149827388857716e-08,1.9984014443252818e-15,2482de48d80db365a9509d90d89eae80a34468ddc892e1ef76a9b6fa936c932d,c467e94f6ceaa1428cd83ca3b5a1c5852e84ebedf0c3902c1c3047e9a21e8057,7c853ab6863dd6ba044c0a99bcfdc55dcb8373f7e693d182d1090b1d5fe4582e,7038652132692344501,2753888841021282063,32,False
unsb-reciprocal-bridge-kernel-deflection-v1,SnowTrafficData,SnowTrafficData__1012,2,0.74,1,0.8874049091574973,0.88742006549706,1.4465153045130021,0.32829451380199237,4.834760969352203e-08,4.6950461873862537e-07,4.834760969352203e-08,1.1102230246251565e-15,9.368286701949557e-09,5.10702591327572e-15,2482de48d80db365a9509d90d89eae80a34468ddc892e1ef76a9b6fa936c932d,c467e94f6ceaa1428cd83ca3b5a1c5852e84ebedf0c3902c1c3047e9a21e8057,7c853ab6863dd6ba044c0a99bcfdc55dcb8373f7e693d182d1090b1d5fe4582e,4646672131222122228,4522290809396335170,32,False
unsb-reciprocal-bridge-kernel-deflection-v1,SnowTrafficData,SnowTrafficData__1012,3,0.8600000000000001,1,0.9953120105895408,0.9953129987316465,1.536920679309995,0.45370334186908645,6.454892995666484e-07,8.255922302469187e-07,6.454892995666484e-07,7.771561172376096e-16,5.8010924730567126e-08,9.103828801926284e-15,2482de48d80db365a9509d90d89eae80a34468ddc892e1ef76a9b6fa936c932d,c467e94f6ceaa1428cd83ca3b5a1c5852e84ebedf0c3902c1c3047e9a21e8057,7c853ab6863dd6ba044c0a99bcfdc55dcb8373f7e693d182d1090b1d5fe4582e,1790958141199696704,7700042546758415623,32,False
unsb-reciprocal-bridge-kernel-deflection-v1,SnowTrafficData,SnowTrafficData__0170,1,0.5,1,0.6009003631214871,0.600889818394831,0.2554086592007814,0.9463920670421929,5.5601345749778375e-08,2.12789317055595e-07,5.444299921997242e-08,2.220446049250313e-16,5.5601345749778375e-08,6.661338147750939e-16,2482de48d80db365a9509d90d89eae80a34468ddc892e1ef76a9b6fa936c932d,c467e94f6ceaa1428cd83ca3b5a1c5852e84ebedf0c3902c1c3047e9a21e8057,b3881cf86f94eaab59f468a3294879ca2811eddb77fed7553bb54e65e8be5b83,4192995597129810743,7909332700483293616,32,False
unsb-reciprocal-bridge-kernel-deflection-v1,SnowTrafficData,SnowTrafficData__0170,2,0.74,1,0.9392344391656848,0.9392403775835674,0.392401792629848,1.4860670857015217,2.0614863149859275e-08,5.415088599747264e-09,2.0614863149859275e-08,4.440892098500626e-16,4.309901546761807e-09,2.220446049250313e-15,2482de48d80db365a9509d90d89eae80a34468ddc892e1ef76a9b6fa936c932d,c467e94f6ceaa1428cd83ca3b5a1c5852e84ebedf0c3902c1c3047e9a21e8057,b3881cf86f94eaab59f468a3294879ca2811eddb77fed7553bb54e65e8be5b83,1134707994256330540,7727840429452496988,32,False
unsb-reciprocal-bridge-kernel-deflection-v1,SnowTrafficData,SnowTrafficData__0170,3,0.8600000000000001,1,1.0408305492294112,1.0408883095414718,0.5373737256120532,1.5442873728467692,4.610269577209891e-07,1.2512076624782154e-06,4.610269577209891e-07,5.551115123125783e-16,2.8401192508908935e-08,6.217248937900877e-15,2482de48d80db365a9509d90d89eae80a34468ddc892e1ef76a9b6fa936c932d,c467e94f6ceaa1428cd83ca3b5a1c5852e84ebedf0c3902c1c3047e9a21e8057,b3881cf86f94eaab59f468a3294879ca2811eddb77fed7553bb54e65e8be5b83,3075009728877431268,5134126649484430208,32,False
unsb-reciprocal-bridge-kernel-deflection-v1,SnowTrafficData,SnowTrafficData__0726,1,0.5,1,0.47421438438630004,0.4742053221833743,0.7156314195297391,0.232797349242861,3.44255091100365e-09,2.1002825700833228e-08,3.44255091100365e-09,9.992007221626409e-16,1.698522544835157e-09,8.881784197001252e-16,2482de48d80db365a9509d90d89eae80a34468ddc892e1ef76a9b6fa936c932d,c467e94f6ceaa1428cd83ca3b5a1c5852e84ebedf0c3902c1c3047e9a21e8057,921c7bed999a9a55d22ed3802b1c4dfbf479def32a00339aebe66cdb5273d19f,2035778708799208086,1470931270933712624,32,False
unsb-reciprocal-bridge-kernel-deflection-v1,SnowTrafficData,SnowTrafficData__0726,2,0.74,1,0.8438184264316146,0.8438204809593586,1.3366611155898793,0.35097573727334996,4.682285670298825e-09,3.977408158384321e-08,4.682285670298825e-09,8.881784197001252e-16,9.577314497022371e-10,2.9976021664879227e-15,2482de48d80db365a9509d90d89eae80a34468ddc892e1ef76a9b6fa936c932d,c467e94f6ceaa1428cd83ca3b5a1c5852e84ebedf0c3902c1c3047e9a21e8057,921c7bed999a9a55d22ed3802b1c4dfbf479def32a00339aebe66cdb5273d19f,4097011701351110137,8009497521105380603,32,False
unsb-reciprocal-bridge-kernel-deflection-v1,SnowTrafficData,SnowTrafficData__0726,3,0.8600000000000001,1,0.9537544286683218,0.9537438622457308,1.4470506012506692,0.46045825608597446,3.205613330337087e-09,9.358292629713105e-08,3.205613330337087e-09,2.220446049250313e-16,3.036690898738925e-10,6.661338147750939e-15,2482de48d80db365a9509d90d89eae80a34468ddc892e1ef76a9b6fa936c932d,c467e94f6ceaa1428cd83ca3b5a1c5852e84ebedf0c3902c1c3047e9a21e8057,921c7bed999a9a55d22ed3802b1c4dfbf479def32a00339aebe66cdb5273d19f,5005293939752398907,8013881518336217893,32,False
unsb-reciprocal-bridge-kernel-deflection-v1,SnowTrafficData,SnowTrafficData__0632,1,0.5,1,0.5758077139294484,0.5758286611439458,0.8791340085341921,0.2724814193247046,6.0767860743382585e-09,6.848222011690552e-08,6.0767860743382585e-09,1.9984014443252818e-15,2.400454501838567e-09,1.7763568394002505e-15,2482de48d80db365a9509d90d89eae80a34468ddc892e1ef76a9b6fa936c932d,c467e94f6ceaa1428cd83ca3b5a1c5852e84ebedf0c3902c1c3047e9a21e8057,ed7c9e40a91429cd05f946e98e99b732b4c4c072a16d19457956e87782c908d9,1684095891624493061,3710762969028593238,32,False
unsb-reciprocal-bridge-kernel-deflection-v1,SnowTrafficData,SnowTrafficData__0632,2,0.74,1,0.9078896698799996,0.9078612344700664,1.4276384767189993,0.3881408630409998,7.371836410197119e-07,1.1237027786048515e-07,7.371836410197119e-07,1.4432899320127035e-15,1.1767826124664538e-07,5.10702591327572e-15,2482de48d80db365a9509d90d89eae80a34468ddc892e1ef76a9b6fa936c932d,c467e94f6ceaa1428cd83ca3b5a1c5852e84ebedf0c3902c1c3047e9a21e8057,ed7c9e40a91429cd05f946e98e99b732b4c4c072a16d19457956e87782c908d9,2739807098573771374,2411702074775889931,32,False
unsb-reciprocal-bridge-kernel-deflection-v1,SnowTrafficData,SnowTrafficData__0632,3,0.8600000000000001,1,1.0134715713238167,1.01348102892983,1.5231637128057591,0.5037794298418743,1.27327862697868e-08,3.580363941990683e-07,1.27327862697868e-08,6.661338147750939e-16,8.58301540951345e-10,1.021405182655144e-14,2482de48d80db365a9509d90d89eae80a34468ddc892e1ef76a9b6fa936c932d,c467e94f6ceaa1428cd83ca3b5a1c5852e84ebedf0c3902c1c3047e9a21e8057,ed7c9e40a91429cd05f946e98e99b732b4c4c072a16d19457956e87782c908d9,192219898358138255,4610755696000613319,32,False
unsb-reciprocal-bridge-kernel-deflection-v1,SnowTrafficData,SnowTrafficData__0263,1,0.5,1,1.0119197171388774,1.0118269947951273,0.8321520974110549,1.1916873368667,1.8933853662694844e-07,8.495753124337924e-07,1.8933853662694844e-07,4.440892098500626e-16,6.440907385218964e-08,1.5543122344752192e-15,2482de48d80db365a9509d90d89eae80a34468ddc892e1ef76a9b6fa936c932d,c467e94f6ceaa1428cd83ca3b5a1c5852e84ebedf0c3902c1c3047e9a21e8057,24f8d193eb03a2f0ea129ccda0b2a5874d5d1361a3f83eb0840dcc721a79530a,2446015720795432445,7499951631074467160,32,False
unsb-reciprocal-bridge-kernel-deflection-v1,SnowTrafficData,SnowTrafficData__0263,2,0.74,1,1.155607631212138,1.155635537873828,0.9677941286511569,1.343421133773119,1.702255848057277e-06,3.627750532864127e-06,1.702255848057277e-06,6.661338147750939e-16,1.8020920899974868e-07,4.884981308350689e-15,2482de48d80db365a9509d90d89eae80a34468ddc892e1ef76a9b6fa936c932d,c467e94f6ceaa1428cd83ca3b5a1c5852e84ebedf0c3902c1c3047e9a21e8057,24f8d193eb03a2f0ea129ccda0b2a5874d5d1361a3f83eb0840dcc721a79530a,7749141387247565415,8613926557043709601,32,False
unsb-reciprocal-bridge-kernel-deflection-v1,SnowTrafficData,SnowTrafficData__0263,3,0.8600000000000001,1,1.1725221104167391,1.1724741288962564,1.0251123009910992,1.319931919842379,3.480316912440884e-07,9.514111387609603e-07,3.480316912440884e-07,3.3306690738754696e-16,1.5381127593805388e-08,1.2434497875801753e-14,2482de48d80db365a9509d90d89eae80a34468ddc892e1ef76a9b6fa936c932d,c467e94f6ceaa1428cd83ca3b5a1c5852e84ebedf0c3902c1c3047e9a21e8057,24f8d193eb03a2f0ea129ccda0b2a5874d5d1361a3f83eb0840dcc721a79530a,6612171254162761417,246822952583601922,32,False
unsb-reciprocal-bridge-kernel-deflection-v1,SnowTrafficData,SnowTrafficData__0724,1,0.5,1,0.9964082895763007,0.9964056967853369,0.9719113524072055,1.0209052267453957,7.980854510591939e-08,9.438211157064558e-07,7.980854510591939e-08,6.661338147750939e-16,2.5252365754013795e-08,2.220446049250313e-15,2482de48d80db365a9509d90d89eae80a34468ddc892e1ef76a9b6fa936c932d,c467e94f6ceaa1428cd83ca3b5a1c5852e84ebedf0c3902c1c3047e9a21e8057,d039ddaa66d4c24f234d02d3b00a3e5d365a109dc7a52bfa379c4029d817a183,2342632206556382490,5189792300436493646,32,False
unsb-reciprocal-bridge-kernel-deflection-v1,SnowTrafficData,SnowTrafficData__0724,2,0.74,1,1.153056596397383,1.152913929786192,1.1248227111866524,1.1812904816081131,1.1921401066317117e-07,5.621553189616435e-07,1.1921401066317117e-07,6.661338147750939e-16,1.1745954986430718e-08,5.88418203051333e-15,2482de48d80db365a9509d90d89eae80a34468ddc892e1ef76a9b6fa936c932d,c467e94f6ceaa1428cd83ca3b5a1c5852e84ebedf0c3902c1c3047e9a21e8057,d039ddaa66d4c24f234d02d3b00a3e5d365a109dc7a52bfa379c4029d817a183,1157449835747760189,710862925862471508,32,False
unsb-reciprocal-bridge-kernel-deflection-v1,SnowTrafficData,SnowTrafficData__0724,3,0.8600000000000001,1,1.1853976810276774,1.185442234539528,1.1661778449846845,1.2046175170706703,3.944981278980464e-06,6.821531095324573e-06,3.944981278980464e-06,5.551115123125783e-16,1.615096880680511e-07,1.4210854715202004e-14,2482de48d80db365a9509d90d89eae80a34468ddc892e1ef76a9b6fa936c932d,c467e94f6ceaa1428cd83ca3b5a1c5852e84ebedf0c3902c1c3047e9a21e8057,d039ddaa66d4c24f234d02d3b00a3e5d365a109dc7a52bfa379c4029d817a183,4614890219374962616,4578942499029862782,32,False
unsb-reciprocal-bridge-kernel-deflection-v1,SnowTrafficData,SnowTrafficData__0897,1,0.5,1,0.7665161272425893,0.7665766019879825,0.393107405368499,1.1399248491166796,4.6147452104072784e-07,1.4502036488339698e-06,4.6147452104072784e-07,3.3306690738754696e-16,3.419467788923214e-07,8.881784197001252e-16,2482de48d80db365a9509d90d89eae80a34468ddc892e1ef76a9b6fa936c932d,c467e94f6ceaa1428cd83ca3b5a1c5852e84ebedf0c3902c1c3047e9a21e8057,de82fe6829b909871baa8e159538bd3c73d8c274122d2b2f1a113b28f33fad80,918422605022758341,504945320441983242,32,False
unsb-reciprocal-bridge-kernel-deflection-v1,SnowTrafficData,SnowTrafficData__0897,2,0.74,1,1.0223637249294262,1.0223494719612698,0.5635959468263994,1.481131503032453,3.309530085537915e-07,3.415676053108996e-08,3.309530085537915e-07,6.661338147750939e-16,6.300172383788549e-08,3.774758283725532e-15,2482de48d80db365a9509d90d89eae80a34468ddc892e1ef76a9b6fa936c932d,c467e94f6ceaa1428cd83ca3b5a1c5852e84ebedf0c3902c1c3047e9a21e8057,de82fe6829b909871baa8e159538bd3c73d8c274122d2b2f1a113b28f33fad80,632796836688474136,4696563299748008548,32,False
unsb-reciprocal-bridge-kernel-deflection-v1,SnowTrafficData,SnowTrafficData__0897,3,0.8600000000000001,1,1.0952257274218207,1.0951853624594161,0.7030566862265883,1.4873947686170532,6.194832669059736e-07,2.8637137274856173e-06,6.194832669059736e-07,8.881784197001252e-16,4.57760461758383e-08,1.0547118733938987e-14,2482de48d80db365a9509d90d89eae80a34468ddc892e1ef76a9b6fa936c932d,c467e94f6ceaa1428cd83ca3b5a1c5852e84ebedf0c3902c1c3047e9a21e8057,de82fe6829b909871baa8e159538bd3c73d8c274122d2b2f1a113b28f33fad80,1219973448421008235,407904823502230805,32,False
unsb-reciprocal-bridge-kernel-deflection-v1,SnowTrafficData,SnowTrafficData__0254,1,0.5,1,0.8983779405559859,0.8983418949665475,0.5678304616679715,1.2289254194440002,4.93838894222165e-08,5.0266135254162236e-08,4.93838894222165e-08,4.440892098500626e-16,2.2742626670790855e-08,9.992007221626409e-16,2482de48d80db365a9509d90d89eae80a34468ddc892e1ef76a9b6fa936c932d,c467e94f6ceaa1428cd83ca3b5a1c5852e84ebedf0c3902c1c3047e9a21e8057,1ab2aace770438f6345e7f442edea6a379f683f2af55e08c93705d90f588c8b3,8403700708321113567,813338502899980824,32,False
unsb-reciprocal-bridge-kernel-deflection-v1,SnowTrafficData,SnowTrafficData__0254,2,0.74,1,1.083166543724461,1.0832054926185228,0.6952056765238499,1.4711274109250723,1.4253713542800028e-08,5.079700627907968e-07,1.4253713542800028e-08,6.661338147750939e-16,1.877818789353114e-09,3.9968028886505635e-15,2482de48d80db365a9509d90d89eae80a34468ddc892e1ef76a9b6fa936c932d,c467e94f6ceaa1428cd83ca3b5a1c5852e84ebedf0c3902c1c3047e9a21e8057,1ab2aace770438f6345e7f442edea6a379f683f2af55e08c93705d90f588c8b3,7637683859726460491,6415939663111196466,32,False
unsb-reciprocal-bridge-kernel-deflection-v1,SnowTrafficData,SnowTrafficData__0254,3,0.8600000000000001,1,1.1211318528400362,1.1210905506288418,0.7792966719569393,1.462967033723133,2.087930521144088e-06,3.5345311664158885e-06,2.087930521144088e-06,7.771561172376096e-16,1.1635423846634296e-07,9.769962616701378e-15,2482de48d80db365a9509d90d89eae80a34468ddc892e1ef76a9b6fa936c932d,c467e94f6ceaa1428cd83ca3b5a1c5852e84ebedf0c3902c1c3047e9a21e8057,1ab2aace770438f6345e7f442edea6a379f683f2af55e08c93705d90f588c8b3,7625439184138215982,6459833408132883022,32,False
unsb-reciprocal-bridge-kernel-deflection-v1,SnowTrafficData,SnowTrafficData__0574,1,0.5,1,0.8527040657140583,0.8526716472174329,0.43649806506748046,1.2689100663606363,1.7021950005080555e-07,1.0395202498791889e-07,1.7021950005080555e-07,4.440892098500626e-16,9.02644399225494e-08,9.992007221626409e-16,2482de48d80db365a9509d90d89eae80a34468ddc892e1ef76a9b6fa936c932d,c467e94f6ceaa1428cd83ca3b5a1c5852e84ebedf0c3902c1c3047e9a21e8057,f79b0506bd2b870f3257e64aeca9f4ca82c59b917883ff297c070300de6f8472,3713047102678187638,9145751462535851048,32,False
unsb-reciprocal-bridge-kernel-deflection-v1,SnowTrafficData,SnowTrafficData__0574,2,0.74,1,1.0833766224777421,1.0834266156035681,0.6138934402178422,1.5528598047376418,3.548089488880635e-08,4.8104938810134e-08,3.548089488880635e-08,3.3306690738754696e-16,4.217201365896983e-09,3.1086244689504383e-15,2482de48d80db365a9509d90d89eae80a34468ddc892e1ef76a9b6fa936c932d,c467e94f6ceaa1428cd83ca3b5a1c5852e84ebedf0c3902c1c3047e9a21e8057,f79b0506bd2b870f3257e64aeca9f4ca82c59b917883ff297c070300de6f8472,5637054497776236285,442422899939682755,32,False
unsb-reciprocal-bridge-kernel-deflection-v1,SnowTrafficData,SnowTrafficData__0574,3,0.8600000000000001,1,1.1417466739548807,1.1416971869826118,0.7444337556058946,1.539059592303867,6.463655015664926e-07,1.2125640602711485e-06,6.463655015664926e-07,4.440892098500626e-16,3.0506042025812974e-08,7.993605777301127e-15,2482de48d80db365a9509d90d89eae80a34468ddc892e1ef76a9b6fa936c932d,c467e94f6ceaa1428cd83ca3b5a1c5852e84ebedf0c3902c1c3047e9a21e8057,f79b0506bd2b870f3257e64aeca9f4ca82c59b917883ff297c070300de6f8472,7560343224635826139,3325540740108765338,32,False
unsb-reciprocal-bridge-kernel-deflection-v1,SnowTrafficData,SnowTrafficData__0635,1,0.5,1,0.6751684802615256,0.6751504397256807,0.3493540824500825,1.0009828780729688,2.070490112693335e-09,5.997853058659075e-08,2.070490112693335e-09,2.220446049250313e-16,1.4568719564067578e-09,8.881784197001252e-16,2482de48d80db365a9509d90d89eae80a34468ddc892e1ef76a9b6fa936c932d,c467e94f6ceaa1428cd83ca3b5a1c5852e84ebedf0c3902c1c3047e9a21e8057,2895117b28abc657a8983a053b37fd02b99a634a21db078170e95ebbd40a8f98,2461100814992292968,1806056070707177848,32,False
unsb-reciprocal-bridge-kernel-deflection-v1,SnowTrafficData,SnowTrafficData__0635,2,0.74,1,0.9707249222159106,0.9707048224472092,0.5056886764329007,1.4357611679989204,6.570931554428228e-08,2.6580163292599934e-08,6.570931554428228e-08,2.220446049250313e-16,1.070667121627622e-08,2.55351295663786e-15,2482de48d80db365a9509d90d89eae80a34468ddc892e1ef76a9b6fa936c932d,c467e94f6ceaa1428cd83ca3b5a1c5852e84ebedf0c3902c1c3047e9a21e8057,2895117b28abc657a8983a053b37fd02b99a634a21db078170e95ebbd40a8f98,9183247772529026359,888335229184227152,32,False
unsb-reciprocal-bridge-kernel-deflection-v1,SnowTrafficData,SnowTrafficData__0635,3,0.8600000000000001,1,1.0634177929911195,1.0635008464133848,0.6450141204698345,1.4818214655124045,2.545574547818674e-07,5.935372304755049e-09,2.545574547818674e-07,4.440892098500626e-16,1.376685154763635e-08,9.992007221626409e-15,2482de48d80db365a9509d90d89eae80a34468ddc892e1ef76a9b6fa936c932d,c467e94f6ceaa1428cd83ca3b5a1c5852e84ebedf0c3902c1c3047e9a21e8057,2895117b28abc657a8983a053b37fd02b99a634a21db078170e95ebbd40a8f98,4871991380010669198,7673993081831186467,32,False
unsb-reciprocal-bridge-kernel-deflection-v1,SnowTrafficData,SnowTrafficData__1040,1,0.5,1,0.6396933411054724,0.6396951184736788,0.9058443857867048,0.37354229642424,8.760808745122972e-10,1.1727463444799469e-10,8.760808745122972e-10,8.881784197001252e-16,3.7227598781441884e-10,1.2212453270876722e-15,2482de48d80db365a9509d90d89eae80a34468ddc892e1ef76a9b6fa936c932d,c467e94f6ceaa1428cd83ca3b5a1c5852e84ebedf0c3902c1c3047e9a21e8057,393a80279823acea2ebac5b7789e3443e3c5fd83193f3a23e97ed833e4147770,8598596552552330451,7806320418769923311,32,False
unsb-reciprocal-bridge-kernel-deflection-v1,SnowTrafficData,SnowTrafficData__1040,2,0.74,1,0.9378970945950655,0.9378987713561601,1.3550659485045904,0.5207282406855406,2.609895743965751e-08,1.0884479662021107e-07,2.609895743965751e-08,5.551115123125783e-16,4.261015540407698e-09,3.552713678800501e-15,2482de48d80db365a9509d90d89eae80a34468ddc892e1ef76a9b6fa936c932d,c467e94f6ceaa1428cd83ca3b5a1c5852e84ebedf0c3902c1c3047e9a21e8057,393a80279823acea2ebac5b7789e3443e3c5fd83193f3a23e97ed833e4147770,9022873992290652356,3164815233976132930,32,False
unsb-reciprocal-bridge-kernel-deflection-v1,SnowTrafficData,SnowTrafficData__1040,3,0.8600000000000001,1,1.0195150095404295,1.0195294527456822,1.4187560977272822,0.6202739213535768,2.098049067811303e-08,1.297509648612305e-07,2.098049067811303e-08,4.440892098500626e-16,1.4336059006581081e-09,9.103828801926284e-15,2482de48d80db365a9509d90d89eae80a34468ddc892e1ef76a9b6fa936c932d,c467e94f6ceaa1428cd83ca3b5a1c5852e84ebedf0c3902c1c3047e9a21e8057,393a80279823acea2ebac5b7789e3443e3c5fd83193f3a23e97ed833e4147770,817357566834312900,1604946087087325141,32,False
unsb-reciprocal-bridge-kernel-deflection-v1,SnowTrafficData,SnowTrafficData__0022,1,0.5,1,0.509664571810003,0.509673558942201,0.7434797331991607,0.27584941042084543,4.2906345143478575e-10,6.058205792580651e-08,4.2906345143478575e-10,7.771561172376096e-16,2.052327197077375e-10,9.992007221626409e-16,2482de48d80db365a9509d90d89eae80a34468ddc892e1ef76a9b6fa936c932d,c467e94f6ceaa1428cd83ca3b5a1c5852e84ebedf0c3902c1c3047e9a21e8057,e5798150332e6e080b825da46a8af57a73bd7c4c55a775c941052d1e6604d99c,5701797175968993981,9032918542403856944,32,False
unsb-reciprocal-bridge-kernel-deflection-v1,SnowTrafficData,SnowTrafficData__0022,2,0.74,1,0.8537484251039089,0.8537446500439188,1.3059829966242016,0.40151385358361613,3.5313126223179836e-07,2.4271200360637124e-07,3.5313126223179836e-07,8.881784197001252e-16,6.994207035759814e-08,3.774758283725532e-15,2482de48d80db365a9509d90d89eae80a34468ddc892e1ef76a9b6fa936c932d,c467e94f6ceaa1428cd83ca3b5a1c5852e84ebedf0c3902c1c3047e9a21e8057,e5798150332e6e080b825da46a8af57a73bd7c4c55a775c941052d1e6604d99c,8320550864162786802,5010659085495078965,32,False
unsb-reciprocal-bridge-kernel-deflection-v1,SnowTrafficData,SnowTrafficData__0022,3,0.8600000000000001,1,0.9635708975947925,0.9635697638734657,1.4283665770650376,0.4987752181245475,4.596824987324055e-08,6.613944725231136e-09,4.596824987324055e-08,6.661338147750939e-16,3.946189819359347e-09,9.103828801926284e-15,2482de48d80db365a9509d90d89eae80a34468ddc892e1ef76a9b6fa936c932d,c467e94f6ceaa1428cd83ca3b5a1c5852e84ebedf0c3902c1c3047e9a21e8057,e5798150332e6e080b825da46a8af57a73bd7c4c55a775c941052d1e6604d99c,5210820213045869597,5604655401221274905,32,False
unsb-reciprocal-bridge-kernel-deflection-v1,SnowTrafficData,SnowTrafficData__1152,1,0.5,1,0.41769839923029617,0.41770019750295784,0.6695566632919394,0.16584013516865292,2.8385263473040823e-08,1.3031738799185177e-08,2.8385263473040823e-08,1.4432899320127035e-15,1.2955387207469471e-08,1.1102230246251565e-15,2482de48d80db365a9509d90d89eae80a34468ddc892e1ef76a9b6fa936c932d,c467e94f6ceaa1428cd83ca3b5a1c5852e84ebedf0c3902c1c3047e9a21e8057,d4922025a3fe4829cd8a65039bb9ddf6f856e745a4896179bbff3e46be825848,3524988590877875442,8228523636245018329,32,False
unsb-reciprocal-bridge-kernel-deflection-v1,SnowTrafficData,SnowTrafficData__1152,2,0.74,1,0.838068862842587,0.8380776929511203,1.406820548194963,0.2693171774902111,2.1181705278650043e-09,6.766763549492794e-08,2.1181705278650043e-09,1.1102230246251565e-15,4.140192633173001e-10,3.774758283725532e-15,2482de48d80db365a9509d90d89eae80a34468ddc892e1ef76a9b6fa936c932d,c467e94f6ceaa1428cd83ca3b5a1c5852e84ebedf0c3902c1c3047e9a21e8057,d4922025a3fe4829cd8a65039bb9ddf6f856e745a4896179bbff3e46be825848,3081688123380122610,7245727351394183988,32,False
unsb-reciprocal-bridge-kernel-deflection-v1,SnowTrafficData,SnowTrafficData__1152,3,0.8600000000000001,1,0.9666285537357338,0.9666305595093803,1.5423500510890564,0.3909070563824112,3.538829186355841e-07,9.033358538967917e-07,3.538829186355841e-07,8.881784197001252e-16,3.1130380717669937e-08,8.659739592076221e-15,2482de48d80db365a9509d90d89eae80a34468ddc892e1ef76a9b6fa936c932d,c467e94f6ceaa1428cd83ca3b5a1c5852e84ebedf0c3902c1c3047e9a21e8057,d4922025a3fe4829cd8a65039bb9ddf6f856e745a4896179bbff3e46be825848,6346639857026127544,6542035568665143854,32,False
unsb-reciprocal-bridge-kernel-deflection-v1,SnowTrafficData,SnowTrafficData__0391,1,0.5,1,0.9320245409643612,0.9320497839388417,0.6693765398703877,1.1946725420583346,1.152930407810615e-07,4.726083591144459e-08,1.152930407810615e-07,4.440892098500626e-16,4.228975869491336e-08,1.4432899320127035e-15,2482de48d80db365a9509d90d89eae80a34468ddc892e1ef76a9b6fa936c932d,c467e94f6ceaa1428cd83ca3b5a1c5852e84ebedf0c3902c1c3047e9a21e8057,9e4dcddb538d7e60c352bb0891339ef71cfc159deb22cb31402b670ecee441fd,234188766342512398,9113310093997433349,32,False
unsb-reciprocal-bridge-kernel-deflection-v1,SnowTrafficData,SnowTrafficData__0391,2,0.74,1,1.108046832633725,1.1080903596971647,0.8123559368450761,1.4037377284223735,2.641772858247293e-07,1.8832482939767914e-07,2.641772858247293e-07,6.661338147750939e-16,2.6066648506350987e-08,4.3298697960381105e-15,2482de48d80db365a9509d90d89eae80a34468ddc892e1ef76a9b6fa936c932d,c467e94f6ceaa1428cd83ca3b5a1c5852e84ebedf0c3902c1c3047e9a21e8057,9e4dcddb538d7e60c352bb0891339ef71cfc159deb22cb31402b670ecee441fd,3046294757029023442,37473218017448249,32,False
unsb-reciprocal-bridge-kernel-deflection-v1,SnowTrafficData,SnowTrafficData__0391,3,0.8600000000000001,1,1.1536472927625552,1.1537171715158179,0.9043561444083958,1.4029384411167145,3.365076306494075e-08,9.062963288730685e-07,3.365076306494075e-08,4.440892098500626e-16,1.2368743806945304e-09,1.0658141036401503e-14,2482de48d80db365a9509d90d89eae80a34468ddc892e1ef76a9b6fa936c932d,c467e94f6ceaa1428cd83ca3b5a1c5852e84ebedf0c3902c1c3047e9a21e8057,9e4dcddb538d7e60c352bb0891339ef71cfc159deb22cb31402b670ecee441fd,9083884766215642006,6193103494985055874,32,False
unsb-reciprocal-bridge-kernel-deflection-v1,SnowTrafficData,SnowTrafficData__0410,1,0.5,1,0.8968358072527804,0.8968126343066865,0.8698947793607718,0.923776835144789,4.592686231319476e-10,3.436577915572059e-07,4.592686231319476e-10,4.440892098500626e-16,1.8511792099218383e-10,1.6653345369377348e-15,2482de48d80db365a9509d90d89eae80a34468ddc892e1ef76a9b6fa936c932d,c467e94f6ceaa1428cd83ca3b5a1c5852e84ebedf0c3902c1c3047e9a21e8057,463d9af7368f4d25667abfa5327f5e5483bc3d3148d088b01c071fdd974c909d,7177132053197325795,5611909173644642827,32,False
unsb-reciprocal-bridge-kernel-deflection-v1,SnowTrafficData,SnowTrafficData__0410,2,0.74,1,1.0896459868569268,1.0896356058442902,1.0496020472084109,1.129689926505443,1.4597074526889742e-07,4.339130537100999e-07,1.4597074526889742e-07,5.551115123125783e-16,2.0301605063721695e-08,5.773159728050814e-15,2482de48d80db365a9509d90d89eae80a34468ddc892e1ef76a9b6fa936c932d,c467e94f6ceaa1428cd83ca3b5a1c5852e84ebedf0c3902c1c3047e9a21e8057,463d9af7368f4d25667abfa5327f5e5483bc3d3148d088b01c071fdd974c909d,3919638619018594868,547546497195833195,32,False
unsb-reciprocal-bridge-kernel-deflection-v1,SnowTrafficData,SnowTrafficData__0410,3,0.8600000000000001,1,1.1299620489396314,1.1299457901800438,1.082090737729539,1.1778333601497235,4.68823589838685e-07,2.330479831336163e-08,4.68823589838685e-07,6.661338147750939e-16,2.8722669909164722e-08,1.1546319456101628e-14,2482de48d80db365a9509d90d89eae80a34468ddc892e1ef76a9b6fa936c932d,c467e94f6ceaa1428cd83ca3b5a1c5852e84ebedf0c3902c1c3047e9a21e8057,463d9af7368f4d25667abfa5327f5e5483bc3d3148d088b01c071fdd974c909d,3345355530015299503,7272775751395883659,32,False
unsb-reciprocal-bridge-kernel-deflection-v1,SnowTrafficData,SnowTrafficData__0217,1,0.5,1,0.44979246366737907,0.4497885420382681,0.7261256187695425,0.17345930856521563,3.754601740624253e-09,6.4696477064529745e-09,3.754601740624253e-09,1.5543122344752192e-15,1.8065983153903176e-09,1.1102230246251565e-15,2482de48d80db365a9509d90d89eae80a34468ddc892e1ef76a9b6fa936c932d,c467e94f6ceaa1428cd83ca3b5a1c5852e84ebedf0c3902c1c3047e9a21e8057,6d158ff67ffa77b2e0fe469992417454e1202601d9b5e123672c849e75c441ad,407388817201914932,8718431940322584059,32,False
unsb-reciprocal-bridge-kernel-deflection-v1,SnowTrafficData,SnowTrafficData__0217,2,0.74,1,0.8811999471720553,0.8811913940238171,1.4790375017938582,0.2833623925502524,2.8537616714174874e-11,1.8641481536185722e-07,2.8537616714174874e-11,9.992007221626409e-16,5.553779658384883e-12,3.219646771412954e-15,2482de48d80db365a9509d90d89eae80a34468ddc892e1ef76a9b6fa936c932d,c467e94f6ceaa1428cd83ca3b5a1c5852e84ebedf0c3902c1c3047e9a21e8057,6d158ff67ffa77b2e0fe469992417454e1202601d9b5e123672c849e75c441ad,2493357188823729043,6142009355388892630,32,False
unsb-reciprocal-bridge-kernel-deflection-v1,SnowTrafficData,SnowTrafficData__0217,3,0.8600000000000001,1,1.0063673526314374,1.0063659874239597,1.6097846184086038,0.4029500868542709,2.2511282504744656e-08,7.358823239655976e-08,2.2511282504744656e-08,5.551115123125783e-16,1.9982230314852245e-09,7.771561172376096e-15,2482de48d80db365a9509d90d89eae80a34468ddc892e1ef76a9b6fa936c932d,c467e94f6ceaa1428cd83ca3b5a1c5852e84ebedf0c3902c1c3047e9a21e8057,6d158ff67ffa77b2e0fe469992417454e1202601d9b5e123672c849e75c441ad,4474505236012180184,1595365199480593265,32,False
unsb-reciprocal-bridge-kernel-deflection-v1,SnowTrafficData,SnowTrafficData__1012,1,0.5,2,0.4235191134764879,0.4235005412277756,0.5915249992284898,0.25551322772448604,2.5172452344790486e-08,2.4420711786099503e-08,2.5172452344790486e-08,1.6653345369377348e-15,1.4054682528907847e-08,1.7763568394002505e-15,2482de48d80db365a9509d90d89eae80a34468ddc892e1ef76a9b6fa936c932d,bfee336a60c5bbb188487f0bd51d40323bd8b0abd83fd80be55cd40b6389f2e8,7c853ab6863dd6ba044c0a99bcfdc55dcb8373f7e693d182d1090b1d5fe4582e,7038652132692344501,2753888841021282063,32,False
unsb-reciprocal-bridge-kernel-deflection-v1,SnowTrafficData,SnowTrafficData__1012,2,0.74,2,0.8157237012027201,0.8157845365021249,1.2258820246510436,0.4055653777543966,4.834760969352203e-08,4.6950461873862537e-07,4.834760969352203e-08,1.9984014443252818e-15,1.2379957836650135e-08,5.10702591327572e-15,2482de48d80db365a9509d90d89eae80a34468ddc892e1ef76a9b6fa936c932d,bfee336a60c5bbb188487f0bd51d40323bd8b0abd83fd80be55cd40b6389f2e8,7c853ab6863dd6ba044c0a99bcfdc55dcb8373f7e693d182d1090b1d5fe4582e,4646672131222122228,4522290809396335170,32,False
unsb-reciprocal-bridge-kernel-deflection-v1,SnowTrafficData,SnowTrafficData__1012,3,0.8600000000000001,2,1.0008017304086665,1.0007983641571814,1.4688721229738322,0.5327313378435006,6.454892995666484e-07,8.255922302469187e-07,6.454892995666484e-07,1.5543122344752192e-15,7.504667809410392e-08,1.509903313490213e-14,2482de48d80db365a9509d90d89eae80a34468ddc892e1ef76a9b6fa936c932d,bfee336a60c5bbb188487f0bd51d40323bd8b0abd83fd80be55cd40b6389f2e8,7c853ab6863dd6ba044c0a99bcfdc55dcb8373f7e693d182d1090b1d5fe4582e,1790958141199696704,7700042546758415623,32,False
unsb-reciprocal-bridge-kernel-deflection-v1,SnowTrafficData,SnowTrafficData__0170,1,0.5,2,0.5722199772928995,0.5722027238188672,0.2771340957444942,0.8673058588413047,5.866268226739635e-08,2.2445237601864676e-07,5.444299921997242e-08,6.661338147750939e-16,5.866268226739635e-08,1.3322676295501878e-15,2482de48d80db365a9509d90d89eae80a34468ddc892e1ef76a9b6fa936c932d,bfee336a60c5bbb188487f0bd51d40323bd8b0abd83fd80be55cd40b6389f2e8,b3881cf86f94eaab59f468a3294879ca2811eddb77fed7553bb54e65e8be5b83,4192995597129810743,7909332700483293616,32,False
unsb-reciprocal-bridge-kernel-deflection-v1,SnowTrafficData,SnowTrafficData__0170,2,0.74,2,0.9387037799208382,0.9387131674978475,0.4345603729651142,1.4428471868765622,2.0614863149859275e-08,5.415088599747264e-09,2.0614863149859275e-08,6.661338147750939e-16,5.390633717183846e-09,3.9968028886505635e-15,2482de48d80db365a9509d90d89eae80a34468ddc892e1ef76a9b6fa936c932d,bfee336a60c5bbb188487f0bd51d40323bd8b0abd83fd80be55cd40b6389f2e8,b3881cf86f94eaab59f468a3294879ca2811eddb77fed7553bb54e65e8be5b83,1134707994256330540,7727840429452496988,32,False
unsb-reciprocal-bridge-kernel-deflection-v1,SnowTrafficData,SnowTrafficData__0170,3,0.8600000000000001,2,1.0634541624375622,1.06353566561276,0.6017197890756145,1.5251885357995096,4.610269577209891e-07,1.2512076624782154e-06,4.610269577209891e-07,8.881784197001252e-16,3.6495696242866416e-08,1.1213252548714081e-14,2482de48d80db365a9509d90d89eae80a34468ddc892e1ef76a9b6fa936c932d,bfee336a60c5bbb188487f0bd51d40323bd8b0abd83fd80be55cd40b6389f2e8,b3881cf86f94eaab59f468a3294879ca2811eddb77fed7553bb54e65e8be5b83,3075009728877431268,5134126649484430208,32,False
unsb-reciprocal-bridge-kernel-deflection-v1,SnowTrafficData,SnowTrafficData__0726,1,0.5,2,0.3806269764860068,0.3806070493470881,0.5283916226937779,0.23286233027823566,3.44255091100365e-09,2.1002825700833228e-08,3.44255091100365e-09,1.3322676295501878e-15,1.9889276892115504e-09,8.881784197001252e-16,2482de48d80db365a9509d90d89eae80a34468ddc892e1ef76a9b6fa936c932d,bfee336a60c5bbb188487f0bd51d40323bd8b0abd83fd80be55cd40b6389f2e8,921c7bed999a9a55d22ed3802b1c4dfbf479def32a00339aebe66cdb5273d19f,2035778708799208086,1470931270933712624,32,False
unsb-reciprocal-bridge-kernel-deflection-v1,SnowTrafficData,SnowTrafficData__0726,2,0.74,2,0.754965250034073,0.7549810282580152,1.1313435869195982,0.37858691314854775,4.682285670298825e-09,3.977408158384321e-08,4.682285670298825e-09,1.5543122344752192e-15,1.2593326381704628e-09,3.552713678800501e-15,2482de48d80db365a9509d90d89eae80a34468ddc892e1ef76a9b6fa936c932d,bfee336a60c5bbb188487f0bd51d40323bd8b0abd83fd80be55cd40b6389f2e8,921c7bed999a9a55d22ed3802b1c4dfbf479def32a00339aebe66cdb5273d19f,4097011701351110137,8009497521105380603,32,False
unsb-reciprocal-bridge-kernel-deflection-v1,SnowTrafficData,SnowTrafficData__0726,3,0.8600000000000001,2,0.9371919535733417,0.937204823408287,1.365970026814675,0.5084138803320085,3.205613330337087e-09,9.358292629713105e-08,3.205613330337087e-09,9.992007221626409e-16,4.0011949309359807e-10,1.021405182655144e-14,2482de48d80db365a9509d90d89eae80a34468ddc892e1ef76a9b6fa936c932d,bfee336a60c5bbb188487f0bd51d40323bd8b0abd83fd80be55cd40b6389f2e8,921c7bed999a9a55d22ed3802b1c4dfbf479def32a00339aebe66cdb5273d19f,5005293939752398907,8013881518336217893,32,False
unsb-reciprocal-bridge-kernel-deflection-v1,SnowTrafficData,SnowTrafficData__0632,1,0.5,2,0.5080925612796435,0.5081199949973343,0.6915069989168892,0.3246781236423979,6.0767860743382585e-09,6.848222011690552e-08,6.0767860743382585e-09,1.7763568394002505e-15,2.868264070698956e-09,1.887379141862766e-15,2482de48d80db365a9509d90d89eae80a34468ddc892e1ef76a9b6fa936c932d,bfee336a60c5bbb188487f0bd51d40323bd8b0abd83fd80be55cd40b6389f2e8,ed7c9e40a91429cd05f946e98e99b732b4c4c072a16d19457956e87782c908d9,1684095891624493061,3710762969028593238,32,False
unsb-reciprocal-bridge-kernel-deflection-v1,SnowTrafficData,SnowTrafficData__0632,2,0.74,2,0.8637454930406963,0.8636955834547747,1.2450706665070765,0.48242031957431597,7.371836410197119e-07,1.1237027786048515e-07,7.371836410197119e-07,1.9984014443252818e-15,1.475148307950036e-07,5.995204332975845e-15,2482de48d80db365a9509d90d89eae80a34468ddc892e1ef76a9b6fa936c932d,bfee336a60c5bbb188487f0bd51d40323bd8b0abd83fd80be55cd40b6389f2e8,ed7c9e40a91429cd05f946e98e99b732b4c4c072a16d19457956e87782c908d9,2739807098573771374,2411702074775889931,32,False
unsb-reciprocal-bridge-kernel-deflection-v1,SnowTrafficData,SnowTrafficData__0632,3,0.8600000000000001,2,1.036490884700203,1.0365202245263887,1.454992022600672,0.6179897467997342,1.27327862697868e-08,3.580363941990683e-07,1.27327862697868e-08,1.5543122344752192e-15,1.1203200589449125e-09,1.5765166949677223e-14,2482de48d80db365a9509d90d89eae80a34468ddc892e1ef76a9b6fa936c932d,bfee336a60c5bbb188487f0bd51d40323bd8b0abd83fd80be55cd40b6389f2e8,ed7c9e40a91429cd05f946e98e99b732b4c4c072a16d19457956e87782c908d9,192219898358138255,4610755696000613319,32,False
unsb-reciprocal-bridge-kernel-deflection-v1,SnowTrafficData,SnowTrafficData__0263,1,0.5,2,0.9496983078077104,0.9495590558274325,0.743925562715106,1.1554710529003147,1.8933853662694844e-07,8.495753124337924e-07,1.8933853662694844e-07,1.3322676295501878e-15,7.607334251424902e-08,3.4416913763379853e-15,2482de48d80db365a9509d90d89eae80a34468ddc892e1ef76a9b6fa936c932d,bfee336a60c5bbb188487f0bd51d40323bd8b0abd83fd80be55cd40b6389f2e8,24f8d193eb03a2f0ea129ccda0b2a5874d5d1361a3f83eb0840dcc721a79530a,2446015720795432445,7499951631074467160,32,False
unsb-reciprocal-bridge-kernel-deflection-v1,SnowTrafficData,SnowTrafficData__0263,2,0.74,2,1.127062090288223,1.127103711532298,0.8959653868252779,1.3581587937511679,1.702255848057277e-06,3.627750532864127e-06,1.702255848057277e-06,1.1102230246251565e-15,2.0761444696759668e-07,7.549516567451064e-15,2482de48d80db365a9509d90d89eae80a34468ddc892e1ef76a9b6fa936c932d,bfee336a60c5bbb188487f0bd51d40323bd8b0abd83fd80be55cd40b6389f2e8,24f8d193eb03a2f0ea129ccda0b2a5874d5d1361a3f83eb0840dcc721a79530a,7749141387247565415,8613926557043709601,32,False
unsb-reciprocal-bridge-kernel-deflection-v1,SnowTrafficData,SnowTrafficData__0263,3,0.8600000000000001,2,1.1678570716925176,1.1677841202734103,0.9890671629333091,1.346646980451726,3.480316912440884e-07,9.514111387609603e-07,3.480316912440884e-07,1.5543122344752192e-15,1.811617011959754e-08,2.1316282072803006e-14,2482de48d80db365a9509d90d89eae80a34468ddc892e1ef76a9b6fa936c932d,bfee336a60c5bbb188487f0bd51d40323bd8b0abd83fd80be55cd40b6389f2e8,24f8d193eb03a2f0ea129ccda0b2a5874d5d1361a3f83eb0840dcc721a79530a,6612171254162761417,246822952583601922,32,False
unsb-reciprocal-bridge-kernel-deflection-v1,SnowTrafficData,SnowTrafficData__0724,1,0.5,2,0.9313800301767149,0.9313762099979238,0.8400513633437419,1.022708697009688,7.980854510591939e-08,9.438211157064558e-07,7.980854510591939e-08,1.3322676295501878e-15,3.0525879379794674e-08,2.6645352591003757e-15,2482de48d80db365a9509d90d89eae80a34468ddc892e1ef76a9b6fa936c932d,bfee336a60c5bbb188487f0bd51d40323bd8b0abd83fd80be55cd40b6389f2e8,d039ddaa66d4c24f234d02d3b00a3e5d365a109dc7a52bfa379c4029d817a183,2342632206556382490,5189792300436493646,32,False
unsb-reciprocal-bridge-kernel-deflection-v1,SnowTrafficData,SnowTrafficData__0724,2,0.74,2,1.1283554146554406,1.1281585383555413,1.0047813079321868,1.2519295213786945,1.1921401066317117e-07,5.621553189616435e-07,1.1921401066317117e-07,1.3322676295501878e-15,1.4780966672844897e-08,7.771561172376096e-15,2482de48d80db365a9509d90d89eae80a34468ddc892e1ef76a9b6fa936c932d,bfee336a60c5bbb188487f0bd51d40323bd8b0abd83fd80be55cd40b6389f2e8,d039ddaa66d4c24f234d02d3b00a3e5d365a109dc7a52bfa379c4029d817a183,1157449835747760189,710862925862471508,32,False
unsb-reciprocal-bridge-kernel-deflection-v1,SnowTrafficData,SnowTrafficData__0724,3,0.8600000000000001,2,1.1841417015331124,1.1842017858611429,1.0692186449725487,1.2990647580936758,3.944981278980464e-06,6.821531095324573e-06,3.944981278980464e-06,1.1102230246251565e-15,2.044610243334688e-07,1.9761969838327786e-14,2482de48d80db365a9509d90d89eae80a34468ddc892e1ef76a9b6fa936c932d,bfee336a60c5bbb188487f0bd51d40323bd8b0abd83fd80be55cd40b6389f2e8,d039ddaa66d4c24f234d02d3b00a3e5d365a109dc7a52bfa379c4029d817a183,4614890219374962616,4578942499029862782,32,False
unsb-reciprocal-bridge-kernel-deflection-v1,SnowTrafficData,SnowTrafficData__0897,1,0.5,2,0.7640332407951509,0.7641514820134327,0.4421943776114332,1.0858721039788686,4.6147452104072784e-07,1.4502036488339698e-06,4.6147452104072784e-07,1.1102230246251565e-15,3.6125226654526443e-07,2.4424906541753444e-15,2482de48d80db365a9509d90d89eae80a34468ddc892e1ef76a9b6fa936c932d,bfee336a60c5bbb188487f0bd51d40323bd8b0abd83fd80be55cd40b6389f2e8,de82fe6829b909871baa8e159538bd3c73d8c274122d2b2f1a113b28f33fad80,918422605022758341,504945320441983242,32,False
unsb-reciprocal-bridge-kernel-deflection-v1,SnowTrafficData,SnowTrafficData__0897,2,0.74,2,1.011609362715673,1.011584444904835,0.5832959892377036,1.4399227361936422,3.309530085537915e-07,3.415676053108996e-08,3.309530085537915e-07,1.1102230246251565e-15,7.823701253517612e-08,5.995204332975845e-15,2482de48d80db365a9509d90d89eae80a34468ddc892e1ef76a9b6fa936c932d,bfee336a60c5bbb188487f0bd51d40323bd8b0abd83fd80be55cd40b6389f2e8,de82fe6829b909871baa8e159538bd3c73d8c274122d2b2f1a113b28f33fad80,632796836688474136,4696563299748008548,32,False
unsb-reciprocal-bridge-kernel-deflection-v1,SnowTrafficData,SnowTrafficData__0897,3,0.8600000000000001,2,1.088548656847153,1.088487035975809,0.7071912764240352,1.4699060372702706,6.194832669059736e-07,2.8637137274856173e-06,6.194832669059736e-07,1.1102230246251565e-15,6.024211174349148e-08,1.3766765505351941e-14,2482de48d80db365a9509d90d89eae80a34468ddc892e1ef76a9b6fa936c932d,bfee336a60c5bbb188487f0bd51d40323bd8b0abd83fd80be55cd40b6389f2e8,de82fe6829b909871baa8e159538bd3c73d8c274122d2b2f1a113b28f33fad80,1219973448421008235,407904823502230805,32,False
unsb-reciprocal-bridge-kernel-deflection-v1,SnowTrafficData,SnowTrafficData__0254,1,0.5,2,0.9482940837937264,0.9482370866481717,0.6909050808418727,1.20568308674558,4.93838894222165e-08,5.0266135254162236e-08,4.93838894222165e-08,1.1102230246251565e-15,2.2107259356474174e-08,2.9976021664879227e-15,2482de48d80db365a9509d90d89eae80a34468ddc892e1ef76a9b6fa936c932d,bfee336a60c5bbb188487f0bd51d40323bd8b0abd83fd80be55cd40b6389f2e8,1ab2aace770438f6345e7f442edea6a379f683f2af55e08c93705d90f588c8b3,8403700708321113567,813338502899980824,32,False
unsb-reciprocal-bridge-kernel-deflection-v1,SnowTrafficData,SnowTrafficData__0254,2,0.74,2,1.112917434909072,1.1129732337753175,0.7877954613023769,1.4380394085157673,1.4253713542800028e-08,5.079700627907968e-07,1.4253713542800028e-08,1.3322676295501878e-15,2.119598496719277e-09,8.215650382226158e-15,2482de48d80db365a9509d90d89eae80a34468ddc892e1ef76a9b6fa936c932d,bfee336a60c5bbb188487f0bd51d40323bd8b0abd83fd80be55cd40b6389f2e8,1ab2aace770438f6345e7f442edea6a379f683f2af55e08c93705d90f588c8b3,7637683859726460491,6415939663111196466,32,False
unsb-reciprocal-bridge-kernel-deflection-v1,SnowTrafficData,SnowTrafficData__0254,3,0.8600000000000001,2,1.1439407943256297,1.1438869655050352,0.8409437158693945,1.446937872781865,2.087930521144088e-06,3.5345311664158885e-06,2.087930521144088e-06,1.2212453270876722e-15,1.376525691210162e-07,1.5654144647214707e-14,2482de48d80db365a9509d90d89eae80a34468ddc892e1ef76a9b6fa936c932d,bfee336a60c5bbb188487f0bd51d40323bd8b0abd83fd80be55cd40b6389f2e8,1ab2aace770438f6345e7f442edea6a379f683f2af55e08c93705d90f588c8b3,7625439184138215982,6459833408132883022,32,False
unsb-reciprocal-bridge-kernel-deflection-v1,SnowTrafficData,SnowTrafficData__0574,1,0.5,2,0.8363614383268319,0.8362962286528663,0.4574735065850396,1.215249370068624,1.7021950005080555e-07,1.0395202498791889e-07,1.7021950005080555e-07,6.661338147750939e-16,9.719299354227218e-08,1.7763568394002505e-15,2482de48d80db365a9509d90d89eae80a34468ddc892e1ef76a9b6fa936c932d,bfee336a60c5bbb188487f0bd51d40323bd8b0abd83fd80be55cd40b6389f2e8,f79b0506bd2b870f3257e64aeca9f4ca82c59b917883ff297c070300de6f8472,3713047102678187638,9145751462535851048,32,False
unsb-reciprocal-bridge-kernel-deflection-v1,SnowTrafficData,SnowTrafficData__0574,2,0.74,2,1.0889615444963137,1.0890513400185156,0.6459920157894218,1.5319310732032054,3.548089488880635e-08,4.8104938810134e-08,3.548089488880635e-08,9.992007221626409e-16,4.828902389064638e-09,5.551115123125783e-15,2482de48d80db365a9509d90d89eae80a34468ddc892e1ef76a9b6fa936c932d,bfee336a60c5bbb188487f0bd51d40323bd8b0abd83fd80be55cd40b6389f2e8,f79b0506bd2b870f3257e64aeca9f4ca82c59b917883ff297c070300de6f8472,5637054497776236285,442422899939682755,32,False
unsb-reciprocal-bridge-kernel-deflection-v1,SnowTrafficData,SnowTrafficData__0574,3,0.8600000000000001,2,1.1649005419585787,1.1648153888655366,0.7994166178488982,1.5303844660682593,6.463655015664926e-07,1.2125640602711485e-06,6.463655015664926e-07,8.881784197001252e-16,3.4341443799768e-08,1.3433698597964394e-14,2482de48d80db365a9509d90d89eae80a34468ddc892e1ef76a9b6fa936c932d,bfee336a60c5bbb188487f0bd51d40323bd8b0abd83fd80be55cd40b6389f2e8,f79b0506bd2b870f3257e64aeca9f4ca82c59b917883ff297c070300de6f8472,7560343224635826139,3325540740108765338,32,False
unsb-reciprocal-bridge-kernel-deflection-v1,SnowTrafficData,SnowTrafficData__0635,1,0.5,2,0.6500328246806295,0.6500041572893206,0.3684477708647317,0.9316178784965274,2.070490112693335e-09,5.997853058659075e-08,2.070490112693335e-09,6.661338147750939e-16,1.6733225915999128e-09,1.3322676295501878e-15,2482de48d80db365a9509d90d89eae80a34468ddc892e1ef76a9b6fa936c932d,bfee336a60c5bbb188487f0bd51d40323bd8b0abd83fd80be55cd40b6389f2e8,2895117b28abc657a8983a053b37fd02b99a634a21db078170e95ebbd40a8f98,2461100814992292968,1806056070707177848,32,False
unsb-reciprocal-bridge-kernel-deflection-v1,SnowTrafficData,SnowTrafficData__0635,2,0.74,2,0.9708506599924136,0.9708200752391786,0.5445229947638652,1.397178325220962,6.570931554428228e-08,2.6580163292599934e-08,6.570931554428228e-08,7.771561172376096e-16,1.4008638249407568e-08,4.884981308350689e-15,2482de48d80db365a9509d90d89eae80a34468ddc892e1ef76a9b6fa936c932d,bfee336a60c5bbb188487f0bd51d40323bd8b0abd83fd80be55cd40b6389f2e8,2895117b28abc657a8983a053b37fd02b99a634a21db078170e95ebbd40a8f98,9183247772529026359,888335229184227152,32,False
unsb-reciprocal-bridge-kernel-deflection-v1,SnowTrafficData,SnowTrafficData__0635,3,0.8600000000000001,2,1.0836641386269132,1.0837849497241596,0.7066851913832652,1.4606430858705615,2.545574547818674e-07,5.935372304755049e-09,2.545574547818674e-07,9.992007221626409e-16,1.859970977236003e-08,1.176836406102666e-14,2482de48d80db365a9509d90d89eae80a34468ddc892e1ef76a9b6fa936c932d,bfee336a60c5bbb188487f0bd51d40323bd8b0abd83fd80be55cd40b6389f2e8,2895117b28abc657a8983a053b37fd02b99a634a21db078170e95ebbd40a8f98,4871991380010669198,7673993081831186467,32,False
unsb-reciprocal-bridge-kernel-deflection-v1,SnowTrafficData,SnowTrafficData__1040,1,0.5,2,0.521924412841083,0.5219277692118226,0.7033152700163926,0.3405335556657735,8.760808745122972e-10,1.1727463444799469e-10,8.760808745122972e-10,1.3322676295501878e-15,4.407101350523135e-10,1.7763568394002505e-15,2482de48d80db365a9509d90d89eae80a34468ddc892e1ef76a9b6fa936c932d,bfee336a60c5bbb188487f0bd51d40323bd8b0abd83fd80be55cd40b6389f2e8,393a80279823acea2ebac5b7789e3443e3c5fd83193f3a23e97ed833e4147770,8598596552552330451,7806320418769923311,32,False
unsb-reciprocal-bridge-kernel-deflection-v1,SnowTrafficData,SnowTrafficData__1040,2,0.74,2,0.8592017526281849,0.8592128816891519,1.2061403017629804,0.5122632034933894,2.609895743965751e-08,1.0884479662021107e-07,2.609895743965751e-08,1.4432899320127035e-15,5.682131543061075e-09,5.329070518200751e-15,2482de48d80db365a9509d90d89eae80a34468ddc892e1ef76a9b6fa936c932d,bfee336a60c5bbb188487f0bd51d40323bd8b0abd83fd80be55cd40b6389f2e8,393a80279823acea2ebac5b7789e3443e3c5fd83193f3a23e97ed833e4147770,9022873992290652356,3164815233976132930,32,False
unsb-reciprocal-bridge-kernel-deflection-v1,SnowTrafficData,SnowTrafficData__1040,3,0.8600000000000001,2,1.0008115534523205,1.0008007926570273,1.365592980760463,0.6360301261441781,2.098049067811303e-08,1.297509648612305e-07,2.098049067811303e-08,1.1102230246251565e-15,2.0482051610315466e-09,1.354472090042691e-14,2482de48d80db365a9509d90d89eae80a34468ddc892e1ef76a9b6fa936c932d,bfee336a60c5bbb188487f0bd51d40323bd8b0abd83fd80be55cd40b6389f2e8,393a80279823acea2ebac5b7789e3443e3c5fd83193f3a23e97ed833e4147770,817357566834312900,1604946087087325141,32,False
unsb-reciprocal-bridge-kernel-deflection-v1,SnowTrafficData,SnowTrafficData__0022,1,0.5,2,0.407836149403736,0.4078471980068978,0.5566409080029572,0.25903139080451487,4.2906345143478575e-10,6.058205792580651e-08,4.2906345143478575e-10,1.1102230246251565e-15,2.4827895295231883e-10,1.3322676295501878e-15,2482de48d80db365a9509d90d89eae80a34468ddc892e1ef76a9b6fa936c932d,bfee336a60c5bbb188487f0bd51d40323bd8b0abd83fd80be55cd40b6389f2e8,e5798150332e6e080b825da46a8af57a73bd7c4c55a775c941052d1e6604d99c,5701797175968993981,9032918542403856944,32,False
unsb-reciprocal-bridge-kernel-deflection-v1,SnowTrafficData,SnowTrafficData__0022,2,0.74,2,0.7641620293616076,0.7641541638963638,1.1214201174251577,0.4069039412980574,3.5313126223179836e-07,2.4271200360637124e-07,3.5313126223179836e-07,1.3322676295501878e-15,9.431777425739085e-08,3.885780586188048e-15,2482de48d80db365a9509d90d89eae80a34468ddc892e1ef76a9b6fa936c932d,bfee336a60c5bbb188487f0bd51d40323bd8b0abd83fd80be55cd40b6389f2e8,e5798150332e6e080b825da46a8af57a73bd7c4c55a775c941052d1e6604d99c,8320550864162786802,5010659085495078965,32,False
unsb-reciprocal-bridge-kernel-deflection-v1,SnowTrafficData,SnowTrafficData__0022,3,0.8600000000000001,2,0.9335625716513367,0.9335684611623337,1.3470096838871666,0.5201154594155069,4.596824987324055e-08,6.613944725231136e-09,4.596824987324055e-08,1.4432899320127035e-15,5.419014570406944e-09,1.0880185641326534e-14,2482de48d80db365a9509d90d89eae80a34468ddc892e1ef76a9b6fa936c932d,bfee336a60c5bbb188487f0bd51d40323bd8b0abd83fd80be55cd40b6389f2e8,e5798150332e6e080b825da46a8af57a73bd7c4c55a775c941052d1e6604d99c,5210820213045869597,5604655401221274905,32,False
unsb-reciprocal-bridge-kernel-deflection-v1,SnowTrafficData,SnowTrafficData__1152,1,0.5,2,0.34308346236639176,0.34308643099457187,0.48740913288092846,0.19875779185185505,2.8385263473040823e-08,1.3031738799185177e-08,2.8385263473040823e-08,1.5543122344752192e-15,1.6233905997253828e-08,1.1102230246251565e-15,2482de48d80db365a9509d90d89eae80a34468ddc892e1ef76a9b6fa936c932d,bfee336a60c5bbb188487f0bd51d40323bd8b0abd83fd80be55cd40b6389f2e8,d4922025a3fe4829cd8a65039bb9ddf6f856e745a4896179bbff3e46be825848,3524988590877875442,8228523636245018329,32,False
unsb-reciprocal-bridge-kernel-deflection-v1,SnowTrafficData,SnowTrafficData__1152,2,0.74,2,0.7530813764778337,0.7531130289531214,1.1756584311862763,0.33050432176939104,2.1181705278650043e-09,6.766763549492794e-08,2.1181705278650043e-09,2.220446049250313e-15,5.83818327015706e-10,3.774758283725532e-15,2482de48d80db365a9509d90d89eae80a34468ddc892e1ef76a9b6fa936c932d,bfee336a60c5bbb188487f0bd51d40323bd8b0abd83fd80be55cd40b6389f2e8,d4922025a3fe4829cd8a65039bb9ddf6f856e745a4896179bbff3e46be825848,3081688123380122610,7245727351394183988,32,False
unsb-reciprocal-bridge-kernel-deflection-v1,SnowTrafficData,SnowTrafficData__1152,3,0.8600000000000001,2,0.9612398384227172,0.961234998844679,1.467886853347231,0.4545928234982035,3.538829186355841e-07,9.033358538967917e-07,3.538829186355841e-07,1.6653345369377348e-15,4.385864205147527e-08,1.0769163338864018e-14,2482de48d80db365a9509d90d89eae80a34468ddc892e1ef76a9b6fa936c932d,bfee336a60c5bbb188487f0bd51d40323bd8b0abd83fd80be55cd40b6389f2e8,d4922025a3fe4829cd8a65039bb9ddf6f856e745a4896179bbff3e46be825848,6346639857026127544,6542035568665143854,32,False
unsb-reciprocal-bridge-kernel-deflection-v1,SnowTrafficData,SnowTrafficData__0391,1,0.5,2,0.884174746661655,0.8842174991675654,0.621981354962502,1.146368138360808,1.152930407810615e-07,4.726083591144459e-08,1.152930407810615e-07,6.661338147750939e-16,5.079808640395811e-08,2.55351295663786e-15,2482de48d80db365a9509d90d89eae80a34468ddc892e1ef76a9b6fa936c932d,bfee336a60c5bbb188487f0bd51d40323bd8b0abd83fd80be55cd40b6389f2e8,9e4dcddb538d7e60c352bb0891339ef71cfc159deb22cb31402b670ecee441fd,234188766342512398,9113310093997433349,32,False
unsb-reciprocal-bridge-kernel-deflection-v1,SnowTrafficData,SnowTrafficData__0391,2,0.74,2,1.0809968255979627,1.0810679800285368,0.7595359782787339,1.4024576729171918,2.641772858247293e-07,1.8832482939767914e-07,2.641772858247293e-07,8.881784197001252e-16,3.298443174148957e-08,6.5503158452884236e-15,2482de48d80db365a9509d90d89eae80a34468ddc892e1ef76a9b6fa936c932d,bfee336a60c5bbb188487f0bd51d40323bd8b0abd83fd80be55cd40b6389f2e8,9e4dcddb538d7e60c352bb0891339ef71cfc159deb22cb31402b670ecee441fd,3046294757029023442,37473218017448249,32,False
unsb-reciprocal-bridge-kernel-deflection-v1,SnowTrafficData,SnowTrafficData__0391,3,0.8600000000000001,2,1.139216607246308,1.139329470538354,0.8641328039060038,1.4143004105866122,3.365076306494075e-08,9.062963288730685e-07,3.365076306494075e-08,1.1102230246251565e-15,1.615039213476166e-09,1.6431300764452317e-14,2482de48d80db365a9509d90d89eae80a34468ddc892e1ef76a9b6fa936c932d,bfee336a60c5bbb188487f0bd51d40323bd8b0abd83fd80be55cd40b6389f2e8,9e4dcddb538d7e60c352bb0891339ef71cfc159deb22cb31402b670ecee441fd,9083884766215642006,6193103494985055874,32,False
unsb-reciprocal-bridge-kernel-deflection-v1,SnowTrafficData,SnowTrafficData__0410,1,0.5,2,0.9521806159762318,0.9521414208317549,0.998644016554559,0.9057172153979047,4.592686231319476e-10,3.436577915572059e-07,4.592686231319476e-10,1.3322676295501878e-15,1.8852430727633873e-10,3.1086244689504383e-15,2482de48d80db365a9509d90d89eae80a34468ddc892e1ef76a9b6fa936c932d,bfee336a60c5bbb188487f0bd51d40323bd8b0abd83fd80be55cd40b6389f2e8,463d9af7368f4d25667abfa5327f5e5483bc3d3148d088b01c071fdd974c909d,7177132053197325795,5611909173644642827,32,False
unsb-reciprocal-bridge-kernel-deflection-v1,SnowTrafficData,SnowTrafficData__0410,2,0.74,2,1.1504437414463657,1.150427561197478,1.1977927557474897,1.1030947271452416,1.4597074526889742e-07,4.339130537100999e-07,1.4597074526889742e-07,1.3322676295501878e-15,2.3061766607490597e-08,9.103828801926284e-15,2482de48d80db365a9509d90d89eae80a34468ddc892e1ef76a9b6fa936c932d,bfee336a60c5bbb188487f0bd51d40323bd8b0abd83fd80be55cd40b6389f2e8,463d9af7368f4d25667abfa5327f5e5483bc3d3148d088b01c071fdd974c909d,3919638619018594868,547546497195833195,32,False
unsb-reciprocal-bridge-kernel-deflection-v1,SnowTrafficData,SnowTrafficData__0410,3,0.8600000000000001,2,1.1965286745371766,1.1965068281477764,1.2325020102237674,1.1605553388505858,4.68823589838685e-07,2.330479831336163e-08,4.68823589838685e-07,1.1102230246251565e-15,3.5823552346769816e-08,1.865174681370263e-14,2482de48d80db365a9509d90d89eae80a34468ddc892e1ef76a9b6fa936c932d,bfee336a60c5bbb188487f0bd51d40323bd8b0abd83fd80be55cd40b6389f2e8,463d9af7368f4d25667abfa5327f5e5483bc3d3148d088b01c071fdd974c909d,3345355530015299503,7272775751395883659,32,False
unsb-reciprocal-bridge-kernel-deflection-v1,SnowTrafficData,SnowTrafficData__0217,1,0.5,2,0.3832042713875987,0.3831993646655101,0.5354818083239061,0.2309267344512913,3.754601740624253e-09,6.4696477064529745e-09,3.754601740624253e-09,1.1102230246251565e-15,2.239553653637927e-09,1.2212453270876722e-15,2482de48d80db365a9509d90d89eae80a34468ddc892e1ef76a9b6fa936c932d,bfee336a60c5bbb188487f0bd51d40323bd8b0abd83fd80be55cd40b6389f2e8,6d158ff67ffa77b2e0fe469992417454e1202601d9b5e123672c849e75c441ad,407388817201914932,8718431940322584059,32,False
unsb-reciprocal-bridge-kernel-deflection-v1,SnowTrafficData,SnowTrafficData__0217,2,0.74,2,0.7890062229898885,0.7889867438909663,1.1979423065250772,0.3800701394546999,2.8537616714174874e-11,1.8641481536185722e-07,2.8537616714174874e-11,1.887379141862766e-15,7.674527680023857e-12,3.9968028886505635e-15,2482de48d80db365a9509d90d89eae80a34468ddc892e1ef76a9b6fa936c932d,bfee336a60c5bbb188487f0bd51d40323bd8b0abd83fd80be55cd40b6389f2e8,6d158ff67ffa77b2e0fe469992417454e1202601d9b5e123672c849e75c441ad,2493357188823729043,6142009355388892630,32,False
unsb-reciprocal-bridge-kernel-deflection-v1,SnowTrafficData,SnowTrafficData__0217,3,0.8600000000000001,2,0.9907029278658368,0.9906885850339096,1.467211038688007,0.5141948170436667,2.2511282504744656e-08,7.358823239655976e-08,2.2511282504744656e-08,1.3322676295501878e-15,2.6925046636705474e-09,1.0436096431476471e-14,2482de48d80db365a9509d90d89eae80a34468ddc892e1ef76a9b6fa936c932d,bfee336a60c5bbb188487f0bd51d40323bd8b0abd83fd80be55cd40b6389f2e8,6d158ff67ffa77b2e0fe469992417454e1202601d9b5e123672c849e75c441ad,4474505236012180184,1595365199480593265,32,False
unsb-reciprocal-bridge-kernel-deflection-v1,SnowTrafficData,SnowTrafficData__1012,1,0.5,3,0.557379011044635,0.5573613122517964,0.8013949825811102,0.3133630395081599,2.5172452344790486e-08,2.4420711786099503e-08,2.5172452344790486e-08,3.6637359812630166e-15,1.204234012508465e-08,3.9968028886505635e-15,2482de48d80db365a9509d90d89eae80a34468ddc892e1ef76a9b6fa936c932d,4bb63da1dda1676c2790424ec745108f0350d7a06cefec7094126243fd55fc5d,7c853ab6863dd6ba044c0a99bcfdc55dcb8373f7e693d182d1090b1d5fe4582e,7038652132692344501,2753888841021282063,32,False
unsb-reciprocal-bridge-kernel-deflection-v1,SnowTrafficData,SnowTrafficData__1012,2,0.74,3,0.9044314017632222,0.9044730315334983,1.3828786686531644,0.42598413487328013,4.834760969352203e-08,4.6950461873862537e-07,4.834760969352203e-08,5.995204332975845e-15,9.610275242266653e-09,2.4202861936828413e-14,2482de48d80db365a9509d90d89eae80a34468ddc892e1ef76a9b6fa936c932d,4bb63da1dda1676c2790424ec745108f0350d7a06cefec7094126243fd55fc5d,7c853ab6863dd6ba044c0a99bcfdc55dcb8373f7e693d182d1090b1d5fe4582e,4646672131222122228,4522290809396335170,32,False
unsb-reciprocal-bridge-kernel-deflection-v1,SnowTrafficData,SnowTrafficData__1012,3,0.8600000000000001,3,1.0203593094300922,1.0203581728906452,1.5414268637200088,0.4992917551401759,6.454892995666484e-07,8.255922302469187e-07,6.454892995666484e-07,2.3092638912203256e-14,5.6121771230266404e-08,3.1086244689504383e-13,2482de48d80db365a9509d90d89eae80a34468ddc892e1ef76a9b6fa936c932d,4bb63da1dda1676c2790424ec745108f0350d7a06cefec7094126243fd55fc5d,7c853ab6863dd6ba044c0a99bcfdc55dcb8373f7e693d182d1090b1d5fe4582e,1790958141199696704,7700042546758415623,32,False
unsb-reciprocal-bridge-kernel-deflection-v1,SnowTrafficData,SnowTrafficData__0170,1,0.5,3,0.6117724987734314,0.6117584130007452,0.2565510952081449,0.966993902338718,5.879123388119467e-08,2.2460783888345048e-07,5.444299921997242e-08,1.3322676295501878e-15,5.879123388119467e-08,3.3306690738754696e-15,2482de48d80db365a9509d90d89eae80a34468ddc892e1ef76a9b6fa936c932d,4bb63da1dda1676c2790424ec745108f0350d7a06cefec7094126243fd55fc5d,b3881cf86f94eaab59f468a3294879ca2811eddb77fed7553bb54e65e8be5b83,4192995597129810743,7909332700483293616,32,False
unsb-reciprocal-bridge-kernel-deflection-v1,SnowTrafficData,SnowTrafficData__0170,2,0.74,3,0.9575934617481965,0.9576006541201604,0.39559709061074233,1.5195898328856507,2.0614863149859275e-08,5.415088599747264e-09,2.0614863149859275e-08,4.551914400963142e-15,4.813592302532754e-09,2.375877272697835e-14,2482de48d80db365a9509d90d89eae80a34468ddc892e1ef76a9b6fa936c932d,4bb63da1dda1676c2790424ec745108f0350d7a06cefec7094126243fd55fc5d,b3881cf86f94eaab59f468a3294879ca2811eddb77fed7553bb54e65e8be5b83,1134707994256330540,7727840429452496988,32,False
unsb-reciprocal-bridge-kernel-deflection-v1,SnowTrafficData,SnowTrafficData__0170,3,0.8600000000000001,3,1.0719615861345198,1.0720242915894627,0.5489939268916673,1.5949292453773722,4.610269577209891e-07,1.2512076624782154e-06,4.610269577209891e-07,4.773959005888173e-15,3.3303007684892805e-08,5.828670879282072e-14,2482de48d80db365a9509d90d89eae80a34468ddc892e1ef76a9b6fa936c932d,4bb63da1dda1676c2790424ec745108f0350d7a06cefec7094126243fd55fc5d,b3881cf86f94eaab59f468a3294879ca2811eddb77fed7553bb54e65e8be5b83,3075009728877431268,5134126649484430208,32,False
unsb-reciprocal-bridge-kernel-deflection-v1,SnowTrafficData,SnowTrafficData__0726,1,0.5,3,0.5089704785519908,0.5089489854815913,0.7725537896598146,0.2453871674441671,3.44255091100365e-09,2.1002825700833228e-08,3.44255091100365e-09,4.3298697960381105e-15,1.7194388135521876e-09,4.107825191113079e-15,2482de48d80db365a9509d90d89eae80a34468ddc892e1ef76a9b6fa936c932d,4bb63da1dda1676c2790424ec745108f0350d7a06cefec7094126243fd55fc5d,921c7bed999a9a55d22ed3802b1c4dfbf479def32a00339aebe66cdb5273d19f,2035778708799208086,1470931270933712624,32,False
unsb-reciprocal-bridge-kernel-deflection-v1,SnowTrafficData,SnowTrafficData__0726,2,0.74,3,0.8812488689977185,0.8812614462992509,1.4003930026620708,0.3621047353333662,4.682285670298825e-09,3.977408158384321e-08,4.682285670298825e-09,3.1086244689504383e-15,9.768370556884065e-10,1.0880185641326534e-14,2482de48d80db365a9509d90d89eae80a34468ddc892e1ef76a9b6fa936c932d,4bb63da1dda1676c2790424ec745108f0350d7a06cefec7094126243fd55fc5d,921c7bed999a9a55d22ed3802b1c4dfbf479def32a00339aebe66cdb5273d19f,4097011701351110137,8009497521105380603,32,False
unsb-reciprocal-bridge-kernel-deflection-v1,SnowTrafficData,SnowTrafficData__0726,3,0.8600000000000001,3,0.9941002471317645,0.9941035132649307,1.5284062850854712,0.4597942091780578,3.205613330337087e-09,9.358292629713105e-08,3.205613330337087e-09,3.3306690738754696e-15,3.0320346233736473e-10,3.774758283725532e-14,2482de48d80db365a9509d90d89eae80a34468ddc892e1ef76a9b6fa936c932d,4bb63da1dda1676c2790424ec745108f0350d7a06cefec7094126243fd55fc5d,921c7bed999a9a55d22ed3802b1c4dfbf479def32a00339aebe66cdb5273d19f,5005293939752398907,8013881518336217893,32,False
unsb-reciprocal-bridge-kernel-deflection-v1,SnowTrafficData,SnowTrafficData__0632,1,0.5,3,0.5861851933859634,0.5862075022723694,0.8121748658465691,0.3601955209253579,6.0767860743382585e-09,6.848222011690552e-08,6.0767860743382585e-09,1.3877787807814457e-14,2.685720090767063e-09,1.8096635301390052e-14,2482de48d80db365a9509d90d89eae80a34468ddc892e1ef76a9b6fa936c932d,4bb63da1dda1676c2790424ec745108f0350d7a06cefec7094126243fd55fc5d,ed7c9e40a91429cd05f946e98e99b732b4c4c072a16d19457956e87782c908d9,1684095891624493061,3710762969028593238,32,False
unsb-reciprocal-bridge-kernel-deflection-v1,SnowTrafficData,SnowTrafficData__0632,2,0.74,3,0.8991434399823682,0.8991112597204722,1.315556009367934,0.48273087059680253,7.371836410197119e-07,1.1237027786048515e-07,7.371836410197119e-07,9.325873406851315e-15,1.3718969671394632e-07,3.785860513971784e-14,2482de48d80db365a9509d90d89eae80a34468ddc892e1ef76a9b6fa936c932d,4bb63da1dda1676c2790424ec745108f0350d7a06cefec7094126243fd55fc5d,ed7c9e40a91429cd05f946e98e99b732b4c4c072a16d19457956e87782c908d9,2739807098573771374,2411702074775889931,32,False
unsb-reciprocal-bridge-kernel-deflection-v1,SnowTrafficData,SnowTrafficData__0632,3,0.8600000000000001,3,1.020460939158021,1.0204739967748018,1.465980886733861,0.5749409915821811,1.27327862697868e-08,3.580363941990683e-07,1.27327862697868e-08,1.0880185641326534e-14,1.0512016812569414e-09,1.2811973704174306e-13,2482de48d80db365a9509d90d89eae80a34468ddc892e1ef76a9b6fa936c932d,4bb63da1dda1676c2790424ec745108f0350d7a06cefec7094126243fd55fc5d,ed7c9e40a91429cd05f946e98e99b732b4c4c072a16d19457956e87782c908d9,192219898358138255,4610755696000613319,32,False
unsb-reciprocal-bridge-kernel-deflection-v1,SnowTrafficData,SnowTrafficData__0263,1,0.5,3,0.9679215025362089,0.9678085468715331,0.7277696739922969,1.2080733310801208,1.8933853662694844e-07,8.495753124337924e-07,1.8933853662694844e-07,5.88418203051333e-15,6.95997837141249e-08,1.532107773982716e-14,2482de48d80db365a9509d90d89eae80a34468ddc892e1ef76a9b6fa936c932d,4bb63da1dda1676c2790424ec745108f0350d7a06cefec7094126243fd55fc5d,24f8d193eb03a2f0ea129ccda0b2a5874d5d1361a3f83eb0840dcc721a79530a,2446015720795432445,7499951631074467160,32,False
unsb-reciprocal-bridge-kernel-deflection-v1,SnowTrafficData,SnowTrafficData__0263,2,0.74,3,1.1347027188198342,1.134735353305372,0.8599078879930213,1.4094975496466473,1.702255848057277e-06,3.627750532864127e-06,1.702255848057277e-06,5.88418203051333e-15,1.8679622471040602e-07,4.2299497238218464e-14,2482de48d80db365a9509d90d89eae80a34468ddc892e1ef76a9b6fa936c932d,4bb63da1dda1676c2790424ec745108f0350d7a06cefec7094126243fd55fc5d,24f8d193eb03a2f0ea129ccda0b2a5874d5d1361a3f83eb0840dcc721a79530a,7749141387247565415,8613926557043709601,32,False
unsb-reciprocal-bridge-kernel-deflection-v1,SnowTrafficData,SnowTrafficData__0263,3,0.8600000000000001,3,1.175294998236115,1.1752388280721493,0.935626305451762,1.414963691020468,3.480316912440884e-07,9.514111387609603e-07,3.480316912440884e-07,3.552713678800501e-15,1.619293787946674e-08,5.895284260759581e-14,2482de48d80db365a9509d90d89eae80a34468ddc892e1ef76a9b6fa936c932d,4bb63da1dda1676c2790424ec745108f0350d7a06cefec7094126243fd55fc5d,24f8d193eb03a2f0ea129ccda0b2a5874d5d1361a3f83eb0840dcc721a79530a,6612171254162761417,246822952583601922,32,False
unsb-reciprocal-bridge-kernel-deflection-v1,SnowTrafficData,SnowTrafficData__0724,1,0.5,3,1.062030166831926,1.0620273183257791,1.0430759218919696,1.0809844117718823,7.980854510591939e-08,9.438211157064558e-07,7.980854510591939e-08,1.7319479184152442e-14,2.527851250544444e-08,5.084821452783217e-14,2482de48d80db365a9509d90d89eae80a34468ddc892e1ef76a9b6fa936c932d,4bb63da1dda1676c2790424ec745108f0350d7a06cefec7094126243fd55fc5d,d039ddaa66d4c24f234d02d3b00a3e5d365a109dc7a52bfa379c4029d817a183,2342632206556382490,5189792300436493646,32,False
unsb-reciprocal-bridge-kernel-deflection-v1,SnowTrafficData,SnowTrafficData__0724,2,0.74,3,1.1988407148059355,1.1987053152334928,1.1526400777856396,1.2450413518262315,1.1921401066317117e-07,5.621553189616435e-07,1.1921401066317117e-07,4.3298697960381105e-15,1.25722614541246e-08,3.3639757646142243e-14,2482de48d80db365a9509d90d89eae80a34468ddc892e1ef76a9b6fa936c932d,4bb63da1dda1676c2790424ec745108f0350d7a06cefec7094126243fd55fc5d,d039ddaa66d4c24f234d02d3b00a3e5d365a109dc7a52bfa379c4029d817a183,1157449835747760189,710862925862471508,32,False
unsb-reciprocal-bridge-kernel-deflection-v1,SnowTrafficData,SnowTrafficData__0724,3,0.8600000000000001,3,1.2172288553373827,1.2172681000011025,1.1519025309017812,1.2825551797729844,3.944981278980464e-06,6.821531095324573e-06,3.944981278980464e-06,5.10702591327572e-15,1.812065826278797e-07,9.592326932761353e-14,2482de48d80db365a9509d90d89eae80a34468ddc892e1ef76a9b6fa936c932d,4bb63da1dda1676c2790424ec745108f0350d7a06cefec7094126243fd55fc5d,d039ddaa66d4c24f234d02d3b00a3e5d365a109dc7a52bfa379c4029d817a183,4614890219374962616,4578942499029862782,32,False
unsb-reciprocal-bridge-kernel-deflection-v1,SnowTrafficData,SnowTrafficData__0897,1,0.5,3,0.7758219673832643,0.7759191459968571,0.39181746591709465,1.159826468849434,4.6147452104072784e-07,1.4502036488339698e-06,4.6147452104072784e-07,5.773159728050814e-15,3.550719758216303e-07,1.432187701766452e-14,2482de48d80db365a9509d90d89eae80a34468ddc892e1ef76a9b6fa936c932d,4bb63da1dda1676c2790424ec745108f0350d7a06cefec7094126243fd55fc5d,de82fe6829b909871baa8e159538bd3c73d8c274122d2b2f1a113b28f33fad80,918422605022758341,504945320441983242,32,False
unsb-reciprocal-bridge-kernel-deflection-v1,SnowTrafficData,SnowTrafficData__0897,2,0.74,3,1.0163470384149265,1.016327691634883,0.5196845500571894,1.5130095267726633,3.309530085537915e-07,3.415676053108996e-08,3.309530085537915e-07,1.887379141862766e-15,6.89684958032899e-08,9.992007221626409e-15,2482de48d80db365a9509d90d89eae80a34468ddc892e1ef76a9b6fa936c932d,4bb63da1dda1676c2790424ec745108f0350d7a06cefec7094126243fd55fc5d,de82fe6829b909871baa8e159538bd3c73d8c274122d2b2f1a113b28f33fad80,632796836688474136,4696563299748008548,32,False
unsb-reciprocal-bridge-kernel-deflection-v1,SnowTrafficData,SnowTrafficData__0897,3,0.8600000000000001,3,1.0883662137266477,1.0883188123039598,0.632794966109939,1.543937461343356,6.194832669059736e-07,2.8637137274856173e-06,6.194832669059736e-07,5.773159728050814e-15,5.268865777008358e-08,7.505107646466058e-14,2482de48d80db365a9509d90d89eae80a34468ddc892e1ef76a9b6fa936c932d,4bb63da1dda1676c2790424ec745108f0350d7a06cefec7094126243fd55fc5d,de82fe6829b909871baa8e159538bd3c73d8c274122d2b2f1a113b28f33fad80,1219973448421008235,407904823502230805,32,False
unsb-reciprocal-bridge-kernel-deflection-v1,SnowTrafficData,SnowTrafficData__0254,1,0.5,3,0.9618137199758932,0.9617664132970914,0.6657214932725124,1.257905946679274,4.93838894222165e-08,5.0266135254162236e-08,4.93838894222165e-08,3.6637359812630166e-15,2.1355340940054646e-08,1.021405182655144e-14,2482de48d80db365a9509d90d89eae80a34468ddc892e1ef76a9b6fa936c932d,4bb63da1dda1676c2790424ec745108f0350d7a06cefec7094126243fd55fc5d,1ab2aace770438f6345e7f442edea6a379f683f2af55e08c93705d90f588c8b3,8403700708321113567,813338502899980824,32,False
unsb-reciprocal-bridge-kernel-deflection-v1,SnowTrafficData,SnowTrafficData__0254,2,0.74,3,1.1185880608791359,1.1186354543363342,0.7540468013429436,1.483129320415328,1.4253713542800028e-08,5.079700627907968e-07,1.4253713542800028e-08,8.659739592076221e-15,1.9564532216520547e-09,6.084022174945858e-14,2482de48d80db365a9509d90d89eae80a34468ddc892e1ef76a9b6fa936c932d,4bb63da1dda1676c2790424ec745108f0350d7a06cefec7094126243fd55fc5d,1ab2aace770438f6345e7f442edea6a379f683f2af55e08c93705d90f588c8b3,7637683859726460491,6415939663111196466,32,False
unsb-reciprocal-bridge-kernel-deflection-v1,SnowTrafficData,SnowTrafficData__0254,3,0.8600000000000001,3,1.1438707509660726,1.1438241295117915,0.7960462204018313,1.491695281530314,2.087930521144088e-06,3.5345311664158885e-06,2.087930521144088e-06,3.4416913763379853e-15,1.283523582973345e-07,5.306866057708248e-14,2482de48d80db365a9509d90d89eae80a34468ddc892e1ef76a9b6fa936c932d,4bb63da1dda1676c2790424ec745108f0350d7a06cefec7094126243fd55fc5d,1ab2aace770438f6345e7f442edea6a379f683f2af55e08c93705d90f588c8b3,7625439184138215982,6459833408132883022,32,False
unsb-reciprocal-bridge-kernel-deflection-v1,SnowTrafficData,SnowTrafficData__0574,1,0.5,3,0.8479138213997632,0.8478659637554042,0.37291132969461427,1.3229163131049122,1.7021950005080555e-07,1.0395202498791889e-07,1.7021950005080555e-07,4.440892098500626e-15,1.0031475594640682e-07,1.0880185641326534e-14,2482de48d80db365a9509d90d89eae80a34468ddc892e1ef76a9b6fa936c932d,4bb63da1dda1676c2790424ec745108f0350d7a06cefec7094126243fd55fc5d,f79b0506bd2b870f3257e64aeca9f4ca82c59b917883ff297c070300de6f8472,3713047102678187638,9145751462535851048,32,False
unsb-reciprocal-bridge-kernel-deflection-v1,SnowTrafficData,SnowTrafficData__0574,2,0.74,3,1.0809849169841907,1.0810482966500516,0.5466753275905616,1.6152945063778201,3.548089488880635e-08,4.8104938810134e-08,3.548089488880635e-08,8.215650382226158e-15,4.458165614451559e-09,5.4067861299245124e-14,2482de48d80db365a9509d90d89eae80a34468ddc892e1ef76a9b6fa936c932d,4bb63da1dda1676c2790424ec745108f0350d7a06cefec7094126243fd55fc5d,f79b0506bd2b870f3257e64aeca9f4ca82c59b917883ff297c070300de6f8472,5637054497776236285,442422899939682755,32,False
unsb-reciprocal-bridge-kernel-deflection-v1,SnowTrafficData,SnowTrafficData__0574,3,0.8600000000000001,3,1.149791564290471,1.149727948951603,0.6924538787971692,1.6071292497837728,6.463655015664926e-07,1.2125640602711485e-06,6.463655015664926e-07,9.547918011776346e-15,3.130049719413108e-08,1.5332179970073412e-13,2482de48d80db365a9509d90d89eae80a34468ddc892e1ef76a9b6fa936c932d,4bb63da1dda1676c2790424ec745108f0350d7a06cefec7094126243fd55fc5d,f79b0506bd2b870f3257e64aeca9f4ca82c59b917883ff297c070300de6f8472,7560343224635826139,3325540740108765338,32,False
unsb-reciprocal-bridge-kernel-deflection-v1,SnowTrafficData,SnowTrafficData__0635,1,0.5,3,0.6793126106274869,0.6792887583943581,0.3421716573876764,1.0164535638672976,2.070490112693335e-09,5.997853058659075e-08,2.070490112693335e-09,2.4424906541753444e-15,1.6234467103970474e-09,5.551115123125783e-15,2482de48d80db365a9509d90d89eae80a34468ddc892e1ef76a9b6fa936c932d,4bb63da1dda1676c2790424ec745108f0350d7a06cefec7094126243fd55fc5d,2895117b28abc657a8983a053b37fd02b99a634a21db078170e95ebbd40a8f98,2461100814992292968,1806056070707177848,32,False
unsb-reciprocal-bridge-kernel-deflection-v1,SnowTrafficData,SnowTrafficData__0635,2,0.74,3,0.9831817047225008,0.9831576699758886,0.4983368831776025,1.468026526267399,6.570931554428228e-08,2.6580163292599934e-08,6.570931554428228e-08,2.4424906541753444e-15,1.223769396929697e-08,1.532107773982716e-14,2482de48d80db365a9509d90d89eae80a34468ddc892e1ef76a9b6fa936c932d,4bb63da1dda1676c2790424ec745108f0350d7a06cefec7094126243fd55fc5d,2895117b28abc657a8983a053b37fd02b99a634a21db078170e95ebbd40a8f98,9183247772529026359,888335229184227152,32,False
unsb-reciprocal-bridge-kernel-deflection-v1,SnowTrafficData,SnowTrafficData__0635,3,0.8600000000000001,3,1.0851024310025554,1.0851993890853975,0.6407178639266313,1.5294869980784798,2.545574547818674e-07,5.935372304755049e-09,2.545574547818674e-07,1.887379141862766e-15,1.6271198832740197e-08,2.919886554764162e-14,2482de48d80db365a9509d90d89eae80a34468ddc892e1ef76a9b6fa936c932d,4bb63da1dda1676c2790424ec745108f0350d7a06cefec7094126243fd55fc5d,2895117b28abc657a8983a053b37fd02b99a634a21db078170e95ebbd40a8f98,4871991380010669198,7673993081831186467,32,False
unsb-reciprocal-bridge-kernel-deflection-v1,SnowTrafficData,SnowTrafficData__1040,1,0.5,3,0.6767802376780381,0.676783545378381,0.99631823946476,0.3572422358913161,8.760808745122972e-10,1.1727463444799469e-10,8.760808745122972e-10,3.774758283725532e-15,3.670547199519092e-10,4.884981308350689e-15,2482de48d80db365a9509d90d89eae80a34468ddc892e1ef76a9b6fa936c932d,4bb63da1dda1676c2790424ec745108f0350d7a06cefec7094126243fd55fc5d,393a80279823acea2ebac5b7789e3443e3c5fd83193f3a23e97ed833e4147770,8598596552552330451,7806320418769923311,32,False
unsb-reciprocal-bridge-kernel-deflection-v1,SnowTrafficData,SnowTrafficData__1040,2,0.74,3,0.9678890352249271,0.9678967603078825,1.4500653470401077,0.48571272340974647,2.609895743965751e-08,1.0884479662021107e-07,2.609895743965751e-08,2.3314683517128287e-15,4.3015356832043494e-09,1.3988810110276972e-14,2482de48d80db365a9509d90d89eae80a34468ddc892e1ef76a9b6fa936c932d,4bb63da1dda1676c2790424ec745108f0350d7a06cefec7094126243fd55fc5d,393a80279823acea2ebac5b7789e3443e3c5fd83193f3a23e97ed833e4147770,9022873992290652356,3164815233976132930,32,False
unsb-reciprocal-bridge-kernel-deflection-v1,SnowTrafficData,SnowTrafficData__1040,3,0.8600000000000001,3,1.0412958680924027,1.0412977323533243,1.5117839525536971,0.5708077836311081,2.098049067811303e-08,1.297509648612305e-07,2.098049067811303e-08,3.9968028886505635e-15,1.522660997288483e-09,7.105427357601002e-14,2482de48d80db365a9509d90d89eae80a34468ddc892e1ef76a9b6fa936c932d,4bb63da1dda1676c2790424ec745108f0350d7a06cefec7094126243fd55fc5d,393a80279823acea2ebac5b7789e3443e3c5fd83193f3a23e97ed833e4147770,817357566834312900,1604946087087325141,32,False
unsb-reciprocal-bridge-kernel-deflection-v1,SnowTrafficData,SnowTrafficData__0022,1,0.5,3,0.5421161729122186,0.5421280460010557,0.8183451217932777,0.2658872240311594,4.2906345143478575e-10,6.058205792580651e-08,4.2906345143478575e-10,3.907985046680551e-14,2.1119195281471548e-10,3.83026943495679e-14,2482de48d80db365a9509d90d89eae80a34468ddc892e1ef76a9b6fa936c932d,4bb63da1dda1676c2790424ec745108f0350d7a06cefec7094126243fd55fc5d,e5798150332e6e080b825da46a8af57a73bd7c4c55a775c941052d1e6604d99c,5701797175968993981,9032918542403856944,32,False
unsb-reciprocal-bridge-kernel-deflection-v1,SnowTrafficData,SnowTrafficData__0022,2,0.74,3,0.8943493816244792,0.8943435609425979,1.40249608038817,0.3862026828607884,3.5313126223179836e-07,2.4271200360637124e-07,3.5313126223179836e-07,2.6645352591003757e-15,7.386046296797844e-08,1.0436096431476471e-14,2482de48d80db365a9509d90d89eae80a34468ddc892e1ef76a9b6fa936c932d,4bb63da1dda1676c2790424ec745108f0350d7a06cefec7094126243fd55fc5d,e5798150332e6e080b825da46a8af57a73bd7c4c55a775c941052d1e6604d99c,8320550864162786802,5010659085495078965,32,False
unsb-reciprocal-bridge-kernel-deflection-v1,SnowTrafficData,SnowTrafficData__0022,3,0.8600000000000001,3,0.9994898894269397,0.9994897893657787,1.5232984217477217,0.4756813571061578,4.596824987324055e-08,6.613944725231136e-09,4.596824987324055e-08,9.103828801926284e-15,4.207548309764775e-09,1.2390088954816747e-13,2482de48d80db365a9509d90d89eae80a34468ddc892e1ef76a9b6fa936c932d,4bb63da1dda1676c2790424ec745108f0350d7a06cefec7094126243fd55fc5d,e5798150332e6e080b825da46a8af57a73bd7c4c55a775c941052d1e6604d99c,5210820213045869597,5604655401221274905,32,False
unsb-reciprocal-bridge-kernel-deflection-v1,SnowTrafficData,SnowTrafficData__1152,1,0.5,3,0.449193731563966,0.44919631626097206,0.6694640933539926,0.22892336977393946,2.8385263473040823e-08,1.3031738799185177e-08,2.8385263473040823e-08,3.552713678800501e-15,1.4075530740953468e-08,3.219646771412954e-15,2482de48d80db365a9509d90d89eae80a34468ddc892e1ef76a9b6fa936c932d,4bb63da1dda1676c2790424ec745108f0350d7a06cefec7094126243fd55fc5d,d4922025a3fe4829cd8a65039bb9ddf6f856e745a4896179bbff3e46be825848,3524988590877875442,8228523636245018329,32,False
unsb-reciprocal-bridge-kernel-deflection-v1,SnowTrafficData,SnowTrafficData__1152,2,0.74,3,0.841261129872412,0.84128030391571,1.3519518972709,0.3305703624739239,2.1181705278650043e-09,6.766763549492794e-08,2.1181705278650043e-09,2.886579864025407e-15,4.627026539694157e-10,8.659739592076221e-15,2482de48d80db365a9509d90d89eae80a34468ddc892e1ef76a9b6fa936c932d,4bb63da1dda1676c2790424ec745108f0350d7a06cefec7094126243fd55fc5d,d4922025a3fe4829cd8a65039bb9ddf6f856e745a4896179bbff3e46be825848,3081688123380122610,7245727351394183988,32,False
unsb-reciprocal-bridge-kernel-deflection-v1,SnowTrafficData,SnowTrafficData__1152,3,0.8600000000000001,3,0.981458417377455,0.9814572323062919,1.5476839048384727,0.41523292991643734,3.538829186355841e-07,9.033358538967917e-07,3.538829186355841e-07,5.773159728050814e-15,3.354184296977536e-08,5.972999872483342e-14,2482de48d80db365a9509d90d89eae80a34468ddc892e1ef76a9b6fa936c932d,4bb63da1dda1676c2790424ec745108f0350d7a06cefec7094126243fd55fc5d,d4922025a3fe4829cd8a65039bb9ddf6f856e745a4896179bbff3e46be825848,6346639857026127544,6542035568665143854,32,False
unsb-reciprocal-bridge-kernel-deflection-v1,SnowTrafficData,SnowTrafficData__0391,1,0.5,3,0.8848201923965568,0.8848526983594908,0.5705661401134536,1.19907424467966,1.152930407810615e-07,4.726083591144459e-08,1.152930407810615e-07,1.4432899320127035e-15,5.0419155628311785e-08,3.552713678800501e-15,2482de48d80db365a9509d90d89eae80a34468ddc892e1ef76a9b6fa936c932d,4bb63da1dda1676c2790424ec745108f0350d7a06cefec7094126243fd55fc5d,9e4dcddb538d7e60c352bb0891339ef71cfc159deb22cb31402b670ecee441fd,234188766342512398,9113310093997433349,32,False
unsb-reciprocal-bridge-kernel-deflection-v1,SnowTrafficData,SnowTrafficData__0391,2,0.74,3,1.0794941723129625,1.0795476612084114,0.6987393900428139,1.4602489545831112,2.641772858247293e-07,1.8832482939767914e-07,2.641772858247293e-07,1.1102230246251565e-14,3.180554442039352e-08,7.049916206369744e-14,2482de48d80db365a9509d90d89eae80a34468ddc892e1ef76a9b6fa936c932d,4bb63da1dda1676c2790424ec745108f0350d7a06cefec7094126243fd55fc5d,9e4dcddb538d7e60c352bb0891339ef71cfc159deb22cb31402b670ecee441fd,3046294757029023442,37473218017448249,32,False
unsb-reciprocal-bridge-kernel-deflection-v1,SnowTrafficData,SnowTrafficData__0391,3,0.8600000000000001,3,1.1403089553859929,1.1403930149722732,0.7966335286133579,1.4839843821586278,3.365076306494075e-08,9.062963288730685e-07,3.365076306494075e-08,2.6645352591003757e-15,1.5842134271082386e-09,4.007905118896815e-14,2482de48d80db365a9509d90d89eae80a34468ddc892e1ef76a9b6fa936c932d,4bb63da1dda1676c2790424ec745108f0350d7a06cefec7094126243fd55fc5d,9e4dcddb538d7e60c352bb0891339ef71cfc159deb22cb31402b670ecee441fd,9083884766215642006,6193103494985055874,32,False
unsb-reciprocal-bridge-kernel-deflection-v1,SnowTrafficData,SnowTrafficData__0410,1,0.5,3,0.9918172149083486,0.9917889272362366,1.0227283463726284,0.9609060834440688,4.592686231319476e-10,3.436577915572059e-07,4.592686231319476e-10,4.218847493575595e-15,1.742199717824633e-10,1.2434497875801753e-14,2482de48d80db365a9509d90d89eae80a34468ddc892e1ef76a9b6fa936c932d,4bb63da1dda1676c2790424ec745108f0350d7a06cefec7094126243fd55fc5d,463d9af7368f4d25667abfa5327f5e5483bc3d3148d088b01c071fdd974c909d,7177132053197325795,5611909173644642827,32,False
unsb-reciprocal-bridge-kernel-deflection-v1,SnowTrafficData,SnowTrafficData__0410,2,0.74,3,1.1622365008199564,1.162225374435875,1.1840679851573839,1.140405016482529,1.4597074526889742e-07,4.339130537100999e-07,1.4597074526889742e-07,5.329070518200751e-15,2.064020554470858e-08,4.796163466380676e-14,2482de48d80db365a9509d90d89eae80a34468ddc892e1ef76a9b6fa936c932d,4bb63da1dda1676c2790424ec745108f0350d7a06cefec7094126243fd55fc5d,463d9af7368f4d25667abfa5327f5e5483bc3d3148d088b01c071fdd974c909d,3919638619018594868,547546497195833195,32,False
unsb-reciprocal-bridge-kernel-deflection-v1,SnowTrafficData,SnowTrafficData__0410,3,0.8600000000000001,3,1.188493852643529,1.1884779517151371,1.1886819589398767,1.188305746347181,4.68823589838685e-07,2.330479831336163e-08,4.68823589838685e-07,1.9984014443252818e-15,3.164250028664384e-08,3.863576125695545e-14,2482de48d80db365a9509d90d89eae80a34468ddc892e1ef76a9b6fa936c932d,4bb63da1dda1676c2790424ec745108f0350d7a06cefec7094126243fd55fc5d,463d9af7368f4d25667abfa5327f5e5483bc3d3148d088b01c071fdd974c909d,3345355530015299503,7272775751395883659,32,False
unsb-reciprocal-bridge-kernel-deflection-v1,SnowTrafficData,SnowTrafficData__0217,1,0.5,3,0.49755230129192396,0.4975475671961769,0.723299164480343,0.2718054381035049,3.754601740624253e-09,6.4696477064529745e-09,3.754601740624253e-09,2.6645352591003757e-15,1.8694614745129456e-09,2.6645352591003757e-15,2482de48d80db365a9509d90d89eae80a34468ddc892e1ef76a9b6fa936c932d,4bb63da1dda1676c2790424ec745108f0350d7a06cefec7094126243fd55fc5d,6d158ff67ffa77b2e0fe469992417454e1202601d9b5e123672c849e75c441ad,407388817201914932,8718431940322584059,32,False
unsb-reciprocal-bridge-kernel-deflection-v1,SnowTrafficData,SnowTrafficData__0217,2,0.74,3,0.875934759869825,0.8759208933947327,1.3577061670869994,0.39416335265265057,2.8537616714174874e-11,1.8641481536185722e-07,2.8537616714174874e-11,1.2212453270876722e-14,5.991540596994582e-12,4.0967229608668276e-14,2482de48d80db365a9509d90d89eae80a34468ddc892e1ef76a9b6fa936c932d,4bb63da1dda1676c2790424ec745108f0350d7a06cefec7094126243fd55fc5d,6d158ff67ffa77b2e0fe469992417454e1202601d9b5e123672c849e75c441ad,2493357188823729043,6142009355388892630,32,False
unsb-reciprocal-bridge-kernel-deflection-v1,SnowTrafficData,SnowTrafficData__0217,3,0.8600000000000001,3,1.0151580304186685,1.0151511658518388,1.5452721300322418,0.48504393080509534,2.2511282504744656e-08,7.358823239655976e-08,2.2511282504744656e-08,3.9968028886505635e-15,1.9320178790138698e-09,4.8627768478581856e-14,2482de48d80db365a9509d90d89eae80a34468ddc892e1ef76a9b6fa936c932d,4bb63da1dda1676c2790424ec745108f0350d7a06cefec7094126243fd55fc5d,6d158ff67ffa77b2e0fe469992417454e1202601d9b5e123672c849e75c441ad,4474505236012180184,1595365199480593265,32,False
unsb-reciprocal-bridge-kernel-deflection-v1,SnowTrafficData,SnowTrafficData__1012,1,0.5,4,0.5019484263148012,0.5019371058991663,0.7316370800234535,0.27225977260614886,2.5172452344790486e-08,2.4420711786099503e-08,2.5172452344790486e-08,1.2580603225842424e-11,1.2117552405932486e-08,1.180322506399989e-11,2482de48d80db365a9509d90d89eae80a34468ddc892e1ef76a9b6fa936c932d,c02c6329c74f002f196fa2a2238700389c5a192abbe7aff3afa64d7f3c788efc,7c853ab6863dd6ba044c0a99bcfdc55dcb8373f7e693d182d1090b1d5fe4582e,7038652132692344501,2753888841021282063,32,False
unsb-reciprocal-bridge-kernel-deflection-v1,SnowTrafficData,SnowTrafficData__1012,2,0.74,4,0.8622442958728742,0.8622654099816331,1.34289480251593,0.38159378922981846,4.834760969352203e-08,4.6950461873862537e-07,4.834760969352203e-08,9.54458734270247e-12,9.946221957157775e-09,2.953137734351685e-11,2482de48d80db365a9509d90d89eae80a34468ddc892e1ef76a9b6fa936c932d,c02c6329c74f002f196fa2a2238700389c5a192abbe7aff3afa64d7f3c788efc,7c853ab6863dd6ba044c0a99bcfdc55dcb8373f7e693d182d1090b1d5fe4582e,4646672131222122228,4522290809396335170,32,False
unsb-reciprocal-bridge-kernel-deflection-v1,SnowTrafficData,SnowTrafficData__1012,3,0.8600000000000001,4,0.9860929144427907,0.9860926467878484,1.5075451962356592,0.46464063264992217,6.454892995666484e-07,8.255922302469187e-07,6.454892995666484e-07,2.927129649776816e-10,5.864787133713634e-08,2.8599660417683026e-09,2482de48d80db365a9509d90d89eae80a34468ddc892e1ef76a9b6fa936c932d,c02c6329c74f002f196fa2a2238700389c5a192abbe7aff3afa64d7f3c788efc,7c853ab6863dd6ba044c0a99bcfdc55dcb8373f7e693d182d1090b1d5fe4582e,1790958141199696704,7700042546758415623,32,False
unsb-reciprocal-bridge-kernel-deflection-v1,SnowTrafficData,SnowTrafficData__0170,1,0.5,4,0.6134278731649924,0.6134170738769689,0.31042895099801593,0.9164267953319688,5.444299921997242e-08,2.0822725466107528e-07,5.444299921997242e-08,2.2487567363782546e-11,4.7103673850301675e-08,4.778544226979875e-11,2482de48d80db365a9509d90d89eae80a34468ddc892e1ef76a9b6fa936c932d,c02c6329c74f002f196fa2a2238700389c5a192abbe7aff3afa64d7f3c788efc,b3881cf86f94eaab59f468a3294879ca2811eddb77fed7553bb54e65e8be5b83,4192995597129810743,7909332700483293616,32,False
unsb-reciprocal-bridge-kernel-deflection-v1,SnowTrafficData,SnowTrafficData__0170,2,0.74,4,0.9416852489289879,0.9416923466935445,0.4639444571421516,1.4194260407158241,2.0614863149859275e-08,5.415088599747264e-09,2.0614863149859275e-08,1.578744912578145e-10,4.372011641606832e-09,8.354255065512461e-10,2482de48d80db365a9509d90d89eae80a34468ddc892e1ef76a9b6fa936c932d,c02c6329c74f002f196fa2a2238700389c5a192abbe7aff3afa64d7f3c788efc,b3881cf86f94eaab59f468a3294879ca2811eddb77fed7553bb54e65e8be5b83,1134707994256330540,7727840429452496988,32,False
unsb-reciprocal-bridge-kernel-deflection-v1,SnowTrafficData,SnowTrafficData__0170,3,0.8600000000000001,4,1.0578867754268695,1.057933792214386,0.6135492506968154,1.5022243001569235,4.610269577209891e-07,1.2512076624782154e-06,4.610269577209891e-07,1.8020651637584706e-10,3.141437199261077e-08,2.3009034677556883e-09,2482de48d80db365a9509d90d89eae80a34468ddc892e1ef76a9b6fa936c932d,c02c6329c74f002f196fa2a2238700389c5a192abbe7aff3afa64d7f3c788efc,b3881cf86f94eaab59f468a3294879ca2811eddb77fed7553bb54e65e8be5b83,3075009728877431268,5134126649484430208,32,False
unsb-reciprocal-bridge-kernel-deflection-v1,SnowTrafficData,SnowTrafficData__0726,1,0.5,4,0.46512145086490086,0.46510270244245167,0.7569124833363126,0.17333041839348917,3.44255091100365e-09,2.1002825700833228e-08,3.44255091100365e-09,6.12139228195474e-11,1.6468717500828234e-09,4.060851654941189e-11,2482de48d80db365a9509d90d89eae80a34468ddc892e1ef76a9b6fa936c932d,c02c6329c74f002f196fa2a2238700389c5a192abbe7aff3afa64d7f3c788efc,921c7bed999a9a55d22ed3802b1c4dfbf479def32a00339aebe66cdb5273d19f,2035778708799208086,1470931270933712624,32,False
unsb-reciprocal-bridge-kernel-deflection-v1,SnowTrafficData,SnowTrafficData__0726,2,0.74,4,0.874061719789534,0.8740695680034758,1.4893043589751966,0.25881908060387127,4.682285670298825e-09,3.977408158384321e-08,4.682285670298825e-09,8.849820876122294e-10,9.310386905880819e-10,2.5782158630249796e-09,2482de48d80db365a9509d90d89eae80a34468ddc892e1ef76a9b6fa936c932d,c02c6329c74f002f196fa2a2238700389c5a192abbe7aff3afa64d7f3c788efc,921c7bed999a9a55d22ed3802b1c4dfbf479def32a00339aebe66cdb5273d19f,4097011701351110137,8009497521105380603,32,False
unsb-reciprocal-bridge-kernel-deflection-v1,SnowTrafficData,SnowTrafficData__0726,3,0.8600000000000001,4,0.9676726527884669,0.9676643359743216,1.5953629565052223,0.33998234907171165,3.205613330337087e-09,9.358292629713105e-08,3.205613330337087e-09,1.2895684520231043e-11,2.8692015430209494e-10,1.1432466084926318e-10,2482de48d80db365a9509d90d89eae80a34468ddc892e1ef76a9b6fa936c932d,c02c6329c74f002f196fa2a2238700389c5a192abbe7aff3afa64d7f3c788efc,921c7bed999a9a55d22ed3802b1c4dfbf479def32a00339aebe66cdb5273d19f,5005293939752398907,8013881518336217893,32,False
unsb-reciprocal-bridge-kernel-deflection-v1,SnowTrafficData,SnowTrafficData__0632,1,0.5,4,0.521499443889368,0.5215108893755753,0.7098186597345502,0.3331802280441858,6.0767860743382585e-09,6.848222011690552e-08,6.0767860743382585e-09,2.965494516615763e-11,2.748529959184509e-09,3.158118211388228e-11,2482de48d80db365a9509d90d89eae80a34468ddc892e1ef76a9b6fa936c932d,c02c6329c74f002f196fa2a2238700389c5a192abbe7aff3afa64d7f3c788efc,ed7c9e40a91429cd05f946e98e99b732b4c4c072a16d19457956e87782c908d9,1684095891624493061,3710762969028593238,32,False
unsb-reciprocal-bridge-kernel-deflection-v1,SnowTrafficData,SnowTrafficData__0632,2,0.74,4,0.8455058590488056,0.8454937955525873,1.2239575632371316,0.4670541548604795,7.371836410197119e-07,1.1237027786048515e-07,7.371836410197119e-07,1.564681717525218e-11,1.401662921285407e-07,4.2288506030274675e-11,2482de48d80db365a9509d90d89eae80a34468ddc892e1ef76a9b6fa936c932d,c02c6329c74f002f196fa2a2238700389c5a192abbe7aff3afa64d7f3c788efc,ed7c9e40a91429cd05f946e98e99b732b4c4c072a16d19457956e87782c908d9,2739807098573771374,2411702074775889931,32,False
unsb-reciprocal-bridge-kernel-deflection-v1,SnowTrafficData,SnowTrafficData__0632,3,0.8600000000000001,4,0.982126018663458,0.9821229684728356,1.3954685003497727,0.5687835369771431,1.27327862697868e-08,3.580363941990683e-07,1.27327862697868e-08,8.825180586313763e-10,1.053667264550029e-09,7.566107518286458e-09,2482de48d80db365a9509d90d89eae80a34468ddc892e1ef76a9b6fa936c932d,c02c6329c74f002f196fa2a2238700389c5a192abbe7aff3afa64d7f3c788efc,ed7c9e40a91429cd05f946e98e99b732b4c4c072a16d19457956e87782c908d9,192219898358138255,4610755696000613319,32,False
unsb-reciprocal-bridge-kernel-deflection-v1,SnowTrafficData,SnowTrafficData__0263,1,0.5,4,0.9611241807639037,0.961036532182779,0.7848974977285244,1.137350863799283,1.8933853662694844e-07,8.495753124337924e-07,1.8933853662694844e-07,6.77874423260505e-10,6.734879276493189e-08,1.6816166237276775e-09,2482de48d80db365a9509d90d89eae80a34468ddc892e1ef76a9b6fa936c932d,c02c6329c74f002f196fa2a2238700389c5a192abbe7aff3afa64d7f3c788efc,24f8d193eb03a2f0ea129ccda0b2a5874d5d1361a3f83eb0840dcc721a79530a,2446015720795432445,7499951631074467160,32,False
unsb-reciprocal-bridge-kernel-deflection-v1,SnowTrafficData,SnowTrafficData__0263,2,0.74,4,1.1142980327435872,1.1143211904048762,0.9131209521465898,1.3154751133405844,1.702255848057277e-06,3.627750532864127e-06,1.702255848057277e-06,1.7066338342530685e-09,1.9088399283440083e-07,1.1120696141730946e-08,2482de48d80db365a9509d90d89eae80a34468ddc892e1ef76a9b6fa936c932d,c02c6329c74f002f196fa2a2238700389c5a192abbe7aff3afa64d7f3c788efc,24f8d193eb03a2f0ea129ccda0b2a5874d5d1361a3f83eb0840dcc721a79530a,7749141387247565415,8613926557043709601,32,False
unsb-reciprocal-bridge-kernel-deflection-v1,SnowTrafficData,SnowTrafficData__0263,3,0.8600000000000001,4,1.149958992661509,1.1499281835011388,0.9783165451882734,1.3216014401347447,3.480316912440884e-07,9.514111387609603e-07,3.480316912440884e-07,5.4969140350635826e-11,1.679174665980554e-08,8.358158609667043e-10,2482de48d80db365a9509d90d89eae80a34468ddc892e1ef76a9b6fa936c932d,c02c6329c74f002f196fa2a2238700389c5a192abbe7aff3afa64d7f3c788efc,24f8d193eb03a2f0ea129ccda0b2a5874d5d1361a3f83eb0840dcc721a79530a,6612171254162761417,246822952583601922,32,False
unsb-reciprocal-bridge-kernel-deflection-v1,SnowTrafficData,SnowTrafficData__0724,1,0.5,4,1.1260695025242338,1.1260695675589902,1.259772674838023,0.9923663302104447,7.980854510591939e-08,9.438211157064558e-07,7.980854510591939e-08,3.506595014357572e-11,2.335952775656125e-08,1.0704670483363543e-10,2482de48d80db365a9509d90d89eae80a34468ddc892e1ef76a9b6fa936c932d,c02c6329c74f002f196fa2a2238700389c5a192abbe7aff3afa64d7f3c788efc,d039ddaa66d4c24f234d02d3b00a3e5d365a109dc7a52bfa379c4029d817a183,2342632206556382490,5189792300436493646,32,False
unsb-reciprocal-bridge-kernel-deflection-v1,SnowTrafficData,SnowTrafficData__0724,2,0.74,4,1.2110189322516782,1.2109659953767204,1.330391403708275,1.0916464607950818,1.1921401066317117e-07,5.621553189616435e-07,1.1921401066317117e-07,5.043234718726808e-10,1.226305379464776e-08,4.304362866136557e-09,2482de48d80db365a9509d90d89eae80a34468ddc892e1ef76a9b6fa936c932d,c02c6329c74f002f196fa2a2238700389c5a192abbe7aff3afa64d7f3c788efc,d039ddaa66d4c24f234d02d3b00a3e5d365a109dc7a52bfa379c4029d817a183,1157449835747760189,710862925862471508,32,False
unsb-reciprocal-bridge-kernel-deflection-v1,SnowTrafficData,SnowTrafficData__0724,3,0.8600000000000001,4,1.2078447929912244,1.2078604252559617,1.2834974526959322,1.1321921332865166,3.944981278980464e-06,6.821531095324573e-06,3.944981278980464e-06,4.771050221563655e-11,1.8287096681390835e-07,8.066672885220783e-10,2482de48d80db365a9509d90d89eae80a34468ddc892e1ef76a9b6fa936c932d,c02c6329c74f002f196fa2a2238700389c5a192abbe7aff3afa64d7f3c788efc,d039ddaa66d4c24f234d02d3b00a3e5d365a109dc7a52bfa379c4029d817a183,4614890219374962616,4578942499029862782,32,False
unsb-reciprocal-bridge-kernel-deflection-v1,SnowTrafficData,SnowTrafficData__0897,1,0.5,4,0.7658699553053689,0.7659431022301826,0.4358339764765289,1.095905934134209,4.6147452104072784e-07,1.4502036488339698e-06,4.6147452104072784e-07,2.0044628179505253e-09,3.162026487313341e-07,4.505318784708834e-09,2482de48d80db365a9509d90d89eae80a34468ddc892e1ef76a9b6fa936c932d,c02c6329c74f002f196fa2a2238700389c5a192abbe7aff3afa64d7f3c788efc,de82fe6829b909871baa8e159538bd3c73d8c274122d2b2f1a113b28f33fad80,918422605022758341,504945320441983242,32,False
unsb-reciprocal-bridge-kernel-deflection-v1,SnowTrafficData,SnowTrafficData__0897,2,0.74,4,1.007019831639919,1.007005758412653,0.5760225563690264,1.4380171069108116,3.309530085537915e-07,3.415676053108996e-08,3.309530085537915e-07,3.4660452286061627e-10,6.868836877060858e-08,1.8087180642112344e-09,2482de48d80db365a9509d90d89eae80a34468ddc892e1ef76a9b6fa936c932d,c02c6329c74f002f196fa2a2238700389c5a192abbe7aff3afa64d7f3c788efc,de82fe6829b909871baa8e159538bd3c73d8c274122d2b2f1a113b28f33fad80,632796836688474136,4696563299748008548,32,False
unsb-reciprocal-bridge-kernel-deflection-v1,SnowTrafficData,SnowTrafficData__0897,3,0.8600000000000001,4,1.0819052469600194,1.0818689523979748,0.6908375189821376,1.4729729749379015,6.194832669059736e-07,2.8637137274856173e-06,6.194832669059736e-07,4.2546133283138943e-10,5.4137980987079004e-08,4.824766808297909e-09,2482de48d80db365a9509d90d89eae80a34468ddc892e1ef76a9b6fa936c932d,c02c6329c74f002f196fa2a2238700389c5a192abbe7aff3afa64d7f3c788efc,de82fe6829b909871baa8e159538bd3c73d8c274122d2b2f1a113b28f33fad80,1219973448421008235,407904823502230805,32,False
unsb-reciprocal-bridge-kernel-deflection-v1,SnowTrafficData,SnowTrafficData__0254,1,0.5,4,0.9556251214356023,0.9555893637833053,0.7154453708606563,1.1958048720105483,4.93838894222165e-08,5.0266135254162236e-08,4.93838894222165e-08,1.669302474027745e-10,2.0189562688344154e-08,4.488791560675054e-10,2482de48d80db365a9509d90d89eae80a34468ddc892e1ef76a9b6fa936c932d,c02c6329c74f002f196fa2a2238700389c5a192abbe7aff3afa64d7f3c788efc,1ab2aace770438f6345e7f442edea6a379f683f2af55e08c93705d90f588c8b3,8403700708321113567,813338502899980824,32,False
unsb-reciprocal-bridge-kernel-deflection-v1,SnowTrafficData,SnowTrafficData__0254,2,0.74,4,1.1115078858653622,1.1115423510743394,0.8166197017252048,1.4063960700055196,1.4253713542800028e-08,5.079700627907968e-07,1.4253713542800028e-08,4.565733346950651e-10,1.9302559550737897e-09,3.19035897700104e-09,2482de48d80db365a9509d90d89eae80a34468ddc892e1ef76a9b6fa936c932d,c02c6329c74f002f196fa2a2238700389c5a192abbe7aff3afa64d7f3c788efc,1ab2aace770438f6345e7f442edea6a379f683f2af55e08c93705d90f588c8b3,7637683859726460491,6415939663111196466,32,False
unsb-reciprocal-bridge-kernel-deflection-v1,SnowTrafficData,SnowTrafficData__0254,3,0.8600000000000001,4,1.1341396449705792,1.1341020082697422,0.8595121432552425,1.408767146685916,2.087930521144088e-06,3.5345311664158885e-06,2.087930521144088e-06,5.94489790728403e-10,1.2625299183888217e-07,8.971495546461483e-09,2482de48d80db365a9509d90d89eae80a34468ddc892e1ef76a9b6fa936c932d,c02c6329c74f002f196fa2a2238700389c5a192abbe7aff3afa64d7f3c788efc,1ab2aace770438f6345e7f442edea6a379f683f2af55e08c93705d90f588c8b3,7625439184138215982,6459833408132883022,32,False
unsb-reciprocal-bridge-kernel-deflection-v1,SnowTrafficData,SnowTrafficData__0574,1,0.5,4,0.835801055281514,0.8357714503120953,0.4261228160921252,1.2454792944709028,1.7021950005080555e-07,1.0395202498791889e-07,1.7021950005080555e-07,5.399936053862575e-11,9.320393712375363e-08,1.330673349286826e-10,2482de48d80db365a9509d90d89eae80a34468ddc892e1ef76a9b6fa936c932d,c02c6329c74f002f196fa2a2238700389c5a192abbe7aff3afa64d7f3c788efc,f79b0506bd2b870f3257e64aeca9f4ca82c59b917883ff297c070300de6f8472,3713047102678187638,9145751462535851048,32,False
unsb-reciprocal-bridge-kernel-deflection-v1,SnowTrafficData,SnowTrafficData__0574,2,0.74,4,1.06251780696425,1.0625555253415975,0.5961184950089259,1.528917118919574,3.548089488880635e-08,4.8104938810134e-08,3.548089488880635e-08,2.035402957289989e-10,4.625696381488353e-09,1.2533893922750394e-09,2482de48d80db365a9509d90d89eae80a34468ddc892e1ef76a9b6fa936c932d,c02c6329c74f002f196fa2a2238700389c5a192abbe7aff3afa64d7f3c788efc,f79b0506bd2b870f3257e64aeca9f4ca82c59b917883ff297c070300de6f8472,5637054497776236285,442422899939682755,32,False
unsb-reciprocal-bridge-kernel-deflection-v1,SnowTrafficData,SnowTrafficData__0574,3,0.8600000000000001,4,1.1219434955257839,1.1219089118067118,0.7275728871574072,1.5163141038941605,6.463655015664926e-07,1.2125640602711485e-06,6.463655015664926e-07,1.0978329356703398e-11,3.3286124745401935e-08,1.5530288166587525e-10,2482de48d80db365a9509d90d89eae80a34468ddc892e1ef76a9b6fa936c932d,c02c6329c74f002f196fa2a2238700389c5a192abbe7aff3afa64d7f3c788efc,f79b0506bd2b870f3257e64aeca9f4ca82c59b917883ff297c070300de6f8472,7560343224635826139,3325540740108765338,32,False
unsb-reciprocal-bridge-kernel-deflection-v1,SnowTrafficData,SnowTrafficData__0635,1,0.5,4,0.6769734122834918,0.6769529813101787,0.392279134558692,0.9616676900082917,2.070490112693335e-09,5.997853058659075e-08,2.070490112693335e-09,5.071854047855595e-11,1.4094297950961732e-09,1.0972867059422242e-10,2482de48d80db365a9509d90d89eae80a34468ddc892e1ef76a9b6fa936c932d,c02c6329c74f002f196fa2a2238700389c5a192abbe7aff3afa64d7f3c788efc,2895117b28abc657a8983a053b37fd02b99a634a21db078170e95ebbd40a8f98,2461100814992292968,1806056070707177848,32,False
unsb-reciprocal-bridge-kernel-deflection-v1,SnowTrafficData,SnowTrafficData__0635,2,0.74,4,0.971342850675818,0.9713243051638084,0.5603340175229763,1.3823516838286598,6.570931554428228e-08,2.6580163292599934e-08,6.570931554428228e-08,5.386797674589161e-10,1.1765040941469351e-08,2.985321101434124e-09,2482de48d80db365a9509d90d89eae80a34468ddc892e1ef76a9b6fa936c932d,c02c6329c74f002f196fa2a2238700389c5a192abbe7aff3afa64d7f3c788efc,2895117b28abc657a8983a053b37fd02b99a634a21db078170e95ebbd40a8f98,9183247772529026359,888335229184227152,32,False
unsb-reciprocal-bridge-kernel-deflection-v1,SnowTrafficData,SnowTrafficData__0635,3,0.8600000000000001,4,1.074173715778184,1.0742449236178666,0.7007827995030443,1.4475646320533238,2.545574547818674e-07,3.797175529562935e-08,2.545574547818674e-07,5.662050828192378e-10,1.6183214546217073e-08,7.69051311522162e-09,2482de48d80db365a9509d90d89eae80a34468ddc892e1ef76a9b6fa936c932d,c02c6329c74f002f196fa2a2238700389c5a192abbe7aff3afa64d7f3c788efc,2895117b28abc657a8983a053b37fd02b99a634a21db078170e95ebbd40a8f98,4871991380010669198,7673993081831186467,32,False
unsb-reciprocal-bridge-kernel-deflection-v1,SnowTrafficData,SnowTrafficData__1040,1,0.5,4,0.6616870014543532,0.6616878000602747,1.0795536448484824,0.24382035806022395,8.760808745122972e-10,2.1265050831331678e-09,8.760808745122972e-10,2.580513580596744e-11,3.6265446201610985e-10,2.3483215372266386e-11,2482de48d80db365a9509d90d89eae80a34468ddc892e1ef76a9b6fa936c932d,c02c6329c74f002f196fa2a2238700389c5a192abbe7aff3afa64d7f3c788efc,393a80279823acea2ebac5b7789e3443e3c5fd83193f3a23e97ed833e4147770,8598596552552330451,7806320418769923311,32,False
unsb-reciprocal-bridge-kernel-deflection-v1,SnowTrafficData,SnowTrafficData__1040,2,0.74,4,0.953987314608981,0.953987394190964,1.5649205401764883,0.3430540890414736,2.609895743965751e-08,1.0884479662021107e-07,2.609895743965751e-08,3.521496427794091e-10,4.2449275206024595e-09,1.6735762775610397e-09,2482de48d80db365a9509d90d89eae80a34468ddc892e1ef76a9b6fa936c932d,c02c6329c74f002f196fa2a2238700389c5a192abbe7aff3afa64d7f3c788efc,393a80279823acea2ebac5b7789e3443e3c5fd83193f3a23e97ed833e4147770,9022873992290652356,3164815233976132930,32,False
unsb-reciprocal-bridge-kernel-deflection-v1,SnowTrafficData,SnowTrafficData__1040,3,0.8600000000000001,4,1.0073855420376745,1.0074060201303627,1.5847237616029592,0.4300473224723895,2.098049067811303e-08,1.297509648612305e-07,2.098049067811303e-08,1.0209721956755402e-11,1.4954634197650307e-09,1.6000645253200219e-10,2482de48d80db365a9509d90d89eae80a34468ddc892e1ef76a9b6fa936c932d,c02c6329c74f002f196fa2a2238700389c5a192abbe7aff3afa64d7f3c788efc,393a80279823acea2ebac5b7789e3443e3c5fd83193f3a23e97ed833e4147770,817357566834312900,1604946087087325141,32,False
unsb-reciprocal-bridge-kernel-deflection-v1,SnowTrafficData,SnowTrafficData__0022,1,0.5,4,0.509567832098587,0.5095742167226194,0.8270058715255664,0.19212979267160768,4.2906345143478575e-10,6.058205792580651e-08,4.2906345143478575e-10,1.1455481008226798e-10,2.024571621461746e-10,7.965628157080573e-11,2482de48d80db365a9509d90d89eae80a34468ddc892e1ef76a9b6fa936c932d,c02c6329c74f002f196fa2a2238700389c5a192abbe7aff3afa64d7f3c788efc,e5798150332e6e080b825da46a8af57a73bd7c4c55a775c941052d1e6604d99c,5701797175968993981,9032918542403856944,32,False
unsb-reciprocal-bridge-kernel-deflection-v1,SnowTrafficData,SnowTrafficData__0022,2,0.74,4,0.8906819701272838,0.8906829463950158,1.4925091153187717,0.28885482493579584,3.5313126223179836e-07,2.4271200360637124e-07,3.5313126223179836e-07,1.4930279235159105e-12,7.0000836460693e-08,4.392486374626969e-12,2482de48d80db365a9509d90d89eae80a34468ddc892e1ef76a9b6fa936c932d,c02c6329c74f002f196fa2a2238700389c5a192abbe7aff3afa64d7f3c788efc,e5798150332e6e080b825da46a8af57a73bd7c4c55a775c941052d1e6604d99c,8320550864162786802,5010659085495078965,32,False
unsb-reciprocal-bridge-kernel-deflection-v1,SnowTrafficData,SnowTrafficData__0022,3,0.8600000000000001,4,0.9794005669927659,0.9793934478617884,1.5858542071659352,0.3729469268195965,4.596824987324055e-08,6.613944725231136e-09,4.596824987324055e-08,1.0932288407872193e-10,4.076366022509603e-09,9.62593893483188e-10,2482de48d80db365a9509d90d89eae80a34468ddc892e1ef76a9b6fa936c932d,c02c6329c74f002f196fa2a2238700389c5a192abbe7aff3afa64d7f3c788efc,e5798150332e6e080b825da46a8af57a73bd7c4c55a775c941052d1e6604d99c,5210820213045869597,5604655401221274905,32,False
unsb-reciprocal-bridge-kernel-deflection-v1,SnowTrafficData,SnowTrafficData__1152,1,0.5,4,0.4084959495543837,0.40849601717304795,0.6059416175250215,0.21105028158374584,2.8385263473040823e-08,1.3031738799185177e-08,2.8385263473040823e-08,2.805216059442728e-10,1.4190310926309735e-08,2.2636603702608227e-10,2482de48d80db365a9509d90d89eae80a34468ddc892e1ef76a9b6fa936c932d,c02c6329c74f002f196fa2a2238700389c5a192abbe7aff3afa64d7f3c788efc,d4922025a3fe4829cd8a65039bb9ddf6f856e745a4896179bbff3e46be825848,3524988590877875442,8228523636245018329,32,False
unsb-reciprocal-bridge-kernel-deflection-v1,SnowTrafficData,SnowTrafficData__1152,2,0.74,4,0.8015863866217369,0.8016001890730831,1.289841498743627,0.31333127449984666,2.1181705278650043e-09,6.766763549492794e-08,2.1181705278650043e-09,6.78276990129234e-10,4.621757421219286e-10,1.5394170382876382e-09,2482de48d80db365a9509d90d89eae80a34468ddc892e1ef76a9b6fa936c932d,c02c6329c74f002f196fa2a2238700389c5a192abbe7aff3afa64d7f3c788efc,d4922025a3fe4829cd8a65039bb9ddf6f856e745a4896179bbff3e46be825848,3081688123380122610,7245727351394183988,32,False
unsb-reciprocal-bridge-kernel-deflection-v1,SnowTrafficData,SnowTrafficData__1152,3,0.8600000000000001,4,0.9515333517078927,0.9515390353621829,1.4977606863060502,0.40530601710973513,3.538829186355841e-07,9.033358538967917e-07,3.538829186355841e-07,1.6555201654000484e-10,3.413277060992925e-08,1.2209355748638018e-09,2482de48d80db365a9509d90d89eae80a34468ddc892e1ef76a9b6fa936c932d,c02c6329c74f002f196fa2a2238700389c5a192abbe7aff3afa64d7f3c788efc,d4922025a3fe4829cd8a65039bb9ddf6f856e745a4896179bbff3e46be825848,6346639857026127544,6542035568665143854,32,False
unsb-reciprocal-bridge-kernel-deflection-v1,SnowTrafficData,SnowTrafficData__0391,1,0.5,4,0.8853866025244614,0.8854108916410944,0.6218190243130506,1.1489541807358723,1.152930407810615e-07,4.726083591144459e-08,1.152930407810615e-07,3.15822923369069e-11,4.804274444936141e-08,7.600420293130128e-11,2482de48d80db365a9509d90d89eae80a34468ddc892e1ef76a9b6fa936c932d,c02c6329c74f002f196fa2a2238700389c5a192abbe7aff3afa64d7f3c788efc,9e4dcddb538d7e60c352bb0891339ef71cfc159deb22cb31402b670ecee441fd,234188766342512398,9113310093997433349,32,False
unsb-reciprocal-bridge-kernel-deflection-v1,SnowTrafficData,SnowTrafficData__0391,2,0.74,4,1.0743929852182892,1.0744321138814623,0.7574975323450787,1.3912884380914998,2.641772858247293e-07,1.8832482939767914e-07,2.641772858247293e-07,3.6782310530725226e-10,3.1701113289983596e-08,2.2396183796402624e-09,2482de48d80db365a9509d90d89eae80a34468ddc892e1ef76a9b6fa936c932d,c02c6329c74f002f196fa2a2238700389c5a192abbe7aff3afa64d7f3c788efc,9e4dcddb538d7e60c352bb0891339ef71cfc159deb22cb31402b670ecee441fd,3046294757029023442,37473218017448249,32,False
unsb-reciprocal-bridge-kernel-deflection-v1,SnowTrafficData,SnowTrafficData__0391,3,0.8600000000000001,4,1.1325486371636022,1.1326057939660938,0.8480067410015742,1.41709053332563,3.365076306494075e-08,9.062963288730685e-07,3.365076306494075e-08,1.846545139017053e-11,1.5946102216446434e-09,2.580364810711444e-10,2482de48d80db365a9509d90d89eae80a34468ddc892e1ef76a9b6fa936c932d,c02c6329c74f002f196fa2a2238700389c5a192abbe7aff3afa64d7f3c788efc,9e4dcddb538d7e60c352bb0891339ef71cfc159deb22cb31402b670ecee441fd,9083884766215642006,6193103494985055874,32,False
unsb-reciprocal-bridge-kernel-deflection-v1,SnowTrafficData,SnowTrafficData__0410,1,0.5,4,0.9577639828726123,0.9577533981416331,1.0385699179226677,0.8769580478225568,4.3119983139661144e-09,3.436577915572059e-07,4.592686231319476e-10,1.5476688819404671e-09,1.7151879916355028e-10,4.3119983139661144e-09,2482de48d80db365a9509d90d89eae80a34468ddc892e1ef76a9b6fa936c932d,c02c6329c74f002f196fa2a2238700389c5a192abbe7aff3afa64d7f3c788efc,463d9af7368f4d25667abfa5327f5e5483bc3d3148d088b01c071fdd974c909d,7177132053197325795,5611909173644642827,32,False
unsb-reciprocal-bridge-kernel-deflection-v1,SnowTrafficData,SnowTrafficData__0410,2,0.74,4,1.1192973445405432,1.1192883802460258,1.2089519771660489,1.0296427119150375,1.4597074526889742e-07,4.339130537100999e-07,1.4597074526889742e-07,2.7405455682583124e-10,2.047453206976968e-08,2.3658908165913317e-09,2482de48d80db365a9509d90d89eae80a34468ddc892e1ef76a9b6fa936c932d,c02c6329c74f002f196fa2a2238700389c5a192abbe7aff3afa64d7f3c788efc,463d9af7368f4d25667abfa5327f5e5483bc3d3148d088b01c071fdd974c909d,3919638619018594868,547546497195833195,32,False
unsb-reciprocal-bridge-kernel-deflection-v1,SnowTrafficData,SnowTrafficData__0410,3,0.8600000000000001,4,1.1408342238242672,1.1408267799930005,1.2109398583328925,1.070728589315642,4.68823589838685e-07,2.330479831336163e-08,4.68823589838685e-07,2.5072388609714835e-11,3.1608551220863035e-08,5.257067003938687e-10,2482de48d80db365a9509d90d89eae80a34468ddc892e1ef76a9b6fa936c932d,c02c6329c74f002f196fa2a2238700389c5a192abbe7aff3afa64d7f3c788efc,463d9af7368f4d25667abfa5327f5e5483bc3d3148d088b01c071fdd974c909d,3345355530015299503,7272775751395883659,32,False
unsb-reciprocal-bridge-kernel-deflection-v1,SnowTrafficData,SnowTrafficData__0217,1,0.5,4,0.44876793087165046,0.44876675628151613,0.6497336054871536,0.24780225625614727,3.754601740624253e-09,6.4696477064529745e-09,3.754601740624253e-09,1.1105005803813128e-10,1.892260126368228e-09,9.761058628043884e-11,2482de48d80db365a9509d90d89eae80a34468ddc892e1ef76a9b6fa936c932d,c02c6329c74f002f196fa2a2238700389c5a192abbe7aff3afa64d7f3c788efc,6d158ff67ffa77b2e0fe469992417454e1202601d9b5e123672c849e75c441ad,407388817201914932,8718431940322584059,32,False
unsb-reciprocal-bridge-kernel-deflection-v1,SnowTrafficData,SnowTrafficData__0217,2,0.74,4,0.8313691203940878,0.8313624416382659,1.2930221364371826,0.3697161043509931,3.3154514689215375e-09,1.8641481536185722e-07,2.8537616714174874e-11,1.2147229888626043e-09,5.886624521167505e-12,3.3154514689215375e-09,2482de48d80db365a9509d90d89eae80a34468ddc892e1ef76a9b6fa936c932d,c02c6329c74f002f196fa2a2238700389c5a192abbe7aff3afa64d7f3c788efc,6d158ff67ffa77b2e0fe469992417454e1202601d9b5e123672c849e75c441ad,2493357188823729043,6142009355388892630,32,False
unsb-reciprocal-bridge-kernel-deflection-v1,SnowTrafficData,SnowTrafficData__0217,3,0.8600000000000001,4,0.9818116573569637,0.9818151027836836,1.4968209858946775,0.4668023288192501,2.2511282504744656e-08,7.358823239655976e-08,2.2511282504744656e-08,9.743672535478254e-11,1.9912527182697204e-09,9.001193124191786e-10,2482de48d80db365a9509d90d89eae80a34468ddc892e1ef76a9b6fa936c932d,c02c6329c74f002f196fa2a2238700389c5a192abbe7aff3afa64d7f3c788efc,6d158ff67ffa77b2e0fe469992417454e1202601d9b5e123672c849e75c441ad,4474505236012180184,1595365199480593265,32,False
unsb-reciprocal-bridge-kernel-deflection-v1,SnowTrafficData,SnowTrafficData__1012,1,0.5,5,0.40370611915629895,0.4036939436866928,0.5229840261305088,0.28442821218208914,2.5172452344790486e-08,2.6303236544400477e-07,2.5172452344790486e-08,6.130752683297658e-09,1.4392241620697632e-08,6.572421940020945e-09,2482de48d80db365a9509d90d89eae80a34468ddc892e1ef76a9b6fa936c932d,866444a2eff366b308994ee945c5f99ff98bba671982602458d1e18e9ec00a6e,7c853ab6863dd6ba044c0a99bcfdc55dcb8373f7e693d182d1090b1d5fe4582e,7038652132692344501,2753888841021282063,32,False
unsb-reciprocal-bridge-kernel-deflection-v1,SnowTrafficData,SnowTrafficData__1012,2,0.74,5,0.7570076633622278,0.7570773120716741,1.060913521017486,0.45310180570696956,1.0373332378632583e-06,9.582825872822553e-07,4.834760969352203e-08,4.0534219580834474e-07,1.281289629950777e-08,1.0373332378632583e-06,2482de48d80db365a9509d90d89eae80a34468ddc892e1ef76a9b6fa936c932d,866444a2eff366b308994ee945c5f99ff98bba671982602458d1e18e9ec00a6e,7c853ab6863dd6ba044c0a99bcfdc55dcb8373f7e693d182d1090b1d5fe4582e,4646672131222122228,4522290809396335170,32,False
unsb-reciprocal-bridge-kernel-deflection-v1,SnowTrafficData,SnowTrafficData__1012,3,0.8600000000000001,5,0.9442736055103772,0.944288923719075,1.3093566046912668,0.5791906063294876,4.294691746897783e-06,3.3557363485758884e-06,6.454892995666484e-07,5.430317526755601e-07,7.719228733993333e-08,4.294691746897783e-06,2482de48d80db365a9509d90d89eae80a34468ddc892e1ef76a9b6fa936c932d,866444a2eff366b308994ee945c5f99ff98bba671982602458d1e18e9ec00a6e,7c853ab6863dd6ba044c0a99bcfdc55dcb8373f7e693d182d1090b1d5fe4582e,1790958141199696704,7700042546758415623,32,False
unsb-reciprocal-bridge-kernel-deflection-v1,SnowTrafficData,SnowTrafficData__0170,1,0.5,5,0.5793096437383676,0.5793047822742088,0.37171428888895197,0.7869049985877832,1.1335716942895147e-07,2.0822725466107528e-07,5.444299921997242e-08,5.5442638702274394e-08,4.299985745248591e-08,1.1335716942895147e-07,2482de48d80db365a9509d90d89eae80a34468ddc892e1ef76a9b6fa936c932d,866444a2eff366b308994ee945c5f99ff98bba671982602458d1e18e9ec00a6e,b3881cf86f94eaab59f468a3294879ca2811eddb77fed7553bb54e65e8be5b83,4192995597129810743,7909332700483293616,32,False
unsb-reciprocal-bridge-kernel-deflection-v1,SnowTrafficData,SnowTrafficData__0170,2,0.74,5,0.9002710514153109,0.9002717178113221,0.5483579020213238,1.252184200809298,3.312475847616625e-06,1.1233000896115897e-06,2.0614863149859275e-08,6.939619934254182e-07,5.338565145507346e-09,3.312475847616625e-06,2482de48d80db365a9509d90d89eae80a34468ddc892e1ef76a9b6fa936c932d,866444a2eff366b308994ee945c5f99ff98bba671982602458d1e18e9ec00a6e,b3881cf86f94eaab59f468a3294879ca2811eddb77fed7553bb54e65e8be5b83,1134707994256330540,7727840429452496988,32,False
unsb-reciprocal-bridge-kernel-deflection-v1,SnowTrafficData,SnowTrafficData__0170,3,0.8600000000000001,5,1.0367640056323972,1.0368243294590296,0.6976844538375984,1.375843557427196,5.227018512243831e-06,6.018480567693274e-06,4.610269577209891e-07,4.743272686846822e-07,4.316829316231008e-08,5.227018512243831e-06,2482de48d80db365a9509d90d89eae80a34468ddc892e1ef76a9b6fa936c932d,866444a2eff366b308994ee945c5f99ff98bba671982602458d1e18e9ec00a6e,b3881cf86f94eaab59f468a3294879ca2811eddb77fed7553bb54e65e8be5b83,3075009728877431268,5134126649484430208,32,False
unsb-reciprocal-bridge-kernel-deflection-v1,SnowTrafficData,SnowTrafficData__0726,1,0.5,5,0.3734400906660263,0.3734184529414804,0.5298745707564688,0.21700561057558376,2.4840706602802243e-07,3.604400100609695e-08,3.44255091100365e-09,2.4840706602802243e-07,1.9250502303336248e-09,2.2083978012954475e-07,2482de48d80db365a9509d90d89eae80a34468ddc892e1ef76a9b6fa936c932d,866444a2eff366b308994ee945c5f99ff98bba671982602458d1e18e9ec00a6e,921c7bed999a9a55d22ed3802b1c4dfbf479def32a00339aebe66cdb5273d19f,2035778708799208086,1470931270933712624,32,False
unsb-reciprocal-bridge-kernel-deflection-v1,SnowTrafficData,SnowTrafficData__0726,2,0.74,5,0.7610976796403874,0.761109058891256,1.1688504579208288,0.3533449013599461,5.073946596212409e-09,3.2629647955806362e-06,4.682285670298825e-09,2.2012014433414606e-09,1.1956847734140297e-09,5.073946596212409e-09,2482de48d80db365a9509d90d89eae80a34468ddc892e1ef76a9b6fa936c932d,866444a2eff366b308994ee945c5f99ff98bba671982602458d1e18e9ec00a6e,921c7bed999a9a55d22ed3802b1c4dfbf479def32a00339aebe66cdb5273d19f,4097011701351110137,8009497521105380603,32,False
unsb-reciprocal-bridge-kernel-deflection-v1,SnowTrafficData,SnowTrafficData__0726,3,0.8600000000000001,5,0.9381242616062361,0.9381219187224021,1.3990235029411036,0.4772250202713686,1.237085140548544e-06,4.382504250055597e-06,3.205613330337087e-09,1.5918088636102112e-07,3.804531134576905e-10,1.237085140548544e-06,2482de48d80db365a9509d90d89eae80a34468ddc892e1ef76a9b6fa936c932d,866444a2eff366b308994ee945c5f99ff98bba671982602458d1e18e9ec00a6e,921c7bed999a9a55d22ed3802b1c4dfbf479def32a00339aebe66cdb5273d19f,5005293939752398907,8013881518336217893,32,False
unsb-reciprocal-bridge-kernel-deflection-v1,SnowTrafficData,SnowTrafficData__0632,1,0.5,5,0.4111370281228359,0.4111568173042739,0.4968384907653256,0.32543556548034624,5.495516519626875e-08,1.0772005198944612e-07,6.0767860743382585e-09,4.56097322132365e-08,3.385755009688296e-09,5.495516519626875e-08,2482de48d80db365a9509d90d89eae80a34468ddc892e1ef76a9b6fa936c932d,866444a2eff366b308994ee945c5f99ff98bba671982602458d1e18e9ec00a6e,ed7c9e40a91429cd05f946e98e99b732b4c4c072a16d19457956e87782c908d9,1684095891624493061,3710762969028593238,32,False
unsb-reciprocal-bridge-kernel-deflection-v1,SnowTrafficData,SnowTrafficData__0632,2,0.74,5,0.7163206916348276,0.7162904420423986,0.9264822852792574,0.5061590979903978,7.371836410197119e-07,1.1237027786048515e-07,7.371836410197119e-07,2.1845064823722282e-07,1.9213987756394602e-07,5.593114132951271e-07,2482de48d80db365a9509d90d89eae80a34468ddc892e1ef76a9b6fa936c932d,866444a2eff366b308994ee945c5f99ff98bba671982602458d1e18e9ec00a6e,ed7c9e40a91429cd05f946e98e99b732b4c4c072a16d19457956e87782c908d9,2739807098573771374,2411702074775889931,32,False
unsb-reciprocal-bridge-kernel-deflection-v1,SnowTrafficData,SnowTrafficData__0632,3,0.8600000000000001,5,0.8991637738097075,0.8992237166730986,1.1589771245924063,0.6393504230270086,7.440449351081568e-07,3.580363941990683e-07,1.27327862697868e-08,1.1508081443345475e-07,1.5250093410301702e-09,7.440449351081568e-07,2482de48d80db365a9509d90d89eae80a34468ddc892e1ef76a9b6fa936c932d,866444a2eff366b308994ee945c5f99ff98bba671982602458d1e18e9ec00a6e,ed7c9e40a91429cd05f946e98e99b732b4c4c072a16d19457956e87782c908d9,192219898358138255,4610755696000613319,32,False
unsb-reciprocal-bridge-kernel-deflection-v1,SnowTrafficData,SnowTrafficData__0263,1,0.5,5,0.9049136987866454,0.9047803704350885,0.7592758288435009,1.05055156872979,1.6066767645206426e-06,1.4898453797318467e-06,1.8933853662694844e-07,6.927893925201545e-07,7.748270602903062e-08,1.6066767645206426e-06,2482de48d80db365a9509d90d89eae80a34468ddc892e1ef76a9b6fa936c932d,866444a2eff366b308994ee945c5f99ff98bba671982602458d1e18e9ec00a6e,24f8d193eb03a2f0ea129ccda0b2a5874d5d1361a3f83eb0840dcc721a79530a,2446015720795432445,7499951631074467160,32,False
unsb-reciprocal-bridge-kernel-deflection-v1,SnowTrafficData,SnowTrafficData__0263,2,0.74,5,1.0802136924089236,1.0802303622752008,0.8988568518001518,1.2615705330176952,2.814638784931489e-06,3.627750532864127e-06,1.702255848057277e-06,5.029721147353783e-07,2.4223893158037413e-07,2.814638784931489e-06,2482de48d80db365a9509d90d89eae80a34468ddc892e1ef76a9b6fa936c932d,866444a2eff366b308994ee945c5f99ff98bba671982602458d1e18e9ec00a6e,24f8d193eb03a2f0ea129ccda0b2a5874d5d1361a3f83eb0840dcc721a79530a,7749141387247565415,8613926557043709601,32,False
unsb-reciprocal-bridge-kernel-deflection-v1,SnowTrafficData,SnowTrafficData__0263,3,0.8600000000000001,5,1.1360576413064067,1.136004553187615,0.9757011177366678,1.2964141648761458,3.480316912440884e-07,1.5965400011586084e-05,3.480316912440884e-07,1.5862625435403288e-08,2.2226719464946143e-08,1.976408496862092e-07,2482de48d80db365a9509d90d89eae80a34468ddc892e1ef76a9b6fa936c932d,866444a2eff366b308994ee945c5f99ff98bba671982602458d1e18e9ec00a6e,24f8d193eb03a2f0ea129ccda0b2a5874d5d1361a3f83eb0840dcc721a79530a,6612171254162761417,246822952583601922,32,False
unsb-reciprocal-bridge-kernel-deflection-v1,SnowTrafficData,SnowTrafficData__0724,1,0.5,5,0.989716320905149,0.9897468265047509,1.0835826691088315,0.8958499727014666,4.6871636705247965e-07,9.438211157064558e-07,7.980854510591939e-08,1.882212941062278e-07,2.864073977981718e-08,4.6871636705247965e-07,2482de48d80db365a9509d90d89eae80a34468ddc892e1ef76a9b6fa936c932d,866444a2eff366b308994ee945c5f99ff98bba671982602458d1e18e9ec00a6e,d039ddaa66d4c24f234d02d3b00a3e5d365a109dc7a52bfa379c4029d817a183,2342632206556382490,5189792300436493646,32,False
unsb-reciprocal-bridge-kernel-deflection-v1,SnowTrafficData,SnowTrafficData__0724,2,0.74,5,1.128883143378287,1.1287911360139888,1.212679720327532,1.045086566429042,1.1921401066317117e-07,7.914799629471503e-06,1.1921401066317117e-07,8.167395426639246e-09,1.6496465082838085e-08,5.151064097486113e-08,2482de48d80db365a9509d90d89eae80a34468ddc892e1ef76a9b6fa936c932d,866444a2eff366b308994ee945c5f99ff98bba671982602458d1e18e9ec00a6e,d039ddaa66d4c24f234d02d3b00a3e5d365a109dc7a52bfa379c4029d817a183,1157449835747760189,710862925862471508,32,False
unsb-reciprocal-bridge-kernel-deflection-v1,SnowTrafficData,SnowTrafficData__0724,3,0.8600000000000001,5,1.1573831382259498,1.1574615682347416,1.2036652505067498,1.11110102594515,6.1340855896929725e-06,6.821531095324573e-06,3.944981278980464e-06,4.7067002639789024e-07,2.544840472795684e-07,6.1340855896929725e-06,2482de48d80db365a9509d90d89eae80a34468ddc892e1ef76a9b6fa936c932d,866444a2eff366b308994ee945c5f99ff98bba671982602458d1e18e9ec00a6e,d039ddaa66d4c24f234d02d3b00a3e5d365a109dc7a52bfa379c4029d817a183,4614890219374962616,4578942499029862782,32,False
unsb-reciprocal-bridge-kernel-deflection-v1,SnowTrafficData,SnowTrafficData__0897,1,0.5,5,0.7330793826663557,0.7331703995933974,0.48569313607996034,0.980465629252751,8.946916411067818e-07,1.4502036488339698e-06,4.6147452104072784e-07,4.1171530451578064e-07,3.362457201561142e-07,8.946916411067818e-07,2482de48d80db365a9509d90d89eae80a34468ddc892e1ef76a9b6fa936c932d,866444a2eff366b308994ee945c5f99ff98bba671982602458d1e18e9ec00a6e,de82fe6829b909871baa8e159538bd3c73d8c274122d2b2f1a113b28f33fad80,918422605022758341,504945320441983242,32,False
unsb-reciprocal-bridge-kernel-deflection-v1,SnowTrafficData,SnowTrafficData__0897,2,0.74,5,0.9643846438433894,0.964342606319248,0.6216201254183114,1.3071491622684674,3.309530085537915e-07,4.944299361042681e-07,3.309530085537915e-07,7.717300132270566e-10,8.72342826863104e-08,3.402098158744593e-09,2482de48d80db365a9509d90d89eae80a34468ddc892e1ef76a9b6fa936c932d,866444a2eff366b308994ee945c5f99ff98bba671982602458d1e18e9ec00a6e,de82fe6829b909871baa8e159538bd3c73d8c274122d2b2f1a113b28f33fad80,632796836688474136,4696563299748008548,32,False
unsb-reciprocal-bridge-kernel-deflection-v1,SnowTrafficData,SnowTrafficData__0897,3,0.8600000000000001,5,1.0406605925293944,1.0406062364128086,0.7202506788106795,1.3610705062481094,6.194832669059736e-07,3.5731549473672075e-06,6.194832669059736e-07,3.4908231194563655e-08,7.437500371132444e-08,3.5448155455419794e-07,2482de48d80db365a9509d90d89eae80a34468ddc892e1ef76a9b6fa936c932d,866444a2eff366b308994ee945c5f99ff98bba671982602458d1e18e9ec00a6e,de82fe6829b909871baa8e159538bd3c73d8c274122d2b2f1a113b28f33fad80,1219973448421008235,407904823502230805,32,False
unsb-reciprocal-bridge-kernel-deflection-v1,SnowTrafficData,SnowTrafficData__0254,1,0.5,5,0.8723445514490591,0.8723161704850066,0.6579283690066542,1.086760733891464,5.071230011477468e-07,1.1713958298908977e-06,4.93838894222165e-08,2.0572740866420247e-07,2.4379909535632294e-08,5.071230011477468e-07,2482de48d80db365a9509d90d89eae80a34468ddc892e1ef76a9b6fa936c932d,866444a2eff366b308994ee945c5f99ff98bba671982602458d1e18e9ec00a6e,1ab2aace770438f6345e7f442edea6a379f683f2af55e08c93705d90f588c8b3,8403700708321113567,813338502899980824,32,False
unsb-reciprocal-bridge-kernel-deflection-v1,SnowTrafficData,SnowTrafficData__0254,2,0.74,5,1.0442229957061144,1.0442577252956404,0.7659812771499326,1.322464714262296,1.059876435283158e-06,3.7809238256913957e-06,1.4253713542800028e-08,1.8222995945560427e-07,2.571808099816053e-09,1.059876435283158e-06,2482de48d80db365a9509d90d89eae80a34468ddc892e1ef76a9b6fa936c932d,866444a2eff366b308994ee945c5f99ff98bba671982602458d1e18e9ec00a6e,1ab2aace770438f6345e7f442edea6a379f683f2af55e08c93705d90f588c8b3,7637683859726460491,6415939663111196466,32,False
unsb-reciprocal-bridge-kernel-deflection-v1,SnowTrafficData,SnowTrafficData__0254,3,0.8600000000000001,5,1.0821660417630046,1.082127843015161,0.8192412125417026,1.3450908709843068,2.087930521144088e-06,4.501469085149701e-06,2.087930521144088e-06,7.59396827643144e-08,1.7650640105060234e-07,8.652293541633327e-07,2482de48d80db365a9509d90d89eae80a34468ddc892e1ef76a9b6fa936c932d,866444a2eff366b308994ee945c5f99ff98bba671982602458d1e18e9ec00a6e,1ab2aace770438f6345e7f442edea6a379f683f2af55e08c93705d90f588c8b3,7625439184138215982,6459833408132883022,32,False
unsb-reciprocal-bridge-kernel-deflection-v1,SnowTrafficData,SnowTrafficData__0574,1,0.5,5,0.8035890263617911,0.8035550105544097,0.4770614186803753,1.1301166340432067,1.7021950005080555e-07,4.999054644683198e-07,1.7021950005080555e-07,6.239594740886645e-08,1.0210801026921956e-07,1.4306262086094534e-07,2482de48d80db365a9509d90d89eae80a34468ddc892e1ef76a9b6fa936c932d,866444a2eff366b308994ee945c5f99ff98bba671982602458d1e18e9ec00a6e,f79b0506bd2b870f3257e64aeca9f4ca82c59b917883ff297c070300de6f8472,3713047102678187638,9145751462535851048,32,False
unsb-reciprocal-bridge-kernel-deflection-v1,SnowTrafficData,SnowTrafficData__0574,2,0.74,5,1.0494093331207581,1.0494573524477442,0.6497733697773519,1.4490452964641645,3.548089488880635e-08,6.0215414705577786e-06,3.548089488880635e-08,5.385264234547549e-09,6.073441194409668e-09,2.9440352378173884e-08,2482de48d80db365a9509d90d89eae80a34468ddc892e1ef76a9b6fa936c932d,866444a2eff366b308994ee945c5f99ff98bba671982602458d1e18e9ec00a6e,f79b0506bd2b870f3257e64aeca9f4ca82c59b917883ff297c070300de6f8472,5637054497776236285,442422899939682755,32,False
unsb-reciprocal-bridge-kernel-deflection-v1,SnowTrafficData,SnowTrafficData__0574,3,0.8600000000000001,5,1.1233627773667658,1.1233012176110941,0.7779252723927848,1.468800282340747,6.463655015664926e-07,1.6864650425052474e-06,6.463655015664926e-07,5.072060438315873e-08,4.6966232902789784e-08,6.109612119553631e-07,2482de48d80db365a9509d90d89eae80a34468ddc892e1ef76a9b6fa936c932d,866444a2eff366b308994ee945c5f99ff98bba671982602458d1e18e9ec00a6e,f79b0506bd2b870f3257e64aeca9f4ca82c59b917883ff297c070300de6f8472,7560343224635826139,3325540740108765338,32,False
unsb-reciprocal-bridge-kernel-deflection-v1,SnowTrafficData,SnowTrafficData__0635,1,0.5,5,0.6305059922558126,0.6304867027275003,0.42764113949380733,0.8333708450178179,2.997413952599004e-07,1.9272834117511906e-07,2.070490112693335e-09,1.4126952652127045e-07,1.4269454506887769e-09,2.997413952599004e-07,2482de48d80db365a9509d90d89eae80a34468ddc892e1ef76a9b6fa936c932d,866444a2eff366b308994ee945c5f99ff98bba671982602458d1e18e9ec00a6e,2895117b28abc657a8983a053b37fd02b99a634a21db078170e95ebbd40a8f98,2461100814992292968,1806056070707177848,32,False
unsb-reciprocal-bridge-kernel-deflection-v1,SnowTrafficData,SnowTrafficData__0635,2,0.74,5,0.9272855707748339,0.9272593714935959,0.6101387733309687,1.244432368218699,1.296572880171709e-07,2.6580163292599934e-08,6.570931554428228e-08,2.520592035093472e-08,1.4872045595026862e-08,1.296572880171709e-07,2482de48d80db365a9509d90d89eae80a34468ddc892e1ef76a9b6fa936c932d,866444a2eff366b308994ee945c5f99ff98bba671982602458d1e18e9ec00a6e,2895117b28abc657a8983a053b37fd02b99a634a21db078170e95ebbd40a8f98,9183247772529026359,888335229184227152,32,False
unsb-reciprocal-bridge-kernel-deflection-v1,SnowTrafficData,SnowTrafficData__0635,3,0.8600000000000001,5,1.0461030487709952,1.0461923000131341,0.7488809034086585,1.3433251941333322,4.083139854005324e-06,1.7123029188992334e-06,2.545574547818674e-07,3.537766805061793e-07,2.222290607090116e-08,4.083139854005324e-06,2482de48d80db365a9509d90d89eae80a34468ddc892e1ef76a9b6fa936c932d,866444a2eff366b308994ee945c5f99ff98bba671982602458d1e18e9ec00a6e,2895117b28abc657a8983a053b37fd02b99a634a21db078170e95ebbd40a8f98,4871991380010669198,7673993081831186467,32,False
unsb-reciprocal-bridge-kernel-deflection-v1,SnowTrafficData,SnowTrafficData__1040,1,0.5,5,0.5153411204046601,0.5153498812464741,0.7362933088432391,0.29438893196608107,1.509464331306276e-07,1.8901979981222894e-09,8.760808745122972e-10,1.3713519630975668e-07,4.2499659347328134e-10,1.509464331306276e-07,2482de48d80db365a9509d90d89eae80a34468ddc892e1ef76a9b6fa936c932d,866444a2eff366b308994ee945c5f99ff98bba671982602458d1e18e9ec00a6e,393a80279823acea2ebac5b7789e3443e3c5fd83193f3a23e97ed833e4147770,8598596552552330451,7806320418769923311,32,False
unsb-reciprocal-bridge-kernel-deflection-v1,SnowTrafficData,SnowTrafficData__1040,2,0.74,5,0.8701824061365055,0.8701875330994016,1.2966528573309786,0.4437119549420324,3.732896198815894e-07,1.5887203264064453e-07,2.609895743965751e-08,1.0094602775900796e-07,5.438708483573862e-09,3.732896198815894e-07,2482de48d80db365a9509d90d89eae80a34468ddc892e1ef76a9b6fa936c932d,866444a2eff366b308994ee945c5f99ff98bba671982602458d1e18e9ec00a6e,393a80279823acea2ebac5b7789e3443e3c5fd83193f3a23e97ed833e4147770,9022873992290652356,3164815233976132930,32,False
unsb-reciprocal-bridge-kernel-deflection-v1,SnowTrafficData,SnowTrafficData__1040,3,0.8600000000000001,5,1.0012911348482882,1.0012819912855526,1.4313830358472335,0.5711992338493431,2.098049067811303e-08,5.201419954747877e-07,2.098049067811303e-08,8.395643069647463e-10,1.9868984235671405e-09,9.52354572980596e-09,2482de48d80db365a9509d90d89eae80a34468ddc892e1ef76a9b6fa936c932d,866444a2eff366b308994ee945c5f99ff98bba671982602458d1e18e9ec00a6e,393a80279823acea2ebac5b7789e3443e3c5fd83193f3a23e97ed833e4147770,817357566834312900,1604946087087325141,32,False
unsb-reciprocal-bridge-kernel-deflection-v1,SnowTrafficData,SnowTrafficData__0022,1,0.5,5,0.4112837656782655,0.4112909650510647,0.5861146326849116,0.23645289867161945,2.1457279286707376e-09,6.058205792580651e-08,4.2906345143478575e-10,2.1457279286707376e-09,2.2947355127200808e-10,2.104548868508971e-09,2482de48d80db365a9509d90d89eae80a34468ddc892e1ef76a9b6fa936c932d,866444a2eff366b308994ee945c5f99ff98bba671982602458d1e18e9ec00a6e,e5798150332e6e080b825da46a8af57a73bd7c4c55a775c941052d1e6604d99c,5701797175968993981,9032918542403856944,32,False
unsb-reciprocal-bridge-kernel-deflection-v1,SnowTrafficData,SnowTrafficData__0022,2,0.74,5,0.7906277217715959,0.7906236505084001,1.2068726807712593,0.3743827627719325,3.5313126223179836e-07,7.98968242454734e-07,3.5313126223179836e-07,5.426017302134767e-09,8.611739987784972e-08,1.4615330945488836e-08,2482de48d80db365a9509d90d89eae80a34468ddc892e1ef76a9b6fa936c932d,866444a2eff366b308994ee945c5f99ff98bba671982602458d1e18e9ec00a6e,e5798150332e6e080b825da46a8af57a73bd7c4c55a775c941052d1e6604d99c,8320550864162786802,5010659085495078965,32,False
unsb-reciprocal-bridge-kernel-deflection-v1,SnowTrafficData,SnowTrafficData__0022,3,0.8600000000000001,5,0.9513963238419263,0.9513939597439289,1.4162522268201583,0.4865404208636943,2.519693087621455e-06,5.516355716661536e-07,4.596824987324055e-08,2.772497901259996e-07,5.098486965948723e-09,2.519693087621455e-06,2482de48d80db365a9509d90d89eae80a34468ddc892e1ef76a9b6fa936c932d,866444a2eff366b308994ee945c5f99ff98bba671982602458d1e18e9ec00a6e,e5798150332e6e080b825da46a8af57a73bd7c4c55a775c941052d1e6604d99c,5210820213045869597,5604655401221274905,32,False
unsb-reciprocal-bridge-kernel-deflection-v1,SnowTrafficData,SnowTrafficData__1152,1,0.5,5,0.3252050093239708,0.32520704210539875,0.4303031041225286,0.22010691452541298,2.8385263473040823e-08,1.3031738799185177e-08,2.8385263473040823e-08,5.3228506047275914e-09,1.680174599449913e-08,5.17644449526955e-09,2482de48d80db365a9509d90d89eae80a34468ddc892e1ef76a9b6fa936c932d,866444a2eff366b308994ee945c5f99ff98bba671982602458d1e18e9ec00a6e,d4922025a3fe4829cd8a65039bb9ddf6f856e745a4896179bbff3e46be825848,3524988590877875442,8228523636245018329,32,False
unsb-reciprocal-bridge-kernel-deflection-v1,SnowTrafficData,SnowTrafficData__1152,2,0.74,5,0.6798925120353135,0.6799145892934972,0.9965022908363186,0.3632827332343085,1.3826662437210757e-07,3.17303555652515e-07,2.1181705278650043e-09,6.892896231569523e-08,5.947556891428007e-10,1.3826662437210757e-07,2482de48d80db365a9509d90d89eae80a34468ddc892e1ef76a9b6fa936c932d,866444a2eff366b308994ee945c5f99ff98bba671982602458d1e18e9ec00a6e,d4922025a3fe4829cd8a65039bb9ddf6f856e745a4896179bbff3e46be825848,3081688123380122610,7245727351394183988,32,False
unsb-reciprocal-bridge-kernel-deflection-v1,SnowTrafficData,SnowTrafficData__1152,3,0.8600000000000001,5,0.8898015335915345,0.8898167328836657,1.2911348763544215,0.48846819082864745,3.538829186355841e-07,9.033358538967917e-07,3.538829186355841e-07,7.091505160872202e-11,4.496778416296365e-08,3.8955860759415373e-10,2482de48d80db365a9509d90d89eae80a34468ddc892e1ef76a9b6fa936c932d,866444a2eff366b308994ee945c5f99ff98bba671982602458d1e18e9ec00a6e,d4922025a3fe4829cd8a65039bb9ddf6f856e745a4896179bbff3e46be825848,6346639857026127544,6542035568665143854,32,False
unsb-reciprocal-bridge-kernel-deflection-v1,SnowTrafficData,SnowTrafficData__0391,1,0.5,5,0.8430761844457626,0.8430969443309677,0.6389922237562956,1.0471601451352297,1.152930407810615e-07,1.952524628645591e-07,1.152930407810615e-07,2.76449185765415e-09,5.4634599067071576e-08,6.199571078724375e-09,2482de48d80db365a9509d90d89eae80a34468ddc892e1ef76a9b6fa936c932d,866444a2eff366b308994ee945c5f99ff98bba671982602458d1e18e9ec00a6e,9e4dcddb538d7e60c352bb0891339ef71cfc159deb22cb31402b670ecee441fd,234188766342512398,9113310093997433349,32,False
unsb-reciprocal-bridge-kernel-deflection-v1,SnowTrafficData,SnowTrafficData__0391,2,0.74,5,1.0395921078871353,1.039602271806479,0.7816429307206185,1.297541285053652,4.794138577235429e-07,6.558331024697495e-06,2.641772858247293e-07,8.729934530826711e-08,4.164580325038969e-08,4.794138577235429e-07,2482de48d80db365a9509d90d89eae80a34468ddc892e1ef76a9b6fa936c932d,866444a2eff366b308994ee945c5f99ff98bba671982602458d1e18e9ec00a6e,9e4dcddb538d7e60c352bb0891339ef71cfc159deb22cb31402b670ecee441fd,3046294757029023442,37473218017448249,32,False
unsb-reciprocal-bridge-kernel-deflection-v1,SnowTrafficData,SnowTrafficData__0391,3,0.8600000000000001,5,1.1066789673309465,1.1067598340529867,0.8692298672519909,1.3441280674099023,3.365076306494075e-08,9.062963288730685e-07,3.365076306494075e-08,5.372575717643713e-10,2.232403373270131e-09,5.844439820990033e-09,2482de48d80db365a9509d90d89eae80a34468ddc892e1ef76a9b6fa936c932d,866444a2eff366b308994ee945c5f99ff98bba671982602458d1e18e9ec00a6e,9e4dcddb538d7e60c352bb0891339ef71cfc159deb22cb31402b670ecee441fd,9083884766215642006,6193103494985055874,32,False
unsb-reciprocal-bridge-kernel-deflection-v1,SnowTrafficData,SnowTrafficData__0410,1,0.5,5,0.7823355709629023,0.7823162594232178,0.7751303232582769,0.7895408186675276,4.788642204989202e-08,1.2614002612432174e-06,4.592686231319476e-10,2.2342672045816414e-08,2.220822414855661e-10,4.788642204989202e-08,2482de48d80db365a9509d90d89eae80a34468ddc892e1ef76a9b6fa936c932d,866444a2eff366b308994ee945c5f99ff98bba671982602458d1e18e9ec00a6e,463d9af7368f4d25667abfa5327f5e5483bc3d3148d088b01c071fdd974c909d,7177132053197325795,5611909173644642827,32,False
unsb-reciprocal-bridge-kernel-deflection-v1,SnowTrafficData,SnowTrafficData__0410,2,0.74,5,1.016075471905987,1.0160663471433475,0.995624695778554,1.03652624803342,1.2769311042992726e-06,5.306540540317428e-07,1.4597074526889742e-07,2.1037881658969582e-07,2.925726416691532e-08,1.2769311042992726e-06,2482de48d80db365a9509d90d89eae80a34468ddc892e1ef76a9b6fa936c932d,866444a2eff366b308994ee945c5f99ff98bba671982602458d1e18e9ec00a6e,463d9af7368f4d25667abfa5327f5e5483bc3d3148d088b01c071fdd974c909d,3919638619018594868,547546497195833195,32,False
unsb-reciprocal-bridge-kernel-deflection-v1,SnowTrafficData,SnowTrafficData__0410,3,0.8600000000000001,5,1.0905256910094496,1.0905092710267308,1.0577926426473059,1.1232587393715932,4.68823589838685e-07,2.415311463055403e-07,4.68823589838685e-07,8.072581714202443e-09,4.6373237916341736e-08,1.1163928137492007e-07,2482de48d80db365a9509d90d89eae80a34468ddc892e1ef76a9b6fa936c932d,866444a2eff366b308994ee945c5f99ff98bba671982602458d1e18e9ec00a6e,463d9af7368f4d25667abfa5327f5e5483bc3d3148d088b01c071fdd974c909d,3345355530015299503,7272775751395883659,32,False
unsb-reciprocal-bridge-kernel-deflection-v1,SnowTrafficData,SnowTrafficData__0217,1,0.5,5,0.36262609251265615,0.36263144604349606,0.4717341007025003,0.253518084322812,3.478055354833032e-08,3.419569472029593e-08,3.754601740624253e-09,3.449056062976297e-08,2.264713527821982e-09,3.478055354833032e-08,2482de48d80db365a9509d90d89eae80a34468ddc892e1ef76a9b6fa936c932d,866444a2eff366b308994ee945c5f99ff98bba671982602458d1e18e9ec00a6e,6d158ff67ffa77b2e0fe469992417454e1202601d9b5e123672c849e75c441ad,407388817201914932,8718431940322584059,32,False
unsb-reciprocal-bridge-kernel-deflection-v1,SnowTrafficData,SnowTrafficData__0217,2,0.74,5,0.7223695355476745,0.7223328123201698,1.02206974654991,0.42266932454543904,1.6768703559044695e-07,1.8641481536185722e-07,2.8537616714174874e-11,7.24361522985717e-08,8.31723578897936e-12,1.6768703559044695e-07,2482de48d80db365a9509d90d89eae80a34468ddc892e1ef76a9b6fa936c932d,866444a2eff366b308994ee945c5f99ff98bba671982602458d1e18e9ec00a6e,6d158ff67ffa77b2e0fe469992417454e1202601d9b5e123672c849e75c441ad,2493357188823729043,6142009355388892630,32,False
unsb-reciprocal-bridge-kernel-deflection-v1,SnowTrafficData,SnowTrafficData__0217,3,0.8600000000000001,5,0.9315414993200853,0.9315414261365255,1.3009412187176117,0.562141779922559,2.0378926945952003e-07,1.099257622039218e-06,2.2511282504744656e-08,2.8007246855032975e-08,2.747605032382694e-09,2.0378926945952003e-07,2482de48d80db365a9509d90d89eae80a34468ddc892e1ef76a9b6fa936c932d,866444a2eff366b308994ee945c5f99ff98bba671982602458d1e18e9ec00a6e,6d158ff67ffa77b2e0fe469992417454e1202601d9b5e123672c849e75c441ad,4474505236012180184,1595365199480593265,32,False
