aio_path,bytes,canonical_stem,domain,order,prior_phase_overlap,representative,role,sha256,single_path,source_path,stem
E:\UNSB_Expl\UNSB_HEADFIGURE_SIXDOMAIN_EXPANDED_20260824\data_views\aio\trainA\FoggyCityscapes__2458.png,215560,,FoggyCityscapes,0,,,trainA,bd71cf67ef47efbc66298ff116d6331228000aa022d72da44fd844f61934a2c9,E:\UNSB_Expl\UNSB_HEADFIGURE_SIXDOMAIN_EXPANDED_20260824\data_views\single\FoggyCityscapes\trainA\FoggyCityscapes__2458.png,E:\UNSB_abl\full_dataset\FoggyCityscapes\input\2458.png,2458
E:\UNSB_Expl\UNSB_HEADFIGURE_SIXDOMAIN_EXPANDED_20260824\data_views\aio\trainA\FoggyCityscapes__0396.png,208912,,FoggyCityscapes,1,,,trainA,1c9b86bdf527f1de196f13a2b21bf211b6a5ce8542d1a0408b8a14d7fdd8803c,E:\UNSB_Expl\UNSB_HEADFIGURE_SIXDOMAIN_EXPANDED_20260824\data_views\single\FoggyCityscapes\trainA\FoggyCityscapes__0396.png,E:\UNSB_abl\full_dataset\FoggyCityscapes\input\0396.png,0396
E:\UNSB_Expl\UNSB_HEADFIGURE_SIXDOMAIN_EXPANDED_20260824\data_views\aio\trainA\FoggyCityscapes__1802.png,192105,,FoggyCityscapes,2,,,trainA,0abed6ca8f53222f55437a202abf8073dc7e709b89f9bbe0d02f674a389f1c9d,E:\UNSB_Expl\UNSB_HEADFIGURE_SIXDOMAIN_EXPANDED_20260824\data_views\single\FoggyCityscapes\trainA\FoggyCityscapes__1802.png,E:\UNSB_abl\full_dataset\FoggyCityscapes\input\1802.png,1802
E:\UNSB_Expl\UNSB_HEADFIGURE_SIXDOMAIN_EXPANDED_20260824\data_views\aio\trainA\FoggyCityscapes__2583.png,198384,,FoggyCityscapes,3,,,trainA,86e6727ef3d75b7c072e0c5b54a5f7da1cd4af25d1231e50a29cee119c2636c0,E:\UNSB_Expl\UNSB_HEADFIGURE_SIXDOMAIN_EXPANDED_20260824\data_views\single\FoggyCityscapes\trainA\FoggyCityscapes__2583.png,E:\UNSB_abl\full_dataset\FoggyCityscapes\input\2583.png,2583
E:\UNSB_Expl\UNSB_HEADFIGURE_SIXDOMAIN_EXPANDED_20260824\data_views\aio\trainA\FoggyCityscapes__2996.png,191664,,FoggyCityscapes,4,,,trainA,789d61eeb32b2a2eb6934a027716342dac9eb697941b53a71609b76f5186d0a1,E:\UNSB_Expl\UNSB_HEADFIGURE_SIXDOMAIN_EXPANDED_20260824\data_views\single\FoggyCityscapes\trainA\FoggyCityscapes__2996.png,E:\UNSB_abl\full_dataset\FoggyCityscapes\input\2996.png,2996
E:\UNSB_Expl\UNSB_HEADFIGURE_SIXDOMAIN_EXPANDED_20260824\data_views\aio\trainA\FoggyCityscapes__0897.png,173957,,FoggyCityscapes,5,,,trainA,d97b51aefa02b7e5548bb2880cdf0783cacce0e6e2a41b2b251bbda4da1efcd7,E:\UNSB_Expl\UNSB_HEADFIGURE_SIXDOMAIN_EXPANDED_20260824\data_views\single\FoggyCityscapes\trainA\FoggyCityscapes__0897.png,E:\UNSB_abl\full_dataset\FoggyCityscapes\input\0897.png,0897
E:\UNSB_Expl\UNSB_HEADFIGURE_SIXDOMAIN_EXPANDED_20260824\data_views\aio\trainA\FoggyCityscapes__3260.png,205981,,FoggyCityscapes,6,,,trainA,98ef1fdf5d8b97f980e1455e95903ce637b40f1a9be8cf7b774398b61f0d972d,E:\UNSB_Expl\UNSB_HEADFIGURE_SIXDOMAIN_EXPANDED_20260824\data_views\single\FoggyCityscapes\trainA\FoggyCityscapes__3260.png,E:\UNSB_abl\full_dataset\FoggyCityscapes\input\3260.png,3260
E:\UNSB_Expl\UNSB_HEADFIGURE_SIXDOMAIN_EXPANDED_20260824\data_views\aio\trainA\FoggyCityscapes__3999.png,189545,,FoggyCityscapes,7,,,trainA,46c867128d724359eff7099be11b07f8e076f4f95943e29aefa04c0e3342c7cf,E:\UNSB_Expl\UNSB_HEADFIGURE_SIXDOMAIN_EXPANDED_20260824\data_views\single\FoggyCityscapes\trainA\FoggyCityscapes__3999.png,E:\UNSB_abl\full_dataset\FoggyCityscapes\input\3999.png,3999
E:\UNSB_Expl\UNSB_HEADFIGURE_SIXDOMAIN_EXPANDED_20260824\data_views\aio\trainA\FoggyCityscapes__4186.png,182655,,FoggyCityscapes,8,,,trainA,a9447cffdc0247cec650e2ddd3eb396d37a9b4fc90190b93cdf5c9c412667127,E:\UNSB_Expl\UNSB_HEADFIGURE_SIXDOMAIN_EXPANDED_20260824\data_views\single\FoggyCityscapes\trainA\FoggyCityscapes__4186.png,E:\UNSB_abl\full_dataset\FoggyCityscapes\input\4186.png,4186
E:\UNSB_Expl\UNSB_HEADFIGURE_SIXDOMAIN_EXPANDED_20260824\data_views\aio\trainA\FoggyCityscapes__0617.png,213203,,FoggyCityscapes,9,,,trainA,6c2d17f683bb865f6cd8123ae65640ba15b38c69463df569f37aaec948d59223,E:\UNSB_Expl\UNSB_HEADFIGURE_SIXDOMAIN_EXPANDED_20260824\data_views\single\FoggyCityscapes\trainA\FoggyCityscapes__0617.png,E:\UNSB_abl\full_dataset\FoggyCityscapes\input\0617.png,0617
E:\UNSB_Expl\UNSB_HEADFIGURE_SIXDOMAIN_EXPANDED_20260824\data_views\aio\trainA\FoggyCityscapes__2749.png,149499,,FoggyCityscapes,10,,,trainA,0df1cfa40979bae1cfab0ecd11d082fa96d4d2291c3e78d98006d6fd15f82b8c,E:\UNSB_Expl\UNSB_HEADFIGURE_SIXDOMAIN_EXPANDED_20260824\data_views\single\FoggyCityscapes\trainA\FoggyCityscapes__2749.png,E:\UNSB_abl\full_dataset\FoggyCityscapes\input\2749.png,2749
E:\UNSB_Expl\UNSB_HEADFIGURE_SIXDOMAIN_EXPANDED_20260824\data_views\aio\trainA\FoggyCityscapes__1155.png,206390,,FoggyCityscapes,11,,,trainA,c3d01dc98e3dd6ba40635e3704e1bb0d4b3622b7a5aef1b973aeea575c937b65,E:\UNSB_Expl\UNSB_HEADFIGURE_SIXDOMAIN_EXPANDED_20260824\data_views\single\FoggyCityscapes\trainA\FoggyCityscapes__1155.png,E:\UNSB_abl\full_dataset\FoggyCityscapes\input\1155.png,1155
E:\UNSB_Expl\UNSB_HEADFIGURE_SIXDOMAIN_EXPANDED_20260824\data_views\aio\trainA\FoggyCityscapes__1598.png,200166,,FoggyCityscapes,12,,,trainA,068d3926af7c6e8509728f23d43fe587f1477c888483e8c106a1f7605364dafc,E:\UNSB_Expl\UNSB_HEADFIGURE_SIXDOMAIN_EXPANDED_20260824\data_views\single\FoggyCityscapes\trainA\FoggyCityscapes__1598.png,E:\UNSB_abl\full_dataset\FoggyCityscapes\input\1598.png,1598
E:\UNSB_Expl\UNSB_HEADFIGURE_SIXDOMAIN_EXPANDED_20260824\data_views\aio\trainA\FoggyCityscapes__1230.png,191168,,FoggyCityscapes,13,,,trainA,7b2ab66e4361854612cafb8d5a4f264ee7f00a232dd4c93b33f9043d89cbe6b1,E:\UNSB_Expl\UNSB_HEADFIGURE_SIXDOMAIN_EXPANDED_20260824\data_views\single\FoggyCityscapes\trainA\FoggyCityscapes__1230.png,E:\UNSB_abl\full_dataset\FoggyCityscapes\input\1230.png,1230
E:\UNSB_Expl\UNSB_HEADFIGURE_SIXDOMAIN_EXPANDED_20260824\data_views\aio\trainA\FoggyCityscapes__2421.png,197205,,FoggyCityscapes,14,,,trainA,075e14eefbb619bc2579251619fc2d79d9865a2d17ce0cd72c4db2b70fddfe63,E:\UNSB_Expl\UNSB_HEADFIGURE_SIXDOMAIN_EXPANDED_20260824\data_views\single\FoggyCityscapes\trainA\FoggyCityscapes__2421.png,E:\UNSB_abl\full_dataset\FoggyCityscapes\input\2421.png,2421
E:\UNSB_Expl\UNSB_HEADFIGURE_SIXDOMAIN_EXPANDED_20260824\data_views\aio\trainA\FoggyCityscapes__1715.png,182626,,FoggyCityscapes,15,,,trainA,75c6952e4b63cb183233171f4233d9b615db5ad4655f18d1e8b58cf4892a5c8d,E:\UNSB_Expl\UNSB_HEADFIGURE_SIXDOMAIN_EXPANDED_20260824\data_views\single\FoggyCityscapes\trainA\FoggyCityscapes__1715.png,E:\UNSB_abl\full_dataset\FoggyCityscapes\input\1715.png,1715
E:\UNSB_Expl\UNSB_HEADFIGURE_SIXDOMAIN_EXPANDED_20260824\data_views\aio\trainA\FoggyCityscapes__3274.png,167298,,FoggyCityscapes,16,,,trainA,6b834dc7b81052311c3e3fca611ffa906ce3956af26bb5bedc52325ef29a5dbc,E:\UNSB_Expl\UNSB_HEADFIGURE_SIXDOMAIN_EXPANDED_20260824\data_views\single\FoggyCityscapes\trainA\FoggyCityscapes__3274.png,E:\UNSB_abl\full_dataset\FoggyCityscapes\input\3274.png,3274
E:\UNSB_Expl\UNSB_HEADFIGURE_SIXDOMAIN_EXPANDED_20260824\data_views\aio\trainA\FoggyCityscapes__3790.png,172698,,FoggyCityscapes,17,,,trainA,80485a6a1def4f28c784438f9844692fc8cb4165962320f0319cf5e79c7c9589,E:\UNSB_Expl\UNSB_HEADFIGURE_SIXDOMAIN_EXPANDED_20260824\data_views\single\FoggyCityscapes\trainA\FoggyCityscapes__3790.png,E:\UNSB_abl\full_dataset\FoggyCityscapes\input\3790.png,3790
E:\UNSB_Expl\UNSB_HEADFIGURE_SIXDOMAIN_EXPANDED_20260824\data_views\aio\trainA\FoggyCityscapes__3347.png,174783,,FoggyCityscapes,18,,,trainA,fee57ccf9e1333ff2d988ea97185d8efd01e6904f324427e82548d8c7b6d80e2,E:\UNSB_Expl\UNSB_HEADFIGURE_SIXDOMAIN_EXPANDED_20260824\data_views\single\FoggyCityscapes\trainA\FoggyCityscapes__3347.png,E:\UNSB_abl\full_dataset\FoggyCityscapes\input\3347.png,3347
E:\UNSB_Expl\UNSB_HEADFIGURE_SIXDOMAIN_EXPANDED_20260824\data_views\aio\trainA\FoggyCityscapes__1776.png,220708,,FoggyCityscapes,19,,,trainA,5916e1fad0564806078eb4ad19523ad2d995ed9d1a7efa009d30a780f00a208e,E:\UNSB_Expl\UNSB_HEADFIGURE_SIXDOMAIN_EXPANDED_20260824\data_views\single\FoggyCityscapes\trainA\FoggyCityscapes__1776.png,E:\UNSB_abl\full_dataset\FoggyCityscapes\input\1776.png,1776
E:\UNSB_Expl\UNSB_HEADFIGURE_SIXDOMAIN_EXPANDED_20260824\data_views\aio\trainA\FoggyCityscapes__4301.png,184205,,FoggyCityscapes,20,,,trainA,c889d25064599ba9c538fed2f979d8765ddfb71b7548e72027a50f89af2a0109,E:\UNSB_Expl\UNSB_HEADFIGURE_SIXDOMAIN_EXPANDED_20260824\data_views\single\FoggyCityscapes\trainA\FoggyCityscapes__4301.png,E:\UNSB_abl\full_dataset\FoggyCityscapes\input\4301.png,4301
E:\UNSB_Expl\UNSB_HEADFIGURE_SIXDOMAIN_EXPANDED_20260824\data_views\aio\trainA\FoggyCityscapes__2368.png,181189,,FoggyCityscapes,21,,,trainA,8a4ece46e8d04bb82d348e2f3ff6277402abae77a4760d0a3ede9f86a575339f,E:\UNSB_Expl\UNSB_HEADFIGURE_SIXDOMAIN_EXPANDED_20260824\data_views\single\FoggyCityscapes\trainA\FoggyCityscapes__2368.png,E:\UNSB_abl\full_dataset\FoggyCityscapes\input\2368.png,2368
E:\UNSB_Expl\UNSB_HEADFIGURE_SIXDOMAIN_EXPANDED_20260824\data_views\aio\trainA\FoggyCityscapes__2714.png,204788,,FoggyCityscapes,22,,,trainA,9779909636ef0399fedaad83b188cdc20cab96091aadc58b0c926134b8c95c20,E:\UNSB_Expl\UNSB_HEADFIGURE_SIXDOMAIN_EXPANDED_20260824\data_views\single\FoggyCityscapes\trainA\FoggyCityscapes__2714.png,E:\UNSB_abl\full_dataset\FoggyCityscapes\input\2714.png,2714
E:\UNSB_Expl\UNSB_HEADFIGURE_SIXDOMAIN_EXPANDED_20260824\data_views\aio\trainA\FoggyCityscapes__2393.png,176470,,FoggyCityscapes,23,,,trainA,fdcfaefd4a37ae28efd2fa70f69bdc0477b492123c77a729906a96dd4231769c,E:\UNSB_Expl\UNSB_HEADFIGURE_SIXDOMAIN_EXPANDED_20260824\data_views\single\FoggyCityscapes\trainA\FoggyCityscapes__2393.png,E:\UNSB_abl\full_dataset\FoggyCityscapes\input\2393.png,2393
E:\UNSB_Expl\UNSB_HEADFIGURE_SIXDOMAIN_EXPANDED_20260824\data_views\aio\trainA\FoggyCityscapes__1953.png,148843,,FoggyCityscapes,24,,,trainA,36654661aa04805018738a4f68e5b86e8ab0fc2532e132c4cd25182228386ce1,E:\UNSB_Expl\UNSB_HEADFIGURE_SIXDOMAIN_EXPANDED_20260824\data_views\single\FoggyCityscapes\trainA\FoggyCityscapes__1953.png,E:\UNSB_abl\full_dataset\FoggyCityscapes\input\1953.png,1953
E:\UNSB_Expl\UNSB_HEADFIGURE_SIXDOMAIN_EXPANDED_20260824\data_views\aio\trainA\FoggyCityscapes__4481.png,193931,,FoggyCityscapes,25,,,trainA,715f75ecf6361b22f9cb57ee5dd0229606c452d019b6dddd45a07aaf37fedd89,E:\UNSB_Expl\UNSB_HEADFIGURE_SIXDOMAIN_EXPANDED_20260824\data_views\single\FoggyCityscapes\trainA\FoggyCityscapes__4481.png,E:\UNSB_abl\full_dataset\FoggyCityscapes\input\4481.png,4481
E:\UNSB_Expl\UNSB_HEADFIGURE_SIXDOMAIN_EXPANDED_20260824\data_views\aio\trainA\FoggyCityscapes__1708.png,217824,,FoggyCityscapes,26,,,trainA,cd93136c5c0c068317eb6c6e058be9225d3f174045edcd728c2f5666cfe8b195,E:\UNSB_Expl\UNSB_HEADFIGURE_SIXDOMAIN_EXPANDED_20260824\data_views\single\FoggyCityscapes\trainA\FoggyCityscapes__1708.png,E:\UNSB_abl\full_dataset\FoggyCityscapes\input\1708.png,1708
E:\UNSB_Expl\UNSB_HEADFIGURE_SIXDOMAIN_EXPANDED_20260824\data_views\aio\trainA\FoggyCityscapes__2988.png,193055,,FoggyCityscapes,27,,,trainA,be0bc0759e5ffd4293a1416d371fe5c86be06e010b6511f626ab113ef7a8387d,E:\UNSB_Expl\UNSB_HEADFIGURE_SIXDOMAIN_EXPANDED_20260824\data_views\single\FoggyCityscapes\trainA\FoggyCityscapes__2988.png,E:\UNSB_abl\full_dataset\FoggyCityscapes\input\2988.png,2988
E:\UNSB_Expl\UNSB_HEADFIGURE_SIXDOMAIN_EXPANDED_20260824\data_views\aio\trainA\FoggyCityscapes__4293.png,227519,,FoggyCityscapes,28,,,trainA,8e49d8c9fbe1886815aebdb50d4ad567c0b2583de560053f1fa5f6908a70b00a,E:\UNSB_Expl\UNSB_HEADFIGURE_SIXDOMAIN_EXPANDED_20260824\data_views\single\FoggyCityscapes\trainA\FoggyCityscapes__4293.png,E:\UNSB_abl\full_dataset\FoggyCityscapes\input\4293.png,4293
E:\UNSB_Expl\UNSB_HEADFIGURE_SIXDOMAIN_EXPANDED_20260824\data_views\aio\trainA\FoggyCityscapes__3882.png,181939,,FoggyCityscapes,29,,,trainA,f66d0dc15cd8dc56988250c73b14ca62ac5a3daedc09c93806060655c2ae7385,E:\UNSB_Expl\UNSB_HEADFIGURE_SIXDOMAIN_EXPANDED_20260824\data_views\single\FoggyCityscapes\trainA\FoggyCityscapes__3882.png,E:\UNSB_abl\full_dataset\FoggyCityscapes\input\3882.png,3882
E:\UNSB_Expl\UNSB_HEADFIGURE_SIXDOMAIN_EXPANDED_20260824\data_views\aio\trainA\FoggyCityscapes__3078.png,189125,,FoggyCityscapes,30,,,trainA,48003a73fe66e518dc4141bf0dc56efb015ed0bf2f5ffffb6778c8a4571e94a6,E:\UNSB_Expl\UNSB_HEADFIGURE_SIXDOMAIN_EXPANDED_20260824\data_views\single\FoggyCityscapes\trainA\FoggyCityscapes__3078.png,E:\UNSB_abl\full_dataset\FoggyCityscapes\input\3078.png,3078
E:\UNSB_Expl\UNSB_HEADFIGURE_SIXDOMAIN_EXPANDED_20260824\data_views\aio\trainA\FoggyCityscapes__2312.png,223404,,FoggyCityscapes,31,,,trainA,e59d74f91de869c107882abb96e11cef366a8c89a81b1d19933d72be3f32557c,E:\UNSB_Expl\UNSB_HEADFIGURE_SIXDOMAIN_EXPANDED_20260824\data_views\single\FoggyCityscapes\trainA\FoggyCityscapes__2312.png,E:\UNSB_abl\full_dataset\FoggyCityscapes\input\2312.png,2312
E:\UNSB_Expl\UNSB_HEADFIGURE_SIXDOMAIN_EXPANDED_20260824\data_views\aio\trainA\FoggyCityscapes__4303.png,130521,,FoggyCityscapes,32,,,trainA,a0c982f898f56c1ed1fbbe114ff3a948f43b59172b294237e214eec4dcd61f3e,E:\UNSB_Expl\UNSB_HEADFIGURE_SIXDOMAIN_EXPANDED_20260824\data_views\single\FoggyCityscapes\trainA\FoggyCityscapes__4303.png,E:\UNSB_abl\full_dataset\FoggyCityscapes\input\4303.png,4303
E:\UNSB_Expl\UNSB_HEADFIGURE_SIXDOMAIN_EXPANDED_20260824\data_views\aio\trainA\FoggyCityscapes__2908.png,164461,,FoggyCityscapes,33,,,trainA,8cfe637575bb417603a4c0d43b7281ee836052348688fec94823eb07605b564b,E:\UNSB_Expl\UNSB_HEADFIGURE_SIXDOMAIN_EXPANDED_20260824\data_views\single\FoggyCityscapes\trainA\FoggyCityscapes__2908.png,E:\UNSB_abl\full_dataset\FoggyCityscapes\input\2908.png,2908
E:\UNSB_Expl\UNSB_HEADFIGURE_SIXDOMAIN_EXPANDED_20260824\data_views\aio\trainA\FoggyCityscapes__2062.png,194150,,FoggyCityscapes,34,,,trainA,f5d168201e0ccddb758eb2da035c9e544416e1a0db8313a8c3c8c46d4a6801d3,E:\UNSB_Expl\UNSB_HEADFIGURE_SIXDOMAIN_EXPANDED_20260824\data_views\single\FoggyCityscapes\trainA\FoggyCityscapes__2062.png,E:\UNSB_abl\full_dataset\FoggyCityscapes\input\2062.png,2062
E:\UNSB_Expl\UNSB_HEADFIGURE_SIXDOMAIN_EXPANDED_20260824\data_views\aio\trainA\FoggyCityscapes__0901.png,175444,,FoggyCityscapes,35,,,trainA,b26a17d80f4413810778e63247bdbed7a915bad674b8c5ba36427ebb6b7b0f17,E:\UNSB_Expl\UNSB_HEADFIGURE_SIXDOMAIN_EXPANDED_20260824\data_views\single\FoggyCityscapes\trainA\FoggyCityscapes__0901.png,E:\UNSB_abl\full_dataset\FoggyCityscapes\input\0901.png,0901
E:\UNSB_Expl\UNSB_HEADFIGURE_SIXDOMAIN_EXPANDED_20260824\data_views\aio\trainA\FoggyCityscapes__0637.png,175746,,FoggyCityscapes,36,,,trainA,13eefa2e5395e987ab3c33da1a3b39a869d3ceac8397ab4890fd3eed851ea502,E:\UNSB_Expl\UNSB_HEADFIGURE_SIXDOMAIN_EXPANDED_20260824\data_views\single\FoggyCityscapes\trainA\FoggyCityscapes__0637.png,E:\UNSB_abl\full_dataset\FoggyCityscapes\input\0637.png,0637
E:\UNSB_Expl\UNSB_HEADFIGURE_SIXDOMAIN_EXPANDED_20260824\data_views\aio\trainA\FoggyCityscapes__0661.png,205248,,FoggyCityscapes,37,,,trainA,0b30dc4e08f195c40c70cdebfafa1240370c64d08d7e335703b22e1aee87e13d,E:\UNSB_Expl\UNSB_HEADFIGURE_SIXDOMAIN_EXPANDED_20260824\data_views\single\FoggyCityscapes\trainA\FoggyCityscapes__0661.png,E:\UNSB_abl\full_dataset\FoggyCityscapes\input\0661.png,0661
E:\UNSB_Expl\UNSB_HEADFIGURE_SIXDOMAIN_EXPANDED_20260824\data_views\aio\trainA\FoggyCityscapes__4352.png,137912,,FoggyCityscapes,38,,,trainA,dd3e172e83affe41467f1f594807635a6fd5e5d080471d092041fdb6216f4d79,E:\UNSB_Expl\UNSB_HEADFIGURE_SIXDOMAIN_EXPANDED_20260824\data_views\single\FoggyCityscapes\trainA\FoggyCityscapes__4352.png,E:\UNSB_abl\full_dataset\FoggyCityscapes\input\4352.png,4352
E:\UNSB_Expl\UNSB_HEADFIGURE_SIXDOMAIN_EXPANDED_20260824\data_views\aio\trainA\FoggyCityscapes__0615.png,200994,,FoggyCityscapes,39,,,trainA,f5f6b9620b4859cc2cd540853a17ff80541224bfc17d24fb57d91c1a905bf517,E:\UNSB_Expl\UNSB_HEADFIGURE_SIXDOMAIN_EXPANDED_20260824\data_views\single\FoggyCityscapes\trainA\FoggyCityscapes__0615.png,E:\UNSB_abl\full_dataset\FoggyCityscapes\input\0615.png,0615
E:\UNSB_Expl\UNSB_HEADFIGURE_SIXDOMAIN_EXPANDED_20260824\data_views\aio\trainA\FoggyCityscapes__2037.png,165236,,FoggyCityscapes,40,,,trainA,45ccd6048bd7b4fbce523b789d928f1a4833c043a9e4fe8016ba8123f7a9fdaa,E:\UNSB_Expl\UNSB_HEADFIGURE_SIXDOMAIN_EXPANDED_20260824\data_views\single\FoggyCityscapes\trainA\FoggyCityscapes__2037.png,E:\UNSB_abl\full_dataset\FoggyCityscapes\input\2037.png,2037
E:\UNSB_Expl\UNSB_HEADFIGURE_SIXDOMAIN_EXPANDED_20260824\data_views\aio\trainA\FoggyCityscapes__0510.png,212441,,FoggyCityscapes,41,,,trainA,46c98670aca8a285117a7b23573a63f3caaf46d2f3d38b98f98f4735f127f18a,E:\UNSB_Expl\UNSB_HEADFIGURE_SIXDOMAIN_EXPANDED_20260824\data_views\single\FoggyCityscapes\trainA\FoggyCityscapes__0510.png,E:\UNSB_abl\full_dataset\FoggyCityscapes\input\0510.png,0510
E:\UNSB_Expl\UNSB_HEADFIGURE_SIXDOMAIN_EXPANDED_20260824\data_views\aio\trainA\FoggyCityscapes__3365.png,216768,,FoggyCityscapes,42,,,trainA,d51a654120d8e1c8863eda950434c242a1374beaa97bb111df4d4a663ccc244d,E:\UNSB_Expl\UNSB_HEADFIGURE_SIXDOMAIN_EXPANDED_20260824\data_views\single\FoggyCityscapes\trainA\FoggyCityscapes__3365.png,E:\UNSB_abl\full_dataset\FoggyCityscapes\input\3365.png,3365
E:\UNSB_Expl\UNSB_HEADFIGURE_SIXDOMAIN_EXPANDED_20260824\data_views\aio\trainA\FoggyCityscapes__3140.png,197171,,FoggyCityscapes,43,,,trainA,201256bfa3cdab51b9eaa8d2dd0593311b1155c9238185220805584e334c0ad4,E:\UNSB_Expl\UNSB_HEADFIGURE_SIXDOMAIN_EXPANDED_20260824\data_views\single\FoggyCityscapes\trainA\FoggyCityscapes__3140.png,E:\UNSB_abl\full_dataset\FoggyCityscapes\input\3140.png,3140
E:\UNSB_Expl\UNSB_HEADFIGURE_SIXDOMAIN_EXPANDED_20260824\data_views\aio\trainA\FoggyCityscapes__1518.png,209781,,FoggyCityscapes,44,,,trainA,a7a4f544a819ce71b6c06b06b1c31ba69d4099d552ac74c96b61e3834d2240f3,E:\UNSB_Expl\UNSB_HEADFIGURE_SIXDOMAIN_EXPANDED_20260824\data_views\single\FoggyCityscapes\trainA\FoggyCityscapes__1518.png,E:\UNSB_abl\full_dataset\FoggyCityscapes\input\1518.png,1518
E:\UNSB_Expl\UNSB_HEADFIGURE_SIXDOMAIN_EXPANDED_20260824\data_views\aio\trainA\FoggyCityscapes__1171.png,194335,,FoggyCityscapes,45,,,trainA,b044c9723835307229cd06d0d88568fcea3c61eca9a8da7f57ca31013475090d,E:\UNSB_Expl\UNSB_HEADFIGURE_SIXDOMAIN_EXPANDED_20260824\data_views\single\FoggyCityscapes\trainA\FoggyCityscapes__1171.png,E:\UNSB_abl\full_dataset\FoggyCityscapes\input\1171.png,1171
E:\UNSB_Expl\UNSB_HEADFIGURE_SIXDOMAIN_EXPANDED_20260824\data_views\aio\trainA\FoggyCityscapes__0591.png,202026,,FoggyCityscapes,46,,,trainA,65997e570ee53e00c47cbe88a2890f988458b40d93f8e2ab3f843fcb7c89c4ea,E:\UNSB_Expl\UNSB_HEADFIGURE_SIXDOMAIN_EXPANDED_20260824\data_views\single\FoggyCityscapes\trainA\FoggyCityscapes__0591.png,E:\UNSB_abl\full_dataset\FoggyCityscapes\input\0591.png,0591
E:\UNSB_Expl\UNSB_HEADFIGURE_SIXDOMAIN_EXPANDED_20260824\data_views\aio\trainA\FoggyCityscapes__2670.png,166990,,FoggyCityscapes,47,,,trainA,36f3d1f9fa8620572057e4abe40c86f00fb8928795a337f61c15393b2c108dfb,E:\UNSB_Expl\UNSB_HEADFIGURE_SIXDOMAIN_EXPANDED_20260824\data_views\single\FoggyCityscapes\trainA\FoggyCityscapes__2670.png,E:\UNSB_abl\full_dataset\FoggyCityscapes\input\2670.png,2670
E:\UNSB_Expl\UNSB_HEADFIGURE_SIXDOMAIN_EXPANDED_20260824\data_views\aio\trainA\FoggyCityscapes__3132.png,204491,,FoggyCityscapes,48,,,trainA,d6fd5bc97d28992f5e48632ccbaef3eab04f5949183add758c069b20dbf306ac,E:\UNSB_Expl\UNSB_HEADFIGURE_SIXDOMAIN_EXPANDED_20260824\data_views\single\FoggyCityscapes\trainA\FoggyCityscapes__3132.png,E:\UNSB_abl\full_dataset\FoggyCityscapes\input\3132.png,3132
E:\UNSB_Expl\UNSB_HEADFIGURE_SIXDOMAIN_EXPANDED_20260824\data_views\aio\trainA\FoggyCityscapes__3747.png,204435,,FoggyCityscapes,49,,,trainA,0ceba8f205fe59a54184c273dc99a942453c8ca878d4e61c8d260927b612c9ad,E:\UNSB_Expl\UNSB_HEADFIGURE_SIXDOMAIN_EXPANDED_20260824\data_views\single\FoggyCityscapes\trainA\FoggyCityscapes__3747.png,E:\UNSB_abl\full_dataset\FoggyCityscapes\input\3747.png,3747
E:\UNSB_Expl\UNSB_HEADFIGURE_SIXDOMAIN_EXPANDED_20260824\data_views\aio\trainA\FoggyCityscapes__0702.png,156625,,FoggyCityscapes,50,,,trainA,e2f9e6f7b4699b7adec37deb2b03304d3894ad8184e2ad37fcd1c5d718012b3a,E:\UNSB_Expl\UNSB_HEADFIGURE_SIXDOMAIN_EXPANDED_20260824\data_views\single\FoggyCityscapes\trainA\FoggyCityscapes__0702.png,E:\UNSB_abl\full_dataset\FoggyCityscapes\input\0702.png,0702
E:\UNSB_Expl\UNSB_HEADFIGURE_SIXDOMAIN_EXPANDED_20260824\data_views\aio\trainA\FoggyCityscapes__0694.png,191250,,FoggyCityscapes,51,,,trainA,5fee577e1bbc62ad767b1d3922a063c510678248217bd9913ba05c477fb728e2,E:\UNSB_Expl\UNSB_HEADFIGURE_SIXDOMAIN_EXPANDED_20260824\data_views\single\FoggyCityscapes\trainA\FoggyCityscapes__0694.png,E:\UNSB_abl\full_dataset\FoggyCityscapes\input\0694.png,0694
E:\UNSB_Expl\UNSB_HEADFIGURE_SIXDOMAIN_EXPANDED_20260824\data_views\aio\trainA\FoggyCityscapes__0974.png,181324,,FoggyCityscapes,52,,,trainA,552b8549b7175a6266c947533ec3f0d67530a92cb0cff8e12081f1059b591ff2,E:\UNSB_Expl\UNSB_HEADFIGURE_SIXDOMAIN_EXPANDED_20260824\data_views\single\FoggyCityscapes\trainA\FoggyCityscapes__0974.png,E:\UNSB_abl\full_dataset\FoggyCityscapes\input\0974.png,0974
E:\UNSB_Expl\UNSB_HEADFIGURE_SIXDOMAIN_EXPANDED_20260824\data_views\aio\trainA\FoggyCityscapes__1245.png,171506,,FoggyCityscapes,53,,,trainA,5e3a206e57564ae8aba9a584ea85343a9557ac47c18c416b3af856c707cde288,E:\UNSB_Expl\UNSB_HEADFIGURE_SIXDOMAIN_EXPANDED_20260824\data_views\single\FoggyCityscapes\trainA\FoggyCityscapes__1245.png,E:\UNSB_abl\full_dataset\FoggyCityscapes\input\1245.png,1245
E:\UNSB_Expl\UNSB_HEADFIGURE_SIXDOMAIN_EXPANDED_20260824\data_views\aio\trainA\FoggyCityscapes__0182.png,171278,,FoggyCityscapes,54,,,trainA,525e23d36d1bebc542d3d7b3e5ae23e30e8e9bc3384e6a90a373a67f2bdd45f6,E:\UNSB_Expl\UNSB_HEADFIGURE_SIXDOMAIN_EXPANDED_20260824\data_views\single\FoggyCityscapes\trainA\FoggyCityscapes__0182.png,E:\UNSB_abl\full_dataset\FoggyCityscapes\input\0182.png,0182
E:\UNSB_Expl\UNSB_HEADFIGURE_SIXDOMAIN_EXPANDED_20260824\data_views\aio\trainA\FoggyCityscapes__1183.png,175254,,FoggyCityscapes,55,,,trainA,baeb93dbab1871fbc58a72e6565680b8fffbcdbd3cfae1d8e48e06872000fea0,E:\UNSB_Expl\UNSB_HEADFIGURE_SIXDOMAIN_EXPANDED_20260824\data_views\single\FoggyCityscapes\trainA\FoggyCityscapes__1183.png,E:\UNSB_abl\full_dataset\FoggyCityscapes\input\1183.png,1183
E:\UNSB_Expl\UNSB_HEADFIGURE_SIXDOMAIN_EXPANDED_20260824\data_views\aio\trainA\FoggyCityscapes__0414.png,179504,,FoggyCityscapes,56,,,trainA,2c2f341086637d3bffa6e458f58cb7f956c01b8de5c4a8dd2bdf94139a9571c5,E:\UNSB_Expl\UNSB_HEADFIGURE_SIXDOMAIN_EXPANDED_20260824\data_views\single\FoggyCityscapes\trainA\FoggyCityscapes__0414.png,E:\UNSB_abl\full_dataset\FoggyCityscapes\input\0414.png,0414
E:\UNSB_Expl\UNSB_HEADFIGURE_SIXDOMAIN_EXPANDED_20260824\data_views\aio\trainA\FoggyCityscapes__0902.png,199871,,FoggyCityscapes,57,,,trainA,de5c5eee4290312a6791e44c8920f20b56c77882deb02f0351d5edf893427126,E:\UNSB_Expl\UNSB_HEADFIGURE_SIXDOMAIN_EXPANDED_20260824\data_views\single\FoggyCityscapes\trainA\FoggyCityscapes__0902.png,E:\UNSB_abl\full_dataset\FoggyCityscapes\input\0902.png,0902
E:\UNSB_Expl\UNSB_HEADFIGURE_SIXDOMAIN_EXPANDED_20260824\data_views\aio\trainA\FoggyCityscapes__1822.png,180382,,FoggyCityscapes,58,,,trainA,68d4b20775ccf3443e6a351fa067f6ded32da65a568cb381febe42f5da011c7c,E:\UNSB_Expl\UNSB_HEADFIGURE_SIXDOMAIN_EXPANDED_20260824\data_views\single\FoggyCityscapes\trainA\FoggyCityscapes__1822.png,E:\UNSB_abl\full_dataset\FoggyCityscapes\input\1822.png,1822
E:\UNSB_Expl\UNSB_HEADFIGURE_SIXDOMAIN_EXPANDED_20260824\data_views\aio\trainA\FoggyCityscapes__0631.png,183945,,FoggyCityscapes,59,,,trainA,e1780fd9e70afa62b38e06659d817a2b2af0d30a6013ae3e4adf8bf084c1a03c,E:\UNSB_Expl\UNSB_HEADFIGURE_SIXDOMAIN_EXPANDED_20260824\data_views\single\FoggyCityscapes\trainA\FoggyCityscapes__0631.png,E:\UNSB_abl\full_dataset\FoggyCityscapes\input\0631.png,0631
E:\UNSB_Expl\UNSB_HEADFIGURE_SIXDOMAIN_EXPANDED_20260824\data_views\aio\trainA\FoggyCityscapes__4232.png,182732,,FoggyCityscapes,60,,,trainA,fd368112511e7f30f2327c2080a32ae604a5a5ddfaf37769f2690d7b6559804f,E:\UNSB_Expl\UNSB_HEADFIGURE_SIXDOMAIN_EXPANDED_20260824\data_views\single\FoggyCityscapes\trainA\FoggyCityscapes__4232.png,E:\UNSB_abl\full_dataset\FoggyCityscapes\input\4232.png,4232
E:\UNSB_Expl\UNSB_HEADFIGURE_SIXDOMAIN_EXPANDED_20260824\data_views\aio\trainA\FoggyCityscapes__0262.png,178148,,FoggyCityscapes,61,,,trainA,91db7fd8446c0e6541addd5d2a19c278724b7f2f31ec6c7b8ce4d859ef3aad55,E:\UNSB_Expl\UNSB_HEADFIGURE_SIXDOMAIN_EXPANDED_20260824\data_views\single\FoggyCityscapes\trainA\FoggyCityscapes__0262.png,E:\UNSB_abl\full_dataset\FoggyCityscapes\input\0262.png,0262
E:\UNSB_Expl\UNSB_HEADFIGURE_SIXDOMAIN_EXPANDED_20260824\data_views\aio\trainA\FoggyCityscapes__0352.png,188616,,FoggyCityscapes,62,,,trainA,9a40fffcd800c7da8b0d63f21bc232bdb9ebb3a7ea5885fa7d79efd8b9e1be3a,E:\UNSB_Expl\UNSB_HEADFIGURE_SIXDOMAIN_EXPANDED_20260824\data_views\single\FoggyCityscapes\trainA\FoggyCityscapes__0352.png,E:\UNSB_abl\full_dataset\FoggyCityscapes\input\0352.png,0352
E:\UNSB_Expl\UNSB_HEADFIGURE_SIXDOMAIN_EXPANDED_20260824\data_views\aio\trainA\FoggyCityscapes__3440.png,196656,,FoggyCityscapes,63,,,trainA,4a6e71044c5c62271b21bcd5c9224d5a879f11b33be863714aa8c40b3d82dbb4,E:\UNSB_Expl\UNSB_HEADFIGURE_SIXDOMAIN_EXPANDED_20260824\data_views\single\FoggyCityscapes\trainA\FoggyCityscapes__3440.png,E:\UNSB_abl\full_dataset\FoggyCityscapes\input\3440.png,3440
E:\UNSB_Expl\UNSB_HEADFIGURE_SIXDOMAIN_EXPANDED_20260824\data_views\aio\trainA\FoggyCityscapes__1707.png,231862,,FoggyCityscapes,64,,,trainA,6af7642216679d12bde7364f0135c6fff05464b7f9f7695a3321532d27cf1081,E:\UNSB_Expl\UNSB_HEADFIGURE_SIXDOMAIN_EXPANDED_20260824\data_views\single\FoggyCityscapes\trainA\FoggyCityscapes__1707.png,E:\UNSB_abl\full_dataset\FoggyCityscapes\input\1707.png,1707
E:\UNSB_Expl\UNSB_HEADFIGURE_SIXDOMAIN_EXPANDED_20260824\data_views\aio\trainA\FoggyCityscapes__1549.png,186190,,FoggyCityscapes,65,,,trainA,50bf2cfc9c48a2f4e5141ef58943a7fa2da3937fd2184161491e53b69efa839f,E:\UNSB_Expl\UNSB_HEADFIGURE_SIXDOMAIN_EXPANDED_20260824\data_views\single\FoggyCityscapes\trainA\FoggyCityscapes__1549.png,E:\UNSB_abl\full_dataset\FoggyCityscapes\input\1549.png,1549
E:\UNSB_Expl\UNSB_HEADFIGURE_SIXDOMAIN_EXPANDED_20260824\data_views\aio\trainA\FoggyCityscapes__2283.png,232379,,FoggyCityscapes,66,,,trainA,18de3f71589246b8d0db4abce0e436b4182f0d166213bbe38ed4fffa2f410b4b,E:\UNSB_Expl\UNSB_HEADFIGURE_SIXDOMAIN_EXPANDED_20260824\data_views\single\FoggyCityscapes\trainA\FoggyCityscapes__2283.png,E:\UNSB_abl\full_dataset\FoggyCityscapes\input\2283.png,2283
E:\UNSB_Expl\UNSB_HEADFIGURE_SIXDOMAIN_EXPANDED_20260824\data_views\aio\trainA\FoggyCityscapes__3124.png,147450,,FoggyCityscapes,67,,,trainA,6e8355f5a8d644e689cb4c539ffe5e41d159163cb385ff89751ff05278d2f5df,E:\UNSB_Expl\UNSB_HEADFIGURE_SIXDOMAIN_EXPANDED_20260824\data_views\single\FoggyCityscapes\trainA\FoggyCityscapes__3124.png,E:\UNSB_abl\full_dataset\FoggyCityscapes\input\3124.png,3124
E:\UNSB_Expl\UNSB_HEADFIGURE_SIXDOMAIN_EXPANDED_20260824\data_views\aio\trainA\FoggyCityscapes__1426.png,186518,,FoggyCityscapes,68,,,trainA,6e131b793ac0dac6495b3f2e0b90793c26be8fb204c2969ec640971698227fde,E:\UNSB_Expl\UNSB_HEADFIGURE_SIXDOMAIN_EXPANDED_20260824\data_views\single\FoggyCityscapes\trainA\FoggyCityscapes__1426.png,E:\UNSB_abl\full_dataset\FoggyCityscapes\input\1426.png,1426
E:\UNSB_Expl\UNSB_HEADFIGURE_SIXDOMAIN_EXPANDED_20260824\data_views\aio\trainA\FoggyCityscapes__3709.png,214665,,FoggyCityscapes,69,,,trainA,35a1d7c78489bcb295f438f95dda4bf971d96a408aaaba4ab565b0a232608f57,E:\UNSB_Expl\UNSB_HEADFIGURE_SIXDOMAIN_EXPANDED_20260824\data_views\single\FoggyCityscapes\trainA\FoggyCityscapes__3709.png,E:\UNSB_abl\full_dataset\FoggyCityscapes\input\3709.png,3709
E:\UNSB_Expl\UNSB_HEADFIGURE_SIXDOMAIN_EXPANDED_20260824\data_views\aio\trainA\FoggyCityscapes__1683.png,186228,,FoggyCityscapes,70,,,trainA,6540844c3f1ca15053337871ce0a798c02dcddaf5780d7f84596b474c3188e0c,E:\UNSB_Expl\UNSB_HEADFIGURE_SIXDOMAIN_EXPANDED_20260824\data_views\single\FoggyCityscapes\trainA\FoggyCityscapes__1683.png,E:\UNSB_abl\full_dataset\FoggyCityscapes\input\1683.png,1683
E:\UNSB_Expl\UNSB_HEADFIGURE_SIXDOMAIN_EXPANDED_20260824\data_views\aio\trainA\FoggyCityscapes__2761.png,180889,,FoggyCityscapes,71,,,trainA,4c4f8684ee403d90e434256ddb033dfa4803956cf906960a9f500516722ada02,E:\UNSB_Expl\UNSB_HEADFIGURE_SIXDOMAIN_EXPANDED_20260824\data_views\single\FoggyCityscapes\trainA\FoggyCityscapes__2761.png,E:\UNSB_abl\full_dataset\FoggyCityscapes\input\2761.png,2761
E:\UNSB_Expl\UNSB_HEADFIGURE_SIXDOMAIN_EXPANDED_20260824\data_views\aio\trainA\FoggyCityscapes__4379.png,195756,,FoggyCityscapes,72,,,trainA,8d9b395e966ee4f138cbc503218b5942530f18219664442e76cdb46866d4a49a,E:\UNSB_Expl\UNSB_HEADFIGURE_SIXDOMAIN_EXPANDED_20260824\data_views\single\FoggyCityscapes\trainA\FoggyCityscapes__4379.png,E:\UNSB_abl\full_dataset\FoggyCityscapes\input\4379.png,4379
E:\UNSB_Expl\UNSB_HEADFIGURE_SIXDOMAIN_EXPANDED_20260824\data_views\aio\trainA\FoggyCityscapes__0253.png,217902,,FoggyCityscapes,73,,,trainA,958a25fbc2fb4f20a588abee67328d1f210c4c05f497f746727dcaf2b9b3bdc6,E:\UNSB_Expl\UNSB_HEADFIGURE_SIXDOMAIN_EXPANDED_20260824\data_views\single\FoggyCityscapes\trainA\FoggyCityscapes__0253.png,E:\UNSB_abl\full_dataset\FoggyCityscapes\input\0253.png,0253
E:\UNSB_Expl\UNSB_HEADFIGURE_SIXDOMAIN_EXPANDED_20260824\data_views\aio\trainA\FoggyCityscapes__1853.png,165865,,FoggyCityscapes,74,,,trainA,ae893b5218e5b59d9912075eed1ff5dfee25d3f1cfd5fb0582315de0e650fbd7,E:\UNSB_Expl\UNSB_HEADFIGURE_SIXDOMAIN_EXPANDED_20260824\data_views\single\FoggyCityscapes\trainA\FoggyCityscapes__1853.png,E:\UNSB_abl\full_dataset\FoggyCityscapes\input\1853.png,1853
E:\UNSB_Expl\UNSB_HEADFIGURE_SIXDOMAIN_EXPANDED_20260824\data_views\aio\trainA\FoggyCityscapes__2651.png,148403,,FoggyCityscapes,75,,,trainA,eddf9edd151c05a30742f9fa892353614f376f851532fd9448660ae9f9116f4e,E:\UNSB_Expl\UNSB_HEADFIGURE_SIXDOMAIN_EXPANDED_20260824\data_views\single\FoggyCityscapes\trainA\FoggyCityscapes__2651.png,E:\UNSB_abl\full_dataset\FoggyCityscapes\input\2651.png,2651
E:\UNSB_Expl\UNSB_HEADFIGURE_SIXDOMAIN_EXPANDED_20260824\data_views\aio\trainA\FoggyCityscapes__3005.png,150558,,FoggyCityscapes,76,,,trainA,49ab67027b56d1cf85505adb995b2a9afb0b61a3ead232811e7ab70afefafa65,E:\UNSB_Expl\UNSB_HEADFIGURE_SIXDOMAIN_EXPANDED_20260824\data_views\single\FoggyCityscapes\trainA\FoggyCityscapes__3005.png,E:\UNSB_abl\full_dataset\FoggyCityscapes\input\3005.png,3005
E:\UNSB_Expl\UNSB_HEADFIGURE_SIXDOMAIN_EXPANDED_20260824\data_views\aio\trainA\FoggyCityscapes__1570.png,220145,,FoggyCityscapes,77,,,trainA,ce60130f9b2ad806d895b43bf4c72fc723372187cad8233e756c35d9f8babe57,E:\UNSB_Expl\UNSB_HEADFIGURE_SIXDOMAIN_EXPANDED_20260824\data_views\single\FoggyCityscapes\trainA\FoggyCityscapes__1570.png,E:\UNSB_abl\full_dataset\FoggyCityscapes\input\1570.png,1570
E:\UNSB_Expl\UNSB_HEADFIGURE_SIXDOMAIN_EXPANDED_20260824\data_views\aio\trainA\FoggyCityscapes__3629.png,208070,,FoggyCityscapes,78,,,trainA,6f8d5b1fc85cb698ba55eaea4b89ae0a8320b9c2a231053e7f078af96d2195e3,E:\UNSB_Expl\UNSB_HEADFIGURE_SIXDOMAIN_EXPANDED_20260824\data_views\single\FoggyCityscapes\trainA\FoggyCityscapes__3629.png,E:\UNSB_abl\full_dataset\FoggyCityscapes\input\3629.png,3629
E:\UNSB_Expl\UNSB_HEADFIGURE_SIXDOMAIN_EXPANDED_20260824\data_views\aio\trainA\FoggyCityscapes__1273.png,219808,,FoggyCityscapes,79,,,trainA,61287eb8bc4277fba1fbcbc82a462167120ad21db7b8f7ef7b13d19a45caec0b,E:\UNSB_Expl\UNSB_HEADFIGURE_SIXDOMAIN_EXPANDED_20260824\data_views\single\FoggyCityscapes\trainA\FoggyCityscapes__1273.png,E:\UNSB_abl\full_dataset\FoggyCityscapes\input\1273.png,1273
E:\UNSB_Expl\UNSB_HEADFIGURE_SIXDOMAIN_EXPANDED_20260824\data_views\aio\trainA\FoggyCityscapes__2257.png,194746,,FoggyCityscapes,80,,,trainA,42c3d7daea38ee48cea447a1c9fdbe2847b24f7fd064cc35893adeb9efdc2580,E:\UNSB_Expl\UNSB_HEADFIGURE_SIXDOMAIN_EXPANDED_20260824\data_views\single\FoggyCityscapes\trainA\FoggyCityscapes__2257.png,E:\UNSB_abl\full_dataset\FoggyCityscapes\input\2257.png,2257
E:\UNSB_Expl\UNSB_HEADFIGURE_SIXDOMAIN_EXPANDED_20260824\data_views\aio\trainA\FoggyCityscapes__0883.png,201317,,FoggyCityscapes,81,,,trainA,1af607276bb4049b27c8174e997d436e0d89b888595109de0018bed5f0ece7f9,E:\UNSB_Expl\UNSB_HEADFIGURE_SIXDOMAIN_EXPANDED_20260824\data_views\single\FoggyCityscapes\trainA\FoggyCityscapes__0883.png,E:\UNSB_abl\full_dataset\FoggyCityscapes\input\0883.png,0883
E:\UNSB_Expl\UNSB_HEADFIGURE_SIXDOMAIN_EXPANDED_20260824\data_views\aio\trainA\FoggyCityscapes__1352.png,203193,,FoggyCityscapes,82,,,trainA,56feb7da7c664feaefca70542e18ac92b0a2c1ff2f6fc89da6feb0cca0c71f78,E:\UNSB_Expl\UNSB_HEADFIGURE_SIXDOMAIN_EXPANDED_20260824\data_views\single\FoggyCityscapes\trainA\FoggyCityscapes__1352.png,E:\UNSB_abl\full_dataset\FoggyCityscapes\input\1352.png,1352
E:\UNSB_Expl\UNSB_HEADFIGURE_SIXDOMAIN_EXPANDED_20260824\data_views\aio\trainA\FoggyCityscapes__1847.png,192598,,FoggyCityscapes,83,,,trainA,b729bdd1cafc3ec4df2cadd0bb515b5d491d3bd4e98c63d99510a880683019b9,E:\UNSB_Expl\UNSB_HEADFIGURE_SIXDOMAIN_EXPANDED_20260824\data_views\single\FoggyCityscapes\trainA\FoggyCityscapes__1847.png,E:\UNSB_abl\full_dataset\FoggyCityscapes\input\1847.png,1847
E:\UNSB_Expl\UNSB_HEADFIGURE_SIXDOMAIN_EXPANDED_20260824\data_views\aio\trainA\FoggyCityscapes__3625.png,221783,,FoggyCityscapes,84,,,trainA,08b41c4f43d836ad494b5a7495b945c0aa9cfae14bb5e9d89680a024fc84279a,E:\UNSB_Expl\UNSB_HEADFIGURE_SIXDOMAIN_EXPANDED_20260824\data_views\single\FoggyCityscapes\trainA\FoggyCityscapes__3625.png,E:\UNSB_abl\full_dataset\FoggyCityscapes\input\3625.png,3625
E:\UNSB_Expl\UNSB_HEADFIGURE_SIXDOMAIN_EXPANDED_20260824\data_views\aio\trainA\FoggyCityscapes__3740.png,160276,,FoggyCityscapes,85,,,trainA,b23c6503dfeeaab0ff5071d3bd9045e33f3576c743595811fb238792deb1a4de,E:\UNSB_Expl\UNSB_HEADFIGURE_SIXDOMAIN_EXPANDED_20260824\data_views\single\FoggyCityscapes\trainA\FoggyCityscapes__3740.png,E:\UNSB_abl\full_dataset\FoggyCityscapes\input\3740.png,3740
E:\UNSB_Expl\UNSB_HEADFIGURE_SIXDOMAIN_EXPANDED_20260824\data_views\aio\trainA\FoggyCityscapes__1223.png,164553,,FoggyCityscapes,86,,,trainA,175bba174c15f01961e1922cf875c7c7629c3374dafa2d34ec8764d45507f625,E:\UNSB_Expl\UNSB_HEADFIGURE_SIXDOMAIN_EXPANDED_20260824\data_views\single\FoggyCityscapes\trainA\FoggyCityscapes__1223.png,E:\UNSB_abl\full_dataset\FoggyCityscapes\input\1223.png,1223
E:\UNSB_Expl\UNSB_HEADFIGURE_SIXDOMAIN_EXPANDED_20260824\data_views\aio\trainA\FoggyCityscapes__4527.png,176961,,FoggyCityscapes,87,,,trainA,02f267cea1db61ce53249a942f9b58c6b66e34ca1063672dbe091398a0802e4d,E:\UNSB_Expl\UNSB_HEADFIGURE_SIXDOMAIN_EXPANDED_20260824\data_views\single\FoggyCityscapes\trainA\FoggyCityscapes__4527.png,E:\UNSB_abl\full_dataset\FoggyCityscapes\input\4527.png,4527
E:\UNSB_Expl\UNSB_HEADFIGURE_SIXDOMAIN_EXPANDED_20260824\data_views\aio\trainA\FoggyCityscapes__0575.png,202637,,FoggyCityscapes,88,,,trainA,6f1c8fdb6423729e14ecededbec43bd387ebb94b528cc6e9804ae1ecf81ad30e,E:\UNSB_Expl\UNSB_HEADFIGURE_SIXDOMAIN_EXPANDED_20260824\data_views\single\FoggyCityscapes\trainA\FoggyCityscapes__0575.png,E:\UNSB_abl\full_dataset\FoggyCityscapes\input\0575.png,0575
E:\UNSB_Expl\UNSB_HEADFIGURE_SIXDOMAIN_EXPANDED_20260824\data_views\aio\trainA\FoggyCityscapes__3846.png,172001,,FoggyCityscapes,89,,,trainA,664a696a7c799df5b358d52678586f4bfb01cbce12053f6451260044d5b7034d,E:\UNSB_Expl\UNSB_HEADFIGURE_SIXDOMAIN_EXPANDED_20260824\data_views\single\FoggyCityscapes\trainA\FoggyCityscapes__3846.png,E:\UNSB_abl\full_dataset\FoggyCityscapes\input\3846.png,3846
E:\UNSB_Expl\UNSB_HEADFIGURE_SIXDOMAIN_EXPANDED_20260824\data_views\aio\trainA\FoggyCityscapes__4152.png,168909,,FoggyCityscapes,90,,,trainA,b382fe6931f4384f28da99a809326f4a2be5e082931071d9a08476ce17b6dece,E:\UNSB_Expl\UNSB_HEADFIGURE_SIXDOMAIN_EXPANDED_20260824\data_views\single\FoggyCityscapes\trainA\FoggyCityscapes__4152.png,E:\UNSB_abl\full_dataset\FoggyCityscapes\input\4152.png,4152
E:\UNSB_Expl\UNSB_HEADFIGURE_SIXDOMAIN_EXPANDED_20260824\data_views\aio\trainA\FoggyCityscapes__2337.png,175792,,FoggyCityscapes,91,,,trainA,83e603fdddd6e703738f6d3dac6b1d06155749f78186d89436c4c542edfbe09b,E:\UNSB_Expl\UNSB_HEADFIGURE_SIXDOMAIN_EXPANDED_20260824\data_views\single\FoggyCityscapes\trainA\FoggyCityscapes__2337.png,E:\UNSB_abl\full_dataset\FoggyCityscapes\input\2337.png,2337
E:\UNSB_Expl\UNSB_HEADFIGURE_SIXDOMAIN_EXPANDED_20260824\data_views\aio\trainA\FoggyCityscapes__2965.png,206143,,FoggyCityscapes,92,,,trainA,a719edaaa4f58b4bf5daa0308608ac406f2773601ba0a2540315f6aff55d7b40,E:\UNSB_Expl\UNSB_HEADFIGURE_SIXDOMAIN_EXPANDED_20260824\data_views\single\FoggyCityscapes\trainA\FoggyCityscapes__2965.png,E:\UNSB_abl\full_dataset\FoggyCityscapes\input\2965.png,2965
E:\UNSB_Expl\UNSB_HEADFIGURE_SIXDOMAIN_EXPANDED_20260824\data_views\aio\trainA\FoggyCityscapes__2607.png,179869,,FoggyCityscapes,93,,,trainA,a07a68d4243b09ee52c533dcc1a6858d6ea6565175e5fcd5a9cfd2ffe0529d50,E:\UNSB_Expl\UNSB_HEADFIGURE_SIXDOMAIN_EXPANDED_20260824\data_views\single\FoggyCityscapes\trainA\FoggyCityscapes__2607.png,E:\UNSB_abl\full_dataset\FoggyCityscapes\input\2607.png,2607
E:\UNSB_Expl\UNSB_HEADFIGURE_SIXDOMAIN_EXPANDED_20260824\data_views\aio\trainA\FoggyCityscapes__3702.png,206879,,FoggyCityscapes,94,,,trainA,d6e45e2c32afa39675dfdb6192fbbd915b8b681f6c5c862169ceb22dce3ad7da,E:\UNSB_Expl\UNSB_HEADFIGURE_SIXDOMAIN_EXPANDED_20260824\data_views\single\FoggyCityscapes\trainA\FoggyCityscapes__3702.png,E:\UNSB_abl\full_dataset\FoggyCityscapes\input\3702.png,3702
E:\UNSB_Expl\UNSB_HEADFIGURE_SIXDOMAIN_EXPANDED_20260824\data_views\aio\trainA\FoggyCityscapes__4291.png,209611,,FoggyCityscapes,95,,,trainA,4d973803059f58e88dfdd4aefbfcedd374fe8cb506f54ad0d88b3eb417ad01dd,E:\UNSB_Expl\UNSB_HEADFIGURE_SIXDOMAIN_EXPANDED_20260824\data_views\single\FoggyCityscapes\trainA\FoggyCityscapes__4291.png,E:\UNSB_abl\full_dataset\FoggyCityscapes\input\4291.png,4291
E:\UNSB_Expl\UNSB_HEADFIGURE_SIXDOMAIN_EXPANDED_20260824\data_views\aio\trainA\FoggyCityscapes__4191.png,148548,,FoggyCityscapes,96,,,trainA,88f755070449d417b955072dd4902d720df8aadc6284eb5e658dcb255a8e24d0,E:\UNSB_Expl\UNSB_HEADFIGURE_SIXDOMAIN_EXPANDED_20260824\data_views\single\FoggyCityscapes\trainA\FoggyCityscapes__4191.png,E:\UNSB_abl\full_dataset\FoggyCityscapes\input\4191.png,4191
E:\UNSB_Expl\UNSB_HEADFIGURE_SIXDOMAIN_EXPANDED_20260824\data_views\aio\trainA\FoggyCityscapes__1859.png,202339,,FoggyCityscapes,97,,,trainA,d56a94ab6dd2064272dfe507be07c74b277cb945ea858f358b7b774e5c0baaf5,E:\UNSB_Expl\UNSB_HEADFIGURE_SIXDOMAIN_EXPANDED_20260824\data_views\single\FoggyCityscapes\trainA\FoggyCityscapes__1859.png,E:\UNSB_abl\full_dataset\FoggyCityscapes\input\1859.png,1859
E:\UNSB_Expl\UNSB_HEADFIGURE_SIXDOMAIN_EXPANDED_20260824\data_views\aio\trainA\FoggyCityscapes__4020.png,174207,,FoggyCityscapes,98,,,trainA,8d0bffc94c4d877ea4c31029d8c5c8cd93b3c733f5abc4ff5b9a189147a363c9,E:\UNSB_Expl\UNSB_HEADFIGURE_SIXDOMAIN_EXPANDED_20260824\data_views\single\FoggyCityscapes\trainA\FoggyCityscapes__4020.png,E:\UNSB_abl\full_dataset\FoggyCityscapes\input\4020.png,4020
E:\UNSB_Expl\UNSB_HEADFIGURE_SIXDOMAIN_EXPANDED_20260824\data_views\aio\trainA\FoggyCityscapes__4169.png,176496,,FoggyCityscapes,99,,,trainA,d7b3de32d325c013514cd21908c10b451d624d6ae7f499e513c1ab18e4f8da23,E:\UNSB_Expl\UNSB_HEADFIGURE_SIXDOMAIN_EXPANDED_20260824\data_views\single\FoggyCityscapes\trainA\FoggyCityscapes__4169.png,E:\UNSB_abl\full_dataset\FoggyCityscapes\input\4169.png,4169
E:\UNSB_Expl\UNSB_HEADFIGURE_SIXDOMAIN_EXPANDED_20260824\data_views\aio\trainA\FoggyCityscapes__0551.png,190046,,FoggyCityscapes,100,,,trainA,3ddb9e2fe80f64c6896a27290eda393105c921156fab117dd3c4ba6f40af3392,E:\UNSB_Expl\UNSB_HEADFIGURE_SIXDOMAIN_EXPANDED_20260824\data_views\single\FoggyCityscapes\trainA\FoggyCityscapes__0551.png,E:\UNSB_abl\full_dataset\FoggyCityscapes\input\0551.png,0551
E:\UNSB_Expl\UNSB_HEADFIGURE_SIXDOMAIN_EXPANDED_20260824\data_views\aio\trainA\FoggyCityscapes__2028.png,206844,,FoggyCityscapes,101,,,trainA,544ab0a6df44e0acb655bc21e4ff2c257025923b4025cd4182f1dfba8ba0c5a1,E:\UNSB_Expl\UNSB_HEADFIGURE_SIXDOMAIN_EXPANDED_20260824\data_views\single\FoggyCityscapes\trainA\FoggyCityscapes__2028.png,E:\UNSB_abl\full_dataset\FoggyCityscapes\input\2028.png,2028
E:\UNSB_Expl\UNSB_HEADFIGURE_SIXDOMAIN_EXPANDED_20260824\data_views\aio\trainA\FoggyCityscapes__1740.png,192531,,FoggyCityscapes,102,,,trainA,d21c7b3cb4bd66b6494d8d8ad58375e69ad40f06472a0002fb240d46c5ce6754,E:\UNSB_Expl\UNSB_HEADFIGURE_SIXDOMAIN_EXPANDED_20260824\data_views\single\FoggyCityscapes\trainA\FoggyCityscapes__1740.png,E:\UNSB_abl\full_dataset\FoggyCityscapes\input\1740.png,1740
E:\UNSB_Expl\UNSB_HEADFIGURE_SIXDOMAIN_EXPANDED_20260824\data_views\aio\trainA\FoggyCityscapes__4565.png,188645,,FoggyCityscapes,103,,,trainA,4e00208d89ff4e812c73c0426f0dc4518caa2a6af9685dcfd0014730f0fe1703,E:\UNSB_Expl\UNSB_HEADFIGURE_SIXDOMAIN_EXPANDED_20260824\data_views\single\FoggyCityscapes\trainA\FoggyCityscapes__4565.png,E:\UNSB_abl\full_dataset\FoggyCityscapes\input\4565.png,4565
E:\UNSB_Expl\UNSB_HEADFIGURE_SIXDOMAIN_EXPANDED_20260824\data_views\aio\trainA\FoggyCityscapes__3951.png,218334,,FoggyCityscapes,104,,,trainA,504e8aa201ae0c2e0efebfc5d2602b7bf25d8cbf6ab0f5a4ebe7d67cd8b3b11a,E:\UNSB_Expl\UNSB_HEADFIGURE_SIXDOMAIN_EXPANDED_20260824\data_views\single\FoggyCityscapes\trainA\FoggyCityscapes__3951.png,E:\UNSB_abl\full_dataset\FoggyCityscapes\input\3951.png,3951
E:\UNSB_Expl\UNSB_HEADFIGURE_SIXDOMAIN_EXPANDED_20260824\data_views\aio\trainA\FoggyCityscapes__0401.png,219286,,FoggyCityscapes,105,,,trainA,2137525d5c8b75111616e697db36dcd71b1d4fab15941999f88512442966c912,E:\UNSB_Expl\UNSB_HEADFIGURE_SIXDOMAIN_EXPANDED_20260824\data_views\single\FoggyCityscapes\trainA\FoggyCityscapes__0401.png,E:\UNSB_abl\full_dataset\FoggyCityscapes\input\0401.png,0401
E:\UNSB_Expl\UNSB_HEADFIGURE_SIXDOMAIN_EXPANDED_20260824\data_views\aio\trainA\FoggyCityscapes__3182.png,197628,,FoggyCityscapes,106,,,trainA,3ee01c156e4dff102d3e14bf03342a8ae531f8a1b49bb84857b55846b3f4c0d5,E:\UNSB_Expl\UNSB_HEADFIGURE_SIXDOMAIN_EXPANDED_20260824\data_views\single\FoggyCityscapes\trainA\FoggyCityscapes__3182.png,E:\UNSB_abl\full_dataset\FoggyCityscapes\input\3182.png,3182
E:\UNSB_Expl\UNSB_HEADFIGURE_SIXDOMAIN_EXPANDED_20260824\data_views\aio\trainA\FoggyCityscapes__4317.png,183031,,FoggyCityscapes,107,,,trainA,f4eac9a32bab50839a82c43a62c71a0c42f0a8164c7c5aed553024dfb931605a,E:\UNSB_Expl\UNSB_HEADFIGURE_SIXDOMAIN_EXPANDED_20260824\data_views\single\FoggyCityscapes\trainA\FoggyCityscapes__4317.png,E:\UNSB_abl\full_dataset\FoggyCityscapes\input\4317.png,4317
E:\UNSB_Expl\UNSB_HEADFIGURE_SIXDOMAIN_EXPANDED_20260824\data_views\aio\trainA\FoggyCityscapes__2369.png,182527,,FoggyCityscapes,108,,,trainA,f1d4c20ae21eecfb4898b959a06a4367893aa038ca51ce635ac0888079fe864d,E:\UNSB_Expl\UNSB_HEADFIGURE_SIXDOMAIN_EXPANDED_20260824\data_views\single\FoggyCityscapes\trainA\FoggyCityscapes__2369.png,E:\UNSB_abl\full_dataset\FoggyCityscapes\input\2369.png,2369
E:\UNSB_Expl\UNSB_HEADFIGURE_SIXDOMAIN_EXPANDED_20260824\data_views\aio\trainA\FoggyCityscapes__1399.png,205861,,FoggyCityscapes,109,,,trainA,5caeafa23a1ce562a4bf57866fe509c15a354da4a204581de5c500d4445b6092,E:\UNSB_Expl\UNSB_HEADFIGURE_SIXDOMAIN_EXPANDED_20260824\data_views\single\FoggyCityscapes\trainA\FoggyCityscapes__1399.png,E:\UNSB_abl\full_dataset\FoggyCityscapes\input\1399.png,1399
E:\UNSB_Expl\UNSB_HEADFIGURE_SIXDOMAIN_EXPANDED_20260824\data_views\aio\trainA\FoggyCityscapes__4066.png,180131,,FoggyCityscapes,110,,,trainA,26e98a862829b2353e84b1aea102bf5cc130d4aaa005872a1a5905cbaf29c89e,E:\UNSB_Expl\UNSB_HEADFIGURE_SIXDOMAIN_EXPANDED_20260824\data_views\single\FoggyCityscapes\trainA\FoggyCityscapes__4066.png,E:\UNSB_abl\full_dataset\FoggyCityscapes\input\4066.png,4066
E:\UNSB_Expl\UNSB_HEADFIGURE_SIXDOMAIN_EXPANDED_20260824\data_views\aio\trainA\FoggyCityscapes__0333.png,214925,,FoggyCityscapes,111,,,trainA,d9ae23848bf896f372a1319a752e7279679cf276b1b155d92699c9d2d4b54c83,E:\UNSB_Expl\UNSB_HEADFIGURE_SIXDOMAIN_EXPANDED_20260824\data_views\single\FoggyCityscapes\trainA\FoggyCityscapes__0333.png,E:\UNSB_abl\full_dataset\FoggyCityscapes\input\0333.png,0333
E:\UNSB_Expl\UNSB_HEADFIGURE_SIXDOMAIN_EXPANDED_20260824\data_views\aio\trainA\FoggyCityscapes__1370.png,227304,,FoggyCityscapes,112,,,trainA,3882d372f6711132d1f1fb2951b03c5639acd4177cf35236978e3898676fe353,E:\UNSB_Expl\UNSB_HEADFIGURE_SIXDOMAIN_EXPANDED_20260824\data_views\single\FoggyCityscapes\trainA\FoggyCityscapes__1370.png,E:\UNSB_abl\full_dataset\FoggyCityscapes\input\1370.png,1370
E:\UNSB_Expl\UNSB_HEADFIGURE_SIXDOMAIN_EXPANDED_20260824\data_views\aio\trainA\FoggyCityscapes__2837.png,165482,,FoggyCityscapes,113,,,trainA,c0dc7aa592212669951ed6be6efe98bded425b727f255f354ba7e4d83b8fe36d,E:\UNSB_Expl\UNSB_HEADFIGURE_SIXDOMAIN_EXPANDED_20260824\data_views\single\FoggyCityscapes\trainA\FoggyCityscapes__2837.png,E:\UNSB_abl\full_dataset\FoggyCityscapes\input\2837.png,2837
E:\UNSB_Expl\UNSB_HEADFIGURE_SIXDOMAIN_EXPANDED_20260824\data_views\aio\trainA\FoggyCityscapes__1924.png,186376,,FoggyCityscapes,114,,,trainA,d2be9375b333f60097152a665bd306b253daaaf998d6af1249bf5c9d6d2130f4,E:\UNSB_Expl\UNSB_HEADFIGURE_SIXDOMAIN_EXPANDED_20260824\data_views\single\FoggyCityscapes\trainA\FoggyCityscapes__1924.png,E:\UNSB_abl\full_dataset\FoggyCityscapes\input\1924.png,1924
E:\UNSB_Expl\UNSB_HEADFIGURE_SIXDOMAIN_EXPANDED_20260824\data_views\aio\trainA\FoggyCityscapes__3834.png,185447,,FoggyCityscapes,115,,,trainA,f1fd4f7958d1687f700f9747a2f0efcdc0156a3ebe3d960bdecb7ac816ac7d44,E:\UNSB_Expl\UNSB_HEADFIGURE_SIXDOMAIN_EXPANDED_20260824\data_views\single\FoggyCityscapes\trainA\FoggyCityscapes__3834.png,E:\UNSB_abl\full_dataset\FoggyCityscapes\input\3834.png,3834
E:\UNSB_Expl\UNSB_HEADFIGURE_SIXDOMAIN_EXPANDED_20260824\data_views\aio\trainA\FoggyCityscapes__1772.png,174319,,FoggyCityscapes,116,,,trainA,1fc1bb86d915fbbeac1c847b8803386e985c70a109fa9540f2f8515a61120b3f,E:\UNSB_Expl\UNSB_HEADFIGURE_SIXDOMAIN_EXPANDED_20260824\data_views\single\FoggyCityscapes\trainA\FoggyCityscapes__1772.png,E:\UNSB_abl\full_dataset\FoggyCityscapes\input\1772.png,1772
E:\UNSB_Expl\UNSB_HEADFIGURE_SIXDOMAIN_EXPANDED_20260824\data_views\aio\trainA\FoggyCityscapes__0976.png,197453,,FoggyCityscapes,117,,,trainA,a0414f742e26337cca130bb7d6149a30ccbba231d2982c7908e035305cea0c2b,E:\UNSB_Expl\UNSB_HEADFIGURE_SIXDOMAIN_EXPANDED_20260824\data_views\single\FoggyCityscapes\trainA\FoggyCityscapes__0976.png,E:\UNSB_abl\full_dataset\FoggyCityscapes\input\0976.png,0976
E:\UNSB_Expl\UNSB_HEADFIGURE_SIXDOMAIN_EXPANDED_20260824\data_views\aio\trainA\FoggyCityscapes__4269.png,158808,,FoggyCityscapes,118,,,trainA,33068a4aa156e4d554cbb2aae7932c9ca205a1491783ca77a657409da55a82de,E:\UNSB_Expl\UNSB_HEADFIGURE_SIXDOMAIN_EXPANDED_20260824\data_views\single\FoggyCityscapes\trainA\FoggyCityscapes__4269.png,E:\UNSB_abl\full_dataset\FoggyCityscapes\input\4269.png,4269
E:\UNSB_Expl\UNSB_HEADFIGURE_SIXDOMAIN_EXPANDED_20260824\data_views\aio\trainA\FoggyCityscapes__4193.png,198809,,FoggyCityscapes,119,,,trainA,0c81c1787f4f3ec67199ec375eefe1265693ab6cf84560973ed0c7063f9f6ea0,E:\UNSB_Expl\UNSB_HEADFIGURE_SIXDOMAIN_EXPANDED_20260824\data_views\single\FoggyCityscapes\trainA\FoggyCityscapes__4193.png,E:\UNSB_abl\full_dataset\FoggyCityscapes\input\4193.png,4193
E:\UNSB_Expl\UNSB_HEADFIGURE_SIXDOMAIN_EXPANDED_20260824\data_views\aio\trainB\FoggyCityscapes__1237.png,203110,,FoggyCityscapes,0,,,trainB,91a2dc9d5e3fb753fae8445a0131665a37e0d27b109e742902a4fc3a4ac8f34c,E:\UNSB_Expl\UNSB_HEADFIGURE_SIXDOMAIN_EXPANDED_20260824\data_views\single\FoggyCityscapes\trainB\FoggyCityscapes__1237.png,E:\UNSB_abl\full_dataset\FoggyCityscapes\target\1237.png,1237
E:\UNSB_Expl\UNSB_HEADFIGURE_SIXDOMAIN_EXPANDED_20260824\data_views\aio\trainB\FoggyCityscapes__1454.png,234258,,FoggyCityscapes,1,,,trainB,dee7e2a413f542b7ee2ecbc27581153416e5538499a580c2731bfc9d4505a3a6,E:\UNSB_Expl\UNSB_HEADFIGURE_SIXDOMAIN_EXPANDED_20260824\data_views\single\FoggyCityscapes\trainB\FoggyCityscapes__1454.png,E:\UNSB_abl\full_dataset\FoggyCityscapes\target\1454.png,1454
E:\UNSB_Expl\UNSB_HEADFIGURE_SIXDOMAIN_EXPANDED_20260824\data_views\aio\trainB\FoggyCityscapes__1943.png,218787,,FoggyCityscapes,2,,,trainB,fdbced0316bc3e4fcf959c33320296dff8f2867959f9fc79a1d62fbedeeefecd,E:\UNSB_Expl\UNSB_HEADFIGURE_SIXDOMAIN_EXPANDED_20260824\data_views\single\FoggyCityscapes\trainB\FoggyCityscapes__1943.png,E:\UNSB_abl\full_dataset\FoggyCityscapes\target\1943.png,1943
E:\UNSB_Expl\UNSB_HEADFIGURE_SIXDOMAIN_EXPANDED_20260824\data_views\aio\trainB\FoggyCityscapes__3901.png,231495,,FoggyCityscapes,3,,,trainB,9322565be8d76270594f020627a79bfe85dd6cec139260259c363697b16ab0c6,E:\UNSB_Expl\UNSB_HEADFIGURE_SIXDOMAIN_EXPANDED_20260824\data_views\single\FoggyCityscapes\trainB\FoggyCityscapes__3901.png,E:\UNSB_abl\full_dataset\FoggyCityscapes\target\3901.png,3901
E:\UNSB_Expl\UNSB_HEADFIGURE_SIXDOMAIN_EXPANDED_20260824\data_views\aio\trainB\FoggyCityscapes__4013.png,214613,,FoggyCityscapes,4,,,trainB,2fd03887afb9ccfc811b7543e3965e64a28a149aa010ed4140646d2121d90875,E:\UNSB_Expl\UNSB_HEADFIGURE_SIXDOMAIN_EXPANDED_20260824\data_views\single\FoggyCityscapes\trainB\FoggyCityscapes__4013.png,E:\UNSB_abl\full_dataset\FoggyCityscapes\target\4013.png,4013
E:\UNSB_Expl\UNSB_HEADFIGURE_SIXDOMAIN_EXPANDED_20260824\data_views\aio\trainB\FoggyCityscapes__3979.png,217543,,FoggyCityscapes,5,,,trainB,f6532db9beff347dbba81163e20d48f1f88dd89199d43a7b8b436520bcd2877d,E:\UNSB_Expl\UNSB_HEADFIGURE_SIXDOMAIN_EXPANDED_20260824\data_views\single\FoggyCityscapes\trainB\FoggyCityscapes__3979.png,E:\UNSB_abl\full_dataset\FoggyCityscapes\target\3979.png,3979
E:\UNSB_Expl\UNSB_HEADFIGURE_SIXDOMAIN_EXPANDED_20260824\data_views\aio\trainB\FoggyCityscapes__2260.png,226185,,FoggyCityscapes,6,,,trainB,c81c73d30564259725b20c6f1cebd85c5e09f7bd56bebf60f4cea73034351230,E:\UNSB_Expl\UNSB_HEADFIGURE_SIXDOMAIN_EXPANDED_20260824\data_views\single\FoggyCityscapes\trainB\FoggyCityscapes__2260.png,E:\UNSB_abl\full_dataset\FoggyCityscapes\target\2260.png,2260
E:\UNSB_Expl\UNSB_HEADFIGURE_SIXDOMAIN_EXPANDED_20260824\data_views\aio\trainB\FoggyCityscapes__1965.png,192844,,FoggyCityscapes,7,,,trainB,ea4767cac586bf83287e1fcfe5f0cac85ff85c6525c32ca010189f66d209b281,E:\UNSB_Expl\UNSB_HEADFIGURE_SIXDOMAIN_EXPANDED_20260824\data_views\single\FoggyCityscapes\trainB\FoggyCityscapes__1965.png,E:\UNSB_abl\full_dataset\FoggyCityscapes\target\1965.png,1965
E:\UNSB_Expl\UNSB_HEADFIGURE_SIXDOMAIN_EXPANDED_20260824\data_views\aio\trainB\FoggyCityscapes__0545.png,204901,,FoggyCityscapes,8,,,trainB,8d1b67ae8896448fd42595cc4d26e470ee466129d77f7a76b609a220104ff080,E:\UNSB_Expl\UNSB_HEADFIGURE_SIXDOMAIN_EXPANDED_20260824\data_views\single\FoggyCityscapes\trainB\FoggyCityscapes__0545.png,E:\UNSB_abl\full_dataset\FoggyCityscapes\target\0545.png,0545
E:\UNSB_Expl\UNSB_HEADFIGURE_SIXDOMAIN_EXPANDED_20260824\data_views\aio\trainB\FoggyCityscapes__4363.png,230196,,FoggyCityscapes,9,,,trainB,82cd263ab96a0e731896d9d35635551cc6db318bb003e1b677b9c4aa7c26f1f8,E:\UNSB_Expl\UNSB_HEADFIGURE_SIXDOMAIN_EXPANDED_20260824\data_views\single\FoggyCityscapes\trainB\FoggyCityscapes__4363.png,E:\UNSB_abl\full_dataset\FoggyCityscapes\target\4363.png,4363
E:\UNSB_Expl\UNSB_HEADFIGURE_SIXDOMAIN_EXPANDED_20260824\data_views\aio\trainB\FoggyCityscapes__1720.png,221497,,FoggyCityscapes,10,,,trainB,bff0d43e1091ef27dee3b5102f2a4f9442ccd7d0c1b41b8cf99f9f2073cbde66,E:\UNSB_Expl\UNSB_HEADFIGURE_SIXDOMAIN_EXPANDED_20260824\data_views\single\FoggyCityscapes\trainB\FoggyCityscapes__1720.png,E:\UNSB_abl\full_dataset\FoggyCityscapes\target\1720.png,1720
E:\UNSB_Expl\UNSB_HEADFIGURE_SIXDOMAIN_EXPANDED_20260824\data_views\aio\trainB\FoggyCityscapes__0893.png,210950,,FoggyCityscapes,11,,,trainB,908f3244ac0c150b6b4681fd80918407b17d150a8ae0a9e37f939b3f2690133d,E:\UNSB_Expl\UNSB_HEADFIGURE_SIXDOMAIN_EXPANDED_20260824\data_views\single\FoggyCityscapes\trainB\FoggyCityscapes__0893.png,E:\UNSB_abl\full_dataset\FoggyCityscapes\target\0893.png,0893
E:\UNSB_Expl\UNSB_HEADFIGURE_SIXDOMAIN_EXPANDED_20260824\data_views\aio\trainB\FoggyCityscapes__3290.png,192172,,FoggyCityscapes,12,,,trainB,a2efe437d89e368c3261b97758c898c181b78a3bbe585609c211ffaff3ac01c7,E:\UNSB_Expl\UNSB_HEADFIGURE_SIXDOMAIN_EXPANDED_20260824\data_views\single\FoggyCityscapes\trainB\FoggyCityscapes__3290.png,E:\UNSB_abl\full_dataset\FoggyCityscapes\target\3290.png,3290
E:\UNSB_Expl\UNSB_HEADFIGURE_SIXDOMAIN_EXPANDED_20260824\data_views\aio\trainB\FoggyCityscapes__2968.png,207252,,FoggyCityscapes,13,,,trainB,dcfcfef205ecaa721fb26b7e291622b1cba060b09ccf31277447146d4066fe7a,E:\UNSB_Expl\UNSB_HEADFIGURE_SIXDOMAIN_EXPANDED_20260824\data_views\single\FoggyCityscapes\trainB\FoggyCityscapes__2968.png,E:\UNSB_abl\full_dataset\FoggyCityscapes\target\2968.png,2968
E:\UNSB_Expl\UNSB_HEADFIGURE_SIXDOMAIN_EXPANDED_20260824\data_views\aio\trainB\FoggyCityscapes__2943.png,218897,,FoggyCityscapes,14,,,trainB,d24382bc5d7ce02547f66dd11cf54e1d737de3cb34ea8b70d3e03deec916de4e,E:\UNSB_Expl\UNSB_HEADFIGURE_SIXDOMAIN_EXPANDED_20260824\data_views\single\FoggyCityscapes\trainB\FoggyCityscapes__2943.png,E:\UNSB_abl\full_dataset\FoggyCityscapes\target\2943.png,2943
E:\UNSB_Expl\UNSB_HEADFIGURE_SIXDOMAIN_EXPANDED_20260824\data_views\aio\trainB\FoggyCityscapes__1350.png,211696,,FoggyCityscapes,15,,,trainB,9ec5f96fadbed10c3defe0b1b93bc093e54e48cd98e158741b40019b15b1f362,E:\UNSB_Expl\UNSB_HEADFIGURE_SIXDOMAIN_EXPANDED_20260824\data_views\single\FoggyCityscapes\trainB\FoggyCityscapes__1350.png,E:\UNSB_abl\full_dataset\FoggyCityscapes\target\1350.png,1350
E:\UNSB_Expl\UNSB_HEADFIGURE_SIXDOMAIN_EXPANDED_20260824\data_views\aio\trainB\FoggyCityscapes__2713.png,226766,,FoggyCityscapes,16,,,trainB,6cf2c66a25543b7168e61ccd24d64edce7cbeecbb0e7cf5b454bbf75dbfc30e3,E:\UNSB_Expl\UNSB_HEADFIGURE_SIXDOMAIN_EXPANDED_20260824\data_views\single\FoggyCityscapes\trainB\FoggyCityscapes__2713.png,E:\UNSB_abl\full_dataset\FoggyCityscapes\target\2713.png,2713
E:\UNSB_Expl\UNSB_HEADFIGURE_SIXDOMAIN_EXPANDED_20260824\data_views\aio\trainB\FoggyCityscapes__2619.png,214829,,FoggyCityscapes,17,,,trainB,9e1bf2cd1564fa63aa67bb7f70ea09ce3bc4bca0da50373bde080d84ed0dee41,E:\UNSB_Expl\UNSB_HEADFIGURE_SIXDOMAIN_EXPANDED_20260824\data_views\single\FoggyCityscapes\trainB\FoggyCityscapes__2619.png,E:\UNSB_abl\full_dataset\FoggyCityscapes\target\2619.png,2619
E:\UNSB_Expl\UNSB_HEADFIGURE_SIXDOMAIN_EXPANDED_20260824\data_views\aio\trainB\FoggyCityscapes__0928.png,246397,,FoggyCityscapes,18,,,trainB,53ea9677412d76c1057c787b5dd27822b90fbdf046cf5d6023bb76c057629760,E:\UNSB_Expl\UNSB_HEADFIGURE_SIXDOMAIN_EXPANDED_20260824\data_views\single\FoggyCityscapes\trainB\FoggyCityscapes__0928.png,E:\UNSB_abl\full_dataset\FoggyCityscapes\target\0928.png,0928
E:\UNSB_Expl\UNSB_HEADFIGURE_SIXDOMAIN_EXPANDED_20260824\data_views\aio\trainB\FoggyCityscapes__2101.png,197180,,FoggyCityscapes,19,,,trainB,7cf48336b03b4ff40f3b7cc8494684ff7cccee67e00c7236098cbfcec92b49a5,E:\UNSB_Expl\UNSB_HEADFIGURE_SIXDOMAIN_EXPANDED_20260824\data_views\single\FoggyCityscapes\trainB\FoggyCityscapes__2101.png,E:\UNSB_abl\full_dataset\FoggyCityscapes\target\2101.png,2101
E:\UNSB_Expl\UNSB_HEADFIGURE_SIXDOMAIN_EXPANDED_20260824\data_views\aio\trainB\FoggyCityscapes__2294.png,225492,,FoggyCityscapes,20,,,trainB,aa3e16806f754f5e4241b44d35ef17f0aa46db23f031537063038273f6a736e4,E:\UNSB_Expl\UNSB_HEADFIGURE_SIXDOMAIN_EXPANDED_20260824\data_views\single\FoggyCityscapes\trainB\FoggyCityscapes__2294.png,E:\UNSB_abl\full_dataset\FoggyCityscapes\target\2294.png,2294
E:\UNSB_Expl\UNSB_HEADFIGURE_SIXDOMAIN_EXPANDED_20260824\data_views\aio\trainB\FoggyCityscapes__1334.png,214156,,FoggyCityscapes,21,,,trainB,142a0d04abbd5f55c62faadccb63f71966a37dba79be2c3f27eec45623213e6d,E:\UNSB_Expl\UNSB_HEADFIGURE_SIXDOMAIN_EXPANDED_20260824\data_views\single\FoggyCityscapes\trainB\FoggyCityscapes__1334.png,E:\UNSB_abl\full_dataset\FoggyCityscapes\target\1334.png,1334
E:\UNSB_Expl\UNSB_HEADFIGURE_SIXDOMAIN_EXPANDED_20260824\data_views\aio\trainB\FoggyCityscapes__0784.png,235567,,FoggyCityscapes,22,,,trainB,89827056c49551b8749e8f2899d8e427542eab50e997fae56a55aabbf210dfbe,E:\UNSB_Expl\UNSB_HEADFIGURE_SIXDOMAIN_EXPANDED_20260824\data_views\single\FoggyCityscapes\trainB\FoggyCityscapes__0784.png,E:\UNSB_abl\full_dataset\FoggyCityscapes\target\0784.png,0784
E:\UNSB_Expl\UNSB_HEADFIGURE_SIXDOMAIN_EXPANDED_20260824\data_views\aio\trainB\FoggyCityscapes__3464.png,219927,,FoggyCityscapes,23,,,trainB,113ab7c0cd711f2a124c90053760ea8d0282b9944b6df8a08accdf85f9e16e05,E:\UNSB_Expl\UNSB_HEADFIGURE_SIXDOMAIN_EXPANDED_20260824\data_views\single\FoggyCityscapes\trainB\FoggyCityscapes__3464.png,E:\UNSB_abl\full_dataset\FoggyCityscapes\target\3464.png,3464
E:\UNSB_Expl\UNSB_HEADFIGURE_SIXDOMAIN_EXPANDED_20260824\data_views\aio\trainB\FoggyCityscapes__3914.png,208832,,FoggyCityscapes,24,,,trainB,3936bb40c9a54ae0cb33a4753cd162adf76a132ba726c3a12cb875bc655b71db,E:\UNSB_Expl\UNSB_HEADFIGURE_SIXDOMAIN_EXPANDED_20260824\data_views\single\FoggyCityscapes\trainB\FoggyCityscapes__3914.png,E:\UNSB_abl\full_dataset\FoggyCityscapes\target\3914.png,3914
E:\UNSB_Expl\UNSB_HEADFIGURE_SIXDOMAIN_EXPANDED_20260824\data_views\aio\trainB\FoggyCityscapes__0249.png,222301,,FoggyCityscapes,25,,,trainB,f14c33c5156be9bdf9f1b01ead1c338ec4d9472fada350b15420228290c64dd9,E:\UNSB_Expl\UNSB_HEADFIGURE_SIXDOMAIN_EXPANDED_20260824\data_views\single\FoggyCityscapes\trainB\FoggyCityscapes__0249.png,E:\UNSB_abl\full_dataset\FoggyCityscapes\target\0249.png,0249
E:\UNSB_Expl\UNSB_HEADFIGURE_SIXDOMAIN_EXPANDED_20260824\data_views\aio\trainB\FoggyCityscapes__2054.png,232206,,FoggyCityscapes,26,,,trainB,7cb1761477cf342ebbe87cbaf6094b8bae0e2850ec53a269056ffabd0fbfc20f,E:\UNSB_Expl\UNSB_HEADFIGURE_SIXDOMAIN_EXPANDED_20260824\data_views\single\FoggyCityscapes\trainB\FoggyCityscapes__2054.png,E:\UNSB_abl\full_dataset\FoggyCityscapes\target\2054.png,2054
E:\UNSB_Expl\UNSB_HEADFIGURE_SIXDOMAIN_EXPANDED_20260824\data_views\aio\trainB\FoggyCityscapes__3754.png,215002,,FoggyCityscapes,27,,,trainB,77d794e9ba3f4954356e8a64f99182effa3f5eff53ab42670b7672c647d9460f,E:\UNSB_Expl\UNSB_HEADFIGURE_SIXDOMAIN_EXPANDED_20260824\data_views\single\FoggyCityscapes\trainB\FoggyCityscapes__3754.png,E:\UNSB_abl\full_dataset\FoggyCityscapes\target\3754.png,3754
E:\UNSB_Expl\UNSB_HEADFIGURE_SIXDOMAIN_EXPANDED_20260824\data_views\aio\trainB\FoggyCityscapes__0793.png,203675,,FoggyCityscapes,28,,,trainB,9d05e0b2eb1d2a7d36e084b875e30eb5e7da6d9bdfd5135ccafbc0242cf4dae2,E:\UNSB_Expl\UNSB_HEADFIGURE_SIXDOMAIN_EXPANDED_20260824\data_views\single\FoggyCityscapes\trainB\FoggyCityscapes__0793.png,E:\UNSB_abl\full_dataset\FoggyCityscapes\target\0793.png,0793
E:\UNSB_Expl\UNSB_HEADFIGURE_SIXDOMAIN_EXPANDED_20260824\data_views\aio\trainB\FoggyCityscapes__0371.png,214767,,FoggyCityscapes,29,,,trainB,8c6a964fbcdbba9c0c06d9c225839b72392650f5b2eb75bcf3bf4cb2cd474fe2,E:\UNSB_Expl\UNSB_HEADFIGURE_SIXDOMAIN_EXPANDED_20260824\data_views\single\FoggyCityscapes\trainB\FoggyCityscapes__0371.png,E:\UNSB_abl\full_dataset\FoggyCityscapes\target\0371.png,0371
E:\UNSB_Expl\UNSB_HEADFIGURE_SIXDOMAIN_EXPANDED_20260824\data_views\aio\trainB\FoggyCityscapes__2627.png,205360,,FoggyCityscapes,30,,,trainB,8cd57065f39cca7907fd6d9700244f3ae1c435276fbb2765c81bfd9260dcba25,E:\UNSB_Expl\UNSB_HEADFIGURE_SIXDOMAIN_EXPANDED_20260824\data_views\single\FoggyCityscapes\trainB\FoggyCityscapes__2627.png,E:\UNSB_abl\full_dataset\FoggyCityscapes\target\2627.png,2627
E:\UNSB_Expl\UNSB_HEADFIGURE_SIXDOMAIN_EXPANDED_20260824\data_views\aio\trainB\FoggyCityscapes__2597.png,206293,,FoggyCityscapes,31,,,trainB,eb390890bf7a18c2ec2ade5d75339f6f24662b1b721c7bedf9e7bf2b1639625b,E:\UNSB_Expl\UNSB_HEADFIGURE_SIXDOMAIN_EXPANDED_20260824\data_views\single\FoggyCityscapes\trainB\FoggyCityscapes__2597.png,E:\UNSB_abl\full_dataset\FoggyCityscapes\target\2597.png,2597
E:\UNSB_Expl\UNSB_HEADFIGURE_SIXDOMAIN_EXPANDED_20260824\data_views\aio\trainB\FoggyCityscapes__3844.png,226325,,FoggyCityscapes,32,,,trainB,ceb2723d7686e718ef0792728a14ee9c47d123fb7f40994139fc1707eba439b2,E:\UNSB_Expl\UNSB_HEADFIGURE_SIXDOMAIN_EXPANDED_20260824\data_views\single\FoggyCityscapes\trainB\FoggyCityscapes__3844.png,E:\UNSB_abl\full_dataset\FoggyCityscapes\target\3844.png,3844
E:\UNSB_Expl\UNSB_HEADFIGURE_SIXDOMAIN_EXPANDED_20260824\data_views\aio\trainB\FoggyCityscapes__3090.png,200817,,FoggyCityscapes,33,,,trainB,f177d3d243783fc3952ff56762cbae04ee46136acc9b695ce5d3a247b3b99dd8,E:\UNSB_Expl\UNSB_HEADFIGURE_SIXDOMAIN_EXPANDED_20260824\data_views\single\FoggyCityscapes\trainB\FoggyCityscapes__3090.png,E:\UNSB_abl\full_dataset\FoggyCityscapes\target\3090.png,3090
E:\UNSB_Expl\UNSB_HEADFIGURE_SIXDOMAIN_EXPANDED_20260824\data_views\aio\trainB\FoggyCityscapes__1940.png,217204,,FoggyCityscapes,34,,,trainB,c504a2017f5a97559f2ec0c8edaf1357c1cdfac1cf1b70e162d38bbef899ae6d,E:\UNSB_Expl\UNSB_HEADFIGURE_SIXDOMAIN_EXPANDED_20260824\data_views\single\FoggyCityscapes\trainB\FoggyCityscapes__1940.png,E:\UNSB_abl\full_dataset\FoggyCityscapes\target\1940.png,1940
E:\UNSB_Expl\UNSB_HEADFIGURE_SIXDOMAIN_EXPANDED_20260824\data_views\aio\trainB\FoggyCityscapes__3211.png,202899,,FoggyCityscapes,35,,,trainB,2ec5183c2389aeed89899ba7b155a81f3a8309c88842bdc60c87232e435886bd,E:\UNSB_Expl\UNSB_HEADFIGURE_SIXDOMAIN_EXPANDED_20260824\data_views\single\FoggyCityscapes\trainB\FoggyCityscapes__3211.png,E:\UNSB_abl\full_dataset\FoggyCityscapes\target\3211.png,3211
E:\UNSB_Expl\UNSB_HEADFIGURE_SIXDOMAIN_EXPANDED_20260824\data_views\aio\trainB\FoggyCityscapes__2699.png,224577,,FoggyCityscapes,36,,,trainB,e7822f9038a6900a8f195ada586abcaf827db774b5b8c9f42b21df274acbe26e,E:\UNSB_Expl\UNSB_HEADFIGURE_SIXDOMAIN_EXPANDED_20260824\data_views\single\FoggyCityscapes\trainB\FoggyCityscapes__2699.png,E:\UNSB_abl\full_dataset\FoggyCityscapes\target\2699.png,2699
E:\UNSB_Expl\UNSB_HEADFIGURE_SIXDOMAIN_EXPANDED_20260824\data_views\aio\trainB\FoggyCityscapes__4308.png,224303,,FoggyCityscapes,37,,,trainB,49b9a6d2ba86737acc339b33f6c83b2944267739622975e9a229718bb35b58ce,E:\UNSB_Expl\UNSB_HEADFIGURE_SIXDOMAIN_EXPANDED_20260824\data_views\single\FoggyCityscapes\trainB\FoggyCityscapes__4308.png,E:\UNSB_abl\full_dataset\FoggyCityscapes\target\4308.png,4308
E:\UNSB_Expl\UNSB_HEADFIGURE_SIXDOMAIN_EXPANDED_20260824\data_views\aio\trainB\FoggyCityscapes__1131.png,216662,,FoggyCityscapes,38,,,trainB,7688cd69d7214f809b4683a6eb8a33b48ca7efcc62475815c6b9e35f5a71593c,E:\UNSB_Expl\UNSB_HEADFIGURE_SIXDOMAIN_EXPANDED_20260824\data_views\single\FoggyCityscapes\trainB\FoggyCityscapes__1131.png,E:\UNSB_abl\full_dataset\FoggyCityscapes\target\1131.png,1131
E:\UNSB_Expl\UNSB_HEADFIGURE_SIXDOMAIN_EXPANDED_20260824\data_views\aio\trainB\FoggyCityscapes__2340.png,218002,,FoggyCityscapes,39,,,trainB,b40fcd11a5dda2013bb5557bd13e2c56661f70833ee23a6edee376cce73b0fca,E:\UNSB_Expl\UNSB_HEADFIGURE_SIXDOMAIN_EXPANDED_20260824\data_views\single\FoggyCityscapes\trainB\FoggyCityscapes__2340.png,E:\UNSB_abl\full_dataset\FoggyCityscapes\target\2340.png,2340
E:\UNSB_Expl\UNSB_HEADFIGURE_SIXDOMAIN_EXPANDED_20260824\data_views\aio\trainB\FoggyCityscapes__3198.png,223321,,FoggyCityscapes,40,,,trainB,3347e6728ae66b36f129a48261ad976d9e9203a38e67fb5787978f09d60961b6,E:\UNSB_Expl\UNSB_HEADFIGURE_SIXDOMAIN_EXPANDED_20260824\data_views\single\FoggyCityscapes\trainB\FoggyCityscapes__3198.png,E:\UNSB_abl\full_dataset\FoggyCityscapes\target\3198.png,3198
E:\UNSB_Expl\UNSB_HEADFIGURE_SIXDOMAIN_EXPANDED_20260824\data_views\aio\trainB\FoggyCityscapes__3019.png,228030,,FoggyCityscapes,41,,,trainB,2ff7b18d245c253c083b3cb39031cd63ba3647a5aedc5b84188f578c238395a8,E:\UNSB_Expl\UNSB_HEADFIGURE_SIXDOMAIN_EXPANDED_20260824\data_views\single\FoggyCityscapes\trainB\FoggyCityscapes__3019.png,E:\UNSB_abl\full_dataset\FoggyCityscapes\target\3019.png,3019
E:\UNSB_Expl\UNSB_HEADFIGURE_SIXDOMAIN_EXPANDED_20260824\data_views\aio\trainB\FoggyCityscapes__3582.png,209114,,FoggyCityscapes,42,,,trainB,16030314c8ff7554cdc7ca2b76b852d7fa22545dd06f64324736f93605e11043,E:\UNSB_Expl\UNSB_HEADFIGURE_SIXDOMAIN_EXPANDED_20260824\data_views\single\FoggyCityscapes\trainB\FoggyCityscapes__3582.png,E:\UNSB_abl\full_dataset\FoggyCityscapes\target\3582.png,3582
E:\UNSB_Expl\UNSB_HEADFIGURE_SIXDOMAIN_EXPANDED_20260824\data_views\aio\trainB\FoggyCityscapes__2765.png,192339,,FoggyCityscapes,43,,,trainB,3362f64f28efc9ded9ea0265c56dc9cba40ed65c42322192e71febfe7b683bc7,E:\UNSB_Expl\UNSB_HEADFIGURE_SIXDOMAIN_EXPANDED_20260824\data_views\single\FoggyCityscapes\trainB\FoggyCityscapes__2765.png,E:\UNSB_abl\full_dataset\FoggyCityscapes\target\2765.png,2765
E:\UNSB_Expl\UNSB_HEADFIGURE_SIXDOMAIN_EXPANDED_20260824\data_views\aio\trainB\FoggyCityscapes__3249.png,201506,,FoggyCityscapes,44,,,trainB,b54971728b2130b3778556c9882ebc85fef01967839d9f978a8a1eba4fbc9303,E:\UNSB_Expl\UNSB_HEADFIGURE_SIXDOMAIN_EXPANDED_20260824\data_views\single\FoggyCityscapes\trainB\FoggyCityscapes__3249.png,E:\UNSB_abl\full_dataset\FoggyCityscapes\target\3249.png,3249
E:\UNSB_Expl\UNSB_HEADFIGURE_SIXDOMAIN_EXPANDED_20260824\data_views\aio\trainB\FoggyCityscapes__3605.png,216195,,FoggyCityscapes,45,,,trainB,1d4232209b572434dab9a0316fbffdc9e026b0081e508958a8cb8a4ec2059f14,E:\UNSB_Expl\UNSB_HEADFIGURE_SIXDOMAIN_EXPANDED_20260824\data_views\single\FoggyCityscapes\trainB\FoggyCityscapes__3605.png,E:\UNSB_abl\full_dataset\FoggyCityscapes\target\3605.png,3605
E:\UNSB_Expl\UNSB_HEADFIGURE_SIXDOMAIN_EXPANDED_20260824\data_views\aio\trainB\FoggyCityscapes__4372.png,204807,,FoggyCityscapes,46,,,trainB,b93a52226a7c755c666c6cdf19438729190392f79d3fb238d70a081f0115b7c4,E:\UNSB_Expl\UNSB_HEADFIGURE_SIXDOMAIN_EXPANDED_20260824\data_views\single\FoggyCityscapes\trainB\FoggyCityscapes__4372.png,E:\UNSB_abl\full_dataset\FoggyCityscapes\target\4372.png,4372
E:\UNSB_Expl\UNSB_HEADFIGURE_SIXDOMAIN_EXPANDED_20260824\data_views\aio\trainB\FoggyCityscapes__2517.png,236687,,FoggyCityscapes,47,,,trainB,daad0a37fad54a04a2bf20dff9613ba8942ed9c58d7e4014f060457f0978aa75,E:\UNSB_Expl\UNSB_HEADFIGURE_SIXDOMAIN_EXPANDED_20260824\data_views\single\FoggyCityscapes\trainB\FoggyCityscapes__2517.png,E:\UNSB_abl\full_dataset\FoggyCityscapes\target\2517.png,2517
E:\UNSB_Expl\UNSB_HEADFIGURE_SIXDOMAIN_EXPANDED_20260824\data_views\aio\trainB\FoggyCityscapes__0432.png,204389,,FoggyCityscapes,48,,,trainB,99e4ea43fea65bd611338ed33d8ea18f69ac2b6183c763b9e0c42790273563de,E:\UNSB_Expl\UNSB_HEADFIGURE_SIXDOMAIN_EXPANDED_20260824\data_views\single\FoggyCityscapes\trainB\FoggyCityscapes__0432.png,E:\UNSB_abl\full_dataset\FoggyCityscapes\target\0432.png,0432
E:\UNSB_Expl\UNSB_HEADFIGURE_SIXDOMAIN_EXPANDED_20260824\data_views\aio\trainB\FoggyCityscapes__1968.png,170749,,FoggyCityscapes,49,,,trainB,f693ad6c7d01a54adceda65b70d7cf6c527cdd00df18be2fdf0e238e6d4bc924,E:\UNSB_Expl\UNSB_HEADFIGURE_SIXDOMAIN_EXPANDED_20260824\data_views\single\FoggyCityscapes\trainB\FoggyCityscapes__1968.png,E:\UNSB_abl\full_dataset\FoggyCityscapes\target\1968.png,1968
E:\UNSB_Expl\UNSB_HEADFIGURE_SIXDOMAIN_EXPANDED_20260824\data_views\aio\trainB\FoggyCityscapes__1581.png,198123,,FoggyCityscapes,50,,,trainB,ff9ddeda9c91a2d1bf6f78318890802fa8034f72fb50a3ad52cd8f56f0b86ea8,E:\UNSB_Expl\UNSB_HEADFIGURE_SIXDOMAIN_EXPANDED_20260824\data_views\single\FoggyCityscapes\trainB\FoggyCityscapes__1581.png,E:\UNSB_abl\full_dataset\FoggyCityscapes\target\1581.png,1581
E:\UNSB_Expl\UNSB_HEADFIGURE_SIXDOMAIN_EXPANDED_20260824\data_views\aio\trainB\FoggyCityscapes__1548.png,214029,,FoggyCityscapes,51,,,trainB,a17cefa3904d7a4b553f3817cb82c83a6b6f9bc6ba6128e2e8eab735260bf426,E:\UNSB_Expl\UNSB_HEADFIGURE_SIXDOMAIN_EXPANDED_20260824\data_views\single\FoggyCityscapes\trainB\FoggyCityscapes__1548.png,E:\UNSB_abl\full_dataset\FoggyCityscapes\target\1548.png,1548
E:\UNSB_Expl\UNSB_HEADFIGURE_SIXDOMAIN_EXPANDED_20260824\data_views\aio\trainB\FoggyCityscapes__4310.png,224058,,FoggyCityscapes,52,,,trainB,a89a54a12f3628821f693ef1a355d4a4c780d6f02bbc850d5d14c54323f97644,E:\UNSB_Expl\UNSB_HEADFIGURE_SIXDOMAIN_EXPANDED_20260824\data_views\single\FoggyCityscapes\trainB\FoggyCityscapes__4310.png,E:\UNSB_abl\full_dataset\FoggyCityscapes\target\4310.png,4310
E:\UNSB_Expl\UNSB_HEADFIGURE_SIXDOMAIN_EXPANDED_20260824\data_views\aio\trainB\FoggyCityscapes__4092.png,201651,,FoggyCityscapes,53,,,trainB,02bd73cd1a97de2059acc531d15bb309254e7c4a1f7dec4ad463ca06150d44bf,E:\UNSB_Expl\UNSB_HEADFIGURE_SIXDOMAIN_EXPANDED_20260824\data_views\single\FoggyCityscapes\trainB\FoggyCityscapes__4092.png,E:\UNSB_abl\full_dataset\FoggyCityscapes\target\4092.png,4092
E:\UNSB_Expl\UNSB_HEADFIGURE_SIXDOMAIN_EXPANDED_20260824\data_views\aio\trainB\FoggyCityscapes__4277.png,197021,,FoggyCityscapes,54,,,trainB,a920409936164ece517f2ec29b1bcac9e26ffa4beb93998631c51a041f8447a4,E:\UNSB_Expl\UNSB_HEADFIGURE_SIXDOMAIN_EXPANDED_20260824\data_views\single\FoggyCityscapes\trainB\FoggyCityscapes__4277.png,E:\UNSB_abl\full_dataset\FoggyCityscapes\target\4277.png,4277
E:\UNSB_Expl\UNSB_HEADFIGURE_SIXDOMAIN_EXPANDED_20260824\data_views\aio\trainB\FoggyCityscapes__3831.png,213857,,FoggyCityscapes,55,,,trainB,2d51cd2630fcd9d5c802acd5ae4a4bf9841c78dd6fe8aae908657ef1be8c2bdf,E:\UNSB_Expl\UNSB_HEADFIGURE_SIXDOMAIN_EXPANDED_20260824\data_views\single\FoggyCityscapes\trainB\FoggyCityscapes__3831.png,E:\UNSB_abl\full_dataset\FoggyCityscapes\target\3831.png,3831
E:\UNSB_Expl\UNSB_HEADFIGURE_SIXDOMAIN_EXPANDED_20260824\data_views\aio\trainB\FoggyCityscapes__1361.png,212906,,FoggyCityscapes,56,,,trainB,5f3ab084f673dc796d2178a677a2323f9dbdcd27313590c69cb9a11a279ae90d,E:\UNSB_Expl\UNSB_HEADFIGURE_SIXDOMAIN_EXPANDED_20260824\data_views\single\FoggyCityscapes\trainB\FoggyCityscapes__1361.png,E:\UNSB_abl\full_dataset\FoggyCityscapes\target\1361.png,1361
E:\UNSB_Expl\UNSB_HEADFIGURE_SIXDOMAIN_EXPANDED_20260824\data_views\aio\trainB\FoggyCityscapes__0961.png,201907,,FoggyCityscapes,57,,,trainB,58ef58ac4668681b3d786c7cd900849f6517dfad22ebae71f00ac6ea44e7986c,E:\UNSB_Expl\UNSB_HEADFIGURE_SIXDOMAIN_EXPANDED_20260824\data_views\single\FoggyCityscapes\trainB\FoggyCityscapes__0961.png,E:\UNSB_abl\full_dataset\FoggyCityscapes\target\0961.png,0961
E:\UNSB_Expl\UNSB_HEADFIGURE_SIXDOMAIN_EXPANDED_20260824\data_views\aio\trainB\FoggyCityscapes__0006.png,202769,,FoggyCityscapes,58,,,trainB,a027873b2e5c531ce05b4483ceeb1d25c4c417173e9d38ce1f928e5ce7e83628,E:\UNSB_Expl\UNSB_HEADFIGURE_SIXDOMAIN_EXPANDED_20260824\data_views\single\FoggyCityscapes\trainB\FoggyCityscapes__0006.png,E:\UNSB_abl\full_dataset\FoggyCityscapes\target\0006.png,0006
E:\UNSB_Expl\UNSB_HEADFIGURE_SIXDOMAIN_EXPANDED_20260824\data_views\aio\trainB\FoggyCityscapes__3489.png,215002,,FoggyCityscapes,59,,,trainB,77d794e9ba3f4954356e8a64f99182effa3f5eff53ab42670b7672c647d9460f,E:\UNSB_Expl\UNSB_HEADFIGURE_SIXDOMAIN_EXPANDED_20260824\data_views\single\FoggyCityscapes\trainB\FoggyCityscapes__3489.png,E:\UNSB_abl\full_dataset\FoggyCityscapes\target\3489.png,3489
E:\UNSB_Expl\UNSB_HEADFIGURE_SIXDOMAIN_EXPANDED_20260824\data_views\aio\trainB\FoggyCityscapes__4547.png,231477,,FoggyCityscapes,60,,,trainB,2ddf06e0dd664dad84a85949a6c9bd62aa34f2c38b2c424815fac9f6da1051c9,E:\UNSB_Expl\UNSB_HEADFIGURE_SIXDOMAIN_EXPANDED_20260824\data_views\single\FoggyCityscapes\trainB\FoggyCityscapes__4547.png,E:\UNSB_abl\full_dataset\FoggyCityscapes\target\4547.png,4547
E:\UNSB_Expl\UNSB_HEADFIGURE_SIXDOMAIN_EXPANDED_20260824\data_views\aio\trainB\FoggyCityscapes__2545.png,211014,,FoggyCityscapes,61,,,trainB,586fdd8cf3cddf0315ae5a1a343f2156598bd81ab9abb5453d63522f3cb10175,E:\UNSB_Expl\UNSB_HEADFIGURE_SIXDOMAIN_EXPANDED_20260824\data_views\single\FoggyCityscapes\trainB\FoggyCityscapes__2545.png,E:\UNSB_abl\full_dataset\FoggyCityscapes\target\2545.png,2545
E:\UNSB_Expl\UNSB_HEADFIGURE_SIXDOMAIN_EXPANDED_20260824\data_views\aio\trainB\FoggyCityscapes__4185.png,208832,,FoggyCityscapes,62,,,trainB,3936bb40c9a54ae0cb33a4753cd162adf76a132ba726c3a12cb875bc655b71db,E:\UNSB_Expl\UNSB_HEADFIGURE_SIXDOMAIN_EXPANDED_20260824\data_views\single\FoggyCityscapes\trainB\FoggyCityscapes__4185.png,E:\UNSB_abl\full_dataset\FoggyCityscapes\target\4185.png,4185
E:\UNSB_Expl\UNSB_HEADFIGURE_SIXDOMAIN_EXPANDED_20260824\data_views\aio\trainB\FoggyCityscapes__0088.png,242795,,FoggyCityscapes,63,,,trainB,7508947ad5c87446bcd4c50438c5237fc160904569477c689f31ab05fa2cd8b1,E:\UNSB_Expl\UNSB_HEADFIGURE_SIXDOMAIN_EXPANDED_20260824\data_views\single\FoggyCityscapes\trainB\FoggyCityscapes__0088.png,E:\UNSB_abl\full_dataset\FoggyCityscapes\target\0088.png,0088
E:\UNSB_Expl\UNSB_HEADFIGURE_SIXDOMAIN_EXPANDED_20260824\data_views\aio\trainB\FoggyCityscapes__3378.png,204757,,FoggyCityscapes,64,,,trainB,d2035488b0d77023938b57fcaa91b3bb7a8ba45a30c0c3b21fc0e87f00c02de7,E:\UNSB_Expl\UNSB_HEADFIGURE_SIXDOMAIN_EXPANDED_20260824\data_views\single\FoggyCityscapes\trainB\FoggyCityscapes__3378.png,E:\UNSB_abl\full_dataset\FoggyCityscapes\target\3378.png,3378
E:\UNSB_Expl\UNSB_HEADFIGURE_SIXDOMAIN_EXPANDED_20260824\data_views\aio\trainB\FoggyCityscapes__0138.png,191208,,FoggyCityscapes,65,,,trainB,73b37ac585c6824d2a1dcfe95edcfbf95a517fc446c541433230dfc4216f0153,E:\UNSB_Expl\UNSB_HEADFIGURE_SIXDOMAIN_EXPANDED_20260824\data_views\single\FoggyCityscapes\trainB\FoggyCityscapes__0138.png,E:\UNSB_abl\full_dataset\FoggyCityscapes\target\0138.png,0138
E:\UNSB_Expl\UNSB_HEADFIGURE_SIXDOMAIN_EXPANDED_20260824\data_views\aio\trainB\FoggyCityscapes__0813.png,214545,,FoggyCityscapes,66,,,trainB,dc5b625afd7a821627be54d3106b8ee2c0b79e442b95b366816ed1e4837588b8,E:\UNSB_Expl\UNSB_HEADFIGURE_SIXDOMAIN_EXPANDED_20260824\data_views\single\FoggyCityscapes\trainB\FoggyCityscapes__0813.png,E:\UNSB_abl\full_dataset\FoggyCityscapes\target\0813.png,0813
E:\UNSB_Expl\UNSB_HEADFIGURE_SIXDOMAIN_EXPANDED_20260824\data_views\aio\trainB\FoggyCityscapes__2715.png,210296,,FoggyCityscapes,67,,,trainB,da0c65943a488a13bfdb90337d0c3df06d3c72739ebe65d4ead1c7a9fad637a1,E:\UNSB_Expl\UNSB_HEADFIGURE_SIXDOMAIN_EXPANDED_20260824\data_views\single\FoggyCityscapes\trainB\FoggyCityscapes__2715.png,E:\UNSB_abl\full_dataset\FoggyCityscapes\target\2715.png,2715
E:\UNSB_Expl\UNSB_HEADFIGURE_SIXDOMAIN_EXPANDED_20260824\data_views\aio\trainB\FoggyCityscapes__3961.png,216962,,FoggyCityscapes,68,,,trainB,2eb16cf0dda8d5a54b00c1945c6360347b9f5a47659264ec363b0be0302d51df,E:\UNSB_Expl\UNSB_HEADFIGURE_SIXDOMAIN_EXPANDED_20260824\data_views\single\FoggyCityscapes\trainB\FoggyCityscapes__3961.png,E:\UNSB_abl\full_dataset\FoggyCityscapes\target\3961.png,3961
E:\UNSB_Expl\UNSB_HEADFIGURE_SIXDOMAIN_EXPANDED_20260824\data_views\aio\trainB\FoggyCityscapes__0889.png,224082,,FoggyCityscapes,69,,,trainB,a2c91a9f46f79600e22a42e75a7d36974a330421b29bb3a188fc8ce1b3db61e5,E:\UNSB_Expl\UNSB_HEADFIGURE_SIXDOMAIN_EXPANDED_20260824\data_views\single\FoggyCityscapes\trainB\FoggyCityscapes__0889.png,E:\UNSB_abl\full_dataset\FoggyCityscapes\target\0889.png,0889
E:\UNSB_Expl\UNSB_HEADFIGURE_SIXDOMAIN_EXPANDED_20260824\data_views\aio\trainB\FoggyCityscapes__2947.png,198544,,FoggyCityscapes,70,,,trainB,b9f2d19a1438b9925fca5afcb2323d843bfdc3808bd0d3b222f69f7277639f99,E:\UNSB_Expl\UNSB_HEADFIGURE_SIXDOMAIN_EXPANDED_20260824\data_views\single\FoggyCityscapes\trainB\FoggyCityscapes__2947.png,E:\UNSB_abl\full_dataset\FoggyCityscapes\target\2947.png,2947
E:\UNSB_Expl\UNSB_HEADFIGURE_SIXDOMAIN_EXPANDED_20260824\data_views\aio\trainB\FoggyCityscapes__0925.png,230766,,FoggyCityscapes,71,,,trainB,053fad356a0caf698a9c7f5874890acf7eec229f3ad2d5cd5cf0c6eaf7acb756,E:\UNSB_Expl\UNSB_HEADFIGURE_SIXDOMAIN_EXPANDED_20260824\data_views\single\FoggyCityscapes\trainB\FoggyCityscapes__0925.png,E:\UNSB_abl\full_dataset\FoggyCityscapes\target\0925.png,0925
E:\UNSB_Expl\UNSB_HEADFIGURE_SIXDOMAIN_EXPANDED_20260824\data_views\aio\trainB\FoggyCityscapes__4443.png,227028,,FoggyCityscapes,72,,,trainB,a38adde74727834664cce3994018b831a7fcb615db9704eb3105214716fa7516,E:\UNSB_Expl\UNSB_HEADFIGURE_SIXDOMAIN_EXPANDED_20260824\data_views\single\FoggyCityscapes\trainB\FoggyCityscapes__4443.png,E:\UNSB_abl\full_dataset\FoggyCityscapes\target\4443.png,4443
E:\UNSB_Expl\UNSB_HEADFIGURE_SIXDOMAIN_EXPANDED_20260824\data_views\aio\trainB\FoggyCityscapes__3062.png,208618,,FoggyCityscapes,73,,,trainB,cc568a00afb7644b5cae97776f64d434ca800b94305ce0e766a9e7f0e452f96a,E:\UNSB_Expl\UNSB_HEADFIGURE_SIXDOMAIN_EXPANDED_20260824\data_views\single\FoggyCityscapes\trainB\FoggyCityscapes__3062.png,E:\UNSB_abl\full_dataset\FoggyCityscapes\target\3062.png,3062
E:\UNSB_Expl\UNSB_HEADFIGURE_SIXDOMAIN_EXPANDED_20260824\data_views\aio\trainB\FoggyCityscapes__0291.png,192655,,FoggyCityscapes,74,,,trainB,ba13a0acc9a9511ff4f9ce68bd177a26c0bfa623be0d35b44959cbf41a54a631,E:\UNSB_Expl\UNSB_HEADFIGURE_SIXDOMAIN_EXPANDED_20260824\data_views\single\FoggyCityscapes\trainB\FoggyCityscapes__0291.png,E:\UNSB_abl\full_dataset\FoggyCityscapes\target\0291.png,0291
E:\UNSB_Expl\UNSB_HEADFIGURE_SIXDOMAIN_EXPANDED_20260824\data_views\aio\trainB\FoggyCityscapes__4101.png,212447,,FoggyCityscapes,75,,,trainB,dbec339fecb3aa9cecdd8acb94a00586d215236714341cb75eb8535e4dc00b47,E:\UNSB_Expl\UNSB_HEADFIGURE_SIXDOMAIN_EXPANDED_20260824\data_views\single\FoggyCityscapes\trainB\FoggyCityscapes__4101.png,E:\UNSB_abl\full_dataset\FoggyCityscapes\target\4101.png,4101
E:\UNSB_Expl\UNSB_HEADFIGURE_SIXDOMAIN_EXPANDED_20260824\data_views\aio\trainB\FoggyCityscapes__2500.png,186030,,FoggyCityscapes,76,,,trainB,aa8b8adc21b19a24c80b79fd88b3315fa4133b43a1a16ae7b6c4a079b803bde2,E:\UNSB_Expl\UNSB_HEADFIGURE_SIXDOMAIN_EXPANDED_20260824\data_views\single\FoggyCityscapes\trainB\FoggyCityscapes__2500.png,E:\UNSB_abl\full_dataset\FoggyCityscapes\target\2500.png,2500
E:\UNSB_Expl\UNSB_HEADFIGURE_SIXDOMAIN_EXPANDED_20260824\data_views\aio\trainB\FoggyCityscapes__1136.png,215050,,FoggyCityscapes,77,,,trainB,c390125a58da3e8e049bba4d9530484e465d91bb9862d7638ebfa7212a76ec5a,E:\UNSB_Expl\UNSB_HEADFIGURE_SIXDOMAIN_EXPANDED_20260824\data_views\single\FoggyCityscapes\trainB\FoggyCityscapes__1136.png,E:\UNSB_abl\full_dataset\FoggyCityscapes\target\1136.png,1136
E:\UNSB_Expl\UNSB_HEADFIGURE_SIXDOMAIN_EXPANDED_20260824\data_views\aio\trainB\FoggyCityscapes__3389.png,212880,,FoggyCityscapes,78,,,trainB,1dfaf3bd4a8a24048054baabaf3a97acb1deefa0a37bcb47e8b0939a33209cb6,E:\UNSB_Expl\UNSB_HEADFIGURE_SIXDOMAIN_EXPANDED_20260824\data_views\single\FoggyCityscapes\trainB\FoggyCityscapes__3389.png,E:\UNSB_abl\full_dataset\FoggyCityscapes\target\3389.png,3389
E:\UNSB_Expl\UNSB_HEADFIGURE_SIXDOMAIN_EXPANDED_20260824\data_views\aio\trainB\FoggyCityscapes__1789.png,212525,,FoggyCityscapes,79,,,trainB,9d036cf49c49b2cbdaebe809c4cae60e9debdf630f6fd14f51247b1ce9a3b7f4,E:\UNSB_Expl\UNSB_HEADFIGURE_SIXDOMAIN_EXPANDED_20260824\data_views\single\FoggyCityscapes\trainB\FoggyCityscapes__1789.png,E:\UNSB_abl\full_dataset\FoggyCityscapes\target\1789.png,1789
E:\UNSB_Expl\UNSB_HEADFIGURE_SIXDOMAIN_EXPANDED_20260824\data_views\aio\trainB\FoggyCityscapes__2522.png,203410,,FoggyCityscapes,80,,,trainB,41c4abdf27b21ab6504ad3b0bb048aa29dceff794af677209176d3b76c15b1cb,E:\UNSB_Expl\UNSB_HEADFIGURE_SIXDOMAIN_EXPANDED_20260824\data_views\single\FoggyCityscapes\trainB\FoggyCityscapes__2522.png,E:\UNSB_abl\full_dataset\FoggyCityscapes\target\2522.png,2522
E:\UNSB_Expl\UNSB_HEADFIGURE_SIXDOMAIN_EXPANDED_20260824\data_views\aio\trainB\FoggyCityscapes__2621.png,210334,,FoggyCityscapes,81,,,trainB,5f694ed8a27996ae5a71e1352c92096c8e8bd346a053bb3593dad8920303bc2a,E:\UNSB_Expl\UNSB_HEADFIGURE_SIXDOMAIN_EXPANDED_20260824\data_views\single\FoggyCityscapes\trainB\FoggyCityscapes__2621.png,E:\UNSB_abl\full_dataset\FoggyCityscapes\target\2621.png,2621
E:\UNSB_Expl\UNSB_HEADFIGURE_SIXDOMAIN_EXPANDED_20260824\data_views\aio\trainB\FoggyCityscapes__3954.png,213628,,FoggyCityscapes,82,,,trainB,1af4b412977fe84e365926ef8f1451a7c938d20547dab19037db987de0c69782,E:\UNSB_Expl\UNSB_HEADFIGURE_SIXDOMAIN_EXPANDED_20260824\data_views\single\FoggyCityscapes\trainB\FoggyCityscapes__3954.png,E:\UNSB_abl\full_dataset\FoggyCityscapes\target\3954.png,3954
E:\UNSB_Expl\UNSB_HEADFIGURE_SIXDOMAIN_EXPANDED_20260824\data_views\aio\trainB\FoggyCityscapes__2123.png,202894,,FoggyCityscapes,83,,,trainB,c92dac8f30c2b51def039efca28a6fae6eaad12c3b75aaff33448420efd95643,E:\UNSB_Expl\UNSB_HEADFIGURE_SIXDOMAIN_EXPANDED_20260824\data_views\single\FoggyCityscapes\trainB\FoggyCityscapes__2123.png,E:\UNSB_abl\full_dataset\FoggyCityscapes\target\2123.png,2123
E:\UNSB_Expl\UNSB_HEADFIGURE_SIXDOMAIN_EXPANDED_20260824\data_views\aio\trainB\FoggyCityscapes__2676.png,222353,,FoggyCityscapes,84,,,trainB,b7ca22f99d48bdc8fad43ff99de938bf1c0a1739a52b7a5474d90653a0603433,E:\UNSB_Expl\UNSB_HEADFIGURE_SIXDOMAIN_EXPANDED_20260824\data_views\single\FoggyCityscapes\trainB\FoggyCityscapes__2676.png,E:\UNSB_abl\full_dataset\FoggyCityscapes\target\2676.png,2676
E:\UNSB_Expl\UNSB_HEADFIGURE_SIXDOMAIN_EXPANDED_20260824\data_views\aio\trainB\FoggyCityscapes__1578.png,206347,,FoggyCityscapes,85,,,trainB,d84f38c47af7e09d07712583677b31f1229dda9ee15b040ab0d8acc46464cc94,E:\UNSB_Expl\UNSB_HEADFIGURE_SIXDOMAIN_EXPANDED_20260824\data_views\single\FoggyCityscapes\trainB\FoggyCityscapes__1578.png,E:\UNSB_abl\full_dataset\FoggyCityscapes\target\1578.png,1578
E:\UNSB_Expl\UNSB_HEADFIGURE_SIXDOMAIN_EXPANDED_20260824\data_views\aio\trainB\FoggyCityscapes__1712.png,218938,,FoggyCityscapes,86,,,trainB,62021725b87dfb3b08c96d98f3a86b9d24911dbad497ff950df05b226c0ede8d,E:\UNSB_Expl\UNSB_HEADFIGURE_SIXDOMAIN_EXPANDED_20260824\data_views\single\FoggyCityscapes\trainB\FoggyCityscapes__1712.png,E:\UNSB_abl\full_dataset\FoggyCityscapes\target\1712.png,1712
E:\UNSB_Expl\UNSB_HEADFIGURE_SIXDOMAIN_EXPANDED_20260824\data_views\aio\trainB\FoggyCityscapes__4091.png,195919,,FoggyCityscapes,87,,,trainB,b3129fe1ef72bd5b7ec29bd24305b93a64ddc619671e6e4d6ea3ee2e9ef611df,E:\UNSB_Expl\UNSB_HEADFIGURE_SIXDOMAIN_EXPANDED_20260824\data_views\single\FoggyCityscapes\trainB\FoggyCityscapes__4091.png,E:\UNSB_abl\full_dataset\FoggyCityscapes\target\4091.png,4091
E:\UNSB_Expl\UNSB_HEADFIGURE_SIXDOMAIN_EXPANDED_20260824\data_views\aio\trainB\FoggyCityscapes__2113.png,222961,,FoggyCityscapes,88,,,trainB,f28634bdd9c3bb570613bd0cceb195f52449140860ae24483aea3411da0167d0,E:\UNSB_Expl\UNSB_HEADFIGURE_SIXDOMAIN_EXPANDED_20260824\data_views\single\FoggyCityscapes\trainB\FoggyCityscapes__2113.png,E:\UNSB_abl\full_dataset\FoggyCityscapes\target\2113.png,2113
E:\UNSB_Expl\UNSB_HEADFIGURE_SIXDOMAIN_EXPANDED_20260824\data_views\aio\trainB\FoggyCityscapes__2881.png,218274,,FoggyCityscapes,89,,,trainB,09e78f1c3084d44589375176d98bcc3f581700f198323c12df0a392277a60f06,E:\UNSB_Expl\UNSB_HEADFIGURE_SIXDOMAIN_EXPANDED_20260824\data_views\single\FoggyCityscapes\trainB\FoggyCityscapes__2881.png,E:\UNSB_abl\full_dataset\FoggyCityscapes\target\2881.png,2881
E:\UNSB_Expl\UNSB_HEADFIGURE_SIXDOMAIN_EXPANDED_20260824\data_views\aio\trainB\FoggyCityscapes__4215.png,233954,,FoggyCityscapes,90,,,trainB,34c1d0a8e1e8f0fd66e0093cced0c500eea3e95a852e3909c445cc48d28cef87,E:\UNSB_Expl\UNSB_HEADFIGURE_SIXDOMAIN_EXPANDED_20260824\data_views\single\FoggyCityscapes\trainB\FoggyCityscapes__4215.png,E:\UNSB_abl\full_dataset\FoggyCityscapes\target\4215.png,4215
E:\UNSB_Expl\UNSB_HEADFIGURE_SIXDOMAIN_EXPANDED_20260824\data_views\aio\trainB\FoggyCityscapes__3748.png,215496,,FoggyCityscapes,91,,,trainB,8fab2be2b28384161e8780ac1f4a54dc9e7135f8983d3eb392b6df26c1d2fa7c,E:\UNSB_Expl\UNSB_HEADFIGURE_SIXDOMAIN_EXPANDED_20260824\data_views\single\FoggyCityscapes\trainB\FoggyCityscapes__3748.png,E:\UNSB_abl\full_dataset\FoggyCityscapes\target\3748.png,3748
E:\UNSB_Expl\UNSB_HEADFIGURE_SIXDOMAIN_EXPANDED_20260824\data_views\aio\trainB\FoggyCityscapes__4266.png,230804,,FoggyCityscapes,92,,,trainB,63f180483ac0b920db279bf469c2f9ab671261d2c11f0f65927bb06084bce84a,E:\UNSB_Expl\UNSB_HEADFIGURE_SIXDOMAIN_EXPANDED_20260824\data_views\single\FoggyCityscapes\trainB\FoggyCityscapes__4266.png,E:\UNSB_abl\full_dataset\FoggyCityscapes\target\4266.png,4266
E:\UNSB_Expl\UNSB_HEADFIGURE_SIXDOMAIN_EXPANDED_20260824\data_views\aio\trainB\FoggyCityscapes__1451.png,209598,,FoggyCityscapes,93,,,trainB,6f446b57136dd6a00c181bd733f9c77ad007392d880815596d8f59ba36d7d031,E:\UNSB_Expl\UNSB_HEADFIGURE_SIXDOMAIN_EXPANDED_20260824\data_views\single\FoggyCityscapes\trainB\FoggyCityscapes__1451.png,E:\UNSB_abl\full_dataset\FoggyCityscapes\target\1451.png,1451
E:\UNSB_Expl\UNSB_HEADFIGURE_SIXDOMAIN_EXPANDED_20260824\data_views\aio\trainB\FoggyCityscapes__3861.png,225775,,FoggyCityscapes,94,,,trainB,914d51d45099ea3c1f9fb0795ad46d382f8cf2b755c1a6f67d65bf2abd276325,E:\UNSB_Expl\UNSB_HEADFIGURE_SIXDOMAIN_EXPANDED_20260824\data_views\single\FoggyCityscapes\trainB\FoggyCityscapes__3861.png,E:\UNSB_abl\full_dataset\FoggyCityscapes\target\3861.png,3861
E:\UNSB_Expl\UNSB_HEADFIGURE_SIXDOMAIN_EXPANDED_20260824\data_views\aio\trainB\FoggyCityscapes__2924.png,223321,,FoggyCityscapes,95,,,trainB,3347e6728ae66b36f129a48261ad976d9e9203a38e67fb5787978f09d60961b6,E:\UNSB_Expl\UNSB_HEADFIGURE_SIXDOMAIN_EXPANDED_20260824\data_views\single\FoggyCityscapes\trainB\FoggyCityscapes__2924.png,E:\UNSB_abl\full_dataset\FoggyCityscapes\target\2924.png,2924
E:\UNSB_Expl\UNSB_HEADFIGURE_SIXDOMAIN_EXPANDED_20260824\data_views\aio\trainB\FoggyCityscapes__3841.png,222094,,FoggyCityscapes,96,,,trainB,3d586eb85d75047e7f0b9fc6a2c597557abafc326b5068ed371c55c7398d4116,E:\UNSB_Expl\UNSB_HEADFIGURE_SIXDOMAIN_EXPANDED_20260824\data_views\single\FoggyCityscapes\trainB\FoggyCityscapes__3841.png,E:\UNSB_abl\full_dataset\FoggyCityscapes\target\3841.png,3841
E:\UNSB_Expl\UNSB_HEADFIGURE_SIXDOMAIN_EXPANDED_20260824\data_views\aio\trainB\FoggyCityscapes__2176.png,189553,,FoggyCityscapes,97,,,trainB,d44bdd68e5c7a4262c8c95a03c015f4ede9e15fbf97927f2cf199915aa1d8103,E:\UNSB_Expl\UNSB_HEADFIGURE_SIXDOMAIN_EXPANDED_20260824\data_views\single\FoggyCityscapes\trainB\FoggyCityscapes__2176.png,E:\UNSB_abl\full_dataset\FoggyCityscapes\target\2176.png,2176
E:\UNSB_Expl\UNSB_HEADFIGURE_SIXDOMAIN_EXPANDED_20260824\data_views\aio\trainB\FoggyCityscapes__3627.png,194514,,FoggyCityscapes,98,,,trainB,c1ef96efc78fc936cbe9498e3e5208ad258c33c2c11616b4001d62419970813d,E:\UNSB_Expl\UNSB_HEADFIGURE_SIXDOMAIN_EXPANDED_20260824\data_views\single\FoggyCityscapes\trainB\FoggyCityscapes__3627.png,E:\UNSB_abl\full_dataset\FoggyCityscapes\target\3627.png,3627
E:\UNSB_Expl\UNSB_HEADFIGURE_SIXDOMAIN_EXPANDED_20260824\data_views\aio\trainB\FoggyCityscapes__2533.png,228010,,FoggyCityscapes,99,,,trainB,d467e8c44d6f0140f98bee03fd7797f86a577b9cd4dfd1e3c4758f274003007d,E:\UNSB_Expl\UNSB_HEADFIGURE_SIXDOMAIN_EXPANDED_20260824\data_views\single\FoggyCityscapes\trainB\FoggyCityscapes__2533.png,E:\UNSB_abl\full_dataset\FoggyCityscapes\target\2533.png,2533
E:\UNSB_Expl\UNSB_HEADFIGURE_SIXDOMAIN_EXPANDED_20260824\data_views\aio\trainB\FoggyCityscapes__1471.png,191300,,FoggyCityscapes,100,,,trainB,e764adb5bb6f42f733cb16f325af38be27b045aeea6cf93835d3d8dac7318680,E:\UNSB_Expl\UNSB_HEADFIGURE_SIXDOMAIN_EXPANDED_20260824\data_views\single\FoggyCityscapes\trainB\FoggyCityscapes__1471.png,E:\UNSB_abl\full_dataset\FoggyCityscapes\target\1471.png,1471
E:\UNSB_Expl\UNSB_HEADFIGURE_SIXDOMAIN_EXPANDED_20260824\data_views\aio\trainB\FoggyCityscapes__2135.png,214936,,FoggyCityscapes,101,,,trainB,2daaca6a50b8964bdee23d805b24f7f26c15a2abcd4f667e694efd3286cca4f2,E:\UNSB_Expl\UNSB_HEADFIGURE_SIXDOMAIN_EXPANDED_20260824\data_views\single\FoggyCityscapes\trainB\FoggyCityscapes__2135.png,E:\UNSB_abl\full_dataset\FoggyCityscapes\target\2135.png,2135
E:\UNSB_Expl\UNSB_HEADFIGURE_SIXDOMAIN_EXPANDED_20260824\data_views\aio\trainB\FoggyCityscapes__3224.png,171708,,FoggyCityscapes,102,,,trainB,59840c24052c6c2c32ad906d44087e45fe1120a65c5dbb13eaa90c3ae0b67896,E:\UNSB_Expl\UNSB_HEADFIGURE_SIXDOMAIN_EXPANDED_20260824\data_views\single\FoggyCityscapes\trainB\FoggyCityscapes__3224.png,E:\UNSB_abl\full_dataset\FoggyCityscapes\target\3224.png,3224
E:\UNSB_Expl\UNSB_HEADFIGURE_SIXDOMAIN_EXPANDED_20260824\data_views\aio\trainB\FoggyCityscapes__1048.png,204121,,FoggyCityscapes,103,,,trainB,cd413046880f3cfbd1a4373b962fb388dfc5e6a77d6c968d0c6fb1cf2fa447e4,E:\UNSB_Expl\UNSB_HEADFIGURE_SIXDOMAIN_EXPANDED_20260824\data_views\single\FoggyCityscapes\trainB\FoggyCityscapes__1048.png,E:\UNSB_abl\full_dataset\FoggyCityscapes\target\1048.png,1048
E:\UNSB_Expl\UNSB_HEADFIGURE_SIXDOMAIN_EXPANDED_20260824\data_views\aio\trainB\FoggyCityscapes__3122.png,211556,,FoggyCityscapes,104,,,trainB,a226216f017a54850db58749dc4fbfa8d201cc29a91c576b5463ea442622603e,E:\UNSB_Expl\UNSB_HEADFIGURE_SIXDOMAIN_EXPANDED_20260824\data_views\single\FoggyCityscapes\trainB\FoggyCityscapes__3122.png,E:\UNSB_abl\full_dataset\FoggyCityscapes\target\3122.png,3122
E:\UNSB_Expl\UNSB_HEADFIGURE_SIXDOMAIN_EXPANDED_20260824\data_views\aio\trainB\FoggyCityscapes__1116.png,217066,,FoggyCityscapes,105,,,trainB,99a0ea99be77835010d3a278aed7857c944c4e62a29096dc04c92851d95ec1d0,E:\UNSB_Expl\UNSB_HEADFIGURE_SIXDOMAIN_EXPANDED_20260824\data_views\single\FoggyCityscapes\trainB\FoggyCityscapes__1116.png,E:\UNSB_abl\full_dataset\FoggyCityscapes\target\1116.png,1116
E:\UNSB_Expl\UNSB_HEADFIGURE_SIXDOMAIN_EXPANDED_20260824\data_views\aio\trainB\FoggyCityscapes__4094.png,213495,,FoggyCityscapes,106,,,trainB,83edd59ceb146340db32425d7a81d418a8eaa64465ebf4e6040085e0b4f154d7,E:\UNSB_Expl\UNSB_HEADFIGURE_SIXDOMAIN_EXPANDED_20260824\data_views\single\FoggyCityscapes\trainB\FoggyCityscapes__4094.png,E:\UNSB_abl\full_dataset\FoggyCityscapes\target\4094.png,4094
E:\UNSB_Expl\UNSB_HEADFIGURE_SIXDOMAIN_EXPANDED_20260824\data_views\aio\trainB\FoggyCityscapes__1914.png,208766,,FoggyCityscapes,107,,,trainB,ddded8be24e995daada2112624945a9f99b0fc8231cc000b2c3ae8158f3c7c2e,E:\UNSB_Expl\UNSB_HEADFIGURE_SIXDOMAIN_EXPANDED_20260824\data_views\single\FoggyCityscapes\trainB\FoggyCityscapes__1914.png,E:\UNSB_abl\full_dataset\FoggyCityscapes\target\1914.png,1914
E:\UNSB_Expl\UNSB_HEADFIGURE_SIXDOMAIN_EXPANDED_20260824\data_views\aio\trainB\FoggyCityscapes__1960.png,208180,,FoggyCityscapes,108,,,trainB,12b997f4d80e5711cf5d68a575c7d6cfa9440e5a57634609efc694d9a68bac07,E:\UNSB_Expl\UNSB_HEADFIGURE_SIXDOMAIN_EXPANDED_20260824\data_views\single\FoggyCityscapes\trainB\FoggyCityscapes__1960.png,E:\UNSB_abl\full_dataset\FoggyCityscapes\target\1960.png,1960
E:\UNSB_Expl\UNSB_HEADFIGURE_SIXDOMAIN_EXPANDED_20260824\data_views\aio\trainB\FoggyCityscapes__3351.png,228296,,FoggyCityscapes,109,,,trainB,55e06cb5e4bf4b9202a888fc7a0bf6a91b1c3985a52c7c1348b7be5137452df3,E:\UNSB_Expl\UNSB_HEADFIGURE_SIXDOMAIN_EXPANDED_20260824\data_views\single\FoggyCityscapes\trainB\FoggyCityscapes__3351.png,E:\UNSB_abl\full_dataset\FoggyCityscapes\target\3351.png,3351
E:\UNSB_Expl\UNSB_HEADFIGURE_SIXDOMAIN_EXPANDED_20260824\data_views\aio\trainB\FoggyCityscapes__2447.png,217894,,FoggyCityscapes,110,,,trainB,07cee57d4c580487cd7c25decc14bb8d8e2a88668222568841febc07b328c2da,E:\UNSB_Expl\UNSB_HEADFIGURE_SIXDOMAIN_EXPANDED_20260824\data_views\single\FoggyCityscapes\trainB\FoggyCityscapes__2447.png,E:\UNSB_abl\full_dataset\FoggyCityscapes\target\2447.png,2447
E:\UNSB_Expl\UNSB_HEADFIGURE_SIXDOMAIN_EXPANDED_20260824\data_views\aio\trainB\FoggyCityscapes__3183.png,221484,,FoggyCityscapes,111,,,trainB,358f6088cefd711021af3e5f3a684c7df873b7e55c740170d56a7e254f00cbf7,E:\UNSB_Expl\UNSB_HEADFIGURE_SIXDOMAIN_EXPANDED_20260824\data_views\single\FoggyCityscapes\trainB\FoggyCityscapes__3183.png,E:\UNSB_abl\full_dataset\FoggyCityscapes\target\3183.png,3183
E:\UNSB_Expl\UNSB_HEADFIGURE_SIXDOMAIN_EXPANDED_20260824\data_views\aio\trainB\FoggyCityscapes__4226.png,199221,,FoggyCityscapes,112,,,trainB,a05c89b293b58d95a23908e372dede3b31d5a97818124558c386bc62d2124c14,E:\UNSB_Expl\UNSB_HEADFIGURE_SIXDOMAIN_EXPANDED_20260824\data_views\single\FoggyCityscapes\trainB\FoggyCityscapes__4226.png,E:\UNSB_abl\full_dataset\FoggyCityscapes\target\4226.png,4226
E:\UNSB_Expl\UNSB_HEADFIGURE_SIXDOMAIN_EXPANDED_20260824\data_views\aio\trainB\FoggyCityscapes__2914.png,188249,,FoggyCityscapes,113,,,trainB,b6fdcf12d572617179557324897bf45b5c1e91e76cc8b6861583e06934feaf56,E:\UNSB_Expl\UNSB_HEADFIGURE_SIXDOMAIN_EXPANDED_20260824\data_views\single\FoggyCityscapes\trainB\FoggyCityscapes__2914.png,E:\UNSB_abl\full_dataset\FoggyCityscapes\target\2914.png,2914
E:\UNSB_Expl\UNSB_HEADFIGURE_SIXDOMAIN_EXPANDED_20260824\data_views\aio\trainB\FoggyCityscapes__0665.png,212303,,FoggyCityscapes,114,,,trainB,861e72c741065892d1380ee64227bc0232f2be83d989b5d0aeead4e8649c361d,E:\UNSB_Expl\UNSB_HEADFIGURE_SIXDOMAIN_EXPANDED_20260824\data_views\single\FoggyCityscapes\trainB\FoggyCityscapes__0665.png,E:\UNSB_abl\full_dataset\FoggyCityscapes\target\0665.png,0665
E:\UNSB_Expl\UNSB_HEADFIGURE_SIXDOMAIN_EXPANDED_20260824\data_views\aio\trainB\FoggyCityscapes__2277.png,196961,,FoggyCityscapes,115,,,trainB,ba0c37407da0b51cc8e06c02843a3f8d28d51410be900b0b2c2d685f509f7f5b,E:\UNSB_Expl\UNSB_HEADFIGURE_SIXDOMAIN_EXPANDED_20260824\data_views\single\FoggyCityscapes\trainB\FoggyCityscapes__2277.png,E:\UNSB_abl\full_dataset\FoggyCityscapes\target\2277.png,2277
E:\UNSB_Expl\UNSB_HEADFIGURE_SIXDOMAIN_EXPANDED_20260824\data_views\aio\trainB\FoggyCityscapes__0643.png,223464,,FoggyCityscapes,116,,,trainB,74e0cd7344c75f50a137d9dac331552007164f1f97742a8c6c94c8113a691265,E:\UNSB_Expl\UNSB_HEADFIGURE_SIXDOMAIN_EXPANDED_20260824\data_views\single\FoggyCityscapes\trainB\FoggyCityscapes__0643.png,E:\UNSB_abl\full_dataset\FoggyCityscapes\target\0643.png,0643
E:\UNSB_Expl\UNSB_HEADFIGURE_SIXDOMAIN_EXPANDED_20260824\data_views\aio\trainB\FoggyCityscapes__3817.png,213388,,FoggyCityscapes,117,,,trainB,a9a36084a6e9a7a4605a51c95ee079a0f8a56e31873bb9f42c8fff5efe395272,E:\UNSB_Expl\UNSB_HEADFIGURE_SIXDOMAIN_EXPANDED_20260824\data_views\single\FoggyCityscapes\trainB\FoggyCityscapes__3817.png,E:\UNSB_abl\full_dataset\FoggyCityscapes\target\3817.png,3817
E:\UNSB_Expl\UNSB_HEADFIGURE_SIXDOMAIN_EXPANDED_20260824\data_views\aio\trainB\FoggyCityscapes__1457.png,192086,,FoggyCityscapes,118,,,trainB,eb5a9798b8ec225173f96c00bdbe484da81b88579ecfd3ada864a3221687c82a,E:\UNSB_Expl\UNSB_HEADFIGURE_SIXDOMAIN_EXPANDED_20260824\data_views\single\FoggyCityscapes\trainB\FoggyCityscapes__1457.png,E:\UNSB_abl\full_dataset\FoggyCityscapes\target\1457.png,1457
E:\UNSB_Expl\UNSB_HEADFIGURE_SIXDOMAIN_EXPANDED_20260824\data_views\aio\trainB\FoggyCityscapes__0412.png,166930,,FoggyCityscapes,119,,,trainB,469f534d9b1bace1aa962e186c6f380f53cd2d053981463cd9a56f7c34738198,E:\UNSB_Expl\UNSB_HEADFIGURE_SIXDOMAIN_EXPANDED_20260824\data_views\single\FoggyCityscapes\trainB\FoggyCityscapes__0412.png,E:\UNSB_abl\full_dataset\FoggyCityscapes\target\0412.png,0412
,181859,0425,FoggyCityscapes,0,False,True,expanded_internal_heldout,6e0398a7abcfa1610e48c2bba281611f7e1ab283430078bba67fa1594ed214d8,,E:\UNSB_Expl\UNSB_HEADFIGURE_SIXDOMAIN_EXPANDED_20260824\data_views\heldoutA\FoggyCityscapes\FoggyCityscapes__0425.png,FoggyCityscapes__0425
,195077,3652,FoggyCityscapes,1,False,False,expanded_internal_heldout,6d7af638b6316ba1594308066a31431cfc839e4d21ebdcf40c00f806c65ac975,,E:\UNSB_Expl\UNSB_HEADFIGURE_SIXDOMAIN_EXPANDED_20260824\data_views\heldoutA\FoggyCityscapes\FoggyCityscapes__3652.png,FoggyCityscapes__3652
,194598,1213,FoggyCityscapes,2,False,False,expanded_internal_heldout,320818274e1bc5b92fad4e4ed6d03cf142136a917aebae3ad81fcf9233eb9505,,E:\UNSB_Expl\UNSB_HEADFIGURE_SIXDOMAIN_EXPANDED_20260824\data_views\heldoutA\FoggyCityscapes\FoggyCityscapes__1213.png,FoggyCityscapes__1213
,186139,1921,FoggyCityscapes,3,False,False,expanded_internal_heldout,111b44a5b3c4fe12b5e1176a60a016f96d204cfa22711b82ba15c1d8c00de9e6,,E:\UNSB_Expl\UNSB_HEADFIGURE_SIXDOMAIN_EXPANDED_20260824\data_views\heldoutA\FoggyCityscapes\FoggyCityscapes__1921.png,FoggyCityscapes__1921
,195209,0166,FoggyCityscapes,4,False,False,expanded_internal_heldout,6f327b732d44868de3756855628939b27ae923f881f928bacf8274c70e804444,,E:\UNSB_Expl\UNSB_HEADFIGURE_SIXDOMAIN_EXPANDED_20260824\data_views\heldoutA\FoggyCityscapes\FoggyCityscapes__0166.png,FoggyCityscapes__0166
,165019,1157,FoggyCityscapes,5,False,False,expanded_internal_heldout,71d3a860590878f84b6763a0f88b76c83880001c479755ee09732f6f2277ad51,,E:\UNSB_Expl\UNSB_HEADFIGURE_SIXDOMAIN_EXPANDED_20260824\data_views\heldoutA\FoggyCityscapes\FoggyCityscapes__1157.png,FoggyCityscapes__1157
,171183,3249,FoggyCityscapes,6,False,False,expanded_internal_heldout,8580d85e77dfeca5e291bdd428997a3442aa089dde0432383d75ac80ce71cc96,,E:\UNSB_Expl\UNSB_HEADFIGURE_SIXDOMAIN_EXPANDED_20260824\data_views\heldoutA\FoggyCityscapes\FoggyCityscapes__3249.png,FoggyCityscapes__3249
,237254,1299,FoggyCityscapes,7,False,False,expanded_internal_heldout,8b204da152f317ff5af1781337e8908f40af569e9ae75854c7d15c74a93fe1ff,,E:\UNSB_Expl\UNSB_HEADFIGURE_SIXDOMAIN_EXPANDED_20260824\data_views\heldoutA\FoggyCityscapes\FoggyCityscapes__1299.png,FoggyCityscapes__1299
,173057,1029,FoggyCityscapes,8,False,False,expanded_internal_heldout,20546e3bc7a538b0960a30b7e51ed673c4c47ca8c649d915261a8b4f072eb1b0,,E:\UNSB_Expl\UNSB_HEADFIGURE_SIXDOMAIN_EXPANDED_20260824\data_views\heldoutA\FoggyCityscapes\FoggyCityscapes__1029.png,FoggyCityscapes__1029
,212103,2920,FoggyCityscapes,9,False,False,expanded_internal_heldout,8bfaad948dc0f8f40c074be4299f405635a8de7b1d3159ad7959916c1f28d206,,E:\UNSB_Expl\UNSB_HEADFIGURE_SIXDOMAIN_EXPANDED_20260824\data_views\heldoutA\FoggyCityscapes\FoggyCityscapes__2920.png,FoggyCityscapes__2920
,192301,2455,FoggyCityscapes,10,False,False,expanded_internal_heldout,632561d56db9b58282145308328b5d45e363e58db30bf359caf2ebe74f512e64,,E:\UNSB_Expl\UNSB_HEADFIGURE_SIXDOMAIN_EXPANDED_20260824\data_views\heldoutA\FoggyCityscapes\FoggyCityscapes__2455.png,FoggyCityscapes__2455
,175847,2840,FoggyCityscapes,11,False,False,expanded_internal_heldout,33ef6414c5ebdeeecbb6aaf7f2dc7ce90933c51d95fd4e8bca4fade5a60ff58f,,E:\UNSB_Expl\UNSB_HEADFIGURE_SIXDOMAIN_EXPANDED_20260824\data_views\heldoutA\FoggyCityscapes\FoggyCityscapes__2840.png,FoggyCityscapes__2840
,199546,3067,FoggyCityscapes,12,False,False,expanded_internal_heldout,05a6125a819afce3bd74fce58cbc0e744c01c99b27c72333b1c5faad0dcf8e96,,E:\UNSB_Expl\UNSB_HEADFIGURE_SIXDOMAIN_EXPANDED_20260824\data_views\heldoutA\FoggyCityscapes\FoggyCityscapes__3067.png,FoggyCityscapes__3067
,182424,3727,FoggyCityscapes,13,False,False,expanded_internal_heldout,ab6007bfbce0423758333666c9b58a18e89aa4502a7e9ff32469ec6378cd435d,,E:\UNSB_Expl\UNSB_HEADFIGURE_SIXDOMAIN_EXPANDED_20260824\data_views\heldoutA\FoggyCityscapes\FoggyCityscapes__3727.png,FoggyCityscapes__3727
,182015,0085,FoggyCityscapes,14,False,False,expanded_internal_heldout,aad51e340ec6148cdcf1db208ac167e0925991e0e31ad3fcc279c198f1d954a9,,E:\UNSB_Expl\UNSB_HEADFIGURE_SIXDOMAIN_EXPANDED_20260824\data_views\heldoutA\FoggyCityscapes\FoggyCityscapes__0085.png,FoggyCityscapes__0085
,174710,2664,FoggyCityscapes,15,False,False,expanded_internal_heldout,1288705241b483457302fce64c2d80b4eb4b4ca0241056c98bccb39251af929e,,E:\UNSB_Expl\UNSB_HEADFIGURE_SIXDOMAIN_EXPANDED_20260824\data_views\heldoutA\FoggyCityscapes\FoggyCityscapes__2664.png,FoggyCityscapes__2664
,197940,2625,FoggyCityscapes,16,False,False,expanded_internal_heldout,8ba6de85ec12950e9f62c64463879e02c1c8e2962bc2085e6bea536cc583bf8a,,E:\UNSB_Expl\UNSB_HEADFIGURE_SIXDOMAIN_EXPANDED_20260824\data_views\heldoutA\FoggyCityscapes\FoggyCityscapes__2625.png,FoggyCityscapes__2625
,137537,1850,FoggyCityscapes,17,False,False,expanded_internal_heldout,72ef3e853b844ae401ba10ee9803129f718cf8abb9ae84eeb71056945363620b,,E:\UNSB_Expl\UNSB_HEADFIGURE_SIXDOMAIN_EXPANDED_20260824\data_views\heldoutA\FoggyCityscapes\FoggyCityscapes__1850.png,FoggyCityscapes__1850
,204934,4004,FoggyCityscapes,18,False,False,expanded_internal_heldout,de612cabc2dd18a03a5df7b634a53c53ed9649d0003b47ba2acdd86dbbfa216a,,E:\UNSB_Expl\UNSB_HEADFIGURE_SIXDOMAIN_EXPANDED_20260824\data_views\heldoutA\FoggyCityscapes\FoggyCityscapes__4004.png,FoggyCityscapes__4004
,229210,1568,FoggyCityscapes,19,False,False,expanded_internal_heldout,6379dddcdee4dbac63c9f3136f1cf9602a6faf16af2233ca673e9d2320ca8d4c,,E:\UNSB_Expl\UNSB_HEADFIGURE_SIXDOMAIN_EXPANDED_20260824\data_views\heldoutA\FoggyCityscapes\FoggyCityscapes__1568.png,FoggyCityscapes__1568
,177254,2892,FoggyCityscapes,20,False,False,expanded_internal_heldout,cddf81e0555853338caf3a390674e98b3e3704440cff746568630799b34a78dd,,E:\UNSB_Expl\UNSB_HEADFIGURE_SIXDOMAIN_EXPANDED_20260824\data_views\heldoutA\FoggyCityscapes\FoggyCityscapes__2892.png,FoggyCityscapes__2892
,177525,1047,FoggyCityscapes,21,False,False,expanded_internal_heldout,56d99d72d2f1f5914c2beaf4962b98b5dd8f81123bde57ef9a8ccb9bcbf47b6c,,E:\UNSB_Expl\UNSB_HEADFIGURE_SIXDOMAIN_EXPANDED_20260824\data_views\heldoutA\FoggyCityscapes\FoggyCityscapes__1047.png,FoggyCityscapes__1047
,214916,1320,FoggyCityscapes,22,False,False,expanded_internal_heldout,b48490df9f85acfbe7e9d5fd46dd8cbdd78c638025320caa7a58d5a1a8086d17,,E:\UNSB_Expl\UNSB_HEADFIGURE_SIXDOMAIN_EXPANDED_20260824\data_views\heldoutA\FoggyCityscapes\FoggyCityscapes__1320.png,FoggyCityscapes__1320
,200469,4456,FoggyCityscapes,23,False,False,expanded_internal_heldout,08b5e03b0c0255b7df48a51edd4f3835048be928bc9c0fb2ac1348dc1ddb947c,,E:\UNSB_Expl\UNSB_HEADFIGURE_SIXDOMAIN_EXPANDED_20260824\data_views\heldoutA\FoggyCityscapes\FoggyCityscapes__4456.png,FoggyCityscapes__4456
,189319,3412,FoggyCityscapes,24,False,False,expanded_internal_heldout,789cfe9ff13ca8fc0d431a69ed67e2cc3ac6c501633804352b09e759404163e7,,E:\UNSB_Expl\UNSB_HEADFIGURE_SIXDOMAIN_EXPANDED_20260824\data_views\heldoutA\FoggyCityscapes\FoggyCityscapes__3412.png,FoggyCityscapes__3412
,173640,4182,FoggyCityscapes,25,False,False,expanded_internal_heldout,b7f453e67125e0eeec2d24a87137c8a90f875bc4f2d7694384e51b770ff61250,,E:\UNSB_Expl\UNSB_HEADFIGURE_SIXDOMAIN_EXPANDED_20260824\data_views\heldoutA\FoggyCityscapes\FoggyCityscapes__4182.png,FoggyCityscapes__4182
,191065,1088,FoggyCityscapes,26,False,False,expanded_internal_heldout,84d4409899636fd5ddb101ad66791e0d99f670ee184cabb2b7622333f86a9c86,,E:\UNSB_Expl\UNSB_HEADFIGURE_SIXDOMAIN_EXPANDED_20260824\data_views\heldoutA\FoggyCityscapes\FoggyCityscapes__1088.png,FoggyCityscapes__1088
,205598,0383,FoggyCityscapes,27,False,False,expanded_internal_heldout,3e7e5165de64e4d4c98a9e96626edb04fa5db6f52ef583d296e8321f0a1ebccd,,E:\UNSB_Expl\UNSB_HEADFIGURE_SIXDOMAIN_EXPANDED_20260824\data_views\heldoutA\FoggyCityscapes\FoggyCityscapes__0383.png,FoggyCityscapes__0383
,207373,0280,FoggyCityscapes,28,False,False,expanded_internal_heldout,7b2ecd6e1c7798f7ee2b277115552e7dbf416b248176f10bd3ed3e25b1746a21,,E:\UNSB_Expl\UNSB_HEADFIGURE_SIXDOMAIN_EXPANDED_20260824\data_views\heldoutA\FoggyCityscapes\FoggyCityscapes__0280.png,FoggyCityscapes__0280
,191605,2997,FoggyCityscapes,29,False,False,expanded_internal_heldout,b34747dbe8751d8fe79d32e3dc8d539840140def75a171729d73626dd59911e3,,E:\UNSB_Expl\UNSB_HEADFIGURE_SIXDOMAIN_EXPANDED_20260824\data_views\heldoutA\FoggyCityscapes\FoggyCityscapes__2997.png,FoggyCityscapes__2997
,183772,2047,FoggyCityscapes,30,False,False,expanded_internal_heldout,1e33720866ea461739690d8eb5437d34a7907ae51cedb4e7e5a4c7d7a3944f43,,E:\UNSB_Expl\UNSB_HEADFIGURE_SIXDOMAIN_EXPANDED_20260824\data_views\heldoutA\FoggyCityscapes\FoggyCityscapes__2047.png,FoggyCityscapes__2047
,148689,0845,FoggyCityscapes,31,False,False,expanded_internal_heldout,3a501e212014d07889a7a7586128279128b7bf936a11ca0476f3361deb272306,,E:\UNSB_Expl\UNSB_HEADFIGURE_SIXDOMAIN_EXPANDED_20260824\data_views\heldoutA\FoggyCityscapes\FoggyCityscapes__0845.png,FoggyCityscapes__0845
,192603,4473,FoggyCityscapes,32,False,False,expanded_internal_heldout,3635543647c7442e64ac8ecc2026427f1f63c0790cd15c3694ad523417bcfb73,,E:\UNSB_Expl\UNSB_HEADFIGURE_SIXDOMAIN_EXPANDED_20260824\data_views\heldoutA\FoggyCityscapes\FoggyCityscapes__4473.png,FoggyCityscapes__4473
,177037,2385,FoggyCityscapes,33,False,False,expanded_internal_heldout,4f10b26ce75c3b7835aa373dbc5334dd4b7ec75025d32fa19c50d5c0d4a61552,,E:\UNSB_Expl\UNSB_HEADFIGURE_SIXDOMAIN_EXPANDED_20260824\data_views\heldoutA\FoggyCityscapes\FoggyCityscapes__2385.png,FoggyCityscapes__2385
,169236,0233,FoggyCityscapes,34,False,False,expanded_internal_heldout,d1e18f570e978a5de8f60a40f88418d9a9fd423b05e1c6e8e156839ed9921357,,E:\UNSB_Expl\UNSB_HEADFIGURE_SIXDOMAIN_EXPANDED_20260824\data_views\heldoutA\FoggyCityscapes\FoggyCityscapes__0233.png,FoggyCityscapes__0233
,222258,3057,FoggyCityscapes,35,False,False,expanded_internal_heldout,10ceffc53861701ee1dc084ac9dbaf5b33a837cb82ac2bd7a7f4f60de00a6f0e,,E:\UNSB_Expl\UNSB_HEADFIGURE_SIXDOMAIN_EXPANDED_20260824\data_views\heldoutA\FoggyCityscapes\FoggyCityscapes__3057.png,FoggyCityscapes__3057
,182978,0991,FoggyCityscapes,36,False,False,expanded_internal_heldout,fa2d2c29398e6e5742ed14ef11a00059e2f36dc55b76a19deb9a3af4dd85c483,,E:\UNSB_Expl\UNSB_HEADFIGURE_SIXDOMAIN_EXPANDED_20260824\data_views\heldoutA\FoggyCityscapes\FoggyCityscapes__0991.png,FoggyCityscapes__0991
,190608,2137,FoggyCityscapes,37,False,False,expanded_internal_heldout,65c7998a7b217abf1a02002396d20d04a9bd3818764faed2dc719659d54d3993,,E:\UNSB_Expl\UNSB_HEADFIGURE_SIXDOMAIN_EXPANDED_20260824\data_views\heldoutA\FoggyCityscapes\FoggyCityscapes__2137.png,FoggyCityscapes__2137
,182590,0557,FoggyCityscapes,38,False,False,expanded_internal_heldout,db537aefba4cb03b36335c1ef1d659b6e975b933605e0658c7fd6f5119d75f45,,E:\UNSB_Expl\UNSB_HEADFIGURE_SIXDOMAIN_EXPANDED_20260824\data_views\heldoutA\FoggyCityscapes\FoggyCityscapes__0557.png,FoggyCityscapes__0557
,216910,2757,FoggyCityscapes,39,False,False,expanded_internal_heldout,0ba1b954cbb07eaa3b8031f69bf763500e418bf09e4781cc7b7ea581eeec16d5,,E:\UNSB_Expl\UNSB_HEADFIGURE_SIXDOMAIN_EXPANDED_20260824\data_views\heldoutA\FoggyCityscapes\FoggyCityscapes__2757.png,FoggyCityscapes__2757
,200024,1164,FoggyCityscapes,40,False,False,expanded_internal_heldout,7427eaf8b99ba8cdeb3602f25b90867dece15d5b246c55a5b30f2c602557bce1,,E:\UNSB_Expl\UNSB_HEADFIGURE_SIXDOMAIN_EXPANDED_20260824\data_views\heldoutA\FoggyCityscapes\FoggyCityscapes__1164.png,FoggyCityscapes__1164
,195129,1170,FoggyCityscapes,41,False,False,expanded_internal_heldout,6731c6ded961a49d3a016a6cac7f4532907669fd07ee93986efa8efecb3d2758,,E:\UNSB_Expl\UNSB_HEADFIGURE_SIXDOMAIN_EXPANDED_20260824\data_views\heldoutA\FoggyCityscapes\FoggyCityscapes__1170.png,FoggyCityscapes__1170
,172874,2609,FoggyCityscapes,42,False,False,expanded_internal_heldout,9476376efd0d0c7d421ac8b82ee515d6344ff8ced51f2070bc30e04d63bd6a2a,,E:\UNSB_Expl\UNSB_HEADFIGURE_SIXDOMAIN_EXPANDED_20260824\data_views\heldoutA\FoggyCityscapes\FoggyCityscapes__2609.png,FoggyCityscapes__2609
,197691,2486,FoggyCityscapes,43,False,False,expanded_internal_heldout,3b44c5c0b580c2be2295461632c113751ea477b4dd7a70fbd34418b3db2a1d10,,E:\UNSB_Expl\UNSB_HEADFIGURE_SIXDOMAIN_EXPANDED_20260824\data_views\heldoutA\FoggyCityscapes\FoggyCityscapes__2486.png,FoggyCityscapes__2486
,182363,4199,FoggyCityscapes,44,False,False,expanded_internal_heldout,641e085276a854c04f2eb463d4424f5456c6d45ad36076f4b979de07bc92f8b6,,E:\UNSB_Expl\UNSB_HEADFIGURE_SIXDOMAIN_EXPANDED_20260824\data_views\heldoutA\FoggyCityscapes\FoggyCityscapes__4199.png,FoggyCityscapes__4199
,202375,1124,FoggyCityscapes,45,False,False,expanded_internal_heldout,3909aa7b5e48553b560b7fa1497536d884145e5a6817aebce0329751e44ad0e7,,E:\UNSB_Expl\UNSB_HEADFIGURE_SIXDOMAIN_EXPANDED_20260824\data_views\heldoutA\FoggyCityscapes\FoggyCityscapes__1124.png,FoggyCityscapes__1124
,198951,1828,FoggyCityscapes,46,False,False,expanded_internal_heldout,c499500a4998c707dab09c477881e67d48d43c49b402f73bdfe997ad67725365,,E:\UNSB_Expl\UNSB_HEADFIGURE_SIXDOMAIN_EXPANDED_20260824\data_views\heldoutA\FoggyCityscapes\FoggyCityscapes__1828.png,FoggyCityscapes__1828
,162264,1422,FoggyCityscapes,47,False,False,expanded_internal_heldout,9e1c6d96f514e7e7326a5bd672d4bf23cd223dcd187d46747d0f66fc9549bc7e,,E:\UNSB_Expl\UNSB_HEADFIGURE_SIXDOMAIN_EXPANDED_20260824\data_views\heldoutA\FoggyCityscapes\FoggyCityscapes__1422.png,FoggyCityscapes__1422
,218476,0922,FoggyCityscapes,48,False,False,expanded_internal_heldout,90927c3b24ffa143219b7550c96174aa053f2541835221d494e7b2ff44d5ad48,,E:\UNSB_Expl\UNSB_HEADFIGURE_SIXDOMAIN_EXPANDED_20260824\data_views\heldoutA\FoggyCityscapes\FoggyCityscapes__0922.png,FoggyCityscapes__0922
,210165,2107,FoggyCityscapes,49,False,False,expanded_internal_heldout,4f78f4287b1418792390fc909d4142bd6e65e1a6fa3be1c3f044fbdcf2d8cb4c,,E:\UNSB_Expl\UNSB_HEADFIGURE_SIXDOMAIN_EXPANDED_20260824\data_views\heldoutA\FoggyCityscapes\FoggyCityscapes__2107.png,FoggyCityscapes__2107
,182236,0446,FoggyCityscapes,50,False,False,expanded_internal_heldout,30caccb4b3a51fbb89ac4c08b7e035b666c8a734b3873dd8f5e2187b7d0fe599,,E:\UNSB_Expl\UNSB_HEADFIGURE_SIXDOMAIN_EXPANDED_20260824\data_views\heldoutA\FoggyCityscapes\FoggyCityscapes__0446.png,FoggyCityscapes__0446
,191333,0910,FoggyCityscapes,51,False,False,expanded_internal_heldout,239811cd4a18628ed37dbf167471cd5007ad3afa093da2736981433a5f3fe96a,,E:\UNSB_Expl\UNSB_HEADFIGURE_SIXDOMAIN_EXPANDED_20260824\data_views\heldoutA\FoggyCityscapes\FoggyCityscapes__0910.png,FoggyCityscapes__0910
,214745,0965,FoggyCityscapes,52,False,False,expanded_internal_heldout,61c60f22f54ede8c3159d669d5575875f0e7856abd2cfda9b9eca1d73cad1367,,E:\UNSB_Expl\UNSB_HEADFIGURE_SIXDOMAIN_EXPANDED_20260824\data_views\heldoutA\FoggyCityscapes\FoggyCityscapes__0965.png,FoggyCityscapes__0965
,192079,1927,FoggyCityscapes,53,False,False,expanded_internal_heldout,a3767cba7279faa07596472986ba3fd73fb46513ddf3ca223eb9118652ed95c8,,E:\UNSB_Expl\UNSB_HEADFIGURE_SIXDOMAIN_EXPANDED_20260824\data_views\heldoutA\FoggyCityscapes\FoggyCityscapes__1927.png,FoggyCityscapes__1927
,185944,1621,FoggyCityscapes,54,False,False,expanded_internal_heldout,93247a24e18fe21b403425e7a115efda3e12f0039e96735b0c9d6a414970600f,,E:\UNSB_Expl\UNSB_HEADFIGURE_SIXDOMAIN_EXPANDED_20260824\data_views\heldoutA\FoggyCityscapes\FoggyCityscapes__1621.png,FoggyCityscapes__1621
,199504,3588,FoggyCityscapes,55,False,False,expanded_internal_heldout,9f4ebff1ef1cc5ab5eee2066988eee55d4248bc2231035fa12b09c30e4a2f472,,E:\UNSB_Expl\UNSB_HEADFIGURE_SIXDOMAIN_EXPANDED_20260824\data_views\heldoutA\FoggyCityscapes\FoggyCityscapes__3588.png,FoggyCityscapes__3588
,214978,3459,FoggyCityscapes,56,False,False,expanded_internal_heldout,294159196faa1149b2669249dc98ee185636b1b60537ba82476913fc86b564ac,,E:\UNSB_Expl\UNSB_HEADFIGURE_SIXDOMAIN_EXPANDED_20260824\data_views\heldoutA\FoggyCityscapes\FoggyCityscapes__3459.png,FoggyCityscapes__3459
,199190,2907,FoggyCityscapes,57,False,False,expanded_internal_heldout,d99496e44f48759102a97d60ae5c20fcf4cd0f1aae6b9abd59612b12a400cd96,,E:\UNSB_Expl\UNSB_HEADFIGURE_SIXDOMAIN_EXPANDED_20260824\data_views\heldoutA\FoggyCityscapes\FoggyCityscapes__2907.png,FoggyCityscapes__2907
,194381,2715,FoggyCityscapes,58,False,False,expanded_internal_heldout,1cb057920dfd4edaafe898564db72b29ab06eed864a98937c8a4e8fdbc1d5812,,E:\UNSB_Expl\UNSB_HEADFIGURE_SIXDOMAIN_EXPANDED_20260824\data_views\heldoutA\FoggyCityscapes\FoggyCityscapes__2715.png,FoggyCityscapes__2715
,201917,4142,FoggyCityscapes,59,False,False,expanded_internal_heldout,22d374c003b9976f65e68d38995a2236f3624d40da72d0500f98caa34df0ef71,,E:\UNSB_Expl\UNSB_HEADFIGURE_SIXDOMAIN_EXPANDED_20260824\data_views\heldoutA\FoggyCityscapes\FoggyCityscapes__4142.png,FoggyCityscapes__4142
,207885,4028,FoggyCityscapes,60,False,False,expanded_internal_heldout,d6ca24c6364848c3b7ecf5cecbc816715181795cfa0cf83bc8dab8ba77c3c3ac,,E:\UNSB_Expl\UNSB_HEADFIGURE_SIXDOMAIN_EXPANDED_20260824\data_views\heldoutA\FoggyCityscapes\FoggyCityscapes__4028.png,FoggyCityscapes__4028
,182272,2242,FoggyCityscapes,61,False,False,expanded_internal_heldout,a60709d7ce39558e918f6e3da050a9db458fd05e42f7163a74d59944c83e1199,,E:\UNSB_Expl\UNSB_HEADFIGURE_SIXDOMAIN_EXPANDED_20260824\data_views\heldoutA\FoggyCityscapes\FoggyCityscapes__2242.png,FoggyCityscapes__2242
,186795,3111,FoggyCityscapes,62,False,False,expanded_internal_heldout,ddfb3a8892164cba81381ff05917d7ba734aca09aa6b1604832033486e5c7d42,,E:\UNSB_Expl\UNSB_HEADFIGURE_SIXDOMAIN_EXPANDED_20260824\data_views\heldoutA\FoggyCityscapes\FoggyCityscapes__3111.png,FoggyCityscapes__3111
,186132,0888,FoggyCityscapes,63,False,False,expanded_internal_heldout,e47bc791a48f699c2e6e07accf1b39586c0faf059b06784ee6fb674a91bbe729,,E:\UNSB_Expl\UNSB_HEADFIGURE_SIXDOMAIN_EXPANDED_20260824\data_views\heldoutA\FoggyCityscapes\FoggyCityscapes__0888.png,FoggyCityscapes__0888
,212811,4528,FoggyCityscapes,64,False,False,expanded_internal_heldout,b490303d5620b14b4fb668440ff66927dec1f1c075465eb20f9fd88fb6188a0b,,E:\UNSB_Expl\UNSB_HEADFIGURE_SIXDOMAIN_EXPANDED_20260824\data_views\heldoutA\FoggyCityscapes\FoggyCityscapes__4528.png,FoggyCityscapes__4528
,166537,2912,FoggyCityscapes,65,False,False,expanded_internal_heldout,b0402025478205951f5be7e588dd7a62d67c506ffaaadd746ad14bab75d7717c,,E:\UNSB_Expl\UNSB_HEADFIGURE_SIXDOMAIN_EXPANDED_20260824\data_views\heldoutA\FoggyCityscapes\FoggyCityscapes__2912.png,FoggyCityscapes__2912
,201731,1742,FoggyCityscapes,66,False,False,expanded_internal_heldout,76126342fd34d47b19ae002926dd0f4ff98926347ebde93fd3a8ab2637bfe876,,E:\UNSB_Expl\UNSB_HEADFIGURE_SIXDOMAIN_EXPANDED_20260824\data_views\heldoutA\FoggyCityscapes\FoggyCityscapes__1742.png,FoggyCityscapes__1742
,202710,3688,FoggyCityscapes,67,False,False,expanded_internal_heldout,e24af39bfea89df04f7f41471d52e9059da610a98f074c8985e7c8c181ae4587,,E:\UNSB_Expl\UNSB_HEADFIGURE_SIXDOMAIN_EXPANDED_20260824\data_views\heldoutA\FoggyCityscapes\FoggyCityscapes__3688.png,FoggyCityscapes__3688
,186729,3960,FoggyCityscapes,68,False,False,expanded_internal_heldout,5d7b14f1b27f4ea6a1fa1bb934b026814559dc562992937ac212b752861d9f8f,,E:\UNSB_Expl\UNSB_HEADFIGURE_SIXDOMAIN_EXPANDED_20260824\data_views\heldoutA\FoggyCityscapes\FoggyCityscapes__3960.png,FoggyCityscapes__3960
,183216,0288,FoggyCityscapes,69,False,False,expanded_internal_heldout,4d2b5c5265132f4781b481f7d91b1223882c850f2ae553246398a2aaf7275df5,,E:\UNSB_Expl\UNSB_HEADFIGURE_SIXDOMAIN_EXPANDED_20260824\data_views\heldoutA\FoggyCityscapes\FoggyCityscapes__0288.png,FoggyCityscapes__0288
,196606,3213,FoggyCityscapes,70,False,False,expanded_internal_heldout,a41bd4b6a5cad154823427ba21414c0cac83b510ff38ebef316ace7553d55a96,,E:\UNSB_Expl\UNSB_HEADFIGURE_SIXDOMAIN_EXPANDED_20260824\data_views\heldoutA\FoggyCityscapes\FoggyCityscapes__3213.png,FoggyCityscapes__3213
,188372,0210,FoggyCityscapes,71,False,False,expanded_internal_heldout,85c4ab94cfcae37a073b0093d8300ad9625d82666ab75ebcffcda8e268b73269,,E:\UNSB_Expl\UNSB_HEADFIGURE_SIXDOMAIN_EXPANDED_20260824\data_views\heldoutA\FoggyCityscapes\FoggyCityscapes__0210.png,FoggyCityscapes__0210
,212416,2134,FoggyCityscapes,72,False,False,expanded_internal_heldout,d5d7c0b1c4c69e6e568be6aa61bc6b1c0e84d2fbdfa0406df397e7664d4c3caa,,E:\UNSB_Expl\UNSB_HEADFIGURE_SIXDOMAIN_EXPANDED_20260824\data_views\heldoutA\FoggyCityscapes\FoggyCityscapes__2134.png,FoggyCityscapes__2134
,189604,3851,FoggyCityscapes,73,False,False,expanded_internal_heldout,d175b48ad087866cca4dbb309a6bd99ad3ea3433c52f62acfe04ba8f0b7f72f2,,E:\UNSB_Expl\UNSB_HEADFIGURE_SIXDOMAIN_EXPANDED_20260824\data_views\heldoutA\FoggyCityscapes\FoggyCityscapes__3851.png,FoggyCityscapes__3851
,198810,0135,FoggyCityscapes,74,False,False,expanded_internal_heldout,186f233f6e2d6bfdfe21aac5a74461d40490e61faed2090438fdfcb442afdc10,,E:\UNSB_Expl\UNSB_HEADFIGURE_SIXDOMAIN_EXPANDED_20260824\data_views\heldoutA\FoggyCityscapes\FoggyCityscapes__0135.png,FoggyCityscapes__0135
,172188,2401,FoggyCityscapes,75,False,False,expanded_internal_heldout,111050dcdf23abebe35dd4eea0f9124002d27079c45e5c416fdd315a76fa1958,,E:\UNSB_Expl\UNSB_HEADFIGURE_SIXDOMAIN_EXPANDED_20260824\data_views\heldoutA\FoggyCityscapes\FoggyCityscapes__2401.png,FoggyCityscapes__2401
,177214,3576,FoggyCityscapes,76,False,False,expanded_internal_heldout,5781c5273003e479e669685d6f289a76e814ef93bbd2b898ef6866b538ac4021,,E:\UNSB_Expl\UNSB_HEADFIGURE_SIXDOMAIN_EXPANDED_20260824\data_views\heldoutA\FoggyCityscapes\FoggyCityscapes__3576.png,FoggyCityscapes__3576
,210353,3684,FoggyCityscapes,77,False,False,expanded_internal_heldout,11f5e2097ee456c251f783b6f3442de3e118c3ed9fadad6b53bfa210935e2827,,E:\UNSB_Expl\UNSB_HEADFIGURE_SIXDOMAIN_EXPANDED_20260824\data_views\heldoutA\FoggyCityscapes\FoggyCityscapes__3684.png,FoggyCityscapes__3684
,185142,2013,FoggyCityscapes,78,False,False,expanded_internal_heldout,c624fa5be5c66e82e66b03f639d8b6cbd5870be67ac76d6bad03b84222943b82,,E:\UNSB_Expl\UNSB_HEADFIGURE_SIXDOMAIN_EXPANDED_20260824\data_views\heldoutA\FoggyCityscapes\FoggyCityscapes__2013.png,FoggyCityscapes__2013
,191063,0668,FoggyCityscapes,79,False,False,expanded_internal_heldout,e1d2321f04d4fffb42e0dd50975e2c8e0b1e4335d41dd297a0f29859431db8b1,,E:\UNSB_Expl\UNSB_HEADFIGURE_SIXDOMAIN_EXPANDED_20260824\data_views\heldoutA\FoggyCityscapes\FoggyCityscapes__0668.png,FoggyCityscapes__0668
E:\UNSB_Expl\UNSB_HEADFIGURE_SIXDOMAIN_EXPANDED_20260824\data_views\aio\trainA\LowLightTrafficData__620.png,54567,,LowLightTrafficData,0,,,trainA,3753bd5e0e7aacf6a9a498f79dab9d5b48f9409121627eb75d7e9439ac304213,E:\UNSB_Expl\UNSB_HEADFIGURE_SIXDOMAIN_EXPANDED_20260824\data_views\single\LowLightTrafficData\trainA\LowLightTrafficData__620.png,E:\UNSB_abl\full_dataset\LowLightTrafficData\input\620.png,620
E:\UNSB_Expl\UNSB_HEADFIGURE_SIXDOMAIN_EXPANDED_20260824\data_views\aio\trainA\LowLightTrafficData__073.png,42580,,LowLightTrafficData,1,,,trainA,ada40e4c5ae97fbc4883cc1a2252f265240158afbc3a186b7aec843a4a4cff9d,E:\UNSB_Expl\UNSB_HEADFIGURE_SIXDOMAIN_EXPANDED_20260824\data_views\single\LowLightTrafficData\trainA\LowLightTrafficData__073.png,E:\UNSB_abl\full_dataset\LowLightTrafficData\input\073.png,073
E:\UNSB_Expl\UNSB_HEADFIGURE_SIXDOMAIN_EXPANDED_20260824\data_views\aio\trainA\LowLightTrafficData__259.png,7444,,LowLightTrafficData,2,,,trainA,c0cb7a7c7c16d8f591cb57084dcb20b11d0d9ae3fe861743a34f7ce19a0060a9,E:\UNSB_Expl\UNSB_HEADFIGURE_SIXDOMAIN_EXPANDED_20260824\data_views\single\LowLightTrafficData\trainA\LowLightTrafficData__259.png,E:\UNSB_abl\full_dataset\LowLightTrafficData\input\259.png,259
E:\UNSB_Expl\UNSB_HEADFIGURE_SIXDOMAIN_EXPANDED_20260824\data_views\aio\trainA\LowLightTrafficData__493.png,52655,,LowLightTrafficData,3,,,trainA,414f44b51ea976fd32dabd2e56660e8a4ae19951533f3be600058c2102f9c376,E:\UNSB_Expl\UNSB_HEADFIGURE_SIXDOMAIN_EXPANDED_20260824\data_views\single\LowLightTrafficData\trainA\LowLightTrafficData__493.png,E:\UNSB_abl\full_dataset\LowLightTrafficData\input\493.png,493
E:\UNSB_Expl\UNSB_HEADFIGURE_SIXDOMAIN_EXPANDED_20260824\data_views\aio\trainA\LowLightTrafficData__514.png,62142,,LowLightTrafficData,4,,,trainA,331417e96fc346aa0f77c3e904bc89e7210d277249c1c5fcf94bda25a6928fc7,E:\UNSB_Expl\UNSB_HEADFIGURE_SIXDOMAIN_EXPANDED_20260824\data_views\single\LowLightTrafficData\trainA\LowLightTrafficData__514.png,E:\UNSB_abl\full_dataset\LowLightTrafficData\input\514.png,514
E:\UNSB_Expl\UNSB_HEADFIGURE_SIXDOMAIN_EXPANDED_20260824\data_views\aio\trainA\LowLightTrafficData__566.png,97772,,LowLightTrafficData,5,,,trainA,5e2feb19a7eef3c44ae541b774aec68b44e7d62b6205e68414b2255e4f082f31,E:\UNSB_Expl\UNSB_HEADFIGURE_SIXDOMAIN_EXPANDED_20260824\data_views\single\LowLightTrafficData\trainA\LowLightTrafficData__566.png,E:\UNSB_abl\full_dataset\LowLightTrafficData\input\566.png,566
E:\UNSB_Expl\UNSB_HEADFIGURE_SIXDOMAIN_EXPANDED_20260824\data_views\aio\trainA\LowLightTrafficData__279.png,33835,,LowLightTrafficData,6,,,trainA,bdedbcb82a596458d12e41acc7cc7bc8bb21e03d2b2338a2d11d1e903e27212f,E:\UNSB_Expl\UNSB_HEADFIGURE_SIXDOMAIN_EXPANDED_20260824\data_views\single\LowLightTrafficData\trainA\LowLightTrafficData__279.png,E:\UNSB_abl\full_dataset\LowLightTrafficData\input\279.png,279
E:\UNSB_Expl\UNSB_HEADFIGURE_SIXDOMAIN_EXPANDED_20260824\data_views\aio\trainA\LowLightTrafficData__589.png,18152,,LowLightTrafficData,7,,,trainA,5135f43f594ec84b8e0884a0c43f105a53d10d8756a6ad5cb9c3429793776fa4,E:\UNSB_Expl\UNSB_HEADFIGURE_SIXDOMAIN_EXPANDED_20260824\data_views\single\LowLightTrafficData\trainA\LowLightTrafficData__589.png,E:\UNSB_abl\full_dataset\LowLightTrafficData\input\589.png,589
E:\UNSB_Expl\UNSB_HEADFIGURE_SIXDOMAIN_EXPANDED_20260824\data_views\aio\trainA\LowLightTrafficData__440.png,11488,,LowLightTrafficData,8,,,trainA,538f6110d6292d9d97f309602a13435a6c144e9261e0d1451ad7eae76e82a8bc,E:\UNSB_Expl\UNSB_HEADFIGURE_SIXDOMAIN_EXPANDED_20260824\data_views\single\LowLightTrafficData\trainA\LowLightTrafficData__440.png,E:\UNSB_abl\full_dataset\LowLightTrafficData\input\440.png,440
E:\UNSB_Expl\UNSB_HEADFIGURE_SIXDOMAIN_EXPANDED_20260824\data_views\aio\trainA\LowLightTrafficData__396.png,38001,,LowLightTrafficData,9,,,trainA,888199c976940a8079f38f3b729b601bc178fdd938f1bc4af4d281fda49c2c9c,E:\UNSB_Expl\UNSB_HEADFIGURE_SIXDOMAIN_EXPANDED_20260824\data_views\single\LowLightTrafficData\trainA\LowLightTrafficData__396.png,E:\UNSB_abl\full_dataset\LowLightTrafficData\input\396.png,396
E:\UNSB_Expl\UNSB_HEADFIGURE_SIXDOMAIN_EXPANDED_20260824\data_views\aio\trainA\LowLightTrafficData__193.png,37946,,LowLightTrafficData,10,,,trainA,1ea748f5996f00d99fd751fd670f9abd79d24e5ee012221c3feff984cbdd321c,E:\UNSB_Expl\UNSB_HEADFIGURE_SIXDOMAIN_EXPANDED_20260824\data_views\single\LowLightTrafficData\trainA\LowLightTrafficData__193.png,E:\UNSB_abl\full_dataset\LowLightTrafficData\input\193.png,193
E:\UNSB_Expl\UNSB_HEADFIGURE_SIXDOMAIN_EXPANDED_20260824\data_views\aio\trainA\LowLightTrafficData__443.png,75840,,LowLightTrafficData,11,,,trainA,1b8f74a1b1c7c7eb1c361b53d775e8bfb626a03329c6b957f3e694c4f580de05,E:\UNSB_Expl\UNSB_HEADFIGURE_SIXDOMAIN_EXPANDED_20260824\data_views\single\LowLightTrafficData\trainA\LowLightTrafficData__443.png,E:\UNSB_abl\full_dataset\LowLightTrafficData\input\443.png,443
E:\UNSB_Expl\UNSB_HEADFIGURE_SIXDOMAIN_EXPANDED_20260824\data_views\aio\trainA\LowLightTrafficData__626.png,44657,,LowLightTrafficData,12,,,trainA,a8081d2ec914eb8ece4d6fbe0cc74637ef6d93478fa1549bf1d3b36f8bac817d,E:\UNSB_Expl\UNSB_HEADFIGURE_SIXDOMAIN_EXPANDED_20260824\data_views\single\LowLightTrafficData\trainA\LowLightTrafficData__626.png,E:\UNSB_abl\full_dataset\LowLightTrafficData\input\626.png,626
E:\UNSB_Expl\UNSB_HEADFIGURE_SIXDOMAIN_EXPANDED_20260824\data_views\aio\trainA\LowLightTrafficData__414.png,92730,,LowLightTrafficData,13,,,trainA,4845eb759976d57ab84e3e6933cee967353793e1e0173426011e0c91189ca05c,E:\UNSB_Expl\UNSB_HEADFIGURE_SIXDOMAIN_EXPANDED_20260824\data_views\single\LowLightTrafficData\trainA\LowLightTrafficData__414.png,E:\UNSB_abl\full_dataset\LowLightTrafficData\input\414.png,414
E:\UNSB_Expl\UNSB_HEADFIGURE_SIXDOMAIN_EXPANDED_20260824\data_views\aio\trainA\LowLightTrafficData__540.png,22718,,LowLightTrafficData,14,,,trainA,421deffedd657f21fd4bb0a3d1a7b810edff565f571bd6cee230309e088a2502,E:\UNSB_Expl\UNSB_HEADFIGURE_SIXDOMAIN_EXPANDED_20260824\data_views\single\LowLightTrafficData\trainA\LowLightTrafficData__540.png,E:\UNSB_abl\full_dataset\LowLightTrafficData\input\540.png,540
E:\UNSB_Expl\UNSB_HEADFIGURE_SIXDOMAIN_EXPANDED_20260824\data_views\aio\trainA\LowLightTrafficData__138.png,71041,,LowLightTrafficData,15,,,trainA,5a98f3ccd2596351104297ee5f72a025d24a70e0f5ea01b6141a6e0660d545d9,E:\UNSB_Expl\UNSB_HEADFIGURE_SIXDOMAIN_EXPANDED_20260824\data_views\single\LowLightTrafficData\trainA\LowLightTrafficData__138.png,E:\UNSB_abl\full_dataset\LowLightTrafficData\input\138.png,138
E:\UNSB_Expl\UNSB_HEADFIGURE_SIXDOMAIN_EXPANDED_20260824\data_views\aio\trainA\LowLightTrafficData__716.png,44596,,LowLightTrafficData,16,,,trainA,3d040a1f0a20d9653419c7c10affabfe0d145a653fa230c93d7d312ecd8c72cc,E:\UNSB_Expl\UNSB_HEADFIGURE_SIXDOMAIN_EXPANDED_20260824\data_views\single\LowLightTrafficData\trainA\LowLightTrafficData__716.png,E:\UNSB_abl\full_dataset\LowLightTrafficData\input\716.png,716
E:\UNSB_Expl\UNSB_HEADFIGURE_SIXDOMAIN_EXPANDED_20260824\data_views\aio\trainA\LowLightTrafficData__031.png,65115,,LowLightTrafficData,17,,,trainA,4b86978963bd3904ba13b2e5e22fae227db702648312031ffe7e741f4be809a9,E:\UNSB_Expl\UNSB_HEADFIGURE_SIXDOMAIN_EXPANDED_20260824\data_views\single\LowLightTrafficData\trainA\LowLightTrafficData__031.png,E:\UNSB_abl\full_dataset\LowLightTrafficData\input\031.png,031
E:\UNSB_Expl\UNSB_HEADFIGURE_SIXDOMAIN_EXPANDED_20260824\data_views\aio\trainA\LowLightTrafficData__640.png,70067,,LowLightTrafficData,18,,,trainA,d331e6fc0d520bf7519a8c17fd52c10e3dd87fbc475dc01968f162a150d9abed,E:\UNSB_Expl\UNSB_HEADFIGURE_SIXDOMAIN_EXPANDED_20260824\data_views\single\LowLightTrafficData\trainA\LowLightTrafficData__640.png,E:\UNSB_abl\full_dataset\LowLightTrafficData\input\640.png,640
E:\UNSB_Expl\UNSB_HEADFIGURE_SIXDOMAIN_EXPANDED_20260824\data_views\aio\trainA\LowLightTrafficData__013.png,60656,,LowLightTrafficData,19,,,trainA,b9edfb4e236a91399b52f993c05acb253997a7f026ee963f5e05351fba664220,E:\UNSB_Expl\UNSB_HEADFIGURE_SIXDOMAIN_EXPANDED_20260824\data_views\single\LowLightTrafficData\trainA\LowLightTrafficData__013.png,E:\UNSB_abl\full_dataset\LowLightTrafficData\input\013.png,013
E:\UNSB_Expl\UNSB_HEADFIGURE_SIXDOMAIN_EXPANDED_20260824\data_views\aio\trainA\LowLightTrafficData__454.png,21238,,LowLightTrafficData,20,,,trainA,e4a11aae3ffdaeb032d9637befffd09f3880815e469a011ff4daffe4636a7b83,E:\UNSB_Expl\UNSB_HEADFIGURE_SIXDOMAIN_EXPANDED_20260824\data_views\single\LowLightTrafficData\trainA\LowLightTrafficData__454.png,E:\UNSB_abl\full_dataset\LowLightTrafficData\input\454.png,454
E:\UNSB_Expl\UNSB_HEADFIGURE_SIXDOMAIN_EXPANDED_20260824\data_views\aio\trainA\LowLightTrafficData__561.png,56798,,LowLightTrafficData,21,,,trainA,960f664d1ac97e8aee98cfc2d9789fec0487f46cbb4bc5bd83c01478dbc76648,E:\UNSB_Expl\UNSB_HEADFIGURE_SIXDOMAIN_EXPANDED_20260824\data_views\single\LowLightTrafficData\trainA\LowLightTrafficData__561.png,E:\UNSB_abl\full_dataset\LowLightTrafficData\input\561.png,561
E:\UNSB_Expl\UNSB_HEADFIGURE_SIXDOMAIN_EXPANDED_20260824\data_views\aio\trainA\LowLightTrafficData__327.png,61916,,LowLightTrafficData,22,,,trainA,58b2a2dad4cc1aedac1f5ad9ffce96c57f2d87ee7487a44fc10d196ffc7b5b29,E:\UNSB_Expl\UNSB_HEADFIGURE_SIXDOMAIN_EXPANDED_20260824\data_views\single\LowLightTrafficData\trainA\LowLightTrafficData__327.png,E:\UNSB_abl\full_dataset\LowLightTrafficData\input\327.png,327
E:\UNSB_Expl\UNSB_HEADFIGURE_SIXDOMAIN_EXPANDED_20260824\data_views\aio\trainA\LowLightTrafficData__709.png,98563,,LowLightTrafficData,23,,,trainA,b3e07eecb3923447befe6bf195cc988a2e585ca703a69b451fb24f2f4c0e93ab,E:\UNSB_Expl\UNSB_HEADFIGURE_SIXDOMAIN_EXPANDED_20260824\data_views\single\LowLightTrafficData\trainA\LowLightTrafficData__709.png,E:\UNSB_abl\full_dataset\LowLightTrafficData\input\709.png,709
E:\UNSB_Expl\UNSB_HEADFIGURE_SIXDOMAIN_EXPANDED_20260824\data_views\aio\trainA\LowLightTrafficData__055.png,34425,,LowLightTrafficData,24,,,trainA,500c8f29cadc87f7e9310744641c70e0583e8e4811fef3bdc4b58d6ff0f989aa,E:\UNSB_Expl\UNSB_HEADFIGURE_SIXDOMAIN_EXPANDED_20260824\data_views\single\LowLightTrafficData\trainA\LowLightTrafficData__055.png,E:\UNSB_abl\full_dataset\LowLightTrafficData\input\055.png,055
E:\UNSB_Expl\UNSB_HEADFIGURE_SIXDOMAIN_EXPANDED_20260824\data_views\aio\trainA\LowLightTrafficData__319.png,64007,,LowLightTrafficData,25,,,trainA,c5114a8b0711f556390ff4c6d35b42c59548e228086be489cd5e050ae021317a,E:\UNSB_Expl\UNSB_HEADFIGURE_SIXDOMAIN_EXPANDED_20260824\data_views\single\LowLightTrafficData\trainA\LowLightTrafficData__319.png,E:\UNSB_abl\full_dataset\LowLightTrafficData\input\319.png,319
E:\UNSB_Expl\UNSB_HEADFIGURE_SIXDOMAIN_EXPANDED_20260824\data_views\aio\trainA\LowLightTrafficData__121.png,52487,,LowLightTrafficData,26,,,trainA,6397de523ac94720564cda2f1ed18b88eb04513e70690e186ab7bfc6b4ba1577,E:\UNSB_Expl\UNSB_HEADFIGURE_SIXDOMAIN_EXPANDED_20260824\data_views\single\LowLightTrafficData\trainA\LowLightTrafficData__121.png,E:\UNSB_abl\full_dataset\LowLightTrafficData\input\121.png,121
E:\UNSB_Expl\UNSB_HEADFIGURE_SIXDOMAIN_EXPANDED_20260824\data_views\aio\trainA\LowLightTrafficData__439.png,29691,,LowLightTrafficData,27,,,trainA,3ae6d34aea4e9e94de200eb33a5cf3d5c8fc187afd14d21731ecc2e059f22a7b,E:\UNSB_Expl\UNSB_HEADFIGURE_SIXDOMAIN_EXPANDED_20260824\data_views\single\LowLightTrafficData\trainA\LowLightTrafficData__439.png,E:\UNSB_abl\full_dataset\LowLightTrafficData\input\439.png,439
E:\UNSB_Expl\UNSB_HEADFIGURE_SIXDOMAIN_EXPANDED_20260824\data_views\aio\trainA\LowLightTrafficData__296.png,45504,,LowLightTrafficData,28,,,trainA,e30981f1a72ab49bc58d89a31885f99059279981f5efc6696ca2ae73978c8eef,E:\UNSB_Expl\UNSB_HEADFIGURE_SIXDOMAIN_EXPANDED_20260824\data_views\single\LowLightTrafficData\trainA\LowLightTrafficData__296.png,E:\UNSB_abl\full_dataset\LowLightTrafficData\input\296.png,296
E:\UNSB_Expl\UNSB_HEADFIGURE_SIXDOMAIN_EXPANDED_20260824\data_views\aio\trainA\LowLightTrafficData__094.png,64253,,LowLightTrafficData,29,,,trainA,9974608dbd9f8669c58c74123a504f1575df6a9c82887f3136ebf05e56f92bce,E:\UNSB_Expl\UNSB_HEADFIGURE_SIXDOMAIN_EXPANDED_20260824\data_views\single\LowLightTrafficData\trainA\LowLightTrafficData__094.png,E:\UNSB_abl\full_dataset\LowLightTrafficData\input\094.png,094
E:\UNSB_Expl\UNSB_HEADFIGURE_SIXDOMAIN_EXPANDED_20260824\data_views\aio\trainA\LowLightTrafficData__513.png,12742,,LowLightTrafficData,30,,,trainA,2d8db02b0a5d3d48e8c68b4238a0ae1a41408c2216ca01e98290ac5b10c81434,E:\UNSB_Expl\UNSB_HEADFIGURE_SIXDOMAIN_EXPANDED_20260824\data_views\single\LowLightTrafficData\trainA\LowLightTrafficData__513.png,E:\UNSB_abl\full_dataset\LowLightTrafficData\input\513.png,513
E:\UNSB_Expl\UNSB_HEADFIGURE_SIXDOMAIN_EXPANDED_20260824\data_views\aio\trainA\LowLightTrafficData__446.png,36330,,LowLightTrafficData,31,,,trainA,2bacb41807d2e5ffffcda090acde8af0e5a42e6d4ea796c372242e145cd5d7d1,E:\UNSB_Expl\UNSB_HEADFIGURE_SIXDOMAIN_EXPANDED_20260824\data_views\single\LowLightTrafficData\trainA\LowLightTrafficData__446.png,E:\UNSB_abl\full_dataset\LowLightTrafficData\input\446.png,446
E:\UNSB_Expl\UNSB_HEADFIGURE_SIXDOMAIN_EXPANDED_20260824\data_views\aio\trainA\LowLightTrafficData__214.png,69834,,LowLightTrafficData,32,,,trainA,e70dc5efd745922c7a4059a9d32cb40c1898287f919dee0d2c698cc2188e514e,E:\UNSB_Expl\UNSB_HEADFIGURE_SIXDOMAIN_EXPANDED_20260824\data_views\single\LowLightTrafficData\trainA\LowLightTrafficData__214.png,E:\UNSB_abl\full_dataset\LowLightTrafficData\input\214.png,214
E:\UNSB_Expl\UNSB_HEADFIGURE_SIXDOMAIN_EXPANDED_20260824\data_views\aio\trainA\LowLightTrafficData__270.png,99280,,LowLightTrafficData,33,,,trainA,c4fd82b28618f238a944ff65b72023540517d710fd8c5eec3fbd1773b338e791,E:\UNSB_Expl\UNSB_HEADFIGURE_SIXDOMAIN_EXPANDED_20260824\data_views\single\LowLightTrafficData\trainA\LowLightTrafficData__270.png,E:\UNSB_abl\full_dataset\LowLightTrafficData\input\270.png,270
E:\UNSB_Expl\UNSB_HEADFIGURE_SIXDOMAIN_EXPANDED_20260824\data_views\aio\trainA\LowLightTrafficData__337.png,49517,,LowLightTrafficData,34,,,trainA,248d7d5a002438d514f251dccc61baa5bdaa216de86baa6b56ced5d55e214d30,E:\UNSB_Expl\UNSB_HEADFIGURE_SIXDOMAIN_EXPANDED_20260824\data_views\single\LowLightTrafficData\trainA\LowLightTrafficData__337.png,E:\UNSB_abl\full_dataset\LowLightTrafficData\input\337.png,337
E:\UNSB_Expl\UNSB_HEADFIGURE_SIXDOMAIN_EXPANDED_20260824\data_views\aio\trainA\LowLightTrafficData__109.png,27281,,LowLightTrafficData,35,,,trainA,bf76a01ecef9829b847ab56900bdf88c05baa8cc8543125c6a13426e922c2e6f,E:\UNSB_Expl\UNSB_HEADFIGURE_SIXDOMAIN_EXPANDED_20260824\data_views\single\LowLightTrafficData\trainA\LowLightTrafficData__109.png,E:\UNSB_abl\full_dataset\LowLightTrafficData\input\109.png,109
E:\UNSB_Expl\UNSB_HEADFIGURE_SIXDOMAIN_EXPANDED_20260824\data_views\aio\trainA\LowLightTrafficData__583.png,15303,,LowLightTrafficData,36,,,trainA,ebad507c79258f1c037095e0ecf1ae2ca2611ed4ac98e696d121c01ad9b3f02e,E:\UNSB_Expl\UNSB_HEADFIGURE_SIXDOMAIN_EXPANDED_20260824\data_views\single\LowLightTrafficData\trainA\LowLightTrafficData__583.png,E:\UNSB_abl\full_dataset\LowLightTrafficData\input\583.png,583
E:\UNSB_Expl\UNSB_HEADFIGURE_SIXDOMAIN_EXPANDED_20260824\data_views\aio\trainA\LowLightTrafficData__277.png,31781,,LowLightTrafficData,37,,,trainA,b82f5804695ac33bf06260cf2d2fb77501c6215d0380310d76ca0e4b7932ded9,E:\UNSB_Expl\UNSB_HEADFIGURE_SIXDOMAIN_EXPANDED_20260824\data_views\single\LowLightTrafficData\trainA\LowLightTrafficData__277.png,E:\UNSB_abl\full_dataset\LowLightTrafficData\input\277.png,277
E:\UNSB_Expl\UNSB_HEADFIGURE_SIXDOMAIN_EXPANDED_20260824\data_views\aio\trainA\LowLightTrafficData__033.png,12508,,LowLightTrafficData,38,,,trainA,020f3dbeccefd7f6c8f45cacbad145d4a75187709145d5519effe08b6f9486de,E:\UNSB_Expl\UNSB_HEADFIGURE_SIXDOMAIN_EXPANDED_20260824\data_views\single\LowLightTrafficData\trainA\LowLightTrafficData__033.png,E:\UNSB_abl\full_dataset\LowLightTrafficData\input\033.png,033
E:\UNSB_Expl\UNSB_HEADFIGURE_SIXDOMAIN_EXPANDED_20260824\data_views\aio\trainA\LowLightTrafficData__091.png,66200,,LowLightTrafficData,39,,,trainA,039c54e5a97ec6c1b102b1aa7849fcd28aa1202a7dc156ba4fb10b4166f3f083,E:\UNSB_Expl\UNSB_HEADFIGURE_SIXDOMAIN_EXPANDED_20260824\data_views\single\LowLightTrafficData\trainA\LowLightTrafficData__091.png,E:\UNSB_abl\full_dataset\LowLightTrafficData\input\091.png,091
E:\UNSB_Expl\UNSB_HEADFIGURE_SIXDOMAIN_EXPANDED_20260824\data_views\aio\trainA\LowLightTrafficData__340.png,23418,,LowLightTrafficData,40,,,trainA,2dcf6461a78f5f1989ebd40a544d3d9e9c9fb1c6d29724c19434c599f7613323,E:\UNSB_Expl\UNSB_HEADFIGURE_SIXDOMAIN_EXPANDED_20260824\data_views\single\LowLightTrafficData\trainA\LowLightTrafficData__340.png,E:\UNSB_abl\full_dataset\LowLightTrafficData\input\340.png,340
E:\UNSB_Expl\UNSB_HEADFIGURE_SIXDOMAIN_EXPANDED_20260824\data_views\aio\trainA\LowLightTrafficData__141.png,58425,,LowLightTrafficData,41,,,trainA,5f5f29805a07b4b3209658d04b2d469b1f1a388a5df69ddb00aa5eaf5e881c65,E:\UNSB_Expl\UNSB_HEADFIGURE_SIXDOMAIN_EXPANDED_20260824\data_views\single\LowLightTrafficData\trainA\LowLightTrafficData__141.png,E:\UNSB_abl\full_dataset\LowLightTrafficData\input\141.png,141
E:\UNSB_Expl\UNSB_HEADFIGURE_SIXDOMAIN_EXPANDED_20260824\data_views\aio\trainA\LowLightTrafficData__271.png,144681,,LowLightTrafficData,42,,,trainA,ac83b1b6a7c13fee1bb80d89dc749f70118d2c409e410399a984ea3195ac659d,E:\UNSB_Expl\UNSB_HEADFIGURE_SIXDOMAIN_EXPANDED_20260824\data_views\single\LowLightTrafficData\trainA\LowLightTrafficData__271.png,E:\UNSB_abl\full_dataset\LowLightTrafficData\input\271.png,271
E:\UNSB_Expl\UNSB_HEADFIGURE_SIXDOMAIN_EXPANDED_20260824\data_views\aio\trainA\LowLightTrafficData__546.png,30392,,LowLightTrafficData,43,,,trainA,cfb6bf3f7f289c5bce17af3526034840da1e4840f4241fe11a1d5dc19a917a3d,E:\UNSB_Expl\UNSB_HEADFIGURE_SIXDOMAIN_EXPANDED_20260824\data_views\single\LowLightTrafficData\trainA\LowLightTrafficData__546.png,E:\UNSB_abl\full_dataset\LowLightTrafficData\input\546.png,546
E:\UNSB_Expl\UNSB_HEADFIGURE_SIXDOMAIN_EXPANDED_20260824\data_views\aio\trainA\LowLightTrafficData__683.png,32637,,LowLightTrafficData,44,,,trainA,e794d1d515b8e08575a18895ca482fac98103fe57a4ab9f1473afcd22600914e,E:\UNSB_Expl\UNSB_HEADFIGURE_SIXDOMAIN_EXPANDED_20260824\data_views\single\LowLightTrafficData\trainA\LowLightTrafficData__683.png,E:\UNSB_abl\full_dataset\LowLightTrafficData\input\683.png,683
E:\UNSB_Expl\UNSB_HEADFIGURE_SIXDOMAIN_EXPANDED_20260824\data_views\aio\trainA\LowLightTrafficData__131.png,28399,,LowLightTrafficData,45,,,trainA,863cbd923b5576806a301ad9d999b20eba3ad3a4992044b4bb16377ce37ec9b8,E:\UNSB_Expl\UNSB_HEADFIGURE_SIXDOMAIN_EXPANDED_20260824\data_views\single\LowLightTrafficData\trainA\LowLightTrafficData__131.png,E:\UNSB_abl\full_dataset\LowLightTrafficData\input\131.png,131
E:\UNSB_Expl\UNSB_HEADFIGURE_SIXDOMAIN_EXPANDED_20260824\data_views\aio\trainA\LowLightTrafficData__136.png,10002,,LowLightTrafficData,46,,,trainA,6daa522c67c2f5c004ddf80d10848382d7ce80888716f9d72ffa5f737c7958ac,E:\UNSB_Expl\UNSB_HEADFIGURE_SIXDOMAIN_EXPANDED_20260824\data_views\single\LowLightTrafficData\trainA\LowLightTrafficData__136.png,E:\UNSB_abl\full_dataset\LowLightTrafficData\input\136.png,136
E:\UNSB_Expl\UNSB_HEADFIGURE_SIXDOMAIN_EXPANDED_20260824\data_views\aio\trainA\LowLightTrafficData__488.png,50015,,LowLightTrafficData,47,,,trainA,74f6911916ce2e492cd38baf27807a6b39c892e2c0f1a0b0027c049051f3852b,E:\UNSB_Expl\UNSB_HEADFIGURE_SIXDOMAIN_EXPANDED_20260824\data_views\single\LowLightTrafficData\trainA\LowLightTrafficData__488.png,E:\UNSB_abl\full_dataset\LowLightTrafficData\input\488.png,488
E:\UNSB_Expl\UNSB_HEADFIGURE_SIXDOMAIN_EXPANDED_20260824\data_views\aio\trainA\LowLightTrafficData__465.png,54992,,LowLightTrafficData,48,,,trainA,380b3cf7f1d5f3411f224547e7fd1fd8aa99a85b78ea1883861783b037069e0b,E:\UNSB_Expl\UNSB_HEADFIGURE_SIXDOMAIN_EXPANDED_20260824\data_views\single\LowLightTrafficData\trainA\LowLightTrafficData__465.png,E:\UNSB_abl\full_dataset\LowLightTrafficData\input\465.png,465
E:\UNSB_Expl\UNSB_HEADFIGURE_SIXDOMAIN_EXPANDED_20260824\data_views\aio\trainA\LowLightTrafficData__462.png,10642,,LowLightTrafficData,49,,,trainA,cb64145f210b5a4a0b1d41ae59aeeb7943b6d8d667bdd2e1bd9994dbbff55d34,E:\UNSB_Expl\UNSB_HEADFIGURE_SIXDOMAIN_EXPANDED_20260824\data_views\single\LowLightTrafficData\trainA\LowLightTrafficData__462.png,E:\UNSB_abl\full_dataset\LowLightTrafficData\input\462.png,462
E:\UNSB_Expl\UNSB_HEADFIGURE_SIXDOMAIN_EXPANDED_20260824\data_views\aio\trainA\LowLightTrafficData__530.png,27439,,LowLightTrafficData,50,,,trainA,9b663a6b2de6f5315107505c45fe199c0e4e36370ea9bcb7a95195f5453d6d9a,E:\UNSB_Expl\UNSB_HEADFIGURE_SIXDOMAIN_EXPANDED_20260824\data_views\single\LowLightTrafficData\trainA\LowLightTrafficData__530.png,E:\UNSB_abl\full_dataset\LowLightTrafficData\input\530.png,530
E:\UNSB_Expl\UNSB_HEADFIGURE_SIXDOMAIN_EXPANDED_20260824\data_views\aio\trainA\LowLightTrafficData__455.png,67019,,LowLightTrafficData,51,,,trainA,88d24072db13af920e986b9b321918bf1405553239da6f11b26aa4d287468034,E:\UNSB_Expl\UNSB_HEADFIGURE_SIXDOMAIN_EXPANDED_20260824\data_views\single\LowLightTrafficData\trainA\LowLightTrafficData__455.png,E:\UNSB_abl\full_dataset\LowLightTrafficData\input\455.png,455
E:\UNSB_Expl\UNSB_HEADFIGURE_SIXDOMAIN_EXPANDED_20260824\data_views\aio\trainA\LowLightTrafficData__156.png,66933,,LowLightTrafficData,52,,,trainA,2ac25235c23bcce61d068bdf90af0e6a0a35865a8d180e520e5b7df6723e970d,E:\UNSB_Expl\UNSB_HEADFIGURE_SIXDOMAIN_EXPANDED_20260824\data_views\single\LowLightTrafficData\trainA\LowLightTrafficData__156.png,E:\UNSB_abl\full_dataset\LowLightTrafficData\input\156.png,156
E:\UNSB_Expl\UNSB_HEADFIGURE_SIXDOMAIN_EXPANDED_20260824\data_views\aio\trainA\LowLightTrafficData__225.png,58000,,LowLightTrafficData,53,,,trainA,147fd9aa9ba3189ff36c5e1ae760d23e45f2f90b4746b57a507423a40f6b1685,E:\UNSB_Expl\UNSB_HEADFIGURE_SIXDOMAIN_EXPANDED_20260824\data_views\single\LowLightTrafficData\trainA\LowLightTrafficData__225.png,E:\UNSB_abl\full_dataset\LowLightTrafficData\input\225.png,225
E:\UNSB_Expl\UNSB_HEADFIGURE_SIXDOMAIN_EXPANDED_20260824\data_views\aio\trainA\LowLightTrafficData__528.png,51934,,LowLightTrafficData,54,,,trainA,296dbc15802fbfeadb31f6c07c6ebc5699cdc61ce22093221da38cbb4cc8b934,E:\UNSB_Expl\UNSB_HEADFIGURE_SIXDOMAIN_EXPANDED_20260824\data_views\single\LowLightTrafficData\trainA\LowLightTrafficData__528.png,E:\UNSB_abl\full_dataset\LowLightTrafficData\input\528.png,528
E:\UNSB_Expl\UNSB_HEADFIGURE_SIXDOMAIN_EXPANDED_20260824\data_views\aio\trainA\LowLightTrafficData__598.png,26383,,LowLightTrafficData,55,,,trainA,ad3cfde110467ba5fc09744bfc575b19e6e47b075067bfa676c9df84d59af6c6,E:\UNSB_Expl\UNSB_HEADFIGURE_SIXDOMAIN_EXPANDED_20260824\data_views\single\LowLightTrafficData\trainA\LowLightTrafficData__598.png,E:\UNSB_abl\full_dataset\LowLightTrafficData\input\598.png,598
E:\UNSB_Expl\UNSB_HEADFIGURE_SIXDOMAIN_EXPANDED_20260824\data_views\aio\trainA\LowLightTrafficData__719.png,10671,,LowLightTrafficData,56,,,trainA,6c972cd417626614d2d28269e43305e0499091a362bd1d8611ed1105494d485c,E:\UNSB_Expl\UNSB_HEADFIGURE_SIXDOMAIN_EXPANDED_20260824\data_views\single\LowLightTrafficData\trainA\LowLightTrafficData__719.png,E:\UNSB_abl\full_dataset\LowLightTrafficData\input\719.png,719
E:\UNSB_Expl\UNSB_HEADFIGURE_SIXDOMAIN_EXPANDED_20260824\data_views\aio\trainA\LowLightTrafficData__621.png,55989,,LowLightTrafficData,57,,,trainA,4fbe26fe96b3c88a6984f6d7cc94f26f0d7fc36990f1253f8a740514ae63b56c,E:\UNSB_Expl\UNSB_HEADFIGURE_SIXDOMAIN_EXPANDED_20260824\data_views\single\LowLightTrafficData\trainA\LowLightTrafficData__621.png,E:\UNSB_abl\full_dataset\LowLightTrafficData\input\621.png,621
E:\UNSB_Expl\UNSB_HEADFIGURE_SIXDOMAIN_EXPANDED_20260824\data_views\aio\trainA\LowLightTrafficData__708.png,42991,,LowLightTrafficData,58,,,trainA,b534153bfe404ccd0ee96abe46772ece778c21e55424765ed0bbde7f3cc0ddfb,E:\UNSB_Expl\UNSB_HEADFIGURE_SIXDOMAIN_EXPANDED_20260824\data_views\single\LowLightTrafficData\trainA\LowLightTrafficData__708.png,E:\UNSB_abl\full_dataset\LowLightTrafficData\input\708.png,708
E:\UNSB_Expl\UNSB_HEADFIGURE_SIXDOMAIN_EXPANDED_20260824\data_views\aio\trainA\LowLightTrafficData__102.png,76341,,LowLightTrafficData,59,,,trainA,9dc7696ff9d69011a3caee721c665713a02e12224e885e7614e5794b205ec9aa,E:\UNSB_Expl\UNSB_HEADFIGURE_SIXDOMAIN_EXPANDED_20260824\data_views\single\LowLightTrafficData\trainA\LowLightTrafficData__102.png,E:\UNSB_abl\full_dataset\LowLightTrafficData\input\102.png,102
E:\UNSB_Expl\UNSB_HEADFIGURE_SIXDOMAIN_EXPANDED_20260824\data_views\aio\trainA\LowLightTrafficData__632.png,23333,,LowLightTrafficData,60,,,trainA,65ad4629ce6f6c947e7d300d17243473b1f148512524b19e0c547ece31a4b31c,E:\UNSB_Expl\UNSB_HEADFIGURE_SIXDOMAIN_EXPANDED_20260824\data_views\single\LowLightTrafficData\trainA\LowLightTrafficData__632.png,E:\UNSB_abl\full_dataset\LowLightTrafficData\input\632.png,632
E:\UNSB_Expl\UNSB_HEADFIGURE_SIXDOMAIN_EXPANDED_20260824\data_views\aio\trainA\LowLightTrafficData__521.png,58289,,LowLightTrafficData,61,,,trainA,e4a7f42e9b358714ff84055fd652fe612fe9d333cd9ae22ce39871361cbd6557,E:\UNSB_Expl\UNSB_HEADFIGURE_SIXDOMAIN_EXPANDED_20260824\data_views\single\LowLightTrafficData\trainA\LowLightTrafficData__521.png,E:\UNSB_abl\full_dataset\LowLightTrafficData\input\521.png,521
E:\UNSB_Expl\UNSB_HEADFIGURE_SIXDOMAIN_EXPANDED_20260824\data_views\aio\trainA\LowLightTrafficData__477.png,78335,,LowLightTrafficData,62,,,trainA,f5eb7145b723ec59fc9a08f17f621aaa527040b9d2eeab4206cabb9ce5a2e4ba,E:\UNSB_Expl\UNSB_HEADFIGURE_SIXDOMAIN_EXPANDED_20260824\data_views\single\LowLightTrafficData\trainA\LowLightTrafficData__477.png,E:\UNSB_abl\full_dataset\LowLightTrafficData\input\477.png,477
E:\UNSB_Expl\UNSB_HEADFIGURE_SIXDOMAIN_EXPANDED_20260824\data_views\aio\trainA\LowLightTrafficData__331.png,9071,,LowLightTrafficData,63,,,trainA,a5020b91400cf28132f8b14cf5e9d65b0ec6a5e36b03600fcb34c8fc35f0596c,E:\UNSB_Expl\UNSB_HEADFIGURE_SIXDOMAIN_EXPANDED_20260824\data_views\single\LowLightTrafficData\trainA\LowLightTrafficData__331.png,E:\UNSB_abl\full_dataset\LowLightTrafficData\input\331.png,331
E:\UNSB_Expl\UNSB_HEADFIGURE_SIXDOMAIN_EXPANDED_20260824\data_views\aio\trainA\LowLightTrafficData__417.png,68191,,LowLightTrafficData,64,,,trainA,b5c775ee4f0d4e7803333213da891b38c4b656b950e345b52472f5839659bb36,E:\UNSB_Expl\UNSB_HEADFIGURE_SIXDOMAIN_EXPANDED_20260824\data_views\single\LowLightTrafficData\trainA\LowLightTrafficData__417.png,E:\UNSB_abl\full_dataset\LowLightTrafficData\input\417.png,417
E:\UNSB_Expl\UNSB_HEADFIGURE_SIXDOMAIN_EXPANDED_20260824\data_views\aio\trainA\LowLightTrafficData__734.png,31424,,LowLightTrafficData,65,,,trainA,3dc846a6694046d6f5c91ac1ff386dc5db91f4f8c997ec9ab0331108f1762d0f,E:\UNSB_Expl\UNSB_HEADFIGURE_SIXDOMAIN_EXPANDED_20260824\data_views\single\LowLightTrafficData\trainA\LowLightTrafficData__734.png,E:\UNSB_abl\full_dataset\LowLightTrafficData\input\734.png,734
E:\UNSB_Expl\UNSB_HEADFIGURE_SIXDOMAIN_EXPANDED_20260824\data_views\aio\trainA\LowLightTrafficData__034.png,15545,,LowLightTrafficData,66,,,trainA,a649cc4b01e4dbd767429fd41e248446259a242d2287f7b75bd797203cfc26d6,E:\UNSB_Expl\UNSB_HEADFIGURE_SIXDOMAIN_EXPANDED_20260824\data_views\single\LowLightTrafficData\trainA\LowLightTrafficData__034.png,E:\UNSB_abl\full_dataset\LowLightTrafficData\input\034.png,034
E:\UNSB_Expl\UNSB_HEADFIGURE_SIXDOMAIN_EXPANDED_20260824\data_views\aio\trainA\LowLightTrafficData__313.png,12050,,LowLightTrafficData,67,,,trainA,5737c63061b08fdfe21073dbbb8fe832af9f88e16cf26dfae8ee78e66b21652e,E:\UNSB_Expl\UNSB_HEADFIGURE_SIXDOMAIN_EXPANDED_20260824\data_views\single\LowLightTrafficData\trainA\LowLightTrafficData__313.png,E:\UNSB_abl\full_dataset\LowLightTrafficData\input\313.png,313
E:\UNSB_Expl\UNSB_HEADFIGURE_SIXDOMAIN_EXPANDED_20260824\data_views\aio\trainA\LowLightTrafficData__089.png,2578,,LowLightTrafficData,68,,,trainA,33c34eaebde093148df96f924ea399171103ed8dae44ab61ba7f8bf916255e3c,E:\UNSB_Expl\UNSB_HEADFIGURE_SIXDOMAIN_EXPANDED_20260824\data_views\single\LowLightTrafficData\trainA\LowLightTrafficData__089.png,E:\UNSB_abl\full_dataset\LowLightTrafficData\input\089.png,089
E:\UNSB_Expl\UNSB_HEADFIGURE_SIXDOMAIN_EXPANDED_20260824\data_views\aio\trainA\LowLightTrafficData__630.png,60815,,LowLightTrafficData,69,,,trainA,fcd621a27a1ba6afe69c218926dd8d8025b1c3855fb93932ce6053a2e9c9471d,E:\UNSB_Expl\UNSB_HEADFIGURE_SIXDOMAIN_EXPANDED_20260824\data_views\single\LowLightTrafficData\trainA\LowLightTrafficData__630.png,E:\UNSB_abl\full_dataset\LowLightTrafficData\input\630.png,630
E:\UNSB_Expl\UNSB_HEADFIGURE_SIXDOMAIN_EXPANDED_20260824\data_views\aio\trainA\LowLightTrafficData__103.png,72500,,LowLightTrafficData,70,,,trainA,304fdb4b4a1e85ec09702380c196f5a30433f73303a9fc0cc39a0aa1aae6165b,E:\UNSB_Expl\UNSB_HEADFIGURE_SIXDOMAIN_EXPANDED_20260824\data_views\single\LowLightTrafficData\trainA\LowLightTrafficData__103.png,E:\UNSB_abl\full_dataset\LowLightTrafficData\input\103.png,103
E:\UNSB_Expl\UNSB_HEADFIGURE_SIXDOMAIN_EXPANDED_20260824\data_views\aio\trainA\LowLightTrafficData__290.png,62430,,LowLightTrafficData,71,,,trainA,7948d6943a848a5e26e65ffd36ec4cc5e6d1c14341aab32123615786077b66c1,E:\UNSB_Expl\UNSB_HEADFIGURE_SIXDOMAIN_EXPANDED_20260824\data_views\single\LowLightTrafficData\trainA\LowLightTrafficData__290.png,E:\UNSB_abl\full_dataset\LowLightTrafficData\input\290.png,290
E:\UNSB_Expl\UNSB_HEADFIGURE_SIXDOMAIN_EXPANDED_20260824\data_views\aio\trainA\LowLightTrafficData__627.png,13802,,LowLightTrafficData,72,,,trainA,6711d019c312f5e0f01db385296d6836f5964d6de0288a09ed18b7f1a595b068,E:\UNSB_Expl\UNSB_HEADFIGURE_SIXDOMAIN_EXPANDED_20260824\data_views\single\LowLightTrafficData\trainA\LowLightTrafficData__627.png,E:\UNSB_abl\full_dataset\LowLightTrafficData\input\627.png,627
E:\UNSB_Expl\UNSB_HEADFIGURE_SIXDOMAIN_EXPANDED_20260824\data_views\aio\trainA\LowLightTrafficData__085.png,113091,,LowLightTrafficData,73,,,trainA,47f1df88c6c31d098e80b58733162f2811dfa4015f666de4918b060675d7faf5,E:\UNSB_Expl\UNSB_HEADFIGURE_SIXDOMAIN_EXPANDED_20260824\data_views\single\LowLightTrafficData\trainA\LowLightTrafficData__085.png,E:\UNSB_abl\full_dataset\LowLightTrafficData\input\085.png,085
E:\UNSB_Expl\UNSB_HEADFIGURE_SIXDOMAIN_EXPANDED_20260824\data_views\aio\trainA\LowLightTrafficData__367.png,35966,,LowLightTrafficData,74,,,trainA,59bf27ccde202836390a70f08b6ae3374a1aa77cb5d8e76d1fac5e45af6f4de8,E:\UNSB_Expl\UNSB_HEADFIGURE_SIXDOMAIN_EXPANDED_20260824\data_views\single\LowLightTrafficData\trainA\LowLightTrafficData__367.png,E:\UNSB_abl\full_dataset\LowLightTrafficData\input\367.png,367
E:\UNSB_Expl\UNSB_HEADFIGURE_SIXDOMAIN_EXPANDED_20260824\data_views\aio\trainA\LowLightTrafficData__215.png,27283,,LowLightTrafficData,75,,,trainA,a493007cbcb3713e9de60b1b25576f4a9d45ba1a6b6db9e602d873f388b10c2f,E:\UNSB_Expl\UNSB_HEADFIGURE_SIXDOMAIN_EXPANDED_20260824\data_views\single\LowLightTrafficData\trainA\LowLightTrafficData__215.png,E:\UNSB_abl\full_dataset\LowLightTrafficData\input\215.png,215
E:\UNSB_Expl\UNSB_HEADFIGURE_SIXDOMAIN_EXPANDED_20260824\data_views\aio\trainA\LowLightTrafficData__184.png,46763,,LowLightTrafficData,76,,,trainA,e26bfed816f356d623c259ed591f827f1666205516d8f1f00821db11e453309a,E:\UNSB_Expl\UNSB_HEADFIGURE_SIXDOMAIN_EXPANDED_20260824\data_views\single\LowLightTrafficData\trainA\LowLightTrafficData__184.png,E:\UNSB_abl\full_dataset\LowLightTrafficData\input\184.png,184
E:\UNSB_Expl\UNSB_HEADFIGURE_SIXDOMAIN_EXPANDED_20260824\data_views\aio\trainA\LowLightTrafficData__011.png,42699,,LowLightTrafficData,77,,,trainA,cf88425170896aaef1885cdfdae6508e7d3e1bb032c151dafbff2aa036139e3a,E:\UNSB_Expl\UNSB_HEADFIGURE_SIXDOMAIN_EXPANDED_20260824\data_views\single\LowLightTrafficData\trainA\LowLightTrafficData__011.png,E:\UNSB_abl\full_dataset\LowLightTrafficData\input\011.png,011
E:\UNSB_Expl\UNSB_HEADFIGURE_SIXDOMAIN_EXPANDED_20260824\data_views\aio\trainA\LowLightTrafficData__385.png,55381,,LowLightTrafficData,78,,,trainA,1d6410ff0be7c30759dcd795e6c6c463c8d528f083453c8e22c6787d713d0fbc,E:\UNSB_Expl\UNSB_HEADFIGURE_SIXDOMAIN_EXPANDED_20260824\data_views\single\LowLightTrafficData\trainA\LowLightTrafficData__385.png,E:\UNSB_abl\full_dataset\LowLightTrafficData\input\385.png,385
E:\UNSB_Expl\UNSB_HEADFIGURE_SIXDOMAIN_EXPANDED_20260824\data_views\aio\trainA\LowLightTrafficData__618.png,8087,,LowLightTrafficData,79,,,trainA,e7f0bdf6d10bd98d059411d808246cee148904b94467d312bbf91072be1772a8,E:\UNSB_Expl\UNSB_HEADFIGURE_SIXDOMAIN_EXPANDED_20260824\data_views\single\LowLightTrafficData\trainA\LowLightTrafficData__618.png,E:\UNSB_abl\full_dataset\LowLightTrafficData\input\618.png,618
E:\UNSB_Expl\UNSB_HEADFIGURE_SIXDOMAIN_EXPANDED_20260824\data_views\aio\trainA\LowLightTrafficData__074.png,5294,,LowLightTrafficData,80,,,trainA,209cbeb1df3a4e085bdc1d4b38f38eefe45636bc8037fcb27fe88dcfdaafcd57,E:\UNSB_Expl\UNSB_HEADFIGURE_SIXDOMAIN_EXPANDED_20260824\data_views\single\LowLightTrafficData\trainA\LowLightTrafficData__074.png,E:\UNSB_abl\full_dataset\LowLightTrafficData\input\074.png,074
E:\UNSB_Expl\UNSB_HEADFIGURE_SIXDOMAIN_EXPANDED_20260824\data_views\aio\trainA\LowLightTrafficData__702.png,51111,,LowLightTrafficData,81,,,trainA,67734e3b5194275fcedf6526b11fbc131d57ac06e32b8265a1e2409007b7c9f5,E:\UNSB_Expl\UNSB_HEADFIGURE_SIXDOMAIN_EXPANDED_20260824\data_views\single\LowLightTrafficData\trainA\LowLightTrafficData__702.png,E:\UNSB_abl\full_dataset\LowLightTrafficData\input\702.png,702
E:\UNSB_Expl\UNSB_HEADFIGURE_SIXDOMAIN_EXPANDED_20260824\data_views\aio\trainA\LowLightTrafficData__599.png,15160,,LowLightTrafficData,82,,,trainA,97e043283cc5341e11acabb13a32e1899820c26c917241d15e7289474278f7b0,E:\UNSB_Expl\UNSB_HEADFIGURE_SIXDOMAIN_EXPANDED_20260824\data_views\single\LowLightTrafficData\trainA\LowLightTrafficData__599.png,E:\UNSB_abl\full_dataset\LowLightTrafficData\input\599.png,599
E:\UNSB_Expl\UNSB_HEADFIGURE_SIXDOMAIN_EXPANDED_20260824\data_views\aio\trainA\LowLightTrafficData__101.png,99738,,LowLightTrafficData,83,,,trainA,183cf7a5428f327eb959cf764c86933919972ee174b50d19546b62e1d57612e1,E:\UNSB_Expl\UNSB_HEADFIGURE_SIXDOMAIN_EXPANDED_20260824\data_views\single\LowLightTrafficData\trainA\LowLightTrafficData__101.png,E:\UNSB_abl\full_dataset\LowLightTrafficData\input\101.png,101
E:\UNSB_Expl\UNSB_HEADFIGURE_SIXDOMAIN_EXPANDED_20260824\data_views\aio\trainA\LowLightTrafficData__654.png,76864,,LowLightTrafficData,84,,,trainA,78b37ae0d06209e32c4a2f58d923c067b3749cdd69254cc300452665206eb610,E:\UNSB_Expl\UNSB_HEADFIGURE_SIXDOMAIN_EXPANDED_20260824\data_views\single\LowLightTrafficData\trainA\LowLightTrafficData__654.png,E:\UNSB_abl\full_dataset\LowLightTrafficData\input\654.png,654
E:\UNSB_Expl\UNSB_HEADFIGURE_SIXDOMAIN_EXPANDED_20260824\data_views\aio\trainA\LowLightTrafficData__427.png,107218,,LowLightTrafficData,85,,,trainA,933bf68d75c15aeb5069773f1bef3f3b9367fea81ab4341ce366b44fb7fe6491,E:\UNSB_Expl\UNSB_HEADFIGURE_SIXDOMAIN_EXPANDED_20260824\data_views\single\LowLightTrafficData\trainA\LowLightTrafficData__427.png,E:\UNSB_abl\full_dataset\LowLightTrafficData\input\427.png,427
E:\UNSB_Expl\UNSB_HEADFIGURE_SIXDOMAIN_EXPANDED_20260824\data_views\aio\trainA\LowLightTrafficData__329.png,13480,,LowLightTrafficData,86,,,trainA,e32a55145ea1c5b857a54b5f7c43243d08994c19986ee2b0825f2c95e45a5c15,E:\UNSB_Expl\UNSB_HEADFIGURE_SIXDOMAIN_EXPANDED_20260824\data_views\single\LowLightTrafficData\trainA\LowLightTrafficData__329.png,E:\UNSB_abl\full_dataset\LowLightTrafficData\input\329.png,329
E:\UNSB_Expl\UNSB_HEADFIGURE_SIXDOMAIN_EXPANDED_20260824\data_views\aio\trainA\LowLightTrafficData__050.png,21095,,LowLightTrafficData,87,,,trainA,3ae025a2cde7bc4f56c85c99092c47a87399dc8caa3f16a6665574fa110f5070,E:\UNSB_Expl\UNSB_HEADFIGURE_SIXDOMAIN_EXPANDED_20260824\data_views\single\LowLightTrafficData\trainA\LowLightTrafficData__050.png,E:\UNSB_abl\full_dataset\LowLightTrafficData\input\050.png,050
E:\UNSB_Expl\UNSB_HEADFIGURE_SIXDOMAIN_EXPANDED_20260824\data_views\aio\trainA\LowLightTrafficData__090.png,4973,,LowLightTrafficData,88,,,trainA,ac9d3735b77a33d1e1c61eeabd86da203bbdd1e73661163f067a93189c79de1a,E:\UNSB_Expl\UNSB_HEADFIGURE_SIXDOMAIN_EXPANDED_20260824\data_views\single\LowLightTrafficData\trainA\LowLightTrafficData__090.png,E:\UNSB_abl\full_dataset\LowLightTrafficData\input\090.png,090
E:\UNSB_Expl\UNSB_HEADFIGURE_SIXDOMAIN_EXPANDED_20260824\data_views\aio\trainA\LowLightTrafficData__061.png,63275,,LowLightTrafficData,89,,,trainA,c25834f84e140a34d6302c3508e95da57bb9649397b2133502f8ceb1dbd7d562,E:\UNSB_Expl\UNSB_HEADFIGURE_SIXDOMAIN_EXPANDED_20260824\data_views\single\LowLightTrafficData\trainA\LowLightTrafficData__061.png,E:\UNSB_abl\full_dataset\LowLightTrafficData\input\061.png,061
E:\UNSB_Expl\UNSB_HEADFIGURE_SIXDOMAIN_EXPANDED_20260824\data_views\aio\trainA\LowLightTrafficData__379.png,37808,,LowLightTrafficData,90,,,trainA,011285887898a340e07112305bcc1ca055886cded3c83cb85ac1c10d7d7ae070,E:\UNSB_Expl\UNSB_HEADFIGURE_SIXDOMAIN_EXPANDED_20260824\data_views\single\LowLightTrafficData\trainA\LowLightTrafficData__379.png,E:\UNSB_abl\full_dataset\LowLightTrafficData\input\379.png,379
E:\UNSB_Expl\UNSB_HEADFIGURE_SIXDOMAIN_EXPANDED_20260824\data_views\aio\trainA\LowLightTrafficData__434.png,9488,,LowLightTrafficData,91,,,trainA,c8305e39ce8031f926067891a55e5afa9011ce2887771c4acd114e1b51a7ae38,E:\UNSB_Expl\UNSB_HEADFIGURE_SIXDOMAIN_EXPANDED_20260824\data_views\single\LowLightTrafficData\trainA\LowLightTrafficData__434.png,E:\UNSB_abl\full_dataset\LowLightTrafficData\input\434.png,434
E:\UNSB_Expl\UNSB_HEADFIGURE_SIXDOMAIN_EXPANDED_20260824\data_views\aio\trainA\LowLightTrafficData__046.png,62362,,LowLightTrafficData,92,,,trainA,9a9d2d8794f667e9ae5714baaf03a7ee96a58286d5867dc58ac912f69ee9dfbe,E:\UNSB_Expl\UNSB_HEADFIGURE_SIXDOMAIN_EXPANDED_20260824\data_views\single\LowLightTrafficData\trainA\LowLightTrafficData__046.png,E:\UNSB_abl\full_dataset\LowLightTrafficData\input\046.png,046
E:\UNSB_Expl\UNSB_HEADFIGURE_SIXDOMAIN_EXPANDED_20260824\data_views\aio\trainA\LowLightTrafficData__021.png,55236,,LowLightTrafficData,93,,,trainA,7c56fb60c9dd968278c1b385299a9291569e2f66da3c0785aa7b8ac036b9644c,E:\UNSB_Expl\UNSB_HEADFIGURE_SIXDOMAIN_EXPANDED_20260824\data_views\single\LowLightTrafficData\trainA\LowLightTrafficData__021.png,E:\UNSB_abl\full_dataset\LowLightTrafficData\input\021.png,021
E:\UNSB_Expl\UNSB_HEADFIGURE_SIXDOMAIN_EXPANDED_20260824\data_views\aio\trainA\LowLightTrafficData__273.png,30232,,LowLightTrafficData,94,,,trainA,e63ff93bb1a62603f2450243cd9c652a6e2fad228a14c27dd38039f14099be95,E:\UNSB_Expl\UNSB_HEADFIGURE_SIXDOMAIN_EXPANDED_20260824\data_views\single\LowLightTrafficData\trainA\LowLightTrafficData__273.png,E:\UNSB_abl\full_dataset\LowLightTrafficData\input\273.png,273
E:\UNSB_Expl\UNSB_HEADFIGURE_SIXDOMAIN_EXPANDED_20260824\data_views\aio\trainA\LowLightTrafficData__700.png,41311,,LowLightTrafficData,95,,,trainA,f665f4c9e718933a76769d3c4420002d9b4a256c0bc0917da5ed766dae99f474,E:\UNSB_Expl\UNSB_HEADFIGURE_SIXDOMAIN_EXPANDED_20260824\data_views\single\LowLightTrafficData\trainA\LowLightTrafficData__700.png,E:\UNSB_abl\full_dataset\LowLightTrafficData\input\700.png,700
E:\UNSB_Expl\UNSB_HEADFIGURE_SIXDOMAIN_EXPANDED_20260824\data_views\aio\trainA\LowLightTrafficData__430.png,44029,,LowLightTrafficData,96,,,trainA,4b06b988e0cbec130c1df8f144db0599238ab02c4fe59dc4d587d76bcc0c6602,E:\UNSB_Expl\UNSB_HEADFIGURE_SIXDOMAIN_EXPANDED_20260824\data_views\single\LowLightTrafficData\trainA\LowLightTrafficData__430.png,E:\UNSB_abl\full_dataset\LowLightTrafficData\input\430.png,430
E:\UNSB_Expl\UNSB_HEADFIGURE_SIXDOMAIN_EXPANDED_20260824\data_views\aio\trainA\LowLightTrafficData__188.png,33330,,LowLightTrafficData,97,,,trainA,383ddb976149b3279c12daa87d48c059ccf30f4c97837ad8aedfdf3add6f1151,E:\UNSB_Expl\UNSB_HEADFIGURE_SIXDOMAIN_EXPANDED_20260824\data_views\single\LowLightTrafficData\trainA\LowLightTrafficData__188.png,E:\UNSB_abl\full_dataset\LowLightTrafficData\input\188.png,188
E:\UNSB_Expl\UNSB_HEADFIGURE_SIXDOMAIN_EXPANDED_20260824\data_views\aio\trainA\LowLightTrafficData__232.png,41917,,LowLightTrafficData,98,,,trainA,b0b50e71408fafd51d668722e77fe8e198abf00d0c730318a54558d140acf0df,E:\UNSB_Expl\UNSB_HEADFIGURE_SIXDOMAIN_EXPANDED_20260824\data_views\single\LowLightTrafficData\trainA\LowLightTrafficData__232.png,E:\UNSB_abl\full_dataset\LowLightTrafficData\input\232.png,232
E:\UNSB_Expl\UNSB_HEADFIGURE_SIXDOMAIN_EXPANDED_20260824\data_views\aio\trainA\LowLightTrafficData__257.png,48391,,LowLightTrafficData,99,,,trainA,55011e265ae8a0463c6084a9211ccfb80b0ddf535b7c744ab8119e1c820b6b5a,E:\UNSB_Expl\UNSB_HEADFIGURE_SIXDOMAIN_EXPANDED_20260824\data_views\single\LowLightTrafficData\trainA\LowLightTrafficData__257.png,E:\UNSB_abl\full_dataset\LowLightTrafficData\input\257.png,257
E:\UNSB_Expl\UNSB_HEADFIGURE_SIXDOMAIN_EXPANDED_20260824\data_views\aio\trainA\LowLightTrafficData__249.png,63169,,LowLightTrafficData,100,,,trainA,dbdeb04f74b1ba6596c7e38179132c15ce6c2d19632bcc3764f0efc5f4b74379,E:\UNSB_Expl\UNSB_HEADFIGURE_SIXDOMAIN_EXPANDED_20260824\data_views\single\LowLightTrafficData\trainA\LowLightTrafficData__249.png,E:\UNSB_abl\full_dataset\LowLightTrafficData\input\249.png,249
E:\UNSB_Expl\UNSB_HEADFIGURE_SIXDOMAIN_EXPANDED_20260824\data_views\aio\trainA\LowLightTrafficData__516.png,69619,,LowLightTrafficData,101,,,trainA,ed6683b3fa02994fe36deaee9f8b5d4934e6e62f84d350e75ebb83463154423f,E:\UNSB_Expl\UNSB_HEADFIGURE_SIXDOMAIN_EXPANDED_20260824\data_views\single\LowLightTrafficData\trainA\LowLightTrafficData__516.png,E:\UNSB_abl\full_dataset\LowLightTrafficData\input\516.png,516
E:\UNSB_Expl\UNSB_HEADFIGURE_SIXDOMAIN_EXPANDED_20260824\data_views\aio\trainA\LowLightTrafficData__441.png,23737,,LowLightTrafficData,102,,,trainA,5c91e89cb1e7272b540c6e0de9554d8863af3bbce95b09c3e91ba0f74929b051,E:\UNSB_Expl\UNSB_HEADFIGURE_SIXDOMAIN_EXPANDED_20260824\data_views\single\LowLightTrafficData\trainA\LowLightTrafficData__441.png,E:\UNSB_abl\full_dataset\LowLightTrafficData\input\441.png,441
E:\UNSB_Expl\UNSB_HEADFIGURE_SIXDOMAIN_EXPANDED_20260824\data_views\aio\trainA\LowLightTrafficData__057.png,42304,,LowLightTrafficData,103,,,trainA,8bf0b11c056830f473f2ee27c2e6a7a7141f9306e6dfbb21a18f120b08cc23cf,E:\UNSB_Expl\UNSB_HEADFIGURE_SIXDOMAIN_EXPANDED_20260824\data_views\single\LowLightTrafficData\trainA\LowLightTrafficData__057.png,E:\UNSB_abl\full_dataset\LowLightTrafficData\input\057.png,057
E:\UNSB_Expl\UNSB_HEADFIGURE_SIXDOMAIN_EXPANDED_20260824\data_views\aio\trainA\LowLightTrafficData__701.png,85651,,LowLightTrafficData,104,,,trainA,87d72b57219559942ad1548c19118b6078abcb21b0e39f36028ff3de4b4317a9,E:\UNSB_Expl\UNSB_HEADFIGURE_SIXDOMAIN_EXPANDED_20260824\data_views\single\LowLightTrafficData\trainA\LowLightTrafficData__701.png,E:\UNSB_abl\full_dataset\LowLightTrafficData\input\701.png,701
E:\UNSB_Expl\UNSB_HEADFIGURE_SIXDOMAIN_EXPANDED_20260824\data_views\aio\trainA\LowLightTrafficData__332.png,12967,,LowLightTrafficData,105,,,trainA,697b6ca5eda55e9acd244b427e64755f077996ad97bd80b86b152dfa25e33246,E:\UNSB_Expl\UNSB_HEADFIGURE_SIXDOMAIN_EXPANDED_20260824\data_views\single\LowLightTrafficData\trainA\LowLightTrafficData__332.png,E:\UNSB_abl\full_dataset\LowLightTrafficData\input\332.png,332
E:\UNSB_Expl\UNSB_HEADFIGURE_SIXDOMAIN_EXPANDED_20260824\data_views\aio\trainA\LowLightTrafficData__063.png,33215,,LowLightTrafficData,106,,,trainA,2ab3edaefdbd0b224c7d6f81ec59ca29f8e402164f1c200cbc59fbb56e663010,E:\UNSB_Expl\UNSB_HEADFIGURE_SIXDOMAIN_EXPANDED_20260824\data_views\single\LowLightTrafficData\trainA\LowLightTrafficData__063.png,E:\UNSB_abl\full_dataset\LowLightTrafficData\input\063.png,063
E:\UNSB_Expl\UNSB_HEADFIGURE_SIXDOMAIN_EXPANDED_20260824\data_views\aio\trainA\LowLightTrafficData__260.png,94488,,LowLightTrafficData,107,,,trainA,e32632669fb850bb0aec66acebe4e1beb0d5e7515615be6d63ef6c09460f7d62,E:\UNSB_Expl\UNSB_HEADFIGURE_SIXDOMAIN_EXPANDED_20260824\data_views\single\LowLightTrafficData\trainA\LowLightTrafficData__260.png,E:\UNSB_abl\full_dataset\LowLightTrafficData\input\260.png,260
E:\UNSB_Expl\UNSB_HEADFIGURE_SIXDOMAIN_EXPANDED_20260824\data_views\aio\trainA\LowLightTrafficData__616.png,62552,,LowLightTrafficData,108,,,trainA,ec7afc6d231bf32192521404a13ccd3382bca93beb6a0a90683a9f9162a6944d,E:\UNSB_Expl\UNSB_HEADFIGURE_SIXDOMAIN_EXPANDED_20260824\data_views\single\LowLightTrafficData\trainA\LowLightTrafficData__616.png,E:\UNSB_abl\full_dataset\LowLightTrafficData\input\616.png,616
E:\UNSB_Expl\UNSB_HEADFIGURE_SIXDOMAIN_EXPANDED_20260824\data_views\aio\trainA\LowLightTrafficData__233.png,51124,,LowLightTrafficData,109,,,trainA,429b8a78c922f7d80b31b1c75fae94a6797bae32b1f6c03923e66962d4f72664,E:\UNSB_Expl\UNSB_HEADFIGURE_SIXDOMAIN_EXPANDED_20260824\data_views\single\LowLightTrafficData\trainA\LowLightTrafficData__233.png,E:\UNSB_abl\full_dataset\LowLightTrafficData\input\233.png,233
E:\UNSB_Expl\UNSB_HEADFIGURE_SIXDOMAIN_EXPANDED_20260824\data_views\aio\trainA\LowLightTrafficData__645.png,65295,,LowLightTrafficData,110,,,trainA,73f0a555208d5e4a5d832133b23322935dbb65f731f06f69c8249b91fcbf03cd,E:\UNSB_Expl\UNSB_HEADFIGURE_SIXDOMAIN_EXPANDED_20260824\data_views\single\LowLightTrafficData\trainA\LowLightTrafficData__645.png,E:\UNSB_abl\full_dataset\LowLightTrafficData\input\645.png,645
E:\UNSB_Expl\UNSB_HEADFIGURE_SIXDOMAIN_EXPANDED_20260824\data_views\aio\trainA\LowLightTrafficData__229.png,56559,,LowLightTrafficData,111,,,trainA,b7bdec413f46b674aa4e7fc724afc6276e3416f6e4210217b50cb0d0aeab2dcc,E:\UNSB_Expl\UNSB_HEADFIGURE_SIXDOMAIN_EXPANDED_20260824\data_views\single\LowLightTrafficData\trainA\LowLightTrafficData__229.png,E:\UNSB_abl\full_dataset\LowLightTrafficData\input\229.png,229
E:\UNSB_Expl\UNSB_HEADFIGURE_SIXDOMAIN_EXPANDED_20260824\data_views\aio\trainA\LowLightTrafficData__312.png,25991,,LowLightTrafficData,112,,,trainA,763e738cfe4f26e5fd6e10a4891f1446ffae1489747090371d908dbcd86534fc,E:\UNSB_Expl\UNSB_HEADFIGURE_SIXDOMAIN_EXPANDED_20260824\data_views\single\LowLightTrafficData\trainA\LowLightTrafficData__312.png,E:\UNSB_abl\full_dataset\LowLightTrafficData\input\312.png,312
E:\UNSB_Expl\UNSB_HEADFIGURE_SIXDOMAIN_EXPANDED_20260824\data_views\aio\trainA\LowLightTrafficData__490.png,51218,,LowLightTrafficData,113,,,trainA,239b0198e4f184f2a64fa3a76b338540491f6ab15dc8b30a83996905eb27525c,E:\UNSB_Expl\UNSB_HEADFIGURE_SIXDOMAIN_EXPANDED_20260824\data_views\single\LowLightTrafficData\trainA\LowLightTrafficData__490.png,E:\UNSB_abl\full_dataset\LowLightTrafficData\input\490.png,490
E:\UNSB_Expl\UNSB_HEADFIGURE_SIXDOMAIN_EXPANDED_20260824\data_views\aio\trainA\LowLightTrafficData__706.png,24784,,LowLightTrafficData,114,,,trainA,f656f9f402608bfde9e56cb79dcba3a4fe98f803dbc5f21ce95e57cd84ac3626,E:\UNSB_Expl\UNSB_HEADFIGURE_SIXDOMAIN_EXPANDED_20260824\data_views\single\LowLightTrafficData\trainA\LowLightTrafficData__706.png,E:\UNSB_abl\full_dataset\LowLightTrafficData\input\706.png,706
E:\UNSB_Expl\UNSB_HEADFIGURE_SIXDOMAIN_EXPANDED_20260824\data_views\aio\trainA\LowLightTrafficData__066.png,47529,,LowLightTrafficData,115,,,trainA,46a964320c0f9ac8f1aca0d128bc9f5b79ad776c3bd17cc133a5e50ed94882a9,E:\UNSB_Expl\UNSB_HEADFIGURE_SIXDOMAIN_EXPANDED_20260824\data_views\single\LowLightTrafficData\trainA\LowLightTrafficData__066.png,E:\UNSB_abl\full_dataset\LowLightTrafficData\input\066.png,066
E:\UNSB_Expl\UNSB_HEADFIGURE_SIXDOMAIN_EXPANDED_20260824\data_views\aio\trainA\LowLightTrafficData__151.png,58864,,LowLightTrafficData,116,,,trainA,9b357aee6957fafcd1c125b0e9c529b9dbb54838dcae694e63663cdc2e8cdebc,E:\UNSB_Expl\UNSB_HEADFIGURE_SIXDOMAIN_EXPANDED_20260824\data_views\single\LowLightTrafficData\trainA\LowLightTrafficData__151.png,E:\UNSB_abl\full_dataset\LowLightTrafficData\input\151.png,151
E:\UNSB_Expl\UNSB_HEADFIGURE_SIXDOMAIN_EXPANDED_20260824\data_views\aio\trainA\LowLightTrafficData__690.png,39008,,LowLightTrafficData,117,,,trainA,615ec7b3ec71ee5cf932292f1f6e2c16b8a78caccafdd926fb5600e17831f623,E:\UNSB_Expl\UNSB_HEADFIGURE_SIXDOMAIN_EXPANDED_20260824\data_views\single\LowLightTrafficData\trainA\LowLightTrafficData__690.png,E:\UNSB_abl\full_dataset\LowLightTrafficData\input\690.png,690
E:\UNSB_Expl\UNSB_HEADFIGURE_SIXDOMAIN_EXPANDED_20260824\data_views\aio\trainA\LowLightTrafficData__665.png,40949,,LowLightTrafficData,118,,,trainA,7187513e586bd7d9db60d9a40b1faee421036db46b2b289e67b793a1dc35afcf,E:\UNSB_Expl\UNSB_HEADFIGURE_SIXDOMAIN_EXPANDED_20260824\data_views\single\LowLightTrafficData\trainA\LowLightTrafficData__665.png,E:\UNSB_abl\full_dataset\LowLightTrafficData\input\665.png,665
E:\UNSB_Expl\UNSB_HEADFIGURE_SIXDOMAIN_EXPANDED_20260824\data_views\aio\trainA\LowLightTrafficData__432.png,161610,,LowLightTrafficData,119,,,trainA,006fcbe099fb33f2144daef99905526a31f46ea9f59a339922364a0414f2cc06,E:\UNSB_Expl\UNSB_HEADFIGURE_SIXDOMAIN_EXPANDED_20260824\data_views\single\LowLightTrafficData\trainA\LowLightTrafficData__432.png,E:\UNSB_abl\full_dataset\LowLightTrafficData\input\432.png,432
E:\UNSB_Expl\UNSB_HEADFIGURE_SIXDOMAIN_EXPANDED_20260824\data_views\aio\trainB\LowLightTrafficData__210.png,255795,,LowLightTrafficData,0,,,trainB,97bdd325a4b679959ac86c6bd1c2d051296b62e2e31dab505b97e62e2b4099e3,E:\UNSB_Expl\UNSB_HEADFIGURE_SIXDOMAIN_EXPANDED_20260824\data_views\single\LowLightTrafficData\trainB\LowLightTrafficData__210.png,E:\UNSB_abl\full_dataset\LowLightTrafficData\target\210.png,210
E:\UNSB_Expl\UNSB_HEADFIGURE_SIXDOMAIN_EXPANDED_20260824\data_views\aio\trainB\LowLightTrafficData__472.png,236072,,LowLightTrafficData,1,,,trainB,e2ae26e1ddd153e38fab2e919c5aaa127276d3931d6aba7e614be15bc961598a,E:\UNSB_Expl\UNSB_HEADFIGURE_SIXDOMAIN_EXPANDED_20260824\data_views\single\LowLightTrafficData\trainB\LowLightTrafficData__472.png,E:\UNSB_abl\full_dataset\LowLightTrafficData\target\472.png,472
E:\UNSB_Expl\UNSB_HEADFIGURE_SIXDOMAIN_EXPANDED_20260824\data_views\aio\trainB\LowLightTrafficData__491.png,265552,,LowLightTrafficData,2,,,trainB,418c13e20ec0739b11b41f2466a3c99dce539c18c49e345e12f9a456111cc878,E:\UNSB_Expl\UNSB_HEADFIGURE_SIXDOMAIN_EXPANDED_20260824\data_views\single\LowLightTrafficData\trainB\LowLightTrafficData__491.png,E:\UNSB_abl\full_dataset\LowLightTrafficData\target\491.png,491
E:\UNSB_Expl\UNSB_HEADFIGURE_SIXDOMAIN_EXPANDED_20260824\data_views\aio\trainB\LowLightTrafficData__160.png,267182,,LowLightTrafficData,3,,,trainB,93475754ea721fe2b09fed3175972c10f6eb838c0b79d611008d673786e086f8,E:\UNSB_Expl\UNSB_HEADFIGURE_SIXDOMAIN_EXPANDED_20260824\data_views\single\LowLightTrafficData\trainB\LowLightTrafficData__160.png,E:\UNSB_abl\full_dataset\LowLightTrafficData\target\160.png,160
E:\UNSB_Expl\UNSB_HEADFIGURE_SIXDOMAIN_EXPANDED_20260824\data_views\aio\trainB\LowLightTrafficData__036.png,221235,,LowLightTrafficData,4,,,trainB,e0478f169886d1278fd74a2bd28850c1eef5d1bcdce195574a3fd339fefc0a70,E:\UNSB_Expl\UNSB_HEADFIGURE_SIXDOMAIN_EXPANDED_20260824\data_views\single\LowLightTrafficData\trainB\LowLightTrafficData__036.png,E:\UNSB_abl\full_dataset\LowLightTrafficData\target\036.png,036
E:\UNSB_Expl\UNSB_HEADFIGURE_SIXDOMAIN_EXPANDED_20260824\data_views\aio\trainB\LowLightTrafficData__293.png,339845,,LowLightTrafficData,5,,,trainB,64fb51b3ecb78d4297218e77aee95c468c86757fd7eac1115ea1ecca6fef7e02,E:\UNSB_Expl\UNSB_HEADFIGURE_SIXDOMAIN_EXPANDED_20260824\data_views\single\LowLightTrafficData\trainB\LowLightTrafficData__293.png,E:\UNSB_abl\full_dataset\LowLightTrafficData\target\293.png,293
E:\UNSB_Expl\UNSB_HEADFIGURE_SIXDOMAIN_EXPANDED_20260824\data_views\aio\trainB\LowLightTrafficData__699.png,250880,,LowLightTrafficData,6,,,trainB,b25507a4f1913ca366ef87f8e1bc7eda5c4e8a1178c73c9cc79f3cea6977f617,E:\UNSB_Expl\UNSB_HEADFIGURE_SIXDOMAIN_EXPANDED_20260824\data_views\single\LowLightTrafficData\trainB\LowLightTrafficData__699.png,E:\UNSB_abl\full_dataset\LowLightTrafficData\target\699.png,699
E:\UNSB_Expl\UNSB_HEADFIGURE_SIXDOMAIN_EXPANDED_20260824\data_views\aio\trainB\LowLightTrafficData__264.png,169811,,LowLightTrafficData,7,,,trainB,041ad66f7d6650b8d6f00831d8af755631b1bcd6c620b8d49fb2477da9a729cc,E:\UNSB_Expl\UNSB_HEADFIGURE_SIXDOMAIN_EXPANDED_20260824\data_views\single\LowLightTrafficData\trainB\LowLightTrafficData__264.png,E:\UNSB_abl\full_dataset\LowLightTrafficData\target\264.png,264
E:\UNSB_Expl\UNSB_HEADFIGURE_SIXDOMAIN_EXPANDED_20260824\data_views\aio\trainB\LowLightTrafficData__399.png,232640,,LowLightTrafficData,8,,,trainB,35d26dea563e1d7afbd1fd48f05b793245bcf0255e2afd4fda75d716f73cbe77,E:\UNSB_Expl\UNSB_HEADFIGURE_SIXDOMAIN_EXPANDED_20260824\data_views\single\LowLightTrafficData\trainB\LowLightTrafficData__399.png,E:\UNSB_abl\full_dataset\LowLightTrafficData\target\399.png,399
E:\UNSB_Expl\UNSB_HEADFIGURE_SIXDOMAIN_EXPANDED_20260824\data_views\aio\trainB\LowLightTrafficData__682.png,221235,,LowLightTrafficData,9,,,trainB,e0478f169886d1278fd74a2bd28850c1eef5d1bcdce195574a3fd339fefc0a70,E:\UNSB_Expl\UNSB_HEADFIGURE_SIXDOMAIN_EXPANDED_20260824\data_views\single\LowLightTrafficData\trainB\LowLightTrafficData__682.png,E:\UNSB_abl\full_dataset\LowLightTrafficData\target\682.png,682
E:\UNSB_Expl\UNSB_HEADFIGURE_SIXDOMAIN_EXPANDED_20260824\data_views\aio\trainB\LowLightTrafficData__363.png,199409,,LowLightTrafficData,10,,,trainB,5bb081b6aef6b0ac8e080166d3d2d494c3a25eb23af7b94cdd25d3a92a25c7fb,E:\UNSB_Expl\UNSB_HEADFIGURE_SIXDOMAIN_EXPANDED_20260824\data_views\single\LowLightTrafficData\trainB\LowLightTrafficData__363.png,E:\UNSB_abl\full_dataset\LowLightTrafficData\target\363.png,363
E:\UNSB_Expl\UNSB_HEADFIGURE_SIXDOMAIN_EXPANDED_20260824\data_views\aio\trainB\LowLightTrafficData__209.png,234723,,LowLightTrafficData,11,,,trainB,06c67c6edd0b74d7e4149e288c99e68cdb2f2e3961645b96ff44c2d87cd38361,E:\UNSB_Expl\UNSB_HEADFIGURE_SIXDOMAIN_EXPANDED_20260824\data_views\single\LowLightTrafficData\trainB\LowLightTrafficData__209.png,E:\UNSB_abl\full_dataset\LowLightTrafficData\target\209.png,209
E:\UNSB_Expl\UNSB_HEADFIGURE_SIXDOMAIN_EXPANDED_20260824\data_views\aio\trainB\LowLightTrafficData__314.png,232640,,LowLightTrafficData,12,,,trainB,35d26dea563e1d7afbd1fd48f05b793245bcf0255e2afd4fda75d716f73cbe77,E:\UNSB_Expl\UNSB_HEADFIGURE_SIXDOMAIN_EXPANDED_20260824\data_views\single\LowLightTrafficData\trainB\LowLightTrafficData__314.png,E:\UNSB_abl\full_dataset\LowLightTrafficData\target\314.png,314
E:\UNSB_Expl\UNSB_HEADFIGURE_SIXDOMAIN_EXPANDED_20260824\data_views\aio\trainB\LowLightTrafficData__276.png,244196,,LowLightTrafficData,13,,,trainB,3c876574756d8bc1f2cde381e5e67b35c3bb7a7d6a9f24fcb0e75452657ab220,E:\UNSB_Expl\UNSB_HEADFIGURE_SIXDOMAIN_EXPANDED_20260824\data_views\single\LowLightTrafficData\trainB\LowLightTrafficData__276.png,E:\UNSB_abl\full_dataset\LowLightTrafficData\target\276.png,276
E:\UNSB_Expl\UNSB_HEADFIGURE_SIXDOMAIN_EXPANDED_20260824\data_views\aio\trainB\LowLightTrafficData__272.png,164818,,LowLightTrafficData,14,,,trainB,f1773400f713dcf9ac327c58ff9b0202652e063172c14c63d39bc1ab846565ad,E:\UNSB_Expl\UNSB_HEADFIGURE_SIXDOMAIN_EXPANDED_20260824\data_views\single\LowLightTrafficData\trainB\LowLightTrafficData__272.png,E:\UNSB_abl\full_dataset\LowLightTrafficData\target\272.png,272
E:\UNSB_Expl\UNSB_HEADFIGURE_SIXDOMAIN_EXPANDED_20260824\data_views\aio\trainB\LowLightTrafficData__204.png,250249,,LowLightTrafficData,15,,,trainB,2759757daea1d57aa4413b0feefef5584cdd99864c33237412776c48fe6f8d85,E:\UNSB_Expl\UNSB_HEADFIGURE_SIXDOMAIN_EXPANDED_20260824\data_views\single\LowLightTrafficData\trainB\LowLightTrafficData__204.png,E:\UNSB_abl\full_dataset\LowLightTrafficData\target\204.png,204
E:\UNSB_Expl\UNSB_HEADFIGURE_SIXDOMAIN_EXPANDED_20260824\data_views\aio\trainB\LowLightTrafficData__345.png,207990,,LowLightTrafficData,16,,,trainB,8e739bdf8e46bc73b8bf75c64bb9f8471bc53b0e8395bd77f5f81aecb60d2e12,E:\UNSB_Expl\UNSB_HEADFIGURE_SIXDOMAIN_EXPANDED_20260824\data_views\single\LowLightTrafficData\trainB\LowLightTrafficData__345.png,E:\UNSB_abl\full_dataset\LowLightTrafficData\target\345.png,345
E:\UNSB_Expl\UNSB_HEADFIGURE_SIXDOMAIN_EXPANDED_20260824\data_views\aio\trainB\LowLightTrafficData__707.png,248101,,LowLightTrafficData,17,,,trainB,a3db710c16e51b0467cc4fa8b2a33a5be553a66aabac1cdfa3a49458a69a0688,E:\UNSB_Expl\UNSB_HEADFIGURE_SIXDOMAIN_EXPANDED_20260824\data_views\single\LowLightTrafficData\trainB\LowLightTrafficData__707.png,E:\UNSB_abl\full_dataset\LowLightTrafficData\target\707.png,707
E:\UNSB_Expl\UNSB_HEADFIGURE_SIXDOMAIN_EXPANDED_20260824\data_views\aio\trainB\LowLightTrafficData__322.png,255620,,LowLightTrafficData,18,,,trainB,36113c61e730434e73e458a41d6be96464de5c8324d3028dd971675b3eef1c6e,E:\UNSB_Expl\UNSB_HEADFIGURE_SIXDOMAIN_EXPANDED_20260824\data_views\single\LowLightTrafficData\trainB\LowLightTrafficData__322.png,E:\UNSB_abl\full_dataset\LowLightTrafficData\target\322.png,322
E:\UNSB_Expl\UNSB_HEADFIGURE_SIXDOMAIN_EXPANDED_20260824\data_views\aio\trainB\LowLightTrafficData__390.png,235124,,LowLightTrafficData,19,,,trainB,ec9f4bf8f695951759e94334ea6932ce7c8c79d6f6527c8a6c06674a657c429e,E:\UNSB_Expl\UNSB_HEADFIGURE_SIXDOMAIN_EXPANDED_20260824\data_views\single\LowLightTrafficData\trainB\LowLightTrafficData__390.png,E:\UNSB_abl\full_dataset\LowLightTrafficData\target\390.png,390
E:\UNSB_Expl\UNSB_HEADFIGURE_SIXDOMAIN_EXPANDED_20260824\data_views\aio\trainB\LowLightTrafficData__123.png,289865,,LowLightTrafficData,20,,,trainB,eca460a08e82b2dc9542b4b9979e022eae95ae9c8d05ebcf326640026b37ff87,E:\UNSB_Expl\UNSB_HEADFIGURE_SIXDOMAIN_EXPANDED_20260824\data_views\single\LowLightTrafficData\trainB\LowLightTrafficData__123.png,E:\UNSB_abl\full_dataset\LowLightTrafficData\target\123.png,123
E:\UNSB_Expl\UNSB_HEADFIGURE_SIXDOMAIN_EXPANDED_20260824\data_views\aio\trainB\LowLightTrafficData__596.png,236544,,LowLightTrafficData,21,,,trainB,ec55b292ded602b4cb706c17934ec90350b7af80adac2ef10e7cf5d46e676360,E:\UNSB_Expl\UNSB_HEADFIGURE_SIXDOMAIN_EXPANDED_20260824\data_views\single\LowLightTrafficData\trainB\LowLightTrafficData__596.png,E:\UNSB_abl\full_dataset\LowLightTrafficData\target\596.png,596
E:\UNSB_Expl\UNSB_HEADFIGURE_SIXDOMAIN_EXPANDED_20260824\data_views\aio\trainB\LowLightTrafficData__298.png,234723,,LowLightTrafficData,22,,,trainB,06c67c6edd0b74d7e4149e288c99e68cdb2f2e3961645b96ff44c2d87cd38361,E:\UNSB_Expl\UNSB_HEADFIGURE_SIXDOMAIN_EXPANDED_20260824\data_views\single\LowLightTrafficData\trainB\LowLightTrafficData__298.png,E:\UNSB_abl\full_dataset\LowLightTrafficData\target\298.png,298
E:\UNSB_Expl\UNSB_HEADFIGURE_SIXDOMAIN_EXPANDED_20260824\data_views\aio\trainB\LowLightTrafficData__467.png,244196,,LowLightTrafficData,23,,,trainB,3c876574756d8bc1f2cde381e5e67b35c3bb7a7d6a9f24fcb0e75452657ab220,E:\UNSB_Expl\UNSB_HEADFIGURE_SIXDOMAIN_EXPANDED_20260824\data_views\single\LowLightTrafficData\trainB\LowLightTrafficData__467.png,E:\UNSB_abl\full_dataset\LowLightTrafficData\target\467.png,467
E:\UNSB_Expl\UNSB_HEADFIGURE_SIXDOMAIN_EXPANDED_20260824\data_views\aio\trainB\LowLightTrafficData__254.png,214734,,LowLightTrafficData,24,,,trainB,cb9a4d57e15a3390ddf7b0562e6965b52942b58237a5d2fcdc5172e6c6afbb4f,E:\UNSB_Expl\UNSB_HEADFIGURE_SIXDOMAIN_EXPANDED_20260824\data_views\single\LowLightTrafficData\trainB\LowLightTrafficData__254.png,E:\UNSB_abl\full_dataset\LowLightTrafficData\target\254.png,254
E:\UNSB_Expl\UNSB_HEADFIGURE_SIXDOMAIN_EXPANDED_20260824\data_views\aio\trainB\LowLightTrafficData__735.png,242783,,LowLightTrafficData,25,,,trainB,33b33673a4689861107846bfd433b40f2d19ea1f61ea358176ddbbee6c451d41,E:\UNSB_Expl\UNSB_HEADFIGURE_SIXDOMAIN_EXPANDED_20260824\data_views\single\LowLightTrafficData\trainB\LowLightTrafficData__735.png,E:\UNSB_abl\full_dataset\LowLightTrafficData\target\735.png,735
E:\UNSB_Expl\UNSB_HEADFIGURE_SIXDOMAIN_EXPANDED_20260824\data_views\aio\trainB\LowLightTrafficData__673.png,272568,,LowLightTrafficData,26,,,trainB,84ab006de4e14af0678ca7a8747c29d070675a40c6c38370183414848310f01a,E:\UNSB_Expl\UNSB_HEADFIGURE_SIXDOMAIN_EXPANDED_20260824\data_views\single\LowLightTrafficData\trainB\LowLightTrafficData__673.png,E:\UNSB_abl\full_dataset\LowLightTrafficData\target\673.png,673
E:\UNSB_Expl\UNSB_HEADFIGURE_SIXDOMAIN_EXPANDED_20260824\data_views\aio\trainB\LowLightTrafficData__376.png,299375,,LowLightTrafficData,27,,,trainB,68d46fff704b590a848639bb51ea394ea11abc7011a9167cd8a1b4e578e4246d,E:\UNSB_Expl\UNSB_HEADFIGURE_SIXDOMAIN_EXPANDED_20260824\data_views\single\LowLightTrafficData\trainB\LowLightTrafficData__376.png,E:\UNSB_abl\full_dataset\LowLightTrafficData\target\376.png,376
E:\UNSB_Expl\UNSB_HEADFIGURE_SIXDOMAIN_EXPANDED_20260824\data_views\aio\trainB\LowLightTrafficData__595.png,280065,,LowLightTrafficData,28,,,trainB,f2d2b20787e8336de303c3c755e1cada884e657ae50590a42219a715dee11f80,E:\UNSB_Expl\UNSB_HEADFIGURE_SIXDOMAIN_EXPANDED_20260824\data_views\single\LowLightTrafficData\trainB\LowLightTrafficData__595.png,E:\UNSB_abl\full_dataset\LowLightTrafficData\target\595.png,595
E:\UNSB_Expl\UNSB_HEADFIGURE_SIXDOMAIN_EXPANDED_20260824\data_views\aio\trainB\LowLightTrafficData__334.png,255795,,LowLightTrafficData,29,,,trainB,97bdd325a4b679959ac86c6bd1c2d051296b62e2e31dab505b97e62e2b4099e3,E:\UNSB_Expl\UNSB_HEADFIGURE_SIXDOMAIN_EXPANDED_20260824\data_views\single\LowLightTrafficData\trainB\LowLightTrafficData__334.png,E:\UNSB_abl\full_dataset\LowLightTrafficData\target\334.png,334
E:\UNSB_Expl\UNSB_HEADFIGURE_SIXDOMAIN_EXPANDED_20260824\data_views\aio\trainB\LowLightTrafficData__558.png,291725,,LowLightTrafficData,30,,,trainB,9ebe6469eaa4d53b10af305de69799638c3ea2a01840753417755d7b660e5d94,E:\UNSB_Expl\UNSB_HEADFIGURE_SIXDOMAIN_EXPANDED_20260824\data_views\single\LowLightTrafficData\trainB\LowLightTrafficData__558.png,E:\UNSB_abl\full_dataset\LowLightTrafficData\target\558.png,558
E:\UNSB_Expl\UNSB_HEADFIGURE_SIXDOMAIN_EXPANDED_20260824\data_views\aio\trainB\LowLightTrafficData__001.png,239456,,LowLightTrafficData,31,,,trainB,c5f91a0b331b19277491284059182f2eefebb76c994519982647ca3baba60a3d,E:\UNSB_Expl\UNSB_HEADFIGURE_SIXDOMAIN_EXPANDED_20260824\data_views\single\LowLightTrafficData\trainB\LowLightTrafficData__001.png,E:\UNSB_abl\full_dataset\LowLightTrafficData\target\001.png,001
E:\UNSB_Expl\UNSB_HEADFIGURE_SIXDOMAIN_EXPANDED_20260824\data_views\aio\trainB\LowLightTrafficData__041.png,166440,,LowLightTrafficData,32,,,trainB,3a2b4026b6c7a1b75b197ada03167a09e890e87456810d535244c53813c8b13e,E:\UNSB_Expl\UNSB_HEADFIGURE_SIXDOMAIN_EXPANDED_20260824\data_views\single\LowLightTrafficData\trainB\LowLightTrafficData__041.png,E:\UNSB_abl\full_dataset\LowLightTrafficData\target\041.png,041
E:\UNSB_Expl\UNSB_HEADFIGURE_SIXDOMAIN_EXPANDED_20260824\data_views\aio\trainB\LowLightTrafficData__108.png,254493,,LowLightTrafficData,33,,,trainB,128d15442bd68d78d0fff6c8f01d23d8167611a641a817054adc90024c63b3c6,E:\UNSB_Expl\UNSB_HEADFIGURE_SIXDOMAIN_EXPANDED_20260824\data_views\single\LowLightTrafficData\trainB\LowLightTrafficData__108.png,E:\UNSB_abl\full_dataset\LowLightTrafficData\target\108.png,108
E:\UNSB_Expl\UNSB_HEADFIGURE_SIXDOMAIN_EXPANDED_20260824\data_views\aio\trainB\LowLightTrafficData__152.png,265307,,LowLightTrafficData,34,,,trainB,52c23c7836003b582bdacff04a2db36de260bc6522f80664bfda39715cdd988c,E:\UNSB_Expl\UNSB_HEADFIGURE_SIXDOMAIN_EXPANDED_20260824\data_views\single\LowLightTrafficData\trainB\LowLightTrafficData__152.png,E:\UNSB_abl\full_dataset\LowLightTrafficData\target\152.png,152
E:\UNSB_Expl\UNSB_HEADFIGURE_SIXDOMAIN_EXPANDED_20260824\data_views\aio\trainB\LowLightTrafficData__012.png,218535,,LowLightTrafficData,35,,,trainB,a6e8ea2bb85f033ca8f486907d76dbfab24954b26145839945bd1d86fed24d31,E:\UNSB_Expl\UNSB_HEADFIGURE_SIXDOMAIN_EXPANDED_20260824\data_views\single\LowLightTrafficData\trainB\LowLightTrafficData__012.png,E:\UNSB_abl\full_dataset\LowLightTrafficData\target\012.png,012
E:\UNSB_Expl\UNSB_HEADFIGURE_SIXDOMAIN_EXPANDED_20260824\data_views\aio\trainB\LowLightTrafficData__590.png,221959,,LowLightTrafficData,36,,,trainB,4f40548813a3f8c62472329b749d9595a1b5e80523d47779a24503b14ab998d6,E:\UNSB_Expl\UNSB_HEADFIGURE_SIXDOMAIN_EXPANDED_20260824\data_views\single\LowLightTrafficData\trainB\LowLightTrafficData__590.png,E:\UNSB_abl\full_dataset\LowLightTrafficData\target\590.png,590
E:\UNSB_Expl\UNSB_HEADFIGURE_SIXDOMAIN_EXPANDED_20260824\data_views\aio\trainB\LowLightTrafficData__205.png,156117,,LowLightTrafficData,37,,,trainB,cd5b6b72200d1cae58ed9d5a45cb35e79e44e16ce8c2b760ca600fa48050991b,E:\UNSB_Expl\UNSB_HEADFIGURE_SIXDOMAIN_EXPANDED_20260824\data_views\single\LowLightTrafficData\trainB\LowLightTrafficData__205.png,E:\UNSB_abl\full_dataset\LowLightTrafficData\target\205.png,205
E:\UNSB_Expl\UNSB_HEADFIGURE_SIXDOMAIN_EXPANDED_20260824\data_views\aio\trainB\LowLightTrafficData__262.png,174275,,LowLightTrafficData,38,,,trainB,4810ff837e34e105170b3fff641c0f59ce56b8efe8cd697c57d5483c56dd89ca,E:\UNSB_Expl\UNSB_HEADFIGURE_SIXDOMAIN_EXPANDED_20260824\data_views\single\LowLightTrafficData\trainB\LowLightTrafficData__262.png,E:\UNSB_abl\full_dataset\LowLightTrafficData\target\262.png,262
E:\UNSB_Expl\UNSB_HEADFIGURE_SIXDOMAIN_EXPANDED_20260824\data_views\aio\trainB\LowLightTrafficData__526.png,394044,,LowLightTrafficData,39,,,trainB,edd0e24798590bf988d7b181a13cd1294d0e4714144ba30ea2a8708c20362429,E:\UNSB_Expl\UNSB_HEADFIGURE_SIXDOMAIN_EXPANDED_20260824\data_views\single\LowLightTrafficData\trainB\LowLightTrafficData__526.png,E:\UNSB_abl\full_dataset\LowLightTrafficData\target\526.png,526
E:\UNSB_Expl\UNSB_HEADFIGURE_SIXDOMAIN_EXPANDED_20260824\data_views\aio\trainB\LowLightTrafficData__636.png,221959,,LowLightTrafficData,40,,,trainB,4f40548813a3f8c62472329b749d9595a1b5e80523d47779a24503b14ab998d6,E:\UNSB_Expl\UNSB_HEADFIGURE_SIXDOMAIN_EXPANDED_20260824\data_views\single\LowLightTrafficData\trainB\LowLightTrafficData__636.png,E:\UNSB_abl\full_dataset\LowLightTrafficData\target\636.png,636
E:\UNSB_Expl\UNSB_HEADFIGURE_SIXDOMAIN_EXPANDED_20260824\data_views\aio\trainB\LowLightTrafficData__167.png,241488,,LowLightTrafficData,41,,,trainB,12b88d87df9a7caabb75382065f957e8edcf508b69b23e7de899578fb8035df5,E:\UNSB_Expl\UNSB_HEADFIGURE_SIXDOMAIN_EXPANDED_20260824\data_views\single\LowLightTrafficData\trainB\LowLightTrafficData__167.png,E:\UNSB_abl\full_dataset\LowLightTrafficData\target\167.png,167
E:\UNSB_Expl\UNSB_HEADFIGURE_SIXDOMAIN_EXPANDED_20260824\data_views\aio\trainB\LowLightTrafficData__623.png,311218,,LowLightTrafficData,42,,,trainB,33531ea1dbfe6e7a26595c858d861109d19f2a490872d7ff7730e78d0475a185,E:\UNSB_Expl\UNSB_HEADFIGURE_SIXDOMAIN_EXPANDED_20260824\data_views\single\LowLightTrafficData\trainB\LowLightTrafficData__623.png,E:\UNSB_abl\full_dataset\LowLightTrafficData\target\623.png,623
E:\UNSB_Expl\UNSB_HEADFIGURE_SIXDOMAIN_EXPANDED_20260824\data_views\aio\trainB\LowLightTrafficData__133.png,161660,,LowLightTrafficData,43,,,trainB,7cff5978907b9e6c09dfc1ac57e04b38da297696dc95528a3447bcfdb8fc67e5,E:\UNSB_Expl\UNSB_HEADFIGURE_SIXDOMAIN_EXPANDED_20260824\data_views\single\LowLightTrafficData\trainB\LowLightTrafficData__133.png,E:\UNSB_abl\full_dataset\LowLightTrafficData\target\133.png,133
E:\UNSB_Expl\UNSB_HEADFIGURE_SIXDOMAIN_EXPANDED_20260824\data_views\aio\trainB\LowLightTrafficData__244.png,250249,,LowLightTrafficData,44,,,trainB,2759757daea1d57aa4413b0feefef5584cdd99864c33237412776c48fe6f8d85,E:\UNSB_Expl\UNSB_HEADFIGURE_SIXDOMAIN_EXPANDED_20260824\data_views\single\LowLightTrafficData\trainB\LowLightTrafficData__244.png,E:\UNSB_abl\full_dataset\LowLightTrafficData\target\244.png,244
E:\UNSB_Expl\UNSB_HEADFIGURE_SIXDOMAIN_EXPANDED_20260824\data_views\aio\trainB\LowLightTrafficData__297.png,241232,,LowLightTrafficData,45,,,trainB,6ff3ba155c27f57d8a1a32926c0c65d7b3e45f3adfc15e1957d06cf91114b853,E:\UNSB_Expl\UNSB_HEADFIGURE_SIXDOMAIN_EXPANDED_20260824\data_views\single\LowLightTrafficData\trainB\LowLightTrafficData__297.png,E:\UNSB_abl\full_dataset\LowLightTrafficData\target\297.png,297
E:\UNSB_Expl\UNSB_HEADFIGURE_SIXDOMAIN_EXPANDED_20260824\data_views\aio\trainB\LowLightTrafficData__351.png,328016,,LowLightTrafficData,46,,,trainB,38035ec73bb384de4b329f8f2fd76bc283701a666c32e227185bb3c05a6e1b43,E:\UNSB_Expl\UNSB_HEADFIGURE_SIXDOMAIN_EXPANDED_20260824\data_views\single\LowLightTrafficData\trainB\LowLightTrafficData__351.png,E:\UNSB_abl\full_dataset\LowLightTrafficData\target\351.png,351
E:\UNSB_Expl\UNSB_HEADFIGURE_SIXDOMAIN_EXPANDED_20260824\data_views\aio\trainB\LowLightTrafficData__294.png,141698,,LowLightTrafficData,47,,,trainB,65f9ff746ce929f2f6df98a85cc9dd0200bee6b82bf7ed0e62c816a7fe4bd6c1,E:\UNSB_Expl\UNSB_HEADFIGURE_SIXDOMAIN_EXPANDED_20260824\data_views\single\LowLightTrafficData\trainB\LowLightTrafficData__294.png,E:\UNSB_abl\full_dataset\LowLightTrafficData\target\294.png,294
E:\UNSB_Expl\UNSB_HEADFIGURE_SIXDOMAIN_EXPANDED_20260824\data_views\aio\trainB\LowLightTrafficData__321.png,227842,,LowLightTrafficData,48,,,trainB,1a176ae7e16979710c8a2146ba34a04e4171d6451b8741b1434f3813a197abee,E:\UNSB_Expl\UNSB_HEADFIGURE_SIXDOMAIN_EXPANDED_20260824\data_views\single\LowLightTrafficData\trainB\LowLightTrafficData__321.png,E:\UNSB_abl\full_dataset\LowLightTrafficData\target\321.png,321
E:\UNSB_Expl\UNSB_HEADFIGURE_SIXDOMAIN_EXPANDED_20260824\data_views\aio\trainB\LowLightTrafficData__208.png,266114,,LowLightTrafficData,49,,,trainB,8feb6655299ff9a4a4152027796da7251b3d823faf9e7cf49cc1762373ee6e17,E:\UNSB_Expl\UNSB_HEADFIGURE_SIXDOMAIN_EXPANDED_20260824\data_views\single\LowLightTrafficData\trainB\LowLightTrafficData__208.png,E:\UNSB_abl\full_dataset\LowLightTrafficData\target\208.png,208
E:\UNSB_Expl\UNSB_HEADFIGURE_SIXDOMAIN_EXPANDED_20260824\data_views\aio\trainB\LowLightTrafficData__093.png,141651,,LowLightTrafficData,50,,,trainB,9c94506ea9414b9625952141e26348cfc6d6a7479490a360cbf6edf69191e777,E:\UNSB_Expl\UNSB_HEADFIGURE_SIXDOMAIN_EXPANDED_20260824\data_views\single\LowLightTrafficData\trainB\LowLightTrafficData__093.png,E:\UNSB_abl\full_dataset\LowLightTrafficData\target\093.png,093
E:\UNSB_Expl\UNSB_HEADFIGURE_SIXDOMAIN_EXPANDED_20260824\data_views\aio\trainB\LowLightTrafficData__342.png,588460,,LowLightTrafficData,51,,,trainB,4e8c9d4229a95ece0e2ead22d5a8f86b09c43d9fe2db888cfc820f8cfacef112,E:\UNSB_Expl\UNSB_HEADFIGURE_SIXDOMAIN_EXPANDED_20260824\data_views\single\LowLightTrafficData\trainB\LowLightTrafficData__342.png,E:\UNSB_abl\full_dataset\LowLightTrafficData\target\342.png,342
E:\UNSB_Expl\UNSB_HEADFIGURE_SIXDOMAIN_EXPANDED_20260824\data_views\aio\trainB\LowLightTrafficData__420.png,299375,,LowLightTrafficData,52,,,trainB,68d46fff704b590a848639bb51ea394ea11abc7011a9167cd8a1b4e578e4246d,E:\UNSB_Expl\UNSB_HEADFIGURE_SIXDOMAIN_EXPANDED_20260824\data_views\single\LowLightTrafficData\trainB\LowLightTrafficData__420.png,E:\UNSB_abl\full_dataset\LowLightTrafficData\target\420.png,420
E:\UNSB_Expl\UNSB_HEADFIGURE_SIXDOMAIN_EXPANDED_20260824\data_views\aio\trainB\LowLightTrafficData__674.png,225076,,LowLightTrafficData,53,,,trainB,be05fded8034cd8db87ac513bb45ae52cdf0047ce76ea51b7f1f993d2f7611ce,E:\UNSB_Expl\UNSB_HEADFIGURE_SIXDOMAIN_EXPANDED_20260824\data_views\single\LowLightTrafficData\trainB\LowLightTrafficData__674.png,E:\UNSB_abl\full_dataset\LowLightTrafficData\target\674.png,674
E:\UNSB_Expl\UNSB_HEADFIGURE_SIXDOMAIN_EXPANDED_20260824\data_views\aio\trainB\LowLightTrafficData__469.png,251013,,LowLightTrafficData,54,,,trainB,fc1535c49f3184aae328a1cbab75cea1b29cee52f6afac8bd00c01092df2e959,E:\UNSB_Expl\UNSB_HEADFIGURE_SIXDOMAIN_EXPANDED_20260824\data_views\single\LowLightTrafficData\trainB\LowLightTrafficData__469.png,E:\UNSB_abl\full_dataset\LowLightTrafficData\target\469.png,469
E:\UNSB_Expl\UNSB_HEADFIGURE_SIXDOMAIN_EXPANDED_20260824\data_views\aio\trainB\LowLightTrafficData__045.png,239456,,LowLightTrafficData,55,,,trainB,c5f91a0b331b19277491284059182f2eefebb76c994519982647ca3baba60a3d,E:\UNSB_Expl\UNSB_HEADFIGURE_SIXDOMAIN_EXPANDED_20260824\data_views\single\LowLightTrafficData\trainB\LowLightTrafficData__045.png,E:\UNSB_abl\full_dataset\LowLightTrafficData\target\045.png,045
E:\UNSB_Expl\UNSB_HEADFIGURE_SIXDOMAIN_EXPANDED_20260824\data_views\aio\trainB\LowLightTrafficData__389.png,232356,,LowLightTrafficData,56,,,trainB,b0d60f5bd2f6e90d7e7cb9acad03d2d01737722f485063ec5e2c480b73c30552,E:\UNSB_Expl\UNSB_HEADFIGURE_SIXDOMAIN_EXPANDED_20260824\data_views\single\LowLightTrafficData\trainB\LowLightTrafficData__389.png,E:\UNSB_abl\full_dataset\LowLightTrafficData\target\389.png,389
E:\UNSB_Expl\UNSB_HEADFIGURE_SIXDOMAIN_EXPANDED_20260824\data_views\aio\trainB\LowLightTrafficData__373.png,183661,,LowLightTrafficData,57,,,trainB,82bac2dda917e3004eb039286f8dbb01cc23072e6fddf52f51499c8a952121d0,E:\UNSB_Expl\UNSB_HEADFIGURE_SIXDOMAIN_EXPANDED_20260824\data_views\single\LowLightTrafficData\trainB\LowLightTrafficData__373.png,E:\UNSB_abl\full_dataset\LowLightTrafficData\target\373.png,373
E:\UNSB_Expl\UNSB_HEADFIGURE_SIXDOMAIN_EXPANDED_20260824\data_views\aio\trainB\LowLightTrafficData__552.png,236544,,LowLightTrafficData,58,,,trainB,ec55b292ded602b4cb706c17934ec90350b7af80adac2ef10e7cf5d46e676360,E:\UNSB_Expl\UNSB_HEADFIGURE_SIXDOMAIN_EXPANDED_20260824\data_views\single\LowLightTrafficData\trainB\LowLightTrafficData__552.png,E:\UNSB_abl\full_dataset\LowLightTrafficData\target\552.png,552
E:\UNSB_Expl\UNSB_HEADFIGURE_SIXDOMAIN_EXPANDED_20260824\data_views\aio\trainB\LowLightTrafficData__536.png,248821,,LowLightTrafficData,59,,,trainB,1844e34cb356c025ffecb743ace2c64dc41d5cfaa0f84f6716d33198d081ca98,E:\UNSB_Expl\UNSB_HEADFIGURE_SIXDOMAIN_EXPANDED_20260824\data_views\single\LowLightTrafficData\trainB\LowLightTrafficData__536.png,E:\UNSB_abl\full_dataset\LowLightTrafficData\target\536.png,536
E:\UNSB_Expl\UNSB_HEADFIGURE_SIXDOMAIN_EXPANDED_20260824\data_views\aio\trainB\LowLightTrafficData__058.png,205300,,LowLightTrafficData,60,,,trainB,4a797edd8e0ccafa6d73a51f1447f0739847464499c8d779ff8624ca3c30705c,E:\UNSB_Expl\UNSB_HEADFIGURE_SIXDOMAIN_EXPANDED_20260824\data_views\single\LowLightTrafficData\trainB\LowLightTrafficData__058.png,E:\UNSB_abl\full_dataset\LowLightTrafficData\target\058.png,058
E:\UNSB_Expl\UNSB_HEADFIGURE_SIXDOMAIN_EXPANDED_20260824\data_views\aio\trainB\LowLightTrafficData__401.png,241488,,LowLightTrafficData,61,,,trainB,12b88d87df9a7caabb75382065f957e8edcf508b69b23e7de899578fb8035df5,E:\UNSB_Expl\UNSB_HEADFIGURE_SIXDOMAIN_EXPANDED_20260824\data_views\single\LowLightTrafficData\trainB\LowLightTrafficData__401.png,E:\UNSB_abl\full_dataset\LowLightTrafficData\target\401.png,401
E:\UNSB_Expl\UNSB_HEADFIGURE_SIXDOMAIN_EXPANDED_20260824\data_views\aio\trainB\LowLightTrafficData__347.png,232356,,LowLightTrafficData,62,,,trainB,b0d60f5bd2f6e90d7e7cb9acad03d2d01737722f485063ec5e2c480b73c30552,E:\UNSB_Expl\UNSB_HEADFIGURE_SIXDOMAIN_EXPANDED_20260824\data_views\single\LowLightTrafficData\trainB\LowLightTrafficData__347.png,E:\UNSB_abl\full_dataset\LowLightTrafficData\target\347.png,347
E:\UNSB_Expl\UNSB_HEADFIGURE_SIXDOMAIN_EXPANDED_20260824\data_views\aio\trainB\LowLightTrafficData__065.png,291725,,LowLightTrafficData,63,,,trainB,9ebe6469eaa4d53b10af305de69799638c3ea2a01840753417755d7b660e5d94,E:\UNSB_Expl\UNSB_HEADFIGURE_SIXDOMAIN_EXPANDED_20260824\data_views\single\LowLightTrafficData\trainB\LowLightTrafficData__065.png,E:\UNSB_abl\full_dataset\LowLightTrafficData\target\065.png,065
E:\UNSB_Expl\UNSB_HEADFIGURE_SIXDOMAIN_EXPANDED_20260824\data_views\aio\trainB\LowLightTrafficData__196.png,166624,,LowLightTrafficData,64,,,trainB,7639944cf874cd0a510ac0e8701c66efa39e2c7899b7ad9e273e70341df5fe20,E:\UNSB_Expl\UNSB_HEADFIGURE_SIXDOMAIN_EXPANDED_20260824\data_views\single\LowLightTrafficData\trainB\LowLightTrafficData__196.png,E:\UNSB_abl\full_dataset\LowLightTrafficData\target\196.png,196
E:\UNSB_Expl\UNSB_HEADFIGURE_SIXDOMAIN_EXPANDED_20260824\data_views\aio\trainB\LowLightTrafficData__038.png,289865,,LowLightTrafficData,65,,,trainB,eca460a08e82b2dc9542b4b9979e022eae95ae9c8d05ebcf326640026b37ff87,E:\UNSB_Expl\UNSB_HEADFIGURE_SIXDOMAIN_EXPANDED_20260824\data_views\single\LowLightTrafficData\trainB\LowLightTrafficData__038.png,E:\UNSB_abl\full_dataset\LowLightTrafficData\target\038.png,038
E:\UNSB_Expl\UNSB_HEADFIGURE_SIXDOMAIN_EXPANDED_20260824\data_views\aio\trainB\LowLightTrafficData__650.png,241362,,LowLightTrafficData,66,,,trainB,999a42a80857838119a7103198d0f34189824ce292f74ba7bddc801b323fdc50,E:\UNSB_Expl\UNSB_HEADFIGURE_SIXDOMAIN_EXPANDED_20260824\data_views\single\LowLightTrafficData\trainB\LowLightTrafficData__650.png,E:\UNSB_abl\full_dataset\LowLightTrafficData\target\650.png,650
E:\UNSB_Expl\UNSB_HEADFIGURE_SIXDOMAIN_EXPANDED_20260824\data_views\aio\trainB\LowLightTrafficData__631.png,206799,,LowLightTrafficData,67,,,trainB,009eefcc62d6cc5ec71d872e29a5ed6c3f4c4233ff37b2bc44e3d4e12f4af86a,E:\UNSB_Expl\UNSB_HEADFIGURE_SIXDOMAIN_EXPANDED_20260824\data_views\single\LowLightTrafficData\trainB\LowLightTrafficData__631.png,E:\UNSB_abl\full_dataset\LowLightTrafficData\target\631.png,631
E:\UNSB_Expl\UNSB_HEADFIGURE_SIXDOMAIN_EXPANDED_20260824\data_views\aio\trainB\LowLightTrafficData__083.png,250764,,LowLightTrafficData,68,,,trainB,07c75ce8cab9bebf01ec6cf50a5290fed4417906897617737df646667b88235f,E:\UNSB_Expl\UNSB_HEADFIGURE_SIXDOMAIN_EXPANDED_20260824\data_views\single\LowLightTrafficData\trainB\LowLightTrafficData__083.png,E:\UNSB_abl\full_dataset\LowLightTrafficData\target\083.png,083
E:\UNSB_Expl\UNSB_HEADFIGURE_SIXDOMAIN_EXPANDED_20260824\data_views\aio\trainB\LowLightTrafficData__212.png,196133,,LowLightTrafficData,69,,,trainB,bf8454bd81e2b7156389ba41986f7b0fab27afafbd3b98f188b7e5b75404be96,E:\UNSB_Expl\UNSB_HEADFIGURE_SIXDOMAIN_EXPANDED_20260824\data_views\single\LowLightTrafficData\trainB\LowLightTrafficData__212.png,E:\UNSB_abl\full_dataset\LowLightTrafficData\target\212.png,212
E:\UNSB_Expl\UNSB_HEADFIGURE_SIXDOMAIN_EXPANDED_20260824\data_views\aio\trainB\LowLightTrafficData__387.png,232778,,LowLightTrafficData,70,,,trainB,d8fac3bbb5d453e5bcbd7cd73ceed381fb9f58f660c7fccc02b4f7a86c38ff4c,E:\UNSB_Expl\UNSB_HEADFIGURE_SIXDOMAIN_EXPANDED_20260824\data_views\single\LowLightTrafficData\trainB\LowLightTrafficData__387.png,E:\UNSB_abl\full_dataset\LowLightTrafficData\target\387.png,387
E:\UNSB_Expl\UNSB_HEADFIGURE_SIXDOMAIN_EXPANDED_20260824\data_views\aio\trainB\LowLightTrafficData__394.png,328016,,LowLightTrafficData,71,,,trainB,38035ec73bb384de4b329f8f2fd76bc283701a666c32e227185bb3c05a6e1b43,E:\UNSB_Expl\UNSB_HEADFIGURE_SIXDOMAIN_EXPANDED_20260824\data_views\single\LowLightTrafficData\trainB\LowLightTrafficData__394.png,E:\UNSB_abl\full_dataset\LowLightTrafficData\target\394.png,394
E:\UNSB_Expl\UNSB_HEADFIGURE_SIXDOMAIN_EXPANDED_20260824\data_views\aio\trainB\LowLightTrafficData__149.png,222678,,LowLightTrafficData,72,,,trainB,a540599e0bc190eb88d486d2e5aef805890872b1c5440cd2c2828b273948cc8b,E:\UNSB_Expl\UNSB_HEADFIGURE_SIXDOMAIN_EXPANDED_20260824\data_views\single\LowLightTrafficData\trainB\LowLightTrafficData__149.png,E:\UNSB_abl\full_dataset\LowLightTrafficData\target\149.png,149
E:\UNSB_Expl\UNSB_HEADFIGURE_SIXDOMAIN_EXPANDED_20260824\data_views\aio\trainB\LowLightTrafficData__386.png,207990,,LowLightTrafficData,73,,,trainB,8e739bdf8e46bc73b8bf75c64bb9f8471bc53b0e8395bd77f5f81aecb60d2e12,E:\UNSB_Expl\UNSB_HEADFIGURE_SIXDOMAIN_EXPANDED_20260824\data_views\single\LowLightTrafficData\trainB\LowLightTrafficData__386.png,E:\UNSB_abl\full_dataset\LowLightTrafficData\target\386.png,386
E:\UNSB_Expl\UNSB_HEADFIGURE_SIXDOMAIN_EXPANDED_20260824\data_views\aio\trainB\LowLightTrafficData__547.png,217439,,LowLightTrafficData,74,,,trainB,73e5b3db10a406f4f386205f271a853d0544057713204dbc1d5f506aee508787,E:\UNSB_Expl\UNSB_HEADFIGURE_SIXDOMAIN_EXPANDED_20260824\data_views\single\LowLightTrafficData\trainB\LowLightTrafficData__547.png,E:\UNSB_abl\full_dataset\LowLightTrafficData\target\547.png,547
E:\UNSB_Expl\UNSB_HEADFIGURE_SIXDOMAIN_EXPANDED_20260824\data_views\aio\trainB\LowLightTrafficData__409.png,223939,,LowLightTrafficData,75,,,trainB,a85213e02fee36302c8111ae65862785f762c3f446b3e1edf36e156f070ec04b,E:\UNSB_Expl\UNSB_HEADFIGURE_SIXDOMAIN_EXPANDED_20260824\data_views\single\LowLightTrafficData\trainB\LowLightTrafficData__409.png,E:\UNSB_abl\full_dataset\LowLightTrafficData\target\409.png,409
E:\UNSB_Expl\UNSB_HEADFIGURE_SIXDOMAIN_EXPANDED_20260824\data_views\aio\trainB\LowLightTrafficData__449.png,173689,,LowLightTrafficData,76,,,trainB,a277e938aa1c6cdd846147d95009018bef365371e73e3ff106b84aa2cd250c4b,E:\UNSB_Expl\UNSB_HEADFIGURE_SIXDOMAIN_EXPANDED_20260824\data_views\single\LowLightTrafficData\trainB\LowLightTrafficData__449.png,E:\UNSB_abl\full_dataset\LowLightTrafficData\target\449.png,449
E:\UNSB_Expl\UNSB_HEADFIGURE_SIXDOMAIN_EXPANDED_20260824\data_views\aio\trainB\LowLightTrafficData__199.png,186102,,LowLightTrafficData,77,,,trainB,8de1b75e66cc083e186b7bf2211bfd86b2116358297f3c25a4ce6c921c6405a5,E:\UNSB_Expl\UNSB_HEADFIGURE_SIXDOMAIN_EXPANDED_20260824\data_views\single\LowLightTrafficData\trainB\LowLightTrafficData__199.png,E:\UNSB_abl\full_dataset\LowLightTrafficData\target\199.png,199
E:\UNSB_Expl\UNSB_HEADFIGURE_SIXDOMAIN_EXPANDED_20260824\data_views\aio\trainB\LowLightTrafficData__607.png,268246,,LowLightTrafficData,78,,,trainB,f708a22dc15e930b094b7d91bd6690402d2e839f72359818f24b8ee96c090ed9,E:\UNSB_Expl\UNSB_HEADFIGURE_SIXDOMAIN_EXPANDED_20260824\data_views\single\LowLightTrafficData\trainB\LowLightTrafficData__607.png,E:\UNSB_abl\full_dataset\LowLightTrafficData\target\607.png,607
E:\UNSB_Expl\UNSB_HEADFIGURE_SIXDOMAIN_EXPANDED_20260824\data_views\aio\trainB\LowLightTrafficData__303.png,250697,,LowLightTrafficData,79,,,trainB,a3c02184a89e59ebf212f5b3abd435d132553f980f52e53751261cbc559480e4,E:\UNSB_Expl\UNSB_HEADFIGURE_SIXDOMAIN_EXPANDED_20260824\data_views\single\LowLightTrafficData\trainB\LowLightTrafficData__303.png,E:\UNSB_abl\full_dataset\LowLightTrafficData\target\303.png,303
E:\UNSB_Expl\UNSB_HEADFIGURE_SIXDOMAIN_EXPANDED_20260824\data_views\aio\trainB\LowLightTrafficData__341.png,440662,,LowLightTrafficData,80,,,trainB,526e70881fe3e86bc68e2f721b30ed7ea4851a3c29ea5c34fa0ecd534abcf4ad,E:\UNSB_Expl\UNSB_HEADFIGURE_SIXDOMAIN_EXPANDED_20260824\data_views\single\LowLightTrafficData\trainB\LowLightTrafficData__341.png,E:\UNSB_abl\full_dataset\LowLightTrafficData\target\341.png,341
E:\UNSB_Expl\UNSB_HEADFIGURE_SIXDOMAIN_EXPANDED_20260824\data_views\aio\trainB\LowLightTrafficData__197.png,236545,,LowLightTrafficData,81,,,trainB,35dd8068ae86bcf41bab6310da039a453b136f0574e9ebbf638a691fddf021c5,E:\UNSB_Expl\UNSB_HEADFIGURE_SIXDOMAIN_EXPANDED_20260824\data_views\single\LowLightTrafficData\trainB\LowLightTrafficData__197.png,E:\UNSB_abl\full_dataset\LowLightTrafficData\target\197.png,197
E:\UNSB_Expl\UNSB_HEADFIGURE_SIXDOMAIN_EXPANDED_20260824\data_views\aio\trainB\LowLightTrafficData__231.png,812349,,LowLightTrafficData,82,,,trainB,09874c20a4de83d92e639a03504853cdce782326032383569ce28a256f2a9276,E:\UNSB_Expl\UNSB_HEADFIGURE_SIXDOMAIN_EXPANDED_20260824\data_views\single\LowLightTrafficData\trainB\LowLightTrafficData__231.png,E:\UNSB_abl\full_dataset\LowLightTrafficData\target\231.png,231
E:\UNSB_Expl\UNSB_HEADFIGURE_SIXDOMAIN_EXPANDED_20260824\data_views\aio\trainB\LowLightTrafficData__422.png,210802,,LowLightTrafficData,83,,,trainB,2f8423ebf0170d278d27a004885dd1d0ecb114e7cf6e734b7475a1eeb7bf3b20,E:\UNSB_Expl\UNSB_HEADFIGURE_SIXDOMAIN_EXPANDED_20260824\data_views\single\LowLightTrafficData\trainB\LowLightTrafficData__422.png,E:\UNSB_abl\full_dataset\LowLightTrafficData\target\422.png,422
E:\UNSB_Expl\UNSB_HEADFIGURE_SIXDOMAIN_EXPANDED_20260824\data_views\aio\trainB\LowLightTrafficData__577.png,311218,,LowLightTrafficData,84,,,trainB,33531ea1dbfe6e7a26595c858d861109d19f2a490872d7ff7730e78d0475a185,E:\UNSB_Expl\UNSB_HEADFIGURE_SIXDOMAIN_EXPANDED_20260824\data_views\single\LowLightTrafficData\trainB\LowLightTrafficData__577.png,E:\UNSB_abl\full_dataset\LowLightTrafficData\target\577.png,577
E:\UNSB_Expl\UNSB_HEADFIGURE_SIXDOMAIN_EXPANDED_20260824\data_views\aio\trainB\LowLightTrafficData__463.png,279855,,LowLightTrafficData,85,,,trainB,dcb06413787e6d4ca43feced516cd66cabf25249270941aefd52aeb0e80411e6,E:\UNSB_Expl\UNSB_HEADFIGURE_SIXDOMAIN_EXPANDED_20260824\data_views\single\LowLightTrafficData\trainB\LowLightTrafficData__463.png,E:\UNSB_abl\full_dataset\LowLightTrafficData\target\463.png,463
E:\UNSB_Expl\UNSB_HEADFIGURE_SIXDOMAIN_EXPANDED_20260824\data_views\aio\trainB\LowLightTrafficData__053.png,323843,,LowLightTrafficData,86,,,trainB,2759f5403a79919e3c98d8154b05131566015595f86d7000387721914663e644,E:\UNSB_Expl\UNSB_HEADFIGURE_SIXDOMAIN_EXPANDED_20260824\data_views\single\LowLightTrafficData\trainB\LowLightTrafficData__053.png,E:\UNSB_abl\full_dataset\LowLightTrafficData\target\053.png,053
E:\UNSB_Expl\UNSB_HEADFIGURE_SIXDOMAIN_EXPANDED_20260824\data_views\aio\trainB\LowLightTrafficData__661.png,361619,,LowLightTrafficData,87,,,trainB,f9fd24e12530c91e1301ea0d44add554798ddde4bccbf141dcab688e0c6b9cf2,E:\UNSB_Expl\UNSB_HEADFIGURE_SIXDOMAIN_EXPANDED_20260824\data_views\single\LowLightTrafficData\trainB\LowLightTrafficData__661.png,E:\UNSB_abl\full_dataset\LowLightTrafficData\target\661.png,661
E:\UNSB_Expl\UNSB_HEADFIGURE_SIXDOMAIN_EXPANDED_20260824\data_views\aio\trainB\LowLightTrafficData__289.png,260331,,LowLightTrafficData,88,,,trainB,8406641a3c0fe5387da52d7e775bd0a098d04513cd3cda3979377147cb618a27,E:\UNSB_Expl\UNSB_HEADFIGURE_SIXDOMAIN_EXPANDED_20260824\data_views\single\LowLightTrafficData\trainB\LowLightTrafficData__289.png,E:\UNSB_abl\full_dataset\LowLightTrafficData\target\289.png,289
E:\UNSB_Expl\UNSB_HEADFIGURE_SIXDOMAIN_EXPANDED_20260824\data_views\aio\trainB\LowLightTrafficData__575.png,187622,,LowLightTrafficData,89,,,trainB,4e3a437ee616e314855d639ef3b8fcfbd1f1fdd7b3501b20f12075c2c31dcebc,E:\UNSB_Expl\UNSB_HEADFIGURE_SIXDOMAIN_EXPANDED_20260824\data_views\single\LowLightTrafficData\trainB\LowLightTrafficData__575.png,E:\UNSB_abl\full_dataset\LowLightTrafficData\target\575.png,575
E:\UNSB_Expl\UNSB_HEADFIGURE_SIXDOMAIN_EXPANDED_20260824\data_views\aio\trainB\LowLightTrafficData__364.png,227842,,LowLightTrafficData,90,,,trainB,1a176ae7e16979710c8a2146ba34a04e4171d6451b8741b1434f3813a197abee,E:\UNSB_Expl\UNSB_HEADFIGURE_SIXDOMAIN_EXPANDED_20260824\data_views\single\LowLightTrafficData\trainB\LowLightTrafficData__364.png,E:\UNSB_abl\full_dataset\LowLightTrafficData\target\364.png,364
E:\UNSB_Expl\UNSB_HEADFIGURE_SIXDOMAIN_EXPANDED_20260824\data_views\aio\trainB\LowLightTrafficData__736.png,225031,,LowLightTrafficData,91,,,trainB,0b70afde3e9f203631838d904866d2d459a301288e2488457ee3d2232680a8c2,E:\UNSB_Expl\UNSB_HEADFIGURE_SIXDOMAIN_EXPANDED_20260824\data_views\single\LowLightTrafficData\trainB\LowLightTrafficData__736.png,E:\UNSB_abl\full_dataset\LowLightTrafficData\target\736.png,736
E:\UNSB_Expl\UNSB_HEADFIGURE_SIXDOMAIN_EXPANDED_20260824\data_views\aio\trainB\LowLightTrafficData__022.png,222678,,LowLightTrafficData,92,,,trainB,a540599e0bc190eb88d486d2e5aef805890872b1c5440cd2c2828b273948cc8b,E:\UNSB_Expl\UNSB_HEADFIGURE_SIXDOMAIN_EXPANDED_20260824\data_views\single\LowLightTrafficData\trainB\LowLightTrafficData__022.png,E:\UNSB_abl\full_dataset\LowLightTrafficData\target\022.png,022
E:\UNSB_Expl\UNSB_HEADFIGURE_SIXDOMAIN_EXPANDED_20260824\data_views\aio\trainB\LowLightTrafficData__643.png,347984,,LowLightTrafficData,93,,,trainB,e5ad3149318618658dc151448444180b09e7f2f54a9fe445e5005896197598fa,E:\UNSB_Expl\UNSB_HEADFIGURE_SIXDOMAIN_EXPANDED_20260824\data_views\single\LowLightTrafficData\trainB\LowLightTrafficData__643.png,E:\UNSB_abl\full_dataset\LowLightTrafficData\target\643.png,643
E:\UNSB_Expl\UNSB_HEADFIGURE_SIXDOMAIN_EXPANDED_20260824\data_views\aio\trainB\LowLightTrafficData__581.png,248821,,LowLightTrafficData,94,,,trainB,1844e34cb356c025ffecb743ace2c64dc41d5cfaa0f84f6716d33198d081ca98,E:\UNSB_Expl\UNSB_HEADFIGURE_SIXDOMAIN_EXPANDED_20260824\data_views\single\LowLightTrafficData\trainB\LowLightTrafficData__581.png,E:\UNSB_abl\full_dataset\LowLightTrafficData\target\581.png,581
E:\UNSB_Expl\UNSB_HEADFIGURE_SIXDOMAIN_EXPANDED_20260824\data_views\aio\trainB\LowLightTrafficData__234.png,198494,,LowLightTrafficData,95,,,trainB,4b81bac7177a82a07fbb52079d022290ae0a758523a97a1c76b49c09331cbbec,E:\UNSB_Expl\UNSB_HEADFIGURE_SIXDOMAIN_EXPANDED_20260824\data_views\single\LowLightTrafficData\trainB\LowLightTrafficData__234.png,E:\UNSB_abl\full_dataset\LowLightTrafficData\target\234.png,234
E:\UNSB_Expl\UNSB_HEADFIGURE_SIXDOMAIN_EXPANDED_20260824\data_views\aio\trainB\LowLightTrafficData__419.png,238440,,LowLightTrafficData,96,,,trainB,63e53bc50a2ece2fe3ad5408c140e212c335910461544afe04d8b78eec816900,E:\UNSB_Expl\UNSB_HEADFIGURE_SIXDOMAIN_EXPANDED_20260824\data_views\single\LowLightTrafficData\trainB\LowLightTrafficData__419.png,E:\UNSB_abl\full_dataset\LowLightTrafficData\target\419.png,419
E:\UNSB_Expl\UNSB_HEADFIGURE_SIXDOMAIN_EXPANDED_20260824\data_views\aio\trainB\LowLightTrafficData__202.png,200485,,LowLightTrafficData,97,,,trainB,f9ec4bb621f45f55a047db1c2e3c1eac9f84152dc6795924bd16ecc00002bfde,E:\UNSB_Expl\UNSB_HEADFIGURE_SIXDOMAIN_EXPANDED_20260824\data_views\single\LowLightTrafficData\trainB\LowLightTrafficData__202.png,E:\UNSB_abl\full_dataset\LowLightTrafficData\target\202.png,202
E:\UNSB_Expl\UNSB_HEADFIGURE_SIXDOMAIN_EXPANDED_20260824\data_views\aio\trainB\LowLightTrafficData__669.png,215628,,LowLightTrafficData,98,,,trainB,4b09a153b7b0fcb5838464e7790aed09936c7bc3bd14207fe40854ccf1f79002,E:\UNSB_Expl\UNSB_HEADFIGURE_SIXDOMAIN_EXPANDED_20260824\data_views\single\LowLightTrafficData\trainB\LowLightTrafficData__669.png,E:\UNSB_abl\full_dataset\LowLightTrafficData\target\669.png,669
E:\UNSB_Expl\UNSB_HEADFIGURE_SIXDOMAIN_EXPANDED_20260824\data_views\aio\trainB\LowLightTrafficData__710.png,388668,,LowLightTrafficData,99,,,trainB,83300950000d806bb1ec4b360ef7629af0a3e125dbed2d50dcc472135cc40a8c,E:\UNSB_Expl\UNSB_HEADFIGURE_SIXDOMAIN_EXPANDED_20260824\data_views\single\LowLightTrafficData\trainB\LowLightTrafficData__710.png,E:\UNSB_abl\full_dataset\LowLightTrafficData\target\710.png,710
E:\UNSB_Expl\UNSB_HEADFIGURE_SIXDOMAIN_EXPANDED_20260824\data_views\aio\trainB\LowLightTrafficData__182.png,226912,,LowLightTrafficData,100,,,trainB,7031e0e92bb43e966b8f4eb439185aa8e54a37ec063039445c766acf95dd624b,E:\UNSB_Expl\UNSB_HEADFIGURE_SIXDOMAIN_EXPANDED_20260824\data_views\single\LowLightTrafficData\trainB\LowLightTrafficData__182.png,E:\UNSB_abl\full_dataset\LowLightTrafficData\target\182.png,182
E:\UNSB_Expl\UNSB_HEADFIGURE_SIXDOMAIN_EXPANDED_20260824\data_views\aio\trainB\LowLightTrafficData__557.png,239413,,LowLightTrafficData,101,,,trainB,234f415a1fef7f5a96b567da47ced7cc4f575b63c2138dd06350f34c2b15176b,E:\UNSB_Expl\UNSB_HEADFIGURE_SIXDOMAIN_EXPANDED_20260824\data_views\single\LowLightTrafficData\trainB\LowLightTrafficData__557.png,E:\UNSB_abl\full_dataset\LowLightTrafficData\target\557.png,557
E:\UNSB_Expl\UNSB_HEADFIGURE_SIXDOMAIN_EXPANDED_20260824\data_views\aio\trainB\LowLightTrafficData__601.png,176903,,LowLightTrafficData,102,,,trainB,1a27cd9af5a0fec42d91989ecf58ca7f6318de763355fd6b54516116cb57d67f,E:\UNSB_Expl\UNSB_HEADFIGURE_SIXDOMAIN_EXPANDED_20260824\data_views\single\LowLightTrafficData\trainB\LowLightTrafficData__601.png,E:\UNSB_abl\full_dataset\LowLightTrafficData\target\601.png,601
E:\UNSB_Expl\UNSB_HEADFIGURE_SIXDOMAIN_EXPANDED_20260824\data_views\aio\trainB\LowLightTrafficData__726.png,202969,,LowLightTrafficData,103,,,trainB,0baeeef994c5fb0b0930bdecc07336cf1e2e3b71f824baa191f24a7557772341,E:\UNSB_Expl\UNSB_HEADFIGURE_SIXDOMAIN_EXPANDED_20260824\data_views\single\LowLightTrafficData\trainB\LowLightTrafficData__726.png,E:\UNSB_abl\full_dataset\LowLightTrafficData\target\726.png,726
E:\UNSB_Expl\UNSB_HEADFIGURE_SIXDOMAIN_EXPANDED_20260824\data_views\aio\trainB\LowLightTrafficData__140.png,226912,,LowLightTrafficData,104,,,trainB,7031e0e92bb43e966b8f4eb439185aa8e54a37ec063039445c766acf95dd624b,E:\UNSB_Expl\UNSB_HEADFIGURE_SIXDOMAIN_EXPANDED_20260824\data_views\single\LowLightTrafficData\trainB\LowLightTrafficData__140.png,E:\UNSB_abl\full_dataset\LowLightTrafficData\target\140.png,140
E:\UNSB_Expl\UNSB_HEADFIGURE_SIXDOMAIN_EXPANDED_20260824\data_views\aio\trainB\LowLightTrafficData__220.png,269612,,LowLightTrafficData,105,,,trainB,d1023200da27fea7f59186d4db7a496c7a4febc6e34a094505a6f2a3c5dc4a96,E:\UNSB_Expl\UNSB_HEADFIGURE_SIXDOMAIN_EXPANDED_20260824\data_views\single\LowLightTrafficData\trainB\LowLightTrafficData__220.png,E:\UNSB_abl\full_dataset\LowLightTrafficData\target\220.png,220
E:\UNSB_Expl\UNSB_HEADFIGURE_SIXDOMAIN_EXPANDED_20260824\data_views\aio\trainB\LowLightTrafficData__703.png,153625,,LowLightTrafficData,106,,,trainB,4cb5953091098f942eb4e06928c77cd03f54a73bd64a9dc702aaf923fe8ca4ea,E:\UNSB_Expl\UNSB_HEADFIGURE_SIXDOMAIN_EXPANDED_20260824\data_views\single\LowLightTrafficData\trainB\LowLightTrafficData__703.png,E:\UNSB_abl\full_dataset\LowLightTrafficData\target\703.png,703
E:\UNSB_Expl\UNSB_HEADFIGURE_SIXDOMAIN_EXPANDED_20260824\data_views\aio\trainB\LowLightTrafficData__338.png,141698,,LowLightTrafficData,107,,,trainB,65f9ff746ce929f2f6df98a85cc9dd0200bee6b82bf7ed0e62c816a7fe4bd6c1,E:\UNSB_Expl\UNSB_HEADFIGURE_SIXDOMAIN_EXPANDED_20260824\data_views\single\LowLightTrafficData\trainB\LowLightTrafficData__338.png,E:\UNSB_abl\full_dataset\LowLightTrafficData\target\338.png,338
E:\UNSB_Expl\UNSB_HEADFIGURE_SIXDOMAIN_EXPANDED_20260824\data_views\aio\trainB\LowLightTrafficData__510.png,244196,,LowLightTrafficData,108,,,trainB,3c876574756d8bc1f2cde381e5e67b35c3bb7a7d6a9f24fcb0e75452657ab220,E:\UNSB_Expl\UNSB_HEADFIGURE_SIXDOMAIN_EXPANDED_20260824\data_views\single\LowLightTrafficData\trainB\LowLightTrafficData__510.png,E:\UNSB_abl\full_dataset\LowLightTrafficData\target\510.png,510
E:\UNSB_Expl\UNSB_HEADFIGURE_SIXDOMAIN_EXPANDED_20260824\data_views\aio\trainB\LowLightTrafficData__004.png,226433,,LowLightTrafficData,109,,,trainB,08acaee88f6aa3a4cec72326bca647ebfd9e33f283bffd282446d905ef98835e,E:\UNSB_Expl\UNSB_HEADFIGURE_SIXDOMAIN_EXPANDED_20260824\data_views\single\LowLightTrafficData\trainB\LowLightTrafficData__004.png,E:\UNSB_abl\full_dataset\LowLightTrafficData\target\004.png,004
E:\UNSB_Expl\UNSB_HEADFIGURE_SIXDOMAIN_EXPANDED_20260824\data_views\aio\trainB\LowLightTrafficData__039.png,232109,,LowLightTrafficData,110,,,trainB,3854bdad475dbad67a351f08f53f0e9f1f1190800e2df5f81acafc3a4fe2b30a,E:\UNSB_Expl\UNSB_HEADFIGURE_SIXDOMAIN_EXPANDED_20260824\data_views\single\LowLightTrafficData\trainB\LowLightTrafficData__039.png,E:\UNSB_abl\full_dataset\LowLightTrafficData\target\039.png,039
E:\UNSB_Expl\UNSB_HEADFIGURE_SIXDOMAIN_EXPANDED_20260824\data_views\aio\trainB\LowLightTrafficData__571.png,394044,,LowLightTrafficData,111,,,trainB,edd0e24798590bf988d7b181a13cd1294d0e4714144ba30ea2a8708c20362429,E:\UNSB_Expl\UNSB_HEADFIGURE_SIXDOMAIN_EXPANDED_20260824\data_views\single\LowLightTrafficData\trainB\LowLightTrafficData__571.png,E:\UNSB_abl\full_dataset\LowLightTrafficData\target\571.png,571
E:\UNSB_Expl\UNSB_HEADFIGURE_SIXDOMAIN_EXPANDED_20260824\data_views\aio\trainB\LowLightTrafficData__634.png,197936,,LowLightTrafficData,112,,,trainB,3663c793e033c2093d0c9ad65cf0de3a50b76180dbe0cbb7cc257fb82a3be747,E:\UNSB_Expl\UNSB_HEADFIGURE_SIXDOMAIN_EXPANDED_20260824\data_views\single\LowLightTrafficData\trainB\LowLightTrafficData__634.png,E:\UNSB_abl\full_dataset\LowLightTrafficData\target\634.png,634
E:\UNSB_Expl\UNSB_HEADFIGURE_SIXDOMAIN_EXPANDED_20260824\data_views\aio\trainB\LowLightTrafficData__116.png,216895,,LowLightTrafficData,113,,,trainB,b51478036966117e05c85f1e634ee168c16e63ad30e1fc80a688617c0fc85a6a,E:\UNSB_Expl\UNSB_HEADFIGURE_SIXDOMAIN_EXPANDED_20260824\data_views\single\LowLightTrafficData\trainB\LowLightTrafficData__116.png,E:\UNSB_abl\full_dataset\LowLightTrafficData\target\116.png,116
E:\UNSB_Expl\UNSB_HEADFIGURE_SIXDOMAIN_EXPANDED_20260824\data_views\aio\trainB\LowLightTrafficData__261.png,250697,,LowLightTrafficData,114,,,trainB,a3c02184a89e59ebf212f5b3abd435d132553f980f52e53751261cbc559480e4,E:\UNSB_Expl\UNSB_HEADFIGURE_SIXDOMAIN_EXPANDED_20260824\data_views\single\LowLightTrafficData\trainB\LowLightTrafficData__261.png,E:\UNSB_abl\full_dataset\LowLightTrafficData\target\261.png,261
E:\UNSB_Expl\UNSB_HEADFIGURE_SIXDOMAIN_EXPANDED_20260824\data_views\aio\trainB\LowLightTrafficData__639.png,208118,,LowLightTrafficData,115,,,trainB,3e7fa2ffe6ea1b35009c5426ba9ba567087438c68ac7885ad5e57678eda38460,E:\UNSB_Expl\UNSB_HEADFIGURE_SIXDOMAIN_EXPANDED_20260824\data_views\single\LowLightTrafficData\trainB\LowLightTrafficData__639.png,E:\UNSB_abl\full_dataset\LowLightTrafficData\target\639.png,639
E:\UNSB_Expl\UNSB_HEADFIGURE_SIXDOMAIN_EXPANDED_20260824\data_views\aio\trainB\LowLightTrafficData__423.png,252528,,LowLightTrafficData,116,,,trainB,b8cb8bb092222b5c97ee9cbc79f7ee2db0c58e5de1b262f8066dd9a2cf6100f0,E:\UNSB_Expl\UNSB_HEADFIGURE_SIXDOMAIN_EXPANDED_20260824\data_views\single\LowLightTrafficData\trainB\LowLightTrafficData__423.png,E:\UNSB_abl\full_dataset\LowLightTrafficData\target\423.png,423
E:\UNSB_Expl\UNSB_HEADFIGURE_SIXDOMAIN_EXPANDED_20260824\data_views\aio\trainB\LowLightTrafficData__667.png,311218,,LowLightTrafficData,117,,,trainB,33531ea1dbfe6e7a26595c858d861109d19f2a490872d7ff7730e78d0475a185,E:\UNSB_Expl\UNSB_HEADFIGURE_SIXDOMAIN_EXPANDED_20260824\data_views\single\LowLightTrafficData\trainB\LowLightTrafficData__667.png,E:\UNSB_abl\full_dataset\LowLightTrafficData\target\667.png,667
E:\UNSB_Expl\UNSB_HEADFIGURE_SIXDOMAIN_EXPANDED_20260824\data_views\aio\trainB\LowLightTrafficData__243.png,200485,,LowLightTrafficData,118,,,trainB,f9ec4bb621f45f55a047db1c2e3c1eac9f84152dc6795924bd16ecc00002bfde,E:\UNSB_Expl\UNSB_HEADFIGURE_SIXDOMAIN_EXPANDED_20260824\data_views\single\LowLightTrafficData\trainB\LowLightTrafficData__243.png,E:\UNSB_abl\full_dataset\LowLightTrafficData\target\243.png,243
E:\UNSB_Expl\UNSB_HEADFIGURE_SIXDOMAIN_EXPANDED_20260824\data_views\aio\trainB\LowLightTrafficData__712.png,259779,,LowLightTrafficData,119,,,trainB,8a955aeb70dd83db291194910d41403c4f093dfcbfd4fc95fe81e8f7ad9c23cc,E:\UNSB_Expl\UNSB_HEADFIGURE_SIXDOMAIN_EXPANDED_20260824\data_views\single\LowLightTrafficData\trainB\LowLightTrafficData__712.png,E:\UNSB_abl\full_dataset\LowLightTrafficData\target\712.png,712
,65265,496,LowLightTrafficData,0,False,True,expanded_internal_heldout,e92b22309475f5919442465478830798f2225a3cd5617d72250b54cd67f799cd,,E:\UNSB_Expl\UNSB_HEADFIGURE_SIXDOMAIN_EXPANDED_20260824\data_views\heldoutA\LowLightTrafficData\LowLightTrafficData__496.png,LowLightTrafficData__496
,43759,570,LowLightTrafficData,1,False,False,expanded_internal_heldout,a5e2ae02de16144a85d0447f451fcd8bb18c3cc680d90e68ff48eb1e4264e551,,E:\UNSB_Expl\UNSB_HEADFIGURE_SIXDOMAIN_EXPANDED_20260824\data_views\heldoutA\LowLightTrafficData\LowLightTrafficData__570.png,LowLightTrafficData__570
,136129,652,LowLightTrafficData,2,False,False,expanded_internal_heldout,af17902485296b1a07993047388d7ac3db08e2856bd3fccf3089d8155ba65257,,E:\UNSB_Expl\UNSB_HEADFIGURE_SIXDOMAIN_EXPANDED_20260824\data_views\heldoutA\LowLightTrafficData\LowLightTrafficData__652.png,LowLightTrafficData__652
,28031,054,LowLightTrafficData,3,False,False,expanded_internal_heldout,b591ad1ed81cc8553184b70a74922429c72c61cc96a79b8e6bfa096346f4bd5e,,E:\UNSB_Expl\UNSB_HEADFIGURE_SIXDOMAIN_EXPANDED_20260824\data_views\heldoutA\LowLightTrafficData\LowLightTrafficData__054.png,LowLightTrafficData__054
,12473,606,LowLightTrafficData,4,False,False,expanded_internal_heldout,37dfa14f15aaf3c7c576b883f55507c34f8350498f396554b8bf8ffadccaf48a,,E:\UNSB_Expl\UNSB_HEADFIGURE_SIXDOMAIN_EXPANDED_20260824\data_views\heldoutA\LowLightTrafficData\LowLightTrafficData__606.png,LowLightTrafficData__606
,54365,003,LowLightTrafficData,5,False,False,expanded_internal_heldout,a0ea03ee531458ee090763306f69723859caaa4c84fd445c0794aa4d427a79cf,,E:\UNSB_Expl\UNSB_HEADFIGURE_SIXDOMAIN_EXPANDED_20260824\data_views\heldoutA\LowLightTrafficData\LowLightTrafficData__003.png,LowLightTrafficData__003
,93050,022,LowLightTrafficData,6,False,False,expanded_internal_heldout,d1e116600f1014ac43472c7a75998de81744a622bd977114dd4175fab7dc3831,,E:\UNSB_Expl\UNSB_HEADFIGURE_SIXDOMAIN_EXPANDED_20260824\data_views\heldoutA\LowLightTrafficData\LowLightTrafficData__022.png,LowLightTrafficData__022
,95867,405,LowLightTrafficData,7,False,False,expanded_internal_heldout,1865d6b047a85f26154fdbf0ba589d5ba7837f8d657fa7de555483ad69f27a35,,E:\UNSB_Expl\UNSB_HEADFIGURE_SIXDOMAIN_EXPANDED_20260824\data_views\heldoutA\LowLightTrafficData\LowLightTrafficData__405.png,LowLightTrafficData__405
,52777,356,LowLightTrafficData,8,False,False,expanded_internal_heldout,dd402286e254e2e8038845325a241f4d5d6d4159ede5093cdb6bd2af60626113,,E:\UNSB_Expl\UNSB_HEADFIGURE_SIXDOMAIN_EXPANDED_20260824\data_views\heldoutA\LowLightTrafficData\LowLightTrafficData__356.png,LowLightTrafficData__356
,31197,123,LowLightTrafficData,9,False,False,expanded_internal_heldout,58b9c6bae2585cdddfd08a888ff21bcec129b654765e979ca6279eeeaa1b9d68,,E:\UNSB_Expl\UNSB_HEADFIGURE_SIXDOMAIN_EXPANDED_20260824\data_views\heldoutA\LowLightTrafficData\LowLightTrafficData__123.png,LowLightTrafficData__123
,47239,689,LowLightTrafficData,10,False,False,expanded_internal_heldout,fb992bc31f6c9ab9eee49b67da89f93c9c61eaa36c2b414b2a2edc76b2d5a065,,E:\UNSB_Expl\UNSB_HEADFIGURE_SIXDOMAIN_EXPANDED_20260824\data_views\heldoutA\LowLightTrafficData\LowLightTrafficData__689.png,LowLightTrafficData__689
,67176,506,LowLightTrafficData,11,False,False,expanded_internal_heldout,257a4c1c86d0789c036faedf6640ba3524a0939661e2975dd86bbd5be3dea7db,,E:\UNSB_Expl\UNSB_HEADFIGURE_SIXDOMAIN_EXPANDED_20260824\data_views\heldoutA\LowLightTrafficData\LowLightTrafficData__506.png,LowLightTrafficData__506
,87168,012,LowLightTrafficData,12,False,False,expanded_internal_heldout,3d59ea6f8d5d1c97f041e059ade465e0b862918ded5bac8e969a97506db44de4,,E:\UNSB_Expl\UNSB_HEADFIGURE_SIXDOMAIN_EXPANDED_20260824\data_views\heldoutA\LowLightTrafficData\LowLightTrafficData__012.png,LowLightTrafficData__012
,32749,113,LowLightTrafficData,13,False,False,expanded_internal_heldout,3fa3eafef9567c70fd27080d7abb071c2ba5300047f47b3cab19b7f63d69287b,,E:\UNSB_Expl\UNSB_HEADFIGURE_SIXDOMAIN_EXPANDED_20260824\data_views\heldoutA\LowLightTrafficData\LowLightTrafficData__113.png,LowLightTrafficData__113
,47489,205,LowLightTrafficData,14,False,False,expanded_internal_heldout,c2037188ebe3ee17bfc7674e45e5f927379cc639e72d1e5afdd801375e3822fc,,E:\UNSB_Expl\UNSB_HEADFIGURE_SIXDOMAIN_EXPANDED_20260824\data_views\heldoutA\LowLightTrafficData\LowLightTrafficData__205.png,LowLightTrafficData__205
,23270,504,LowLightTrafficData,15,False,False,expanded_internal_heldout,4095fcb75f59fad70e213dfd7d65328055ab87199f9411ec8e9ced084926a63b,,E:\UNSB_Expl\UNSB_HEADFIGURE_SIXDOMAIN_EXPANDED_20260824\data_views\heldoutA\LowLightTrafficData\LowLightTrafficData__504.png,LowLightTrafficData__504
,20829,116,LowLightTrafficData,16,False,False,expanded_internal_heldout,840d0f356acae1b3a40c9d3f1198af8d6944a7fb61ef46c8bb54d3a7e59b7890,,E:\UNSB_Expl\UNSB_HEADFIGURE_SIXDOMAIN_EXPANDED_20260824\data_views\heldoutA\LowLightTrafficData\LowLightTrafficData__116.png,LowLightTrafficData__116
,14988,482,LowLightTrafficData,17,False,False,expanded_internal_heldout,417f04e41ac50f0b4e4c6e9e70a7a6a5e884811863d6b47bd34b8efffdab5ee1,,E:\UNSB_Expl\UNSB_HEADFIGURE_SIXDOMAIN_EXPANDED_20260824\data_views\heldoutA\LowLightTrafficData\LowLightTrafficData__482.png,LowLightTrafficData__482
,40362,294,LowLightTrafficData,18,False,False,expanded_internal_heldout,cfa8e48d2d256eb88f6b9dfd379413dbbbe90dcc36a3a5a0b32eabe007323fdb,,E:\UNSB_Expl\UNSB_HEADFIGURE_SIXDOMAIN_EXPANDED_20260824\data_views\heldoutA\LowLightTrafficData\LowLightTrafficData__294.png,LowLightTrafficData__294
,45759,086,LowLightTrafficData,19,False,False,expanded_internal_heldout,f4e86169fdff42702a24f168fad0eefe16d3ddc688456d0ef94a1fe30489345b,,E:\UNSB_Expl\UNSB_HEADFIGURE_SIXDOMAIN_EXPANDED_20260824\data_views\heldoutA\LowLightTrafficData\LowLightTrafficData__086.png,LowLightTrafficData__086
,97432,001,LowLightTrafficData,20,False,False,expanded_internal_heldout,8f56956cf78dacdf49b7419927485ad4fb95b7a75aca2691803c2f081a6d0090,,E:\UNSB_Expl\UNSB_HEADFIGURE_SIXDOMAIN_EXPANDED_20260824\data_views\heldoutA\LowLightTrafficData\LowLightTrafficData__001.png,LowLightTrafficData__001
,18710,479,LowLightTrafficData,21,False,False,expanded_internal_heldout,f3f108a080d44a1ef70ab060e121a761ae011d738ff7fc10569308e16bb7a550,,E:\UNSB_Expl\UNSB_HEADFIGURE_SIXDOMAIN_EXPANDED_20260824\data_views\heldoutA\LowLightTrafficData\LowLightTrafficData__479.png,LowLightTrafficData__479
,16268,721,LowLightTrafficData,22,False,False,expanded_internal_heldout,95642e9ab97071f5178babe50035e8ae7b353c995431a7026dbff13f32977bcb,,E:\UNSB_Expl\UNSB_HEADFIGURE_SIXDOMAIN_EXPANDED_20260824\data_views\heldoutA\LowLightTrafficData\LowLightTrafficData__721.png,LowLightTrafficData__721
,42290,578,LowLightTrafficData,23,False,False,expanded_internal_heldout,e7de47e5590dca95eed25bc5e4d25227fa13da77a0cb9d5b7469699976227b33,,E:\UNSB_Expl\UNSB_HEADFIGURE_SIXDOMAIN_EXPANDED_20260824\data_views\heldoutA\LowLightTrafficData\LowLightTrafficData__578.png,LowLightTrafficData__578
,218569,231,LowLightTrafficData,24,False,False,expanded_internal_heldout,3b1546a6b919ca155ad05bf915ac4f2b6e2ead8aa758e24a80233ec023bfb5d0,,E:\UNSB_Expl\UNSB_HEADFIGURE_SIXDOMAIN_EXPANDED_20260824\data_views\heldoutA\LowLightTrafficData\LowLightTrafficData__231.png,LowLightTrafficData__231
,75303,305,LowLightTrafficData,25,False,False,expanded_internal_heldout,6cc270caebc4ee5195af3d4d7ce3b63048ceae29d7848ab5e8d0b9d948f76108,,E:\UNSB_Expl\UNSB_HEADFIGURE_SIXDOMAIN_EXPANDED_20260824\data_views\heldoutA\LowLightTrafficData\LowLightTrafficData__305.png,LowLightTrafficData__305
,35292,392,LowLightTrafficData,26,False,False,expanded_internal_heldout,8f6ec2dc90eb3fe0df96f568bf6ba15587389c1da33ea98a3eaf7d2c2464294d,,E:\UNSB_Expl\UNSB_HEADFIGURE_SIXDOMAIN_EXPANDED_20260824\data_views\heldoutA\LowLightTrafficData\LowLightTrafficData__392.png,LowLightTrafficData__392
,6880,457,LowLightTrafficData,27,False,False,expanded_internal_heldout,49b489b8058ee5e1d5778f7f6cfc8f6938c5d9211f4fadae2bdbedeeee41470d,,E:\UNSB_Expl\UNSB_HEADFIGURE_SIXDOMAIN_EXPANDED_20260824\data_views\heldoutA\LowLightTrafficData\LowLightTrafficData__457.png,LowLightTrafficData__457
,9319,511,LowLightTrafficData,28,False,False,expanded_internal_heldout,5608c85edbec230da82b44ed2d8fb42ea3be676f15997bd6cb2da5b2f975cb37,,E:\UNSB_Expl\UNSB_HEADFIGURE_SIXDOMAIN_EXPANDED_20260824\data_views\heldoutA\LowLightTrafficData\LowLightTrafficData__511.png,LowLightTrafficData__511
,31847,371,LowLightTrafficData,29,False,False,expanded_internal_heldout,810208c724d5397937cc3f44dba6a2e9eb97155269299aad86e7a935b555cfef,,E:\UNSB_Expl\UNSB_HEADFIGURE_SIXDOMAIN_EXPANDED_20260824\data_views\heldoutA\LowLightTrafficData\LowLightTrafficData__371.png,LowLightTrafficData__371
,74017,629,LowLightTrafficData,30,False,False,expanded_internal_heldout,5b72a34328c8f03bd3eb6d6fc3a0446ad176bad7481d76dab726173ffe0ea816,,E:\UNSB_Expl\UNSB_HEADFIGURE_SIXDOMAIN_EXPANDED_20260824\data_views\heldoutA\LowLightTrafficData\LowLightTrafficData__629.png,LowLightTrafficData__629
,31171,281,LowLightTrafficData,31,False,False,expanded_internal_heldout,381b1d9fd09d9491d843b06e1ab6b826f46f6bc6526a087a22de9f05a2dad0d9,,E:\UNSB_Expl\UNSB_HEADFIGURE_SIXDOMAIN_EXPANDED_20260824\data_views\heldoutA\LowLightTrafficData\LowLightTrafficData__281.png,LowLightTrafficData__281
,32553,211,LowLightTrafficData,32,False,False,expanded_internal_heldout,2af4a016f762e9302e8600c8ce0891e6616f4e2690c4b3fc744ad1aeb00caa24,,E:\UNSB_Expl\UNSB_HEADFIGURE_SIXDOMAIN_EXPANDED_20260824\data_views\heldoutA\LowLightTrafficData\LowLightTrafficData__211.png,LowLightTrafficData__211
,67793,409,LowLightTrafficData,33,False,False,expanded_internal_heldout,7cb40a66b8dbaca13aae066723d645c8b9892d441c6d89db1f433c064913dd88,,E:\UNSB_Expl\UNSB_HEADFIGURE_SIXDOMAIN_EXPANDED_20260824\data_views\heldoutA\LowLightTrafficData\LowLightTrafficData__409.png,LowLightTrafficData__409
,20629,655,LowLightTrafficData,34,False,False,expanded_internal_heldout,41dbd6bb69a63302017bbe1b4b8883a00ed107fbe953bdd4fc0b197c4bbd51c0,,E:\UNSB_Expl\UNSB_HEADFIGURE_SIXDOMAIN_EXPANDED_20260824\data_views\heldoutA\LowLightTrafficData\LowLightTrafficData__655.png,LowLightTrafficData__655
,17850,149,LowLightTrafficData,35,False,False,expanded_internal_heldout,19935f52a9804f01cd4529b0dc261206345c38b87f4184b195b88fd51df60a66,,E:\UNSB_Expl\UNSB_HEADFIGURE_SIXDOMAIN_EXPANDED_20260824\data_views\heldoutA\LowLightTrafficData\LowLightTrafficData__149.png,LowLightTrafficData__149
,56222,485,LowLightTrafficData,36,False,False,expanded_internal_heldout,20365a97fa5051c8c3411ff9f387060cf8382592b24e7ba9038a443523185beb,,E:\UNSB_Expl\UNSB_HEADFIGURE_SIXDOMAIN_EXPANDED_20260824\data_views\heldoutA\LowLightTrafficData\LowLightTrafficData__485.png,LowLightTrafficData__485
,60584,662,LowLightTrafficData,37,False,False,expanded_internal_heldout,c91d61bcab59bd3d92135ff869bdcade19a436fdf15878de46bfbe035222e4d2,,E:\UNSB_Expl\UNSB_HEADFIGURE_SIXDOMAIN_EXPANDED_20260824\data_views\heldoutA\LowLightTrafficData\LowLightTrafficData__662.png,LowLightTrafficData__662
,64601,278,LowLightTrafficData,38,False,False,expanded_internal_heldout,e6cc38721383058616a5064a2b0cdacbdf5f50255cf34d19fedb9f7e9dd7d602,,E:\UNSB_Expl\UNSB_HEADFIGURE_SIXDOMAIN_EXPANDED_20260824\data_views\heldoutA\LowLightTrafficData\LowLightTrafficData__278.png,LowLightTrafficData__278
,13712,044,LowLightTrafficData,39,False,False,expanded_internal_heldout,ffad7fb7c15a832c31fddecb641b980722822ef8a71a4070d3d5cca32cd548a8,,E:\UNSB_Expl\UNSB_HEADFIGURE_SIXDOMAIN_EXPANDED_20260824\data_views\heldoutA\LowLightTrafficData\LowLightTrafficData__044.png,LowLightTrafficData__044
,53911,185,LowLightTrafficData,40,False,False,expanded_internal_heldout,5d27746f33baeab87b6b2f5cbde43b89df327b6ccecd3311b991a43545f5277b,,E:\UNSB_Expl\UNSB_HEADFIGURE_SIXDOMAIN_EXPANDED_20260824\data_views\heldoutA\LowLightTrafficData\LowLightTrafficData__185.png,LowLightTrafficData__185
,33512,189,LowLightTrafficData,41,False,False,expanded_internal_heldout,ff759a2837d8035f2899ca6f8e1d7e36acf93c607d7f2530de64bf9eec653405,,E:\UNSB_Expl\UNSB_HEADFIGURE_SIXDOMAIN_EXPANDED_20260824\data_views\heldoutA\LowLightTrafficData\LowLightTrafficData__189.png,LowLightTrafficData__189
,30873,609,LowLightTrafficData,42,False,False,expanded_internal_heldout,c6b0ca3a7e1a56b53662814f8e7fb2623aa69ab759a1ae8172e101e944ba9959,,E:\UNSB_Expl\UNSB_HEADFIGURE_SIXDOMAIN_EXPANDED_20260824\data_views\heldoutA\LowLightTrafficData\LowLightTrafficData__609.png,LowLightTrafficData__609
,82566,293,LowLightTrafficData,43,False,False,expanded_internal_heldout,8485bd71a14efa82fcecbff45c0930b95ae2580c96e3542c38ad36fd9d405d21,,E:\UNSB_Expl\UNSB_HEADFIGURE_SIXDOMAIN_EXPANDED_20260824\data_views\heldoutA\LowLightTrafficData\LowLightTrafficData__293.png,LowLightTrafficData__293
,35169,605,LowLightTrafficData,44,False,False,expanded_internal_heldout,57a180bee741b9197f8297faf8fab5751bb2272a577c241b7c833368e9edc774,,E:\UNSB_Expl\UNSB_HEADFIGURE_SIXDOMAIN_EXPANDED_20260824\data_views\heldoutA\LowLightTrafficData\LowLightTrafficData__605.png,LowLightTrafficData__605
,58155,458,LowLightTrafficData,45,False,False,expanded_internal_heldout,d61a787099782416cf811b356aaa0aee1b06f227174f10b38e44e318a6e24891,,E:\UNSB_Expl\UNSB_HEADFIGURE_SIXDOMAIN_EXPANDED_20260824\data_views\heldoutA\LowLightTrafficData\LowLightTrafficData__458.png,LowLightTrafficData__458
,15963,324,LowLightTrafficData,46,False,False,expanded_internal_heldout,c024f22df2d3aa56dfba06f5576cc1601497ba90efe0e9dd29604678444dafd4,,E:\UNSB_Expl\UNSB_HEADFIGURE_SIXDOMAIN_EXPANDED_20260824\data_views\heldoutA\LowLightTrafficData\LowLightTrafficData__324.png,LowLightTrafficData__324
,20052,218,LowLightTrafficData,47,False,False,expanded_internal_heldout,8d6826921c0af2ae4db52ee9dedba4a5f025e0687dc300cb6ef596b7c76d4148,,E:\UNSB_Expl\UNSB_HEADFIGURE_SIXDOMAIN_EXPANDED_20260824\data_views\heldoutA\LowLightTrafficData\LowLightTrafficData__218.png,LowLightTrafficData__218
,34467,093,LowLightTrafficData,48,False,False,expanded_internal_heldout,4bfb44fa2b56790a863d870f55e34573c21048f3406ca01c3f0d4650e85db378,,E:\UNSB_Expl\UNSB_HEADFIGURE_SIXDOMAIN_EXPANDED_20260824\data_views\heldoutA\LowLightTrafficData\LowLightTrafficData__093.png,LowLightTrafficData__093
,78564,383,LowLightTrafficData,49,False,False,expanded_internal_heldout,740e540b368235b95f5f7ed44f59267596b3c06fc76fe766ac2108696570319d,,E:\UNSB_Expl\UNSB_HEADFIGURE_SIXDOMAIN_EXPANDED_20260824\data_views\heldoutA\LowLightTrafficData\LowLightTrafficData__383.png,LowLightTrafficData__383
,12622,650,LowLightTrafficData,50,False,False,expanded_internal_heldout,6b9fefe1854fa19ca298f5ba87a859d6e8e1edf4303744de20b62a830c0fe78f,,E:\UNSB_Expl\UNSB_HEADFIGURE_SIXDOMAIN_EXPANDED_20260824\data_views\heldoutA\LowLightTrafficData\LowLightTrafficData__650.png,LowLightTrafficData__650
,105338,178,LowLightTrafficData,51,False,False,expanded_internal_heldout,00da3cd0f9462260bcdd1c7d2637c3cb320435090fe68646225311238479e27c,,E:\UNSB_Expl\UNSB_HEADFIGURE_SIXDOMAIN_EXPANDED_20260824\data_views\heldoutA\LowLightTrafficData\LowLightTrafficData__178.png,LowLightTrafficData__178
,108777,625,LowLightTrafficData,52,False,False,expanded_internal_heldout,ee668b1b36e0b27da8a75f1b8724a204e983fcd45b557b3033f311ab576cc052,,E:\UNSB_Expl\UNSB_HEADFIGURE_SIXDOMAIN_EXPANDED_20260824\data_views\heldoutA\LowLightTrafficData\LowLightTrafficData__625.png,LowLightTrafficData__625
,54491,554,LowLightTrafficData,53,False,False,expanded_internal_heldout,1c59c5973836874d0d0773996af6649056e2f6cce170c54a6fc560d9ad194b42,,E:\UNSB_Expl\UNSB_HEADFIGURE_SIXDOMAIN_EXPANDED_20260824\data_views\heldoutA\LowLightTrafficData\LowLightTrafficData__554.png,LowLightTrafficData__554
,14468,177,LowLightTrafficData,54,False,False,expanded_internal_heldout,51a140b10f12c54a8a81b1cb4abc65019481f885ceb356f4a1b6342df65dfd00,,E:\UNSB_Expl\UNSB_HEADFIGURE_SIXDOMAIN_EXPANDED_20260824\data_views\heldoutA\LowLightTrafficData\LowLightTrafficData__177.png,LowLightTrafficData__177
,39003,531,LowLightTrafficData,55,False,False,expanded_internal_heldout,02d7f6c01520ebc23a637789cd097f5c3bc60c15b9f74c01a1f2eca413bf12f7,,E:\UNSB_Expl\UNSB_HEADFIGURE_SIXDOMAIN_EXPANDED_20260824\data_views\heldoutA\LowLightTrafficData\LowLightTrafficData__531.png,LowLightTrafficData__531
,52231,255,LowLightTrafficData,56,False,False,expanded_internal_heldout,0875a0435f1cb8d3963ff21972e9fa67f332a3978b4f5031fbd6464eb5c4513e,,E:\UNSB_Expl\UNSB_HEADFIGURE_SIXDOMAIN_EXPANDED_20260824\data_views\heldoutA\LowLightTrafficData\LowLightTrafficData__255.png,LowLightTrafficData__255
,88877,077,LowLightTrafficData,57,False,False,expanded_internal_heldout,c3f555973d6fbec5627d9649a84a7521a2444d89bca64f9cb07f9f9bad82f145,,E:\UNSB_Expl\UNSB_HEADFIGURE_SIXDOMAIN_EXPANDED_20260824\data_views\heldoutA\LowLightTrafficData\LowLightTrafficData__077.png,LowLightTrafficData__077
,93940,585,LowLightTrafficData,58,False,False,expanded_internal_heldout,8625aea29fc5b8774210d1bd3fa4facdf87c7f19e53163181617aee2878cc49c,,E:\UNSB_Expl\UNSB_HEADFIGURE_SIXDOMAIN_EXPANDED_20260824\data_views\heldoutA\LowLightTrafficData\LowLightTrafficData__585.png,LowLightTrafficData__585
,2746,550,LowLightTrafficData,59,False,False,expanded_internal_heldout,b88aff106959feb932d7cffc0db81f9742874e122d7ace74623119e528399666,,E:\UNSB_Expl\UNSB_HEADFIGURE_SIXDOMAIN_EXPANDED_20260824\data_views\heldoutA\LowLightTrafficData\LowLightTrafficData__550.png,LowLightTrafficData__550
,15950,130,LowLightTrafficData,60,False,False,expanded_internal_heldout,965b9dcd314d50e3234bf6c7a005499132e62ce570298f18642299cc2bff3dbe,,E:\UNSB_Expl\UNSB_HEADFIGURE_SIXDOMAIN_EXPANDED_20260824\data_views\heldoutA\LowLightTrafficData\LowLightTrafficData__130.png,LowLightTrafficData__130
,23652,242,LowLightTrafficData,61,False,False,expanded_internal_heldout,e4c68408841ae37f90904e80922f9821cc76045941cbf7d40b2e3a7a3633c6f9,,E:\UNSB_Expl\UNSB_HEADFIGURE_SIXDOMAIN_EXPANDED_20260824\data_views\heldoutA\LowLightTrafficData\LowLightTrafficData__242.png,LowLightTrafficData__242
,84635,075,LowLightTrafficData,62,False,False,expanded_internal_heldout,e98407a0fe508f70a618496e984df3396bee7b76985663228a7c78807992abd1,,E:\UNSB_Expl\UNSB_HEADFIGURE_SIXDOMAIN_EXPANDED_20260824\data_views\heldoutA\LowLightTrafficData\LowLightTrafficData__075.png,LowLightTrafficData__075
,28262,472,LowLightTrafficData,63,False,False,expanded_internal_heldout,33d1568ca6a487fbc259f413385669855a8b8e225f856f4c481135b64e31ed35,,E:\UNSB_Expl\UNSB_HEADFIGURE_SIXDOMAIN_EXPANDED_20260824\data_views\heldoutA\LowLightTrafficData\LowLightTrafficData__472.png,LowLightTrafficData__472
,14795,330,LowLightTrafficData,64,False,False,expanded_internal_heldout,242c80cae674a3efeeaac2f20a579589bace529a01b8c0512e15f9f6f0f739d9,,E:\UNSB_Expl\UNSB_HEADFIGURE_SIXDOMAIN_EXPANDED_20260824\data_views\heldoutA\LowLightTrafficData\LowLightTrafficData__330.png,LowLightTrafficData__330
,10533,095,LowLightTrafficData,65,False,False,expanded_internal_heldout,67f44ef160fe7fef5e04053f4036b68404b3410c5f303381ed564b2ea2478608,,E:\UNSB_Expl\UNSB_HEADFIGURE_SIXDOMAIN_EXPANDED_20260824\data_views\heldoutA\LowLightTrafficData\LowLightTrafficData__095.png,LowLightTrafficData__095
,82199,310,LowLightTrafficData,66,False,False,expanded_internal_heldout,921b1f9141264eb4c11c1e1ff835d027040cc94585a77dcf00ba89be5e4924f0,,E:\UNSB_Expl\UNSB_HEADFIGURE_SIXDOMAIN_EXPANDED_20260824\data_views\heldoutA\LowLightTrafficData\LowLightTrafficData__310.png,LowLightTrafficData__310
,8689,408,LowLightTrafficData,67,False,False,expanded_internal_heldout,d7afef323ebf06f524cf8fd9f0b387a05f48c2d37f46935701af1b1ff6c4ed05,,E:\UNSB_Expl\UNSB_HEADFIGURE_SIXDOMAIN_EXPANDED_20260824\data_views\heldoutA\LowLightTrafficData\LowLightTrafficData__408.png,LowLightTrafficData__408
,62596,533,LowLightTrafficData,68,False,False,expanded_internal_heldout,68296f6e90498e1c7009af556564d05f39cc45bf53c0be72db1133300f4bc39e,,E:\UNSB_Expl\UNSB_HEADFIGURE_SIXDOMAIN_EXPANDED_20260824\data_views\heldoutA\LowLightTrafficData\LowLightTrafficData__533.png,LowLightTrafficData__533
,79469,347,LowLightTrafficData,69,False,False,expanded_internal_heldout,3d5f0787ffef3307a76aaf2f7d2a8a060d6f0a6bdb0688cea29c559e2653def8,,E:\UNSB_Expl\UNSB_HEADFIGURE_SIXDOMAIN_EXPANDED_20260824\data_views\heldoutA\LowLightTrafficData\LowLightTrafficData__347.png,LowLightTrafficData__347
,36471,412,LowLightTrafficData,70,False,False,expanded_internal_heldout,ea404ffec4dfb5e8bfd0edaf5110e5a3d9277acec6d51eae6df85d86b738ebd5,,E:\UNSB_Expl\UNSB_HEADFIGURE_SIXDOMAIN_EXPANDED_20260824\data_views\heldoutA\LowLightTrafficData\LowLightTrafficData__412.png,LowLightTrafficData__412
,28984,289,LowLightTrafficData,71,False,False,expanded_internal_heldout,3ce29e7ac607a0aeeb72df64f6ad696de63db809d3b129dfeda251c7baf239fb,,E:\UNSB_Expl\UNSB_HEADFIGURE_SIXDOMAIN_EXPANDED_20260824\data_views\heldoutA\LowLightTrafficData\LowLightTrafficData__289.png,LowLightTrafficData__289
,15684,538,LowLightTrafficData,72,False,False,expanded_internal_heldout,284892aad8414406e787ef377d510177c0bcb3b161bb2efbf2ec52f9c38348b6,,E:\UNSB_Expl\UNSB_HEADFIGURE_SIXDOMAIN_EXPANDED_20260824\data_views\heldoutA\LowLightTrafficData\LowLightTrafficData__538.png,LowLightTrafficData__538
,44112,459,LowLightTrafficData,73,False,False,expanded_internal_heldout,3ed89c8a0c774f9fa0c1d197d90a4b49a817af65a4e0fa193d15f81606b3c83f,,E:\UNSB_Expl\UNSB_HEADFIGURE_SIXDOMAIN_EXPANDED_20260824\data_views\heldoutA\LowLightTrafficData\LowLightTrafficData__459.png,LowLightTrafficData__459
,127139,466,LowLightTrafficData,74,False,False,expanded_internal_heldout,c00f7dd37d08973762d38d229f44f882676dd1be71029e9d469abf1fce0f93b7,,E:\UNSB_Expl\UNSB_HEADFIGURE_SIXDOMAIN_EXPANDED_20260824\data_views\heldoutA\LowLightTrafficData\LowLightTrafficData__466.png,LowLightTrafficData__466
,13609,735,LowLightTrafficData,75,False,False,expanded_internal_heldout,ce255a6cd21b980dd75cc4d79d5905c6e98afab42aacd06575973b846986c7a1,,E:\UNSB_Expl\UNSB_HEADFIGURE_SIXDOMAIN_EXPANDED_20260824\data_views\heldoutA\LowLightTrafficData\LowLightTrafficData__735.png,LowLightTrafficData__735
,37926,342,LowLightTrafficData,76,False,False,expanded_internal_heldout,cdbd2405dcf81d5ad4dcc13e72539074e0338caec46ac0bb9f16c12b2e57c95e,,E:\UNSB_Expl\UNSB_HEADFIGURE_SIXDOMAIN_EXPANDED_20260824\data_views\heldoutA\LowLightTrafficData\LowLightTrafficData__342.png,LowLightTrafficData__342
,33407,076,LowLightTrafficData,77,False,False,expanded_internal_heldout,0523dc90e8fa9c38b967a1dbba77756eb8986e58008a75af4b14db5ad5b321d7,,E:\UNSB_Expl\UNSB_HEADFIGURE_SIXDOMAIN_EXPANDED_20260824\data_views\heldoutA\LowLightTrafficData\LowLightTrafficData__076.png,LowLightTrafficData__076
,82509,108,LowLightTrafficData,78,False,False,expanded_internal_heldout,6113bf373bc78b96cb3d7bf322dfa3acb5b8042947318a74b337469690132f84,,E:\UNSB_Expl\UNSB_HEADFIGURE_SIXDOMAIN_EXPANDED_20260824\data_views\heldoutA\LowLightTrafficData\LowLightTrafficData__108.png,LowLightTrafficData__108
,44279,685,LowLightTrafficData,79,False,False,expanded_internal_heldout,a9c7736f08b553c8f249198ba023db0e726dcabe4e604494beb309930f27e44f,,E:\UNSB_Expl\UNSB_HEADFIGURE_SIXDOMAIN_EXPANDED_20260824\data_views\heldoutA\LowLightTrafficData\LowLightTrafficData__685.png,LowLightTrafficData__685
E:\UNSB_Expl\UNSB_HEADFIGURE_SIXDOMAIN_EXPANDED_20260824\data_views\aio\trainA\RainCityscapes__0302.png,237605,,RainCityscapes,0,,,trainA,deb05aa5f6cd9d572bc289b5248c7a4eaeab558edfed4a7fa20826e06c6e55a0,E:\UNSB_Expl\UNSB_HEADFIGURE_SIXDOMAIN_EXPANDED_20260824\data_views\single\RainCityscapes\trainA\RainCityscapes__0302.png,E:\UNSB_abl\full_dataset\RainCityscapes\input\0302.png,0302
E:\UNSB_Expl\UNSB_HEADFIGURE_SIXDOMAIN_EXPANDED_20260824\data_views\aio\trainA\RainCityscapes__0366.png,236080,,RainCityscapes,1,,,trainA,f5aad0d6aa11a84aff508d629dc29f35e5fbc7be5036baba7e134bcbb394bdeb,E:\UNSB_Expl\UNSB_HEADFIGURE_SIXDOMAIN_EXPANDED_20260824\data_views\single\RainCityscapes\trainA\RainCityscapes__0366.png,E:\UNSB_abl\full_dataset\RainCityscapes\input\0366.png,0366
E:\UNSB_Expl\UNSB_HEADFIGURE_SIXDOMAIN_EXPANDED_20260824\data_views\aio\trainA\RainCityscapes__0833.png,222327,,RainCityscapes,2,,,trainA,1a264f7fe0eee8eecec67e5fa1c474a4c16f0bac07c46a7863d2c817f14f3ca3,E:\UNSB_Expl\UNSB_HEADFIGURE_SIXDOMAIN_EXPANDED_20260824\data_views\single\RainCityscapes\trainA\RainCityscapes__0833.png,E:\UNSB_abl\full_dataset\RainCityscapes\input\0833.png,0833
E:\UNSB_Expl\UNSB_HEADFIGURE_SIXDOMAIN_EXPANDED_20260824\data_views\aio\trainA\RainCityscapes__0671.png,225035,,RainCityscapes,3,,,trainA,170d2d9b1b9a8ba6a2426d1fd686e6e7099e101bd0c12c34ab1717ca8fef4288,E:\UNSB_Expl\UNSB_HEADFIGURE_SIXDOMAIN_EXPANDED_20260824\data_views\single\RainCityscapes\trainA\RainCityscapes__0671.png,E:\UNSB_abl\full_dataset\RainCityscapes\input\0671.png,0671
E:\UNSB_Expl\UNSB_HEADFIGURE_SIXDOMAIN_EXPANDED_20260824\data_views\aio\trainA\RainCityscapes__0906.png,217826,,RainCityscapes,4,,,trainA,d149470841afee1f86a9b914b110c0e1b3aa6b60fced23bdf8feef6c8ff45458,E:\UNSB_Expl\UNSB_HEADFIGURE_SIXDOMAIN_EXPANDED_20260824\data_views\single\RainCityscapes\trainA\RainCityscapes__0906.png,E:\UNSB_abl\full_dataset\RainCityscapes\input\0906.png,0906
E:\UNSB_Expl\UNSB_HEADFIGURE_SIXDOMAIN_EXPANDED_20260824\data_views\aio\trainA\RainCityscapes__0223.png,207535,,RainCityscapes,5,,,trainA,fce5359d6cf1e738e1724b501f82673c4d70db409da8e3b2c94095d9c8836781,E:\UNSB_Expl\UNSB_HEADFIGURE_SIXDOMAIN_EXPANDED_20260824\data_views\single\RainCityscapes\trainA\RainCityscapes__0223.png,E:\UNSB_abl\full_dataset\RainCityscapes\input\0223.png,0223
E:\UNSB_Expl\UNSB_HEADFIGURE_SIXDOMAIN_EXPANDED_20260824\data_views\aio\trainA\RainCityscapes__0334.png,193569,,RainCityscapes,6,,,trainA,a1820efdb791f4881397dbfb3c0e7062fc68b93f151d815b4a86b6effa0c8e22,E:\UNSB_Expl\UNSB_HEADFIGURE_SIXDOMAIN_EXPANDED_20260824\data_views\single\RainCityscapes\trainA\RainCityscapes__0334.png,E:\UNSB_abl\full_dataset\RainCityscapes\input\0334.png,0334
E:\UNSB_Expl\UNSB_HEADFIGURE_SIXDOMAIN_EXPANDED_20260824\data_views\aio\trainA\RainCityscapes__0026.png,169829,,RainCityscapes,7,,,trainA,0a996ecfcb6dd225ce007de0cc4972551bcc11932de27f5a39a4a3e2d55a84a6,E:\UNSB_Expl\UNSB_HEADFIGURE_SIXDOMAIN_EXPANDED_20260824\data_views\single\RainCityscapes\trainA\RainCityscapes__0026.png,E:\UNSB_abl\full_dataset\RainCityscapes\input\0026.png,0026
E:\UNSB_Expl\UNSB_HEADFIGURE_SIXDOMAIN_EXPANDED_20260824\data_views\aio\trainA\RainCityscapes__0778.png,232443,,RainCityscapes,8,,,trainA,d46072e8d194f7159f63793d01d47795792ab2bbc7521f26fd35c3a6076a99db,E:\UNSB_Expl\UNSB_HEADFIGURE_SIXDOMAIN_EXPANDED_20260824\data_views\single\RainCityscapes\trainA\RainCityscapes__0778.png,E:\UNSB_abl\full_dataset\RainCityscapes\input\0778.png,0778
E:\UNSB_Expl\UNSB_HEADFIGURE_SIXDOMAIN_EXPANDED_20260824\data_views\aio\trainA\RainCityscapes__0817.png,214692,,RainCityscapes,9,,,trainA,7891195c97b3bc9138d30336acf5b677fe7bc554eed7492e37e4738a6799405a,E:\UNSB_Expl\UNSB_HEADFIGURE_SIXDOMAIN_EXPANDED_20260824\data_views\single\RainCityscapes\trainA\RainCityscapes__0817.png,E:\UNSB_abl\full_dataset\RainCityscapes\input\0817.png,0817
E:\UNSB_Expl\UNSB_HEADFIGURE_SIXDOMAIN_EXPANDED_20260824\data_views\aio\trainA\RainCityscapes__0691.png,209903,,RainCityscapes,10,,,trainA,dc259cbb306aa161be51199951f097faa228d258b5497bf47ba729e7dbdf67dc,E:\UNSB_Expl\UNSB_HEADFIGURE_SIXDOMAIN_EXPANDED_20260824\data_views\single\RainCityscapes\trainA\RainCityscapes__0691.png,E:\UNSB_abl\full_dataset\RainCityscapes\input\0691.png,0691
E:\UNSB_Expl\UNSB_HEADFIGURE_SIXDOMAIN_EXPANDED_20260824\data_views\aio\trainA\RainCityscapes__0678.png,195890,,RainCityscapes,11,,,trainA,bcde9916ad86f284e3af39c79fc47acc7c3c3c68cdebfb6f154a7daaaa203ab4,E:\UNSB_Expl\UNSB_HEADFIGURE_SIXDOMAIN_EXPANDED_20260824\data_views\single\RainCityscapes\trainA\RainCityscapes__0678.png,E:\UNSB_abl\full_dataset\RainCityscapes\input\0678.png,0678
E:\UNSB_Expl\UNSB_HEADFIGURE_SIXDOMAIN_EXPANDED_20260824\data_views\aio\trainA\RainCityscapes__0239.png,214108,,RainCityscapes,12,,,trainA,d2512129bf6cb7ebc2d77c5f7d2f71e9f25c689103c3e6932ecd92d80dd00f43,E:\UNSB_Expl\UNSB_HEADFIGURE_SIXDOMAIN_EXPANDED_20260824\data_views\single\RainCityscapes\trainA\RainCityscapes__0239.png,E:\UNSB_abl\full_dataset\RainCityscapes\input\0239.png,0239
E:\UNSB_Expl\UNSB_HEADFIGURE_SIXDOMAIN_EXPANDED_20260824\data_views\aio\trainA\RainCityscapes__1015.png,240756,,RainCityscapes,13,,,trainA,d555280f50d6df3461aeabc018f66dc9eac4107b14d1b6e07f0a634578794e75,E:\UNSB_Expl\UNSB_HEADFIGURE_SIXDOMAIN_EXPANDED_20260824\data_views\single\RainCityscapes\trainA\RainCityscapes__1015.png,E:\UNSB_abl\full_dataset\RainCityscapes\input\1015.png,1015
E:\UNSB_Expl\UNSB_HEADFIGURE_SIXDOMAIN_EXPANDED_20260824\data_views\aio\trainA\RainCityscapes__1067.png,216295,,RainCityscapes,14,,,trainA,3415935cda9789ccaa3efadcfe0f56b1e5bb7912a43c223db0e01ebba19004dd,E:\UNSB_Expl\UNSB_HEADFIGURE_SIXDOMAIN_EXPANDED_20260824\data_views\single\RainCityscapes\trainA\RainCityscapes__1067.png,E:\UNSB_abl\full_dataset\RainCityscapes\input\1067.png,1067
E:\UNSB_Expl\UNSB_HEADFIGURE_SIXDOMAIN_EXPANDED_20260824\data_views\aio\trainA\RainCityscapes__1124.png,233332,,RainCityscapes,15,,,trainA,fbdb9f8c37688f671ee7ec7086a50d849f2d7fc22c96b072dedebbb4a394c500,E:\UNSB_Expl\UNSB_HEADFIGURE_SIXDOMAIN_EXPANDED_20260824\data_views\single\RainCityscapes\trainA\RainCityscapes__1124.png,E:\UNSB_abl\full_dataset\RainCityscapes\input\1124.png,1124
E:\UNSB_Expl\UNSB_HEADFIGURE_SIXDOMAIN_EXPANDED_20260824\data_views\aio\trainA\RainCityscapes__0652.png,209019,,RainCityscapes,16,,,trainA,4bf36787b20e6291f64a524f6018b9da3aa48092b08106f71660ddad8a4fee0a,E:\UNSB_Expl\UNSB_HEADFIGURE_SIXDOMAIN_EXPANDED_20260824\data_views\single\RainCityscapes\trainA\RainCityscapes__0652.png,E:\UNSB_abl\full_dataset\RainCityscapes\input\0652.png,0652
E:\UNSB_Expl\UNSB_HEADFIGURE_SIXDOMAIN_EXPANDED_20260824\data_views\aio\trainA\RainCityscapes__0639.png,185308,,RainCityscapes,17,,,trainA,a3ae0389b5949ff5658685fbe85da58dc8c257cb85fc23750eba27a177359d2e,E:\UNSB_Expl\UNSB_HEADFIGURE_SIXDOMAIN_EXPANDED_20260824\data_views\single\RainCityscapes\trainA\RainCityscapes__0639.png,E:\UNSB_abl\full_dataset\RainCityscapes\input\0639.png,0639
E:\UNSB_Expl\UNSB_HEADFIGURE_SIXDOMAIN_EXPANDED_20260824\data_views\aio\trainA\RainCityscapes__0215.png,183149,,RainCityscapes,18,,,trainA,4b3f6fe4d585acdfe8affc599e7e6c2bfda25b4d6c5d6fe0e44f25063922aa59,E:\UNSB_Expl\UNSB_HEADFIGURE_SIXDOMAIN_EXPANDED_20260824\data_views\single\RainCityscapes\trainA\RainCityscapes__0215.png,E:\UNSB_abl\full_dataset\RainCityscapes\input\0215.png,0215
E:\UNSB_Expl\UNSB_HEADFIGURE_SIXDOMAIN_EXPANDED_20260824\data_views\aio\trainA\RainCityscapes__1154.png,202248,,RainCityscapes,19,,,trainA,e3179ab0d65f0bdad97a74d7a22c3fd12f76fe29eb7a99bcdf198489b4051fe4,E:\UNSB_Expl\UNSB_HEADFIGURE_SIXDOMAIN_EXPANDED_20260824\data_views\single\RainCityscapes\trainA\RainCityscapes__1154.png,E:\UNSB_abl\full_dataset\RainCityscapes\input\1154.png,1154
E:\UNSB_Expl\UNSB_HEADFIGURE_SIXDOMAIN_EXPANDED_20260824\data_views\aio\trainA\RainCityscapes__0768.png,261859,,RainCityscapes,20,,,trainA,073cf5c1a1881ed2a454fbbf0836a4fcd75d38613101b02a46d9375d39e805de,E:\UNSB_Expl\UNSB_HEADFIGURE_SIXDOMAIN_EXPANDED_20260824\data_views\single\RainCityscapes\trainA\RainCityscapes__0768.png,E:\UNSB_abl\full_dataset\RainCityscapes\input\0768.png,0768
E:\UNSB_Expl\UNSB_HEADFIGURE_SIXDOMAIN_EXPANDED_20260824\data_views\aio\trainA\RainCityscapes__0555.png,191927,,RainCityscapes,21,,,trainA,09ec874f12b23c4c63cd2c46ab0b2bc17f2f9b2f10567481830b63da37764df2,E:\UNSB_Expl\UNSB_HEADFIGURE_SIXDOMAIN_EXPANDED_20260824\data_views\single\RainCityscapes\trainA\RainCityscapes__0555.png,E:\UNSB_abl\full_dataset\RainCityscapes\input\0555.png,0555
E:\UNSB_Expl\UNSB_HEADFIGURE_SIXDOMAIN_EXPANDED_20260824\data_views\aio\trainA\RainCityscapes__0655.png,224492,,RainCityscapes,22,,,trainA,3bbad53852b1dd7eabb412d0a525dbc100f27c99b1278ceaef64ad4e0353090d,E:\UNSB_Expl\UNSB_HEADFIGURE_SIXDOMAIN_EXPANDED_20260824\data_views\single\RainCityscapes\trainA\RainCityscapes__0655.png,E:\UNSB_abl\full_dataset\RainCityscapes\input\0655.png,0655
E:\UNSB_Expl\UNSB_HEADFIGURE_SIXDOMAIN_EXPANDED_20260824\data_views\aio\trainA\RainCityscapes__0133.png,215445,,RainCityscapes,23,,,trainA,b7fe00201ca5c7bc05c9224291d1ba65bd6f7b5d8bb9ce0fbccad11ca8d4fcf4,E:\UNSB_Expl\UNSB_HEADFIGURE_SIXDOMAIN_EXPANDED_20260824\data_views\single\RainCityscapes\trainA\RainCityscapes__0133.png,E:\UNSB_abl\full_dataset\RainCityscapes\input\0133.png,0133
E:\UNSB_Expl\UNSB_HEADFIGURE_SIXDOMAIN_EXPANDED_20260824\data_views\aio\trainA\RainCityscapes__0022.png,230837,,RainCityscapes,24,,,trainA,c3eb212e97ab33b6143bc508ac81155a3a42bc6ed5b4779fc0d0f58014c50669,E:\UNSB_Expl\UNSB_HEADFIGURE_SIXDOMAIN_EXPANDED_20260824\data_views\single\RainCityscapes\trainA\RainCityscapes__0022.png,E:\UNSB_abl\full_dataset\RainCityscapes\input\0022.png,0022
E:\UNSB_Expl\UNSB_HEADFIGURE_SIXDOMAIN_EXPANDED_20260824\data_views\aio\trainA\RainCityscapes__0720.png,193660,,RainCityscapes,25,,,trainA,ddbb5b779b6aaab33c858b5ea10f8da1b43c46ef42bf7b34abe12ea971ee61c8,E:\UNSB_Expl\UNSB_HEADFIGURE_SIXDOMAIN_EXPANDED_20260824\data_views\single\RainCityscapes\trainA\RainCityscapes__0720.png,E:\UNSB_abl\full_dataset\RainCityscapes\input\0720.png,0720
E:\UNSB_Expl\UNSB_HEADFIGURE_SIXDOMAIN_EXPANDED_20260824\data_views\aio\trainA\RainCityscapes__0932.png,226646,,RainCityscapes,26,,,trainA,3249258bc49ed024e013a442a7f44f1f57a0298183a91162dc0d96615e094e13,E:\UNSB_Expl\UNSB_HEADFIGURE_SIXDOMAIN_EXPANDED_20260824\data_views\single\RainCityscapes\trainA\RainCityscapes__0932.png,E:\UNSB_abl\full_dataset\RainCityscapes\input\0932.png,0932
E:\UNSB_Expl\UNSB_HEADFIGURE_SIXDOMAIN_EXPANDED_20260824\data_views\aio\trainA\RainCityscapes__0009.png,209788,,RainCityscapes,27,,,trainA,c3db9afc022886e8d8506a732c7ce3880ed8da8c9dbad7b3c058cd4382ff6b94,E:\UNSB_Expl\UNSB_HEADFIGURE_SIXDOMAIN_EXPANDED_20260824\data_views\single\RainCityscapes\trainA\RainCityscapes__0009.png,E:\UNSB_abl\full_dataset\RainCityscapes\input\0009.png,0009
E:\UNSB_Expl\UNSB_HEADFIGURE_SIXDOMAIN_EXPANDED_20260824\data_views\aio\trainA\RainCityscapes__0776.png,180474,,RainCityscapes,28,,,trainA,7000c74f0b7ebb94f1d662bd382e20383dcfe646ccd65b0ceff27c456b97abc9,E:\UNSB_Expl\UNSB_HEADFIGURE_SIXDOMAIN_EXPANDED_20260824\data_views\single\RainCityscapes\trainA\RainCityscapes__0776.png,E:\UNSB_abl\full_dataset\RainCityscapes\input\0776.png,0776
E:\UNSB_Expl\UNSB_HEADFIGURE_SIXDOMAIN_EXPANDED_20260824\data_views\aio\trainA\RainCityscapes__0079.png,202485,,RainCityscapes,29,,,trainA,132d48214dfa12738616e59f25859a8ec052c2ca4b1b8a9b7e46ff01cc9e0748,E:\UNSB_Expl\UNSB_HEADFIGURE_SIXDOMAIN_EXPANDED_20260824\data_views\single\RainCityscapes\trainA\RainCityscapes__0079.png,E:\UNSB_abl\full_dataset\RainCityscapes\input\0079.png,0079
E:\UNSB_Expl\UNSB_HEADFIGURE_SIXDOMAIN_EXPANDED_20260824\data_views\aio\trainA\RainCityscapes__1098.png,256406,,RainCityscapes,30,,,trainA,26c3c3245f8b95c8afd546a7710cc423cfac70362e06f2f88d2c574d149357d1,E:\UNSB_Expl\UNSB_HEADFIGURE_SIXDOMAIN_EXPANDED_20260824\data_views\single\RainCityscapes\trainA\RainCityscapes__1098.png,E:\UNSB_abl\full_dataset\RainCityscapes\input\1098.png,1098
E:\UNSB_Expl\UNSB_HEADFIGURE_SIXDOMAIN_EXPANDED_20260824\data_views\aio\trainA\RainCityscapes__0127.png,190060,,RainCityscapes,31,,,trainA,377cbb214e51dd81fc14f8580916af46c65d2374b246bb17a3f53b3c61858a60,E:\UNSB_Expl\UNSB_HEADFIGURE_SIXDOMAIN_EXPANDED_20260824\data_views\single\RainCityscapes\trainA\RainCityscapes__0127.png,E:\UNSB_abl\full_dataset\RainCityscapes\input\0127.png,0127
E:\UNSB_Expl\UNSB_HEADFIGURE_SIXDOMAIN_EXPANDED_20260824\data_views\aio\trainA\RainCityscapes__0998.png,230707,,RainCityscapes,32,,,trainA,9d29b355166ade978ef341b104ed342be6cb224c5f2bbd43e4a916616f22f114,E:\UNSB_Expl\UNSB_HEADFIGURE_SIXDOMAIN_EXPANDED_20260824\data_views\single\RainCityscapes\trainA\RainCityscapes__0998.png,E:\UNSB_abl\full_dataset\RainCityscapes\input\0998.png,0998
E:\UNSB_Expl\UNSB_HEADFIGURE_SIXDOMAIN_EXPANDED_20260824\data_views\aio\trainA\RainCityscapes__0429.png,232690,,RainCityscapes,33,,,trainA,20439597e6e37342ea8baa98830daf8186fc5df629164c09783b2169fc09d05f,E:\UNSB_Expl\UNSB_HEADFIGURE_SIXDOMAIN_EXPANDED_20260824\data_views\single\RainCityscapes\trainA\RainCityscapes__0429.png,E:\UNSB_abl\full_dataset\RainCityscapes\input\0429.png,0429
E:\UNSB_Expl\UNSB_HEADFIGURE_SIXDOMAIN_EXPANDED_20260824\data_views\aio\trainA\RainCityscapes__0297.png,197246,,RainCityscapes,34,,,trainA,c7211fbab60d07e126ee2fccbcffc791aa7e87bfac019eccb309384373680f7d,E:\UNSB_Expl\UNSB_HEADFIGURE_SIXDOMAIN_EXPANDED_20260824\data_views\single\RainCityscapes\trainA\RainCityscapes__0297.png,E:\UNSB_abl\full_dataset\RainCityscapes\input\0297.png,0297
E:\UNSB_Expl\UNSB_HEADFIGURE_SIXDOMAIN_EXPANDED_20260824\data_views\aio\trainA\RainCityscapes__0991.png,223928,,RainCityscapes,35,,,trainA,f2da62fb330b4c27b5548e2b7d046765a14223986f806d58fdafaedb10e5aaa0,E:\UNSB_Expl\UNSB_HEADFIGURE_SIXDOMAIN_EXPANDED_20260824\data_views\single\RainCityscapes\trainA\RainCityscapes__0991.png,E:\UNSB_abl\full_dataset\RainCityscapes\input\0991.png,0991
E:\UNSB_Expl\UNSB_HEADFIGURE_SIXDOMAIN_EXPANDED_20260824\data_views\aio\trainA\RainCityscapes__0594.png,226440,,RainCityscapes,36,,,trainA,60e54ca423a8e986c5bf8f2d936367a093bf09a59ca3047fb51e63e571581d28,E:\UNSB_Expl\UNSB_HEADFIGURE_SIXDOMAIN_EXPANDED_20260824\data_views\single\RainCityscapes\trainA\RainCityscapes__0594.png,E:\UNSB_abl\full_dataset\RainCityscapes\input\0594.png,0594
E:\UNSB_Expl\UNSB_HEADFIGURE_SIXDOMAIN_EXPANDED_20260824\data_views\aio\trainA\RainCityscapes__0159.png,211138,,RainCityscapes,37,,,trainA,ace2609e0ab4590f5ea04e352f6f6c828f5e70f8e9cd814fb67482df05a58266,E:\UNSB_Expl\UNSB_HEADFIGURE_SIXDOMAIN_EXPANDED_20260824\data_views\single\RainCityscapes\trainA\RainCityscapes__0159.png,E:\UNSB_abl\full_dataset\RainCityscapes\input\0159.png,0159
E:\UNSB_Expl\UNSB_HEADFIGURE_SIXDOMAIN_EXPANDED_20260824\data_views\aio\trainA\RainCityscapes__0295.png,226863,,RainCityscapes,38,,,trainA,ef296089965849786a22c93f53c4e8ea6bb5e60be98b83fe0680fc29f280bce8,E:\UNSB_Expl\UNSB_HEADFIGURE_SIXDOMAIN_EXPANDED_20260824\data_views\single\RainCityscapes\trainA\RainCityscapes__0295.png,E:\UNSB_abl\full_dataset\RainCityscapes\input\0295.png,0295
E:\UNSB_Expl\UNSB_HEADFIGURE_SIXDOMAIN_EXPANDED_20260824\data_views\aio\trainA\RainCityscapes__0184.png,229234,,RainCityscapes,39,,,trainA,5ad379447c59e48d6182facd4276471fd5926cbce9942921c00e2ea4e4b4cf20,E:\UNSB_Expl\UNSB_HEADFIGURE_SIXDOMAIN_EXPANDED_20260824\data_views\single\RainCityscapes\trainA\RainCityscapes__0184.png,E:\UNSB_abl\full_dataset\RainCityscapes\input\0184.png,0184
E:\UNSB_Expl\UNSB_HEADFIGURE_SIXDOMAIN_EXPANDED_20260824\data_views\aio\trainA\RainCityscapes__0466.png,186936,,RainCityscapes,40,,,trainA,04a1cd6ea129e95f15a5a600fc2826f239097eac9162d98282948e089797ab8c,E:\UNSB_Expl\UNSB_HEADFIGURE_SIXDOMAIN_EXPANDED_20260824\data_views\single\RainCityscapes\trainA\RainCityscapes__0466.png,E:\UNSB_abl\full_dataset\RainCityscapes\input\0466.png,0466
E:\UNSB_Expl\UNSB_HEADFIGURE_SIXDOMAIN_EXPANDED_20260824\data_views\aio\trainA\RainCityscapes__0783.png,228699,,RainCityscapes,41,,,trainA,8570f34ac0ee9b1f26b2f53328520e0131dcaced567f92e30eee56b241153fa0,E:\UNSB_Expl\UNSB_HEADFIGURE_SIXDOMAIN_EXPANDED_20260824\data_views\single\RainCityscapes\trainA\RainCityscapes__0783.png,E:\UNSB_abl\full_dataset\RainCityscapes\input\0783.png,0783
E:\UNSB_Expl\UNSB_HEADFIGURE_SIXDOMAIN_EXPANDED_20260824\data_views\aio\trainA\RainCityscapes__0848.png,202182,,RainCityscapes,42,,,trainA,61c732fdcd16040a7d145503d5e0f4e902b293111146cf3df265de727c788e90,E:\UNSB_Expl\UNSB_HEADFIGURE_SIXDOMAIN_EXPANDED_20260824\data_views\single\RainCityscapes\trainA\RainCityscapes__0848.png,E:\UNSB_abl\full_dataset\RainCityscapes\input\0848.png,0848
E:\UNSB_Expl\UNSB_HEADFIGURE_SIXDOMAIN_EXPANDED_20260824\data_views\aio\trainA\RainCityscapes__0681.png,238684,,RainCityscapes,43,,,trainA,9772f4bd48c07e3dc2695a8d8e1799e0dbc937700201e60de4e58136be432a38,E:\UNSB_Expl\UNSB_HEADFIGURE_SIXDOMAIN_EXPANDED_20260824\data_views\single\RainCityscapes\trainA\RainCityscapes__0681.png,E:\UNSB_abl\full_dataset\RainCityscapes\input\0681.png,0681
E:\UNSB_Expl\UNSB_HEADFIGURE_SIXDOMAIN_EXPANDED_20260824\data_views\aio\trainA\RainCityscapes__1025.png,204726,,RainCityscapes,44,,,trainA,e0166f510d387fd70ac1518d171b8a638b73a1f5b6b5a88087c1a295f5eef35f,E:\UNSB_Expl\UNSB_HEADFIGURE_SIXDOMAIN_EXPANDED_20260824\data_views\single\RainCityscapes\trainA\RainCityscapes__1025.png,E:\UNSB_abl\full_dataset\RainCityscapes\input\1025.png,1025
E:\UNSB_Expl\UNSB_HEADFIGURE_SIXDOMAIN_EXPANDED_20260824\data_views\aio\trainA\RainCityscapes__1040.png,206739,,RainCityscapes,45,,,trainA,d95a9b4063c247d1dfb86a8156cd9541c08c1372f1d06e896fcbb68d44c8add0,E:\UNSB_Expl\UNSB_HEADFIGURE_SIXDOMAIN_EXPANDED_20260824\data_views\single\RainCityscapes\trainA\RainCityscapes__1040.png,E:\UNSB_abl\full_dataset\RainCityscapes\input\1040.png,1040
E:\UNSB_Expl\UNSB_HEADFIGURE_SIXDOMAIN_EXPANDED_20260824\data_views\aio\trainA\RainCityscapes__0650.png,225585,,RainCityscapes,46,,,trainA,3a9e508a821c66c5bef773da332475f72ff5c90ed5f7579b8eab1e7a0ee952dd,E:\UNSB_Expl\UNSB_HEADFIGURE_SIXDOMAIN_EXPANDED_20260824\data_views\single\RainCityscapes\trainA\RainCityscapes__0650.png,E:\UNSB_abl\full_dataset\RainCityscapes\input\0650.png,0650
E:\UNSB_Expl\UNSB_HEADFIGURE_SIXDOMAIN_EXPANDED_20260824\data_views\aio\trainA\RainCityscapes__0813.png,213161,,RainCityscapes,47,,,trainA,4e4edff886a1f8113050714e3ab15eba3571c987f6ff59cdeddcbde8c3ff4a8e,E:\UNSB_Expl\UNSB_HEADFIGURE_SIXDOMAIN_EXPANDED_20260824\data_views\single\RainCityscapes\trainA\RainCityscapes__0813.png,E:\UNSB_abl\full_dataset\RainCityscapes\input\0813.png,0813
E:\UNSB_Expl\UNSB_HEADFIGURE_SIXDOMAIN_EXPANDED_20260824\data_views\aio\trainA\RainCityscapes__0735.png,238502,,RainCityscapes,48,,,trainA,b49ceb909d93d25e050d2deae7c2ccb51738e7b69bd33109ebf68fe7ed2ab086,E:\UNSB_Expl\UNSB_HEADFIGURE_SIXDOMAIN_EXPANDED_20260824\data_views\single\RainCityscapes\trainA\RainCityscapes__0735.png,E:\UNSB_abl\full_dataset\RainCityscapes\input\0735.png,0735
E:\UNSB_Expl\UNSB_HEADFIGURE_SIXDOMAIN_EXPANDED_20260824\data_views\aio\trainA\RainCityscapes__0294.png,190755,,RainCityscapes,49,,,trainA,bbca8a047be62e871df55ceab41ac5ca0064f29f702e7149bc2c1c760f1cc0c1,E:\UNSB_Expl\UNSB_HEADFIGURE_SIXDOMAIN_EXPANDED_20260824\data_views\single\RainCityscapes\trainA\RainCityscapes__0294.png,E:\UNSB_abl\full_dataset\RainCityscapes\input\0294.png,0294
E:\UNSB_Expl\UNSB_HEADFIGURE_SIXDOMAIN_EXPANDED_20260824\data_views\aio\trainA\RainCityscapes__0049.png,245168,,RainCityscapes,50,,,trainA,5dfabafe377b3655adbc98f9a1dbe86bc1133416f3efb006fb18d269787111ca,E:\UNSB_Expl\UNSB_HEADFIGURE_SIXDOMAIN_EXPANDED_20260824\data_views\single\RainCityscapes\trainA\RainCityscapes__0049.png,E:\UNSB_abl\full_dataset\RainCityscapes\input\0049.png,0049
E:\UNSB_Expl\UNSB_HEADFIGURE_SIXDOMAIN_EXPANDED_20260824\data_views\aio\trainA\RainCityscapes__0912.png,244702,,RainCityscapes,51,,,trainA,46f73a72855f01ed12411c8c4700764cf38ff0848e37757db6c2c88d12153857,E:\UNSB_Expl\UNSB_HEADFIGURE_SIXDOMAIN_EXPANDED_20260824\data_views\single\RainCityscapes\trainA\RainCityscapes__0912.png,E:\UNSB_abl\full_dataset\RainCityscapes\input\0912.png,0912
E:\UNSB_Expl\UNSB_HEADFIGURE_SIXDOMAIN_EXPANDED_20260824\data_views\aio\trainA\RainCityscapes__0643.png,206988,,RainCityscapes,52,,,trainA,350e582f693ba827d207052190aad4126d14c6af7532affa746f499b1472a579,E:\UNSB_Expl\UNSB_HEADFIGURE_SIXDOMAIN_EXPANDED_20260824\data_views\single\RainCityscapes\trainA\RainCityscapes__0643.png,E:\UNSB_abl\full_dataset\RainCityscapes\input\0643.png,0643
E:\UNSB_Expl\UNSB_HEADFIGURE_SIXDOMAIN_EXPANDED_20260824\data_views\aio\trainA\RainCityscapes__0134.png,217025,,RainCityscapes,53,,,trainA,4e53ca9da0caaa558db3793dbba0a50adc46aae3a00c6c78ee263be83a715385,E:\UNSB_Expl\UNSB_HEADFIGURE_SIXDOMAIN_EXPANDED_20260824\data_views\single\RainCityscapes\trainA\RainCityscapes__0134.png,E:\UNSB_abl\full_dataset\RainCityscapes\input\0134.png,0134
E:\UNSB_Expl\UNSB_HEADFIGURE_SIXDOMAIN_EXPANDED_20260824\data_views\aio\trainA\RainCityscapes__0367.png,199299,,RainCityscapes,54,,,trainA,00c96a64b2f308114038a63a330dad895737c7dd8024c7c308ecd2c1e9f163d5,E:\UNSB_Expl\UNSB_HEADFIGURE_SIXDOMAIN_EXPANDED_20260824\data_views\single\RainCityscapes\trainA\RainCityscapes__0367.png,E:\UNSB_abl\full_dataset\RainCityscapes\input\0367.png,0367
E:\UNSB_Expl\UNSB_HEADFIGURE_SIXDOMAIN_EXPANDED_20260824\data_views\aio\trainA\RainCityscapes__0340.png,219035,,RainCityscapes,55,,,trainA,b598957cbcf674370c5b233c3d56bbe6d6dfaef0ce7382ef0ff912f5fe0b318b,E:\UNSB_Expl\UNSB_HEADFIGURE_SIXDOMAIN_EXPANDED_20260824\data_views\single\RainCityscapes\trainA\RainCityscapes__0340.png,E:\UNSB_abl\full_dataset\RainCityscapes\input\0340.png,0340
E:\UNSB_Expl\UNSB_HEADFIGURE_SIXDOMAIN_EXPANDED_20260824\data_views\aio\trainA\RainCityscapes__1069.png,204279,,RainCityscapes,56,,,trainA,b5cad17ecadcb92c2132c2dc6a6cbfadbc99ef605d704d35c6eafb2f39980ee4,E:\UNSB_Expl\UNSB_HEADFIGURE_SIXDOMAIN_EXPANDED_20260824\data_views\single\RainCityscapes\trainA\RainCityscapes__1069.png,E:\UNSB_abl\full_dataset\RainCityscapes\input\1069.png,1069
E:\UNSB_Expl\UNSB_HEADFIGURE_SIXDOMAIN_EXPANDED_20260824\data_views\aio\trainA\RainCityscapes__0315.png,235111,,RainCityscapes,57,,,trainA,eead5b770abe900c7a397965cbbdd20d3e8dea656aeff1629d66c0f19de22d79,E:\UNSB_Expl\UNSB_HEADFIGURE_SIXDOMAIN_EXPANDED_20260824\data_views\single\RainCityscapes\trainA\RainCityscapes__0315.png,E:\UNSB_abl\full_dataset\RainCityscapes\input\0315.png,0315
E:\UNSB_Expl\UNSB_HEADFIGURE_SIXDOMAIN_EXPANDED_20260824\data_views\aio\trainA\RainCityscapes__0277.png,212687,,RainCityscapes,58,,,trainA,82d4148672c09b7a2f03c3b539b2a2a141df4059bf4a72ea476c82d03a3b0228,E:\UNSB_Expl\UNSB_HEADFIGURE_SIXDOMAIN_EXPANDED_20260824\data_views\single\RainCityscapes\trainA\RainCityscapes__0277.png,E:\UNSB_abl\full_dataset\RainCityscapes\input\0277.png,0277
E:\UNSB_Expl\UNSB_HEADFIGURE_SIXDOMAIN_EXPANDED_20260824\data_views\aio\trainA\RainCityscapes__0576.png,204964,,RainCityscapes,59,,,trainA,071e330db52f0c646fd4eff9536cbb8d86f5722456407b301af2a6fa667d9630,E:\UNSB_Expl\UNSB_HEADFIGURE_SIXDOMAIN_EXPANDED_20260824\data_views\single\RainCityscapes\trainA\RainCityscapes__0576.png,E:\UNSB_abl\full_dataset\RainCityscapes\input\0576.png,0576
E:\UNSB_Expl\UNSB_HEADFIGURE_SIXDOMAIN_EXPANDED_20260824\data_views\aio\trainA\RainCityscapes__0371.png,183911,,RainCityscapes,60,,,trainA,2836d0eda94e565d0173353e1d268565ffbd45281552e9015e77a5176d3a7225,E:\UNSB_Expl\UNSB_HEADFIGURE_SIXDOMAIN_EXPANDED_20260824\data_views\single\RainCityscapes\trainA\RainCityscapes__0371.png,E:\UNSB_abl\full_dataset\RainCityscapes\input\0371.png,0371
E:\UNSB_Expl\UNSB_HEADFIGURE_SIXDOMAIN_EXPANDED_20260824\data_views\aio\trainA\RainCityscapes__0390.png,208832,,RainCityscapes,61,,,trainA,45081d60fee7e83b4cf4591f925ebee78f11b4bd0ec13b77614a16565606a8c7,E:\UNSB_Expl\UNSB_HEADFIGURE_SIXDOMAIN_EXPANDED_20260824\data_views\single\RainCityscapes\trainA\RainCityscapes__0390.png,E:\UNSB_abl\full_dataset\RainCityscapes\input\0390.png,0390
E:\UNSB_Expl\UNSB_HEADFIGURE_SIXDOMAIN_EXPANDED_20260824\data_views\aio\trainA\RainCityscapes__1156.png,221960,,RainCityscapes,62,,,trainA,215f2db1565983464a5c96674d5d905962ea17d29f40a3ca7037d98c95070601,E:\UNSB_Expl\UNSB_HEADFIGURE_SIXDOMAIN_EXPANDED_20260824\data_views\single\RainCityscapes\trainA\RainCityscapes__1156.png,E:\UNSB_abl\full_dataset\RainCityscapes\input\1156.png,1156
E:\UNSB_Expl\UNSB_HEADFIGURE_SIXDOMAIN_EXPANDED_20260824\data_views\aio\trainA\RainCityscapes__1104.png,232422,,RainCityscapes,63,,,trainA,55b4cb214b041fca9f72d85b60de4d43a1b28d8c79e7db1d49ca2a68aa0a4672,E:\UNSB_Expl\UNSB_HEADFIGURE_SIXDOMAIN_EXPANDED_20260824\data_views\single\RainCityscapes\trainA\RainCityscapes__1104.png,E:\UNSB_abl\full_dataset\RainCityscapes\input\1104.png,1104
E:\UNSB_Expl\UNSB_HEADFIGURE_SIXDOMAIN_EXPANDED_20260824\data_views\aio\trainA\RainCityscapes__0525.png,191374,,RainCityscapes,64,,,trainA,41301b99627ce9499bdeba4580432c4c4a8577255267660a59356ef313d2c1c5,E:\UNSB_Expl\UNSB_HEADFIGURE_SIXDOMAIN_EXPANDED_20260824\data_views\single\RainCityscapes\trainA\RainCityscapes__0525.png,E:\UNSB_abl\full_dataset\RainCityscapes\input\0525.png,0525
E:\UNSB_Expl\UNSB_HEADFIGURE_SIXDOMAIN_EXPANDED_20260824\data_views\aio\trainA\RainCityscapes__0324.png,232376,,RainCityscapes,65,,,trainA,70d28597e78d30b16e4336660e8bf721a747c50ceec0011bea09645a71f5ddbf,E:\UNSB_Expl\UNSB_HEADFIGURE_SIXDOMAIN_EXPANDED_20260824\data_views\single\RainCityscapes\trainA\RainCityscapes__0324.png,E:\UNSB_abl\full_dataset\RainCityscapes\input\0324.png,0324
E:\UNSB_Expl\UNSB_HEADFIGURE_SIXDOMAIN_EXPANDED_20260824\data_views\aio\trainA\RainCityscapes__0541.png,221869,,RainCityscapes,66,,,trainA,5f943e03b442f08bd39f05902941bdefee947e341c055b78db961ac609e25019,E:\UNSB_Expl\UNSB_HEADFIGURE_SIXDOMAIN_EXPANDED_20260824\data_views\single\RainCityscapes\trainA\RainCityscapes__0541.png,E:\UNSB_abl\full_dataset\RainCityscapes\input\0541.png,0541
E:\UNSB_Expl\UNSB_HEADFIGURE_SIXDOMAIN_EXPANDED_20260824\data_views\aio\trainA\RainCityscapes__0752.png,242129,,RainCityscapes,67,,,trainA,da0bd0a215d7c498c5da17dc8d9f80cb5b70ecf855a8f75bc3d6bbb49e92b45b,E:\UNSB_Expl\UNSB_HEADFIGURE_SIXDOMAIN_EXPANDED_20260824\data_views\single\RainCityscapes\trainA\RainCityscapes__0752.png,E:\UNSB_abl\full_dataset\RainCityscapes\input\0752.png,0752
E:\UNSB_Expl\UNSB_HEADFIGURE_SIXDOMAIN_EXPANDED_20260824\data_views\aio\trainA\RainCityscapes__1060.png,231712,,RainCityscapes,68,,,trainA,c1ba1c428aa62958f1466fd931dc66df3b6051c6909c89b94797befc5be44f2a,E:\UNSB_Expl\UNSB_HEADFIGURE_SIXDOMAIN_EXPANDED_20260824\data_views\single\RainCityscapes\trainA\RainCityscapes__1060.png,E:\UNSB_abl\full_dataset\RainCityscapes\input\1060.png,1060
E:\UNSB_Expl\UNSB_HEADFIGURE_SIXDOMAIN_EXPANDED_20260824\data_views\aio\trainA\RainCityscapes__1107.png,211042,,RainCityscapes,69,,,trainA,31d0c78de90faaae364e786a20f31ce6be9e93503f66e434b353419c1462a970,E:\UNSB_Expl\UNSB_HEADFIGURE_SIXDOMAIN_EXPANDED_20260824\data_views\single\RainCityscapes\trainA\RainCityscapes__1107.png,E:\UNSB_abl\full_dataset\RainCityscapes\input\1107.png,1107
E:\UNSB_Expl\UNSB_HEADFIGURE_SIXDOMAIN_EXPANDED_20260824\data_views\aio\trainA\RainCityscapes__0960.png,251722,,RainCityscapes,70,,,trainA,911515817b9299a0c21271c6e8056a6caad82d2f5b78b6966db35a009f79db65,E:\UNSB_Expl\UNSB_HEADFIGURE_SIXDOMAIN_EXPANDED_20260824\data_views\single\RainCityscapes\trainA\RainCityscapes__0960.png,E:\UNSB_abl\full_dataset\RainCityscapes\input\0960.png,0960
E:\UNSB_Expl\UNSB_HEADFIGURE_SIXDOMAIN_EXPANDED_20260824\data_views\aio\trainA\RainCityscapes__0780.png,228376,,RainCityscapes,71,,,trainA,ddbe28f86e00597756072a62eb6156935f86684091ee338cf29df1f2253208b1,E:\UNSB_Expl\UNSB_HEADFIGURE_SIXDOMAIN_EXPANDED_20260824\data_views\single\RainCityscapes\trainA\RainCityscapes__0780.png,E:\UNSB_abl\full_dataset\RainCityscapes\input\0780.png,0780
E:\UNSB_Expl\UNSB_HEADFIGURE_SIXDOMAIN_EXPANDED_20260824\data_views\aio\trainA\RainCityscapes__0407.png,246225,,RainCityscapes,72,,,trainA,9d6d2f9264fabc9e73fa4241bbd0e00e6fecb8b69c841bbda3febdcec39ff6de,E:\UNSB_Expl\UNSB_HEADFIGURE_SIXDOMAIN_EXPANDED_20260824\data_views\single\RainCityscapes\trainA\RainCityscapes__0407.png,E:\UNSB_abl\full_dataset\RainCityscapes\input\0407.png,0407
E:\UNSB_Expl\UNSB_HEADFIGURE_SIXDOMAIN_EXPANDED_20260824\data_views\aio\trainA\RainCityscapes__0706.png,244314,,RainCityscapes,73,,,trainA,623c14d5935e83269da56302e335e32057780aca55f49154a530a5346aad16eb,E:\UNSB_Expl\UNSB_HEADFIGURE_SIXDOMAIN_EXPANDED_20260824\data_views\single\RainCityscapes\trainA\RainCityscapes__0706.png,E:\UNSB_abl\full_dataset\RainCityscapes\input\0706.png,0706
E:\UNSB_Expl\UNSB_HEADFIGURE_SIXDOMAIN_EXPANDED_20260824\data_views\aio\trainA\RainCityscapes__0337.png,208780,,RainCityscapes,74,,,trainA,70d6fb7e9150064ae04a39393520ec7a1906d1885c2640fe5c97974a61e49ca7,E:\UNSB_Expl\UNSB_HEADFIGURE_SIXDOMAIN_EXPANDED_20260824\data_views\single\RainCityscapes\trainA\RainCityscapes__0337.png,E:\UNSB_abl\full_dataset\RainCityscapes\input\0337.png,0337
E:\UNSB_Expl\UNSB_HEADFIGURE_SIXDOMAIN_EXPANDED_20260824\data_views\aio\trainA\RainCityscapes__0309.png,199041,,RainCityscapes,75,,,trainA,8ddc74e26a3bfe770e1d3913dacbb9d0003dbcca0b63b3e4792ddb4223194bd0,E:\UNSB_Expl\UNSB_HEADFIGURE_SIXDOMAIN_EXPANDED_20260824\data_views\single\RainCityscapes\trainA\RainCityscapes__0309.png,E:\UNSB_abl\full_dataset\RainCityscapes\input\0309.png,0309
E:\UNSB_Expl\UNSB_HEADFIGURE_SIXDOMAIN_EXPANDED_20260824\data_views\aio\trainA\RainCityscapes__0670.png,197691,,RainCityscapes,76,,,trainA,c6447c07ba2f32c1acb96f28a30ce14de1b1a2f8663f15f3607a358f30ece90f,E:\UNSB_Expl\UNSB_HEADFIGURE_SIXDOMAIN_EXPANDED_20260824\data_views\single\RainCityscapes\trainA\RainCityscapes__0670.png,E:\UNSB_abl\full_dataset\RainCityscapes\input\0670.png,0670
E:\UNSB_Expl\UNSB_HEADFIGURE_SIXDOMAIN_EXPANDED_20260824\data_views\aio\trainA\RainCityscapes__0114.png,205382,,RainCityscapes,77,,,trainA,befebc63a2de7e8b697fa58ff267778134e6edc05fefd693abc07ed818506fd7,E:\UNSB_Expl\UNSB_HEADFIGURE_SIXDOMAIN_EXPANDED_20260824\data_views\single\RainCityscapes\trainA\RainCityscapes__0114.png,E:\UNSB_abl\full_dataset\RainCityscapes\input\0114.png,0114
E:\UNSB_Expl\UNSB_HEADFIGURE_SIXDOMAIN_EXPANDED_20260824\data_views\aio\trainA\RainCityscapes__1153.png,241942,,RainCityscapes,78,,,trainA,5b87f7ac1a64b4d11b58280324da6903fdc35d28717a7ec65ef327e4e6bf5ed0,E:\UNSB_Expl\UNSB_HEADFIGURE_SIXDOMAIN_EXPANDED_20260824\data_views\single\RainCityscapes\trainA\RainCityscapes__1153.png,E:\UNSB_abl\full_dataset\RainCityscapes\input\1153.png,1153
E:\UNSB_Expl\UNSB_HEADFIGURE_SIXDOMAIN_EXPANDED_20260824\data_views\aio\trainA\RainCityscapes__0830.png,228567,,RainCityscapes,79,,,trainA,335eac49c64a51762d60e444671b1c6fea87a60b814101224ca0f8f0c50a3c1f,E:\UNSB_Expl\UNSB_HEADFIGURE_SIXDOMAIN_EXPANDED_20260824\data_views\single\RainCityscapes\trainA\RainCityscapes__0830.png,E:\UNSB_abl\full_dataset\RainCityscapes\input\0830.png,0830
E:\UNSB_Expl\UNSB_HEADFIGURE_SIXDOMAIN_EXPANDED_20260824\data_views\aio\trainA\RainCityscapes__0108.png,255602,,RainCityscapes,80,,,trainA,24090ac743b41ffc0b0092e0c76379209d505f88e95b2e40b758d7105901b3c1,E:\UNSB_Expl\UNSB_HEADFIGURE_SIXDOMAIN_EXPANDED_20260824\data_views\single\RainCityscapes\trainA\RainCityscapes__0108.png,E:\UNSB_abl\full_dataset\RainCityscapes\input\0108.png,0108
E:\UNSB_Expl\UNSB_HEADFIGURE_SIXDOMAIN_EXPANDED_20260824\data_views\aio\trainA\RainCityscapes__0364.png,194287,,RainCityscapes,81,,,trainA,4f820598e3230b94e4a33a334c7ad989d185ab0ddf39a92cbfbc17e37ffd5710,E:\UNSB_Expl\UNSB_HEADFIGURE_SIXDOMAIN_EXPANDED_20260824\data_views\single\RainCityscapes\trainA\RainCityscapes__0364.png,E:\UNSB_abl\full_dataset\RainCityscapes\input\0364.png,0364
E:\UNSB_Expl\UNSB_HEADFIGURE_SIXDOMAIN_EXPANDED_20260824\data_views\aio\trainA\RainCityscapes__0933.png,207025,,RainCityscapes,82,,,trainA,9f194a1c17c3cad6f3921c82c77075f35000b2ccfa596317e02afb3d4965c399,E:\UNSB_Expl\UNSB_HEADFIGURE_SIXDOMAIN_EXPANDED_20260824\data_views\single\RainCityscapes\trainA\RainCityscapes__0933.png,E:\UNSB_abl\full_dataset\RainCityscapes\input\0933.png,0933
E:\UNSB_Expl\UNSB_HEADFIGURE_SIXDOMAIN_EXPANDED_20260824\data_views\aio\trainA\RainCityscapes__0411.png,201596,,RainCityscapes,83,,,trainA,71c0a64cdc006f1bd1532367f79cc7979edb37c1385f167572d0e91b15b89f37,E:\UNSB_Expl\UNSB_HEADFIGURE_SIXDOMAIN_EXPANDED_20260824\data_views\single\RainCityscapes\trainA\RainCityscapes__0411.png,E:\UNSB_abl\full_dataset\RainCityscapes\input\0411.png,0411
E:\UNSB_Expl\UNSB_HEADFIGURE_SIXDOMAIN_EXPANDED_20260824\data_views\aio\trainA\RainCityscapes__0285.png,192514,,RainCityscapes,84,,,trainA,d99f2542be0172d2f5df3eb9af8ae5055b53d9717c173549527a7b816483f9a2,E:\UNSB_Expl\UNSB_HEADFIGURE_SIXDOMAIN_EXPANDED_20260824\data_views\single\RainCityscapes\trainA\RainCityscapes__0285.png,E:\UNSB_abl\full_dataset\RainCityscapes\input\0285.png,0285
E:\UNSB_Expl\UNSB_HEADFIGURE_SIXDOMAIN_EXPANDED_20260824\data_views\aio\trainA\RainCityscapes__0568.png,219973,,RainCityscapes,85,,,trainA,9689842ede2d807debfd3ddea502cd8023704cf83b41562aa1af937a9d293813,E:\UNSB_Expl\UNSB_HEADFIGURE_SIXDOMAIN_EXPANDED_20260824\data_views\single\RainCityscapes\trainA\RainCityscapes__0568.png,E:\UNSB_abl\full_dataset\RainCityscapes\input\0568.png,0568
E:\UNSB_Expl\UNSB_HEADFIGURE_SIXDOMAIN_EXPANDED_20260824\data_views\aio\trainA\RainCityscapes__0842.png,228811,,RainCityscapes,86,,,trainA,8a20292a623b535f7c459ce9d2b5bd3c7a53beb2d318d1b9a2303c4b3fbc3752,E:\UNSB_Expl\UNSB_HEADFIGURE_SIXDOMAIN_EXPANDED_20260824\data_views\single\RainCityscapes\trainA\RainCityscapes__0842.png,E:\UNSB_abl\full_dataset\RainCityscapes\input\0842.png,0842
E:\UNSB_Expl\UNSB_HEADFIGURE_SIXDOMAIN_EXPANDED_20260824\data_views\aio\trainA\RainCityscapes__0420.png,220642,,RainCityscapes,87,,,trainA,8da54e3ba2c3b9915125022663a9660d90e82798254e4bf0e7e9edc58bac42c0,E:\UNSB_Expl\UNSB_HEADFIGURE_SIXDOMAIN_EXPANDED_20260824\data_views\single\RainCityscapes\trainA\RainCityscapes__0420.png,E:\UNSB_abl\full_dataset\RainCityscapes\input\0420.png,0420
E:\UNSB_Expl\UNSB_HEADFIGURE_SIXDOMAIN_EXPANDED_20260824\data_views\aio\trainA\RainCityscapes__1140.png,232253,,RainCityscapes,88,,,trainA,ccc256f13de851ba2a8fa799da44a7b6340bdf3581a045daf87fb9dad98188dc,E:\UNSB_Expl\UNSB_HEADFIGURE_SIXDOMAIN_EXPANDED_20260824\data_views\single\RainCityscapes\trainA\RainCityscapes__1140.png,E:\UNSB_abl\full_dataset\RainCityscapes\input\1140.png,1140
E:\UNSB_Expl\UNSB_HEADFIGURE_SIXDOMAIN_EXPANDED_20260824\data_views\aio\trainA\RainCityscapes__0672.png,192934,,RainCityscapes,89,,,trainA,5b814e5a6a116c0b90f5818134487c9aeefe46084c192c16abdbdc58786baa7c,E:\UNSB_Expl\UNSB_HEADFIGURE_SIXDOMAIN_EXPANDED_20260824\data_views\single\RainCityscapes\trainA\RainCityscapes__0672.png,E:\UNSB_abl\full_dataset\RainCityscapes\input\0672.png,0672
E:\UNSB_Expl\UNSB_HEADFIGURE_SIXDOMAIN_EXPANDED_20260824\data_views\aio\trainA\RainCityscapes__0677.png,219244,,RainCityscapes,90,,,trainA,c42ce08aeb7789655aa2555be9ddca9717911af997f1b14cd33f5425d98d4920,E:\UNSB_Expl\UNSB_HEADFIGURE_SIXDOMAIN_EXPANDED_20260824\data_views\single\RainCityscapes\trainA\RainCityscapes__0677.png,E:\UNSB_abl\full_dataset\RainCityscapes\input\0677.png,0677
E:\UNSB_Expl\UNSB_HEADFIGURE_SIXDOMAIN_EXPANDED_20260824\data_views\aio\trainA\RainCityscapes__0250.png,201379,,RainCityscapes,91,,,trainA,78eb2924d2d16f5b0dcae2116188bc3f41202d747cc360ec47838279611041c4,E:\UNSB_Expl\UNSB_HEADFIGURE_SIXDOMAIN_EXPANDED_20260824\data_views\single\RainCityscapes\trainA\RainCityscapes__0250.png,E:\UNSB_abl\full_dataset\RainCityscapes\input\0250.png,0250
E:\UNSB_Expl\UNSB_HEADFIGURE_SIXDOMAIN_EXPANDED_20260824\data_views\aio\trainA\RainCityscapes__0831.png,164273,,RainCityscapes,92,,,trainA,b2f3ad03acad8ae0104b4e20cd4faaab92f6728acdc2cdacd80c8ee1c62c28b9,E:\UNSB_Expl\UNSB_HEADFIGURE_SIXDOMAIN_EXPANDED_20260824\data_views\single\RainCityscapes\trainA\RainCityscapes__0831.png,E:\UNSB_abl\full_dataset\RainCityscapes\input\0831.png,0831
E:\UNSB_Expl\UNSB_HEADFIGURE_SIXDOMAIN_EXPANDED_20260824\data_views\aio\trainA\RainCityscapes__0855.png,224759,,RainCityscapes,93,,,trainA,455105d5e28e3880eb4bcba2ca354d9350a023d1239e6f6b62d342e85034d00e,E:\UNSB_Expl\UNSB_HEADFIGURE_SIXDOMAIN_EXPANDED_20260824\data_views\single\RainCityscapes\trainA\RainCityscapes__0855.png,E:\UNSB_abl\full_dataset\RainCityscapes\input\0855.png,0855
E:\UNSB_Expl\UNSB_HEADFIGURE_SIXDOMAIN_EXPANDED_20260824\data_views\aio\trainA\RainCityscapes__0389.png,189287,,RainCityscapes,94,,,trainA,29ee98e2026736a52c4c6d2746ed9bd981e77805c923b5507253aa02831d9490,E:\UNSB_Expl\UNSB_HEADFIGURE_SIXDOMAIN_EXPANDED_20260824\data_views\single\RainCityscapes\trainA\RainCityscapes__0389.png,E:\UNSB_abl\full_dataset\RainCityscapes\input\0389.png,0389
E:\UNSB_Expl\UNSB_HEADFIGURE_SIXDOMAIN_EXPANDED_20260824\data_views\aio\trainA\RainCityscapes__0313.png,180236,,RainCityscapes,95,,,trainA,1ed471425353d870bc91166b48e2567d5984c1c7f7bb380afc8da715e76b4806,E:\UNSB_Expl\UNSB_HEADFIGURE_SIXDOMAIN_EXPANDED_20260824\data_views\single\RainCityscapes\trainA\RainCityscapes__0313.png,E:\UNSB_abl\full_dataset\RainCityscapes\input\0313.png,0313
E:\UNSB_Expl\UNSB_HEADFIGURE_SIXDOMAIN_EXPANDED_20260824\data_views\aio\trainA\RainCityscapes__0628.png,166250,,RainCityscapes,96,,,trainA,c60d57ae8d7554d9251fdea43b65fd1673c4b3eeec05efa0d97adb0a3fa20122,E:\UNSB_Expl\UNSB_HEADFIGURE_SIXDOMAIN_EXPANDED_20260824\data_views\single\RainCityscapes\trainA\RainCityscapes__0628.png,E:\UNSB_abl\full_dataset\RainCityscapes\input\0628.png,0628
E:\UNSB_Expl\UNSB_HEADFIGURE_SIXDOMAIN_EXPANDED_20260824\data_views\aio\trainA\RainCityscapes__0904.png,207012,,RainCityscapes,97,,,trainA,207efb8da77b4944d333eb6c4edbcbe1adf71f85fdaa1aedd800112285f865ff,E:\UNSB_Expl\UNSB_HEADFIGURE_SIXDOMAIN_EXPANDED_20260824\data_views\single\RainCityscapes\trainA\RainCityscapes__0904.png,E:\UNSB_abl\full_dataset\RainCityscapes\input\0904.png,0904
E:\UNSB_Expl\UNSB_HEADFIGURE_SIXDOMAIN_EXPANDED_20260824\data_views\aio\trainA\RainCityscapes__0820.png,221918,,RainCityscapes,98,,,trainA,20a68192e3c15cfd052a885d8df8cef73b8fb3688005d515b667daa564b1075f,E:\UNSB_Expl\UNSB_HEADFIGURE_SIXDOMAIN_EXPANDED_20260824\data_views\single\RainCityscapes\trainA\RainCityscapes__0820.png,E:\UNSB_abl\full_dataset\RainCityscapes\input\0820.png,0820
E:\UNSB_Expl\UNSB_HEADFIGURE_SIXDOMAIN_EXPANDED_20260824\data_views\aio\trainA\RainCityscapes__1053.png,208402,,RainCityscapes,99,,,trainA,eb5f93dbc7a0a6b8a1e86bec2036307ceaf5d51a47635abac7e434f5c104cc1c,E:\UNSB_Expl\UNSB_HEADFIGURE_SIXDOMAIN_EXPANDED_20260824\data_views\single\RainCityscapes\trainA\RainCityscapes__1053.png,E:\UNSB_abl\full_dataset\RainCityscapes\input\1053.png,1053
E:\UNSB_Expl\UNSB_HEADFIGURE_SIXDOMAIN_EXPANDED_20260824\data_views\aio\trainA\RainCityscapes__0611.png,218840,,RainCityscapes,100,,,trainA,a19a8a392a6581f26db9de0dd818aa67bc38bcba0a35d8980541bfc287973fc0,E:\UNSB_Expl\UNSB_HEADFIGURE_SIXDOMAIN_EXPANDED_20260824\data_views\single\RainCityscapes\trainA\RainCityscapes__0611.png,E:\UNSB_abl\full_dataset\RainCityscapes\input\0611.png,0611
E:\UNSB_Expl\UNSB_HEADFIGURE_SIXDOMAIN_EXPANDED_20260824\data_views\aio\trainA\RainCityscapes__0475.png,252191,,RainCityscapes,101,,,trainA,b1c559bb86e6120a2a41491390cbad0cf82f1683a4d66a6166bce1084961bb9e,E:\UNSB_Expl\UNSB_HEADFIGURE_SIXDOMAIN_EXPANDED_20260824\data_views\single\RainCityscapes\trainA\RainCityscapes__0475.png,E:\UNSB_abl\full_dataset\RainCityscapes\input\0475.png,0475
E:\UNSB_Expl\UNSB_HEADFIGURE_SIXDOMAIN_EXPANDED_20260824\data_views\aio\trainA\RainCityscapes__0714.png,205342,,RainCityscapes,102,,,trainA,259864cb42b31f683800e2f9181305c4bccfe5c7b8ba564877d2f303b0806f39,E:\UNSB_Expl\UNSB_HEADFIGURE_SIXDOMAIN_EXPANDED_20260824\data_views\single\RainCityscapes\trainA\RainCityscapes__0714.png,E:\UNSB_abl\full_dataset\RainCityscapes\input\0714.png,0714
E:\UNSB_Expl\UNSB_HEADFIGURE_SIXDOMAIN_EXPANDED_20260824\data_views\aio\trainA\RainCityscapes__0761.png,224877,,RainCityscapes,103,,,trainA,3df845af4bd7cf113551443dff25d1ab970334014347535f451ac0580aa3e309,E:\UNSB_Expl\UNSB_HEADFIGURE_SIXDOMAIN_EXPANDED_20260824\data_views\single\RainCityscapes\trainA\RainCityscapes__0761.png,E:\UNSB_abl\full_dataset\RainCityscapes\input\0761.png,0761
E:\UNSB_Expl\UNSB_HEADFIGURE_SIXDOMAIN_EXPANDED_20260824\data_views\aio\trainA\RainCityscapes__0482.png,171596,,RainCityscapes,104,,,trainA,3c9483b62e0df9b3c89b23bf253114fd9e4dcddf690321695258a9b07638a227,E:\UNSB_Expl\UNSB_HEADFIGURE_SIXDOMAIN_EXPANDED_20260824\data_views\single\RainCityscapes\trainA\RainCityscapes__0482.png,E:\UNSB_abl\full_dataset\RainCityscapes\input\0482.png,0482
E:\UNSB_Expl\UNSB_HEADFIGURE_SIXDOMAIN_EXPANDED_20260824\data_views\aio\trainA\RainCityscapes__0823.png,224604,,RainCityscapes,105,,,trainA,d0ec33c14387b0ae1754f600b874e5a69480a006676a3e336d726155297efabb,E:\UNSB_Expl\UNSB_HEADFIGURE_SIXDOMAIN_EXPANDED_20260824\data_views\single\RainCityscapes\trainA\RainCityscapes__0823.png,E:\UNSB_abl\full_dataset\RainCityscapes\input\0823.png,0823
E:\UNSB_Expl\UNSB_HEADFIGURE_SIXDOMAIN_EXPANDED_20260824\data_views\aio\trainA\RainCityscapes__0244.png,189789,,RainCityscapes,106,,,trainA,bf989107ef29b647adedb67dd2283b965ea8e304edd10d7941a3b04e8ec41da4,E:\UNSB_Expl\UNSB_HEADFIGURE_SIXDOMAIN_EXPANDED_20260824\data_views\single\RainCityscapes\trainA\RainCityscapes__0244.png,E:\UNSB_abl\full_dataset\RainCityscapes\input\0244.png,0244
E:\UNSB_Expl\UNSB_HEADFIGURE_SIXDOMAIN_EXPANDED_20260824\data_views\aio\trainA\RainCityscapes__1062.png,174092,,RainCityscapes,107,,,trainA,79f3ec3a642404b29c0b300b5a3e8c34241107d199147c69db92796665469cdb,E:\UNSB_Expl\UNSB_HEADFIGURE_SIXDOMAIN_EXPANDED_20260824\data_views\single\RainCityscapes\trainA\RainCityscapes__1062.png,E:\UNSB_abl\full_dataset\RainCityscapes\input\1062.png,1062
E:\UNSB_Expl\UNSB_HEADFIGURE_SIXDOMAIN_EXPANDED_20260824\data_views\aio\trainA\RainCityscapes__0158.png,233924,,RainCityscapes,108,,,trainA,b14e47c74c2c0af942c9dc3e3c651daeac21eb0547a1e74a5a97697fbdd57adb,E:\UNSB_Expl\UNSB_HEADFIGURE_SIXDOMAIN_EXPANDED_20260824\data_views\single\RainCityscapes\trainA\RainCityscapes__0158.png,E:\UNSB_abl\full_dataset\RainCityscapes\input\0158.png,0158
E:\UNSB_Expl\UNSB_HEADFIGURE_SIXDOMAIN_EXPANDED_20260824\data_views\aio\trainA\RainCityscapes__0730.png,213187,,RainCityscapes,109,,,trainA,dd2d8a1999f0071795f13032e4b7840592f6a0b13c7752bcfb20e20327af4a59,E:\UNSB_Expl\UNSB_HEADFIGURE_SIXDOMAIN_EXPANDED_20260824\data_views\single\RainCityscapes\trainA\RainCityscapes__0730.png,E:\UNSB_abl\full_dataset\RainCityscapes\input\0730.png,0730
E:\UNSB_Expl\UNSB_HEADFIGURE_SIXDOMAIN_EXPANDED_20260824\data_views\aio\trainA\RainCityscapes__1109.png,209345,,RainCityscapes,110,,,trainA,d3dc738cf5ec4cb5d335bd00bdf8eacc449ceb42dee35e4fd6aacbedcc566602,E:\UNSB_Expl\UNSB_HEADFIGURE_SIXDOMAIN_EXPANDED_20260824\data_views\single\RainCityscapes\trainA\RainCityscapes__1109.png,E:\UNSB_abl\full_dataset\RainCityscapes\input\1109.png,1109
E:\UNSB_Expl\UNSB_HEADFIGURE_SIXDOMAIN_EXPANDED_20260824\data_views\aio\trainA\RainCityscapes__0836.png,190641,,RainCityscapes,111,,,trainA,00504975f29f102087cbf48a368b8ef407fc52b1cc41ce46a661540f7f057586,E:\UNSB_Expl\UNSB_HEADFIGURE_SIXDOMAIN_EXPANDED_20260824\data_views\single\RainCityscapes\trainA\RainCityscapes__0836.png,E:\UNSB_abl\full_dataset\RainCityscapes\input\0836.png,0836
E:\UNSB_Expl\UNSB_HEADFIGURE_SIXDOMAIN_EXPANDED_20260824\data_views\aio\trainA\RainCityscapes__0229.png,242421,,RainCityscapes,112,,,trainA,011334f7de6cc1f42df25d41bb185ad530c730f91e597f20829136dd823f67ed,E:\UNSB_Expl\UNSB_HEADFIGURE_SIXDOMAIN_EXPANDED_20260824\data_views\single\RainCityscapes\trainA\RainCityscapes__0229.png,E:\UNSB_abl\full_dataset\RainCityscapes\input\0229.png,0229
E:\UNSB_Expl\UNSB_HEADFIGURE_SIXDOMAIN_EXPANDED_20260824\data_views\aio\trainA\RainCityscapes__0849.png,229538,,RainCityscapes,113,,,trainA,df5e2e98ce17d518a30cb54fda542480c51cf471cea64079aadcdf99c4d4826e,E:\UNSB_Expl\UNSB_HEADFIGURE_SIXDOMAIN_EXPANDED_20260824\data_views\single\RainCityscapes\trainA\RainCityscapes__0849.png,E:\UNSB_abl\full_dataset\RainCityscapes\input\0849.png,0849
E:\UNSB_Expl\UNSB_HEADFIGURE_SIXDOMAIN_EXPANDED_20260824\data_views\aio\trainA\RainCityscapes__0638.png,222011,,RainCityscapes,114,,,trainA,d6440a0cec57e5decca1ac34dbe7874a6831cd0a16283f30fd2363d308292762,E:\UNSB_Expl\UNSB_HEADFIGURE_SIXDOMAIN_EXPANDED_20260824\data_views\single\RainCityscapes\trainA\RainCityscapes__0638.png,E:\UNSB_abl\full_dataset\RainCityscapes\input\0638.png,0638
E:\UNSB_Expl\UNSB_HEADFIGURE_SIXDOMAIN_EXPANDED_20260824\data_views\aio\trainA\RainCityscapes__0186.png,214360,,RainCityscapes,115,,,trainA,8e23833cdc993c87111a39a28985590de500d2b557d1b04e9a55a33dde7a5676,E:\UNSB_Expl\UNSB_HEADFIGURE_SIXDOMAIN_EXPANDED_20260824\data_views\single\RainCityscapes\trainA\RainCityscapes__0186.png,E:\UNSB_abl\full_dataset\RainCityscapes\input\0186.png,0186
E:\UNSB_Expl\UNSB_HEADFIGURE_SIXDOMAIN_EXPANDED_20260824\data_views\aio\trainA\RainCityscapes__0537.png,198357,,RainCityscapes,116,,,trainA,4e0914ea8efb3f881366679aab1f126a722bddd96c7f1e251f8375252f5fb6cd,E:\UNSB_Expl\UNSB_HEADFIGURE_SIXDOMAIN_EXPANDED_20260824\data_views\single\RainCityscapes\trainA\RainCityscapes__0537.png,E:\UNSB_abl\full_dataset\RainCityscapes\input\0537.png,0537
E:\UNSB_Expl\UNSB_HEADFIGURE_SIXDOMAIN_EXPANDED_20260824\data_views\aio\trainA\RainCityscapes__1024.png,205768,,RainCityscapes,117,,,trainA,6c4c1ed7a5650255c31cc536780e56a137100c5d8263ccfb39467ed313d5fee9,E:\UNSB_Expl\UNSB_HEADFIGURE_SIXDOMAIN_EXPANDED_20260824\data_views\single\RainCityscapes\trainA\RainCityscapes__1024.png,E:\UNSB_abl\full_dataset\RainCityscapes\input\1024.png,1024
E:\UNSB_Expl\UNSB_HEADFIGURE_SIXDOMAIN_EXPANDED_20260824\data_views\aio\trainA\RainCityscapes__0067.png,201954,,RainCityscapes,118,,,trainA,d01d3c7f8131b3832730ec0e08218ed86be6da99d1b03aa889f9d836eb22c126,E:\UNSB_Expl\UNSB_HEADFIGURE_SIXDOMAIN_EXPANDED_20260824\data_views\single\RainCityscapes\trainA\RainCityscapes__0067.png,E:\UNSB_abl\full_dataset\RainCityscapes\input\0067.png,0067
E:\UNSB_Expl\UNSB_HEADFIGURE_SIXDOMAIN_EXPANDED_20260824\data_views\aio\trainA\RainCityscapes__0421.png,206527,,RainCityscapes,119,,,trainA,1e2b74964ac388963dc8ee8564512520fcce41d0e92c2e97e7d9ff90a92cb167,E:\UNSB_Expl\UNSB_HEADFIGURE_SIXDOMAIN_EXPANDED_20260824\data_views\single\RainCityscapes\trainA\RainCityscapes__0421.png,E:\UNSB_abl\full_dataset\RainCityscapes\input\0421.png,0421
E:\UNSB_Expl\UNSB_HEADFIGURE_SIXDOMAIN_EXPANDED_20260824\data_views\aio\trainB\RainCityscapes__0441.png,210468,,RainCityscapes,0,,,trainB,b6471608d2224d13ec974348a23b960db5eed31f685febdc588383b216730539,E:\UNSB_Expl\UNSB_HEADFIGURE_SIXDOMAIN_EXPANDED_20260824\data_views\single\RainCityscapes\trainB\RainCityscapes__0441.png,E:\UNSB_abl\full_dataset\RainCityscapes\target\0441.png,0441
E:\UNSB_Expl\UNSB_HEADFIGURE_SIXDOMAIN_EXPANDED_20260824\data_views\aio\trainB\RainCityscapes__0705.png,207134,,RainCityscapes,1,,,trainB,9e83a8c63e5bb3a86acc8d23a27fcffc6be3fa0ceb4dd6c9f0980f25f2b2673a,E:\UNSB_Expl\UNSB_HEADFIGURE_SIXDOMAIN_EXPANDED_20260824\data_views\single\RainCityscapes\trainB\RainCityscapes__0705.png,E:\UNSB_abl\full_dataset\RainCityscapes\target\0705.png,0705
E:\UNSB_Expl\UNSB_HEADFIGURE_SIXDOMAIN_EXPANDED_20260824\data_views\aio\trainB\RainCityscapes__0648.png,196339,,RainCityscapes,2,,,trainB,95582eb82efe86840b18aa2704d1ab46d2ac944b25c1dd4ec71b1ce3fef126a4,E:\UNSB_Expl\UNSB_HEADFIGURE_SIXDOMAIN_EXPANDED_20260824\data_views\single\RainCityscapes\trainB\RainCityscapes__0648.png,E:\UNSB_abl\full_dataset\RainCityscapes\target\0648.png,0648
E:\UNSB_Expl\UNSB_HEADFIGURE_SIXDOMAIN_EXPANDED_20260824\data_views\aio\trainB\RainCityscapes__0145.png,204556,,RainCityscapes,3,,,trainB,cbacc4c204a32c6877556d8b22fc18f2987c1825ab2bbe643930925da381026c,E:\UNSB_Expl\UNSB_HEADFIGURE_SIXDOMAIN_EXPANDED_20260824\data_views\single\RainCityscapes\trainB\RainCityscapes__0145.png,E:\UNSB_abl\full_dataset\RainCityscapes\target\0145.png,0145
E:\UNSB_Expl\UNSB_HEADFIGURE_SIXDOMAIN_EXPANDED_20260824\data_views\aio\trainB\RainCityscapes__0811.png,217146,,RainCityscapes,4,,,trainB,2c21bc16cdb747e29b0e686eb369120e7a99a6c30a8532045732cbc91c264eb2,E:\UNSB_Expl\UNSB_HEADFIGURE_SIXDOMAIN_EXPANDED_20260824\data_views\single\RainCityscapes\trainB\RainCityscapes__0811.png,E:\UNSB_abl\full_dataset\RainCityscapes\target\0811.png,0811
E:\UNSB_Expl\UNSB_HEADFIGURE_SIXDOMAIN_EXPANDED_20260824\data_views\aio\trainB\RainCityscapes__0938.png,204326,,RainCityscapes,5,,,trainB,1c599a6ca4ea6fd3db3a4d8c9d980eb876197281f12979cb32a354103eee49b0,E:\UNSB_Expl\UNSB_HEADFIGURE_SIXDOMAIN_EXPANDED_20260824\data_views\single\RainCityscapes\trainB\RainCityscapes__0938.png,E:\UNSB_abl\full_dataset\RainCityscapes\target\0938.png,0938
E:\UNSB_Expl\UNSB_HEADFIGURE_SIXDOMAIN_EXPANDED_20260824\data_views\aio\trainB\RainCityscapes__0054.png,233147,,RainCityscapes,6,,,trainB,1c0dca7124a0fd6403b194fa22ad538294d7db95114848f161a1486d4f1c2e22,E:\UNSB_Expl\UNSB_HEADFIGURE_SIXDOMAIN_EXPANDED_20260824\data_views\single\RainCityscapes\trainB\RainCityscapes__0054.png,E:\UNSB_abl\full_dataset\RainCityscapes\target\0054.png,0054
E:\UNSB_Expl\UNSB_HEADFIGURE_SIXDOMAIN_EXPANDED_20260824\data_views\aio\trainB\RainCityscapes__0147.png,228655,,RainCityscapes,7,,,trainB,17ed8f70f612b848880d6400b8d2d9a488cb5a98d6a76f324ca3d71cc5559da8,E:\UNSB_Expl\UNSB_HEADFIGURE_SIXDOMAIN_EXPANDED_20260824\data_views\single\RainCityscapes\trainB\RainCityscapes__0147.png,E:\UNSB_abl\full_dataset\RainCityscapes\target\0147.png,0147
E:\UNSB_Expl\UNSB_HEADFIGURE_SIXDOMAIN_EXPANDED_20260824\data_views\aio\trainB\RainCityscapes__0899.png,209112,,RainCityscapes,8,,,trainB,8a2ca0b6a678a7579258bdb0f07c76e7ad849090111fbd4f38f6d4a7dceb9b97,E:\UNSB_Expl\UNSB_HEADFIGURE_SIXDOMAIN_EXPANDED_20260824\data_views\single\RainCityscapes\trainB\RainCityscapes__0899.png,E:\UNSB_abl\full_dataset\RainCityscapes\target\0899.png,0899
E:\UNSB_Expl\UNSB_HEADFIGURE_SIXDOMAIN_EXPANDED_20260824\data_views\aio\trainB\RainCityscapes__0321.png,209836,,RainCityscapes,9,,,trainB,a2433e47b02b872acd38b3518eed21fdbc5c7ade8e71e1854be9c590ddef1a42,E:\UNSB_Expl\UNSB_HEADFIGURE_SIXDOMAIN_EXPANDED_20260824\data_views\single\RainCityscapes\trainB\RainCityscapes__0321.png,E:\UNSB_abl\full_dataset\RainCityscapes\target\0321.png,0321
E:\UNSB_Expl\UNSB_HEADFIGURE_SIXDOMAIN_EXPANDED_20260824\data_views\aio\trainB\RainCityscapes__0967.png,214694,,RainCityscapes,10,,,trainB,0d34d088fb2b2f3f4495357623e9206d5e40cb4d8135bf03d9089496ba252d7d,E:\UNSB_Expl\UNSB_HEADFIGURE_SIXDOMAIN_EXPANDED_20260824\data_views\single\RainCityscapes\trainB\RainCityscapes__0967.png,E:\UNSB_abl\full_dataset\RainCityscapes\target\0967.png,0967
E:\UNSB_Expl\UNSB_HEADFIGURE_SIXDOMAIN_EXPANDED_20260824\data_views\aio\trainB\RainCityscapes__0900.png,191320,,RainCityscapes,11,,,trainB,a5f212034ba7c15d59c03d17febeafd9ccc5dc982b0a3bff5c488aa19f276e3e,E:\UNSB_Expl\UNSB_HEADFIGURE_SIXDOMAIN_EXPANDED_20260824\data_views\single\RainCityscapes\trainB\RainCityscapes__0900.png,E:\UNSB_abl\full_dataset\RainCityscapes\target\0900.png,0900
E:\UNSB_Expl\UNSB_HEADFIGURE_SIXDOMAIN_EXPANDED_20260824\data_views\aio\trainB\RainCityscapes__0958.png,204326,,RainCityscapes,12,,,trainB,1c599a6ca4ea6fd3db3a4d8c9d980eb876197281f12979cb32a354103eee49b0,E:\UNSB_Expl\UNSB_HEADFIGURE_SIXDOMAIN_EXPANDED_20260824\data_views\single\RainCityscapes\trainB\RainCityscapes__0958.png,E:\UNSB_abl\full_dataset\RainCityscapes\target\0958.png,0958
E:\UNSB_Expl\UNSB_HEADFIGURE_SIXDOMAIN_EXPANDED_20260824\data_views\aio\trainB\RainCityscapes__1030.png,216026,,RainCityscapes,13,,,trainB,6f2616a551e208884b919586f9e78e4f8b588fbc4ee780c36068801f7939949d,E:\UNSB_Expl\UNSB_HEADFIGURE_SIXDOMAIN_EXPANDED_20260824\data_views\single\RainCityscapes\trainB\RainCityscapes__1030.png,E:\UNSB_abl\full_dataset\RainCityscapes\target\1030.png,1030
E:\UNSB_Expl\UNSB_HEADFIGURE_SIXDOMAIN_EXPANDED_20260824\data_views\aio\trainB\RainCityscapes__0014.png,242000,,RainCityscapes,14,,,trainB,26e637438072052f0d2e229eadf95a215cab702df1f04551bc0b883a0d40984a,E:\UNSB_Expl\UNSB_HEADFIGURE_SIXDOMAIN_EXPANDED_20260824\data_views\single\RainCityscapes\trainB\RainCityscapes__0014.png,E:\UNSB_abl\full_dataset\RainCityscapes\target\0014.png,0014
E:\UNSB_Expl\UNSB_HEADFIGURE_SIXDOMAIN_EXPANDED_20260824\data_views\aio\trainB\RainCityscapes__1080.png,214269,,RainCityscapes,15,,,trainB,c4f3ea09735f0dd7b1fedbe13ab08b5a82a28da144b706e011863518a3b52376,E:\UNSB_Expl\UNSB_HEADFIGURE_SIXDOMAIN_EXPANDED_20260824\data_views\single\RainCityscapes\trainB\RainCityscapes__1080.png,E:\UNSB_abl\full_dataset\RainCityscapes\target\1080.png,1080
E:\UNSB_Expl\UNSB_HEADFIGURE_SIXDOMAIN_EXPANDED_20260824\data_views\aio\trainB\RainCityscapes__0219.png,222220,,RainCityscapes,16,,,trainB,ed8156df323b1f6f198f5b40f4347215c41e0736594111b0f0ad642df56e8937,E:\UNSB_Expl\UNSB_HEADFIGURE_SIXDOMAIN_EXPANDED_20260824\data_views\single\RainCityscapes\trainB\RainCityscapes__0219.png,E:\UNSB_abl\full_dataset\RainCityscapes\target\0219.png,0219
E:\UNSB_Expl\UNSB_HEADFIGURE_SIXDOMAIN_EXPANDED_20260824\data_views\aio\trainB\RainCityscapes__0072.png,222220,,RainCityscapes,17,,,trainB,ed8156df323b1f6f198f5b40f4347215c41e0736594111b0f0ad642df56e8937,E:\UNSB_Expl\UNSB_HEADFIGURE_SIXDOMAIN_EXPANDED_20260824\data_views\single\RainCityscapes\trainB\RainCityscapes__0072.png,E:\UNSB_abl\full_dataset\RainCityscapes\target\0072.png,0072
E:\UNSB_Expl\UNSB_HEADFIGURE_SIXDOMAIN_EXPANDED_20260824\data_views\aio\trainB\RainCityscapes__0434.png,196339,,RainCityscapes,18,,,trainB,95582eb82efe86840b18aa2704d1ab46d2ac944b25c1dd4ec71b1ce3fef126a4,E:\UNSB_Expl\UNSB_HEADFIGURE_SIXDOMAIN_EXPANDED_20260824\data_views\single\RainCityscapes\trainB\RainCityscapes__0434.png,E:\UNSB_abl\full_dataset\RainCityscapes\target\0434.png,0434
E:\UNSB_Expl\UNSB_HEADFIGURE_SIXDOMAIN_EXPANDED_20260824\data_views\aio\trainB\RainCityscapes__0214.png,199434,,RainCityscapes,19,,,trainB,61ff60eb0cf1028ca95eebdaf3f039aee205d9cbdf12e98230c247f2efc79d18,E:\UNSB_Expl\UNSB_HEADFIGURE_SIXDOMAIN_EXPANDED_20260824\data_views\single\RainCityscapes\trainB\RainCityscapes__0214.png,E:\UNSB_abl\full_dataset\RainCityscapes\target\0214.png,0214
E:\UNSB_Expl\UNSB_HEADFIGURE_SIXDOMAIN_EXPANDED_20260824\data_views\aio\trainB\RainCityscapes__0217.png,222220,,RainCityscapes,20,,,trainB,ed8156df323b1f6f198f5b40f4347215c41e0736594111b0f0ad642df56e8937,E:\UNSB_Expl\UNSB_HEADFIGURE_SIXDOMAIN_EXPANDED_20260824\data_views\single\RainCityscapes\trainB\RainCityscapes__0217.png,E:\UNSB_abl\full_dataset\RainCityscapes\target\0217.png,0217
E:\UNSB_Expl\UNSB_HEADFIGURE_SIXDOMAIN_EXPANDED_20260824\data_views\aio\trainB\RainCityscapes__0131.png,210468,,RainCityscapes,21,,,trainB,b6471608d2224d13ec974348a23b960db5eed31f685febdc588383b216730539,E:\UNSB_Expl\UNSB_HEADFIGURE_SIXDOMAIN_EXPANDED_20260824\data_views\single\RainCityscapes\trainB\RainCityscapes__0131.png,E:\UNSB_abl\full_dataset\RainCityscapes\target\0131.png,0131
E:\UNSB_Expl\UNSB_HEADFIGURE_SIXDOMAIN_EXPANDED_20260824\data_views\aio\trainB\RainCityscapes__0113.png,209836,,RainCityscapes,22,,,trainB,a2433e47b02b872acd38b3518eed21fdbc5c7ade8e71e1854be9c590ddef1a42,E:\UNSB_Expl\UNSB_HEADFIGURE_SIXDOMAIN_EXPANDED_20260824\data_views\single\RainCityscapes\trainB\RainCityscapes__0113.png,E:\UNSB_abl\full_dataset\RainCityscapes\target\0113.png,0113
E:\UNSB_Expl\UNSB_HEADFIGURE_SIXDOMAIN_EXPANDED_20260824\data_views\aio\trainB\RainCityscapes__0630.png,214269,,RainCityscapes,23,,,trainB,c4f3ea09735f0dd7b1fedbe13ab08b5a82a28da144b706e011863518a3b52376,E:\UNSB_Expl\UNSB_HEADFIGURE_SIXDOMAIN_EXPANDED_20260824\data_views\single\RainCityscapes\trainB\RainCityscapes__0630.png,E:\UNSB_abl\full_dataset\RainCityscapes\target\0630.png,0630
E:\UNSB_Expl\UNSB_HEADFIGURE_SIXDOMAIN_EXPANDED_20260824\data_views\aio\trainB\RainCityscapes__0076.png,210468,,RainCityscapes,24,,,trainB,b6471608d2224d13ec974348a23b960db5eed31f685febdc588383b216730539,E:\UNSB_Expl\UNSB_HEADFIGURE_SIXDOMAIN_EXPANDED_20260824\data_views\single\RainCityscapes\trainB\RainCityscapes__0076.png,E:\UNSB_abl\full_dataset\RainCityscapes\target\0076.png,0076
E:\UNSB_Expl\UNSB_HEADFIGURE_SIXDOMAIN_EXPANDED_20260824\data_views\aio\trainB\RainCityscapes__0767.png,222333,,RainCityscapes,25,,,trainB,ce0d8ff4a505dbbcbdf43fc524bed4093f32ec0b6b398ca791d23da17e611da6,E:\UNSB_Expl\UNSB_HEADFIGURE_SIXDOMAIN_EXPANDED_20260824\data_views\single\RainCityscapes\trainB\RainCityscapes__0767.png,E:\UNSB_abl\full_dataset\RainCityscapes\target\0767.png,0767
E:\UNSB_Expl\UNSB_HEADFIGURE_SIXDOMAIN_EXPANDED_20260824\data_views\aio\trainB\RainCityscapes__0565.png,188848,,RainCityscapes,26,,,trainB,1ec2e1f99af9fdfa9047ed46e5019497605bc65bdea784f8081b2343011ccbcb,E:\UNSB_Expl\UNSB_HEADFIGURE_SIXDOMAIN_EXPANDED_20260824\data_views\single\RainCityscapes\trainB\RainCityscapes__0565.png,E:\UNSB_abl\full_dataset\RainCityscapes\target\0565.png,0565
E:\UNSB_Expl\UNSB_HEADFIGURE_SIXDOMAIN_EXPANDED_20260824\data_views\aio\trainB\RainCityscapes__0204.png,210468,,RainCityscapes,27,,,trainB,b6471608d2224d13ec974348a23b960db5eed31f685febdc588383b216730539,E:\UNSB_Expl\UNSB_HEADFIGURE_SIXDOMAIN_EXPANDED_20260824\data_views\single\RainCityscapes\trainB\RainCityscapes__0204.png,E:\UNSB_abl\full_dataset\RainCityscapes\target\0204.png,0204
E:\UNSB_Expl\UNSB_HEADFIGURE_SIXDOMAIN_EXPANDED_20260824\data_views\aio\trainB\RainCityscapes__0082.png,223466,,RainCityscapes,28,,,trainB,84f1042e5e28b998722fd19e63716f1f72145a9a782a362ab5708380d8461720,E:\UNSB_Expl\UNSB_HEADFIGURE_SIXDOMAIN_EXPANDED_20260824\data_views\single\RainCityscapes\trainB\RainCityscapes__0082.png,E:\UNSB_abl\full_dataset\RainCityscapes\target\0082.png,0082
E:\UNSB_Expl\UNSB_HEADFIGURE_SIXDOMAIN_EXPANDED_20260824\data_views\aio\trainB\RainCityscapes__0797.png,222333,,RainCityscapes,29,,,trainB,ce0d8ff4a505dbbcbdf43fc524bed4093f32ec0b6b398ca791d23da17e611da6,E:\UNSB_Expl\UNSB_HEADFIGURE_SIXDOMAIN_EXPANDED_20260824\data_views\single\RainCityscapes\trainB\RainCityscapes__0797.png,E:\UNSB_abl\full_dataset\RainCityscapes\target\0797.png,0797
E:\UNSB_Expl\UNSB_HEADFIGURE_SIXDOMAIN_EXPANDED_20260824\data_views\aio\trainB\RainCityscapes__0141.png,213064,,RainCityscapes,30,,,trainB,66542c6b85cb06e37840caffef01fe7cf36b745ec6533a4ecf43540b67240254,E:\UNSB_Expl\UNSB_HEADFIGURE_SIXDOMAIN_EXPANDED_20260824\data_views\single\RainCityscapes\trainB\RainCityscapes__0141.png,E:\UNSB_abl\full_dataset\RainCityscapes\target\0141.png,0141
E:\UNSB_Expl\UNSB_HEADFIGURE_SIXDOMAIN_EXPANDED_20260824\data_views\aio\trainB\RainCityscapes__0468.png,208560,,RainCityscapes,31,,,trainB,c5a5be01530c264c2f25dc17ebf811ac09e818ee141fe3f2dce435fd3459e78d,E:\UNSB_Expl\UNSB_HEADFIGURE_SIXDOMAIN_EXPANDED_20260824\data_views\single\RainCityscapes\trainB\RainCityscapes__0468.png,E:\UNSB_abl\full_dataset\RainCityscapes\target\0468.png,0468
E:\UNSB_Expl\UNSB_HEADFIGURE_SIXDOMAIN_EXPANDED_20260824\data_views\aio\trainB\RainCityscapes__0562.png,203552,,RainCityscapes,32,,,trainB,ab1520f3a08a6fdd37d694aa3c3bbdf7ec86460e2829588def6dbf0985888edd,E:\UNSB_Expl\UNSB_HEADFIGURE_SIXDOMAIN_EXPANDED_20260824\data_views\single\RainCityscapes\trainB\RainCityscapes__0562.png,E:\UNSB_abl\full_dataset\RainCityscapes\target\0562.png,0562
E:\UNSB_Expl\UNSB_HEADFIGURE_SIXDOMAIN_EXPANDED_20260824\data_views\aio\trainB\RainCityscapes__0341.png,204326,,RainCityscapes,33,,,trainB,1c599a6ca4ea6fd3db3a4d8c9d980eb876197281f12979cb32a354103eee49b0,E:\UNSB_Expl\UNSB_HEADFIGURE_SIXDOMAIN_EXPANDED_20260824\data_views\single\RainCityscapes\trainB\RainCityscapes__0341.png,E:\UNSB_abl\full_dataset\RainCityscapes\target\0341.png,0341
E:\UNSB_Expl\UNSB_HEADFIGURE_SIXDOMAIN_EXPANDED_20260824\data_views\aio\trainB\RainCityscapes__0442.png,204556,,RainCityscapes,34,,,trainB,cbacc4c204a32c6877556d8b22fc18f2987c1825ab2bbe643930925da381026c,E:\UNSB_Expl\UNSB_HEADFIGURE_SIXDOMAIN_EXPANDED_20260824\data_views\single\RainCityscapes\trainB\RainCityscapes__0442.png,E:\UNSB_abl\full_dataset\RainCityscapes\target\0442.png,0442
E:\UNSB_Expl\UNSB_HEADFIGURE_SIXDOMAIN_EXPANDED_20260824\data_views\aio\trainB\RainCityscapes__0270.png,209836,,RainCityscapes,35,,,trainB,a2433e47b02b872acd38b3518eed21fdbc5c7ade8e71e1854be9c590ddef1a42,E:\UNSB_Expl\UNSB_HEADFIGURE_SIXDOMAIN_EXPANDED_20260824\data_views\single\RainCityscapes\trainB\RainCityscapes__0270.png,E:\UNSB_abl\full_dataset\RainCityscapes\target\0270.png,0270
E:\UNSB_Expl\UNSB_HEADFIGURE_SIXDOMAIN_EXPANDED_20260824\data_views\aio\trainB\RainCityscapes__0526.png,204918,,RainCityscapes,36,,,trainB,e9bb7dd6c7fc43566523420cd486853a638e21d1745dee64c3ff4ad3d803e536,E:\UNSB_Expl\UNSB_HEADFIGURE_SIXDOMAIN_EXPANDED_20260824\data_views\single\RainCityscapes\trainB\RainCityscapes__0526.png,E:\UNSB_abl\full_dataset\RainCityscapes\target\0526.png,0526
E:\UNSB_Expl\UNSB_HEADFIGURE_SIXDOMAIN_EXPANDED_20260824\data_views\aio\trainB\RainCityscapes__0926.png,222220,,RainCityscapes,37,,,trainB,ed8156df323b1f6f198f5b40f4347215c41e0736594111b0f0ad642df56e8937,E:\UNSB_Expl\UNSB_HEADFIGURE_SIXDOMAIN_EXPANDED_20260824\data_views\single\RainCityscapes\trainB\RainCityscapes__0926.png,E:\UNSB_abl\full_dataset\RainCityscapes\target\0926.png,0926
E:\UNSB_Expl\UNSB_HEADFIGURE_SIXDOMAIN_EXPANDED_20260824\data_views\aio\trainB\RainCityscapes__0511.png,210468,,RainCityscapes,38,,,trainB,b6471608d2224d13ec974348a23b960db5eed31f685febdc588383b216730539,E:\UNSB_Expl\UNSB_HEADFIGURE_SIXDOMAIN_EXPANDED_20260824\data_views\single\RainCityscapes\trainB\RainCityscapes__0511.png,E:\UNSB_abl\full_dataset\RainCityscapes\target\0511.png,0511
E:\UNSB_Expl\UNSB_HEADFIGURE_SIXDOMAIN_EXPANDED_20260824\data_views\aio\trainB\RainCityscapes__0273.png,233147,,RainCityscapes,39,,,trainB,1c0dca7124a0fd6403b194fa22ad538294d7db95114848f161a1486d4f1c2e22,E:\UNSB_Expl\UNSB_HEADFIGURE_SIXDOMAIN_EXPANDED_20260824\data_views\single\RainCityscapes\trainB\RainCityscapes__0273.png,E:\UNSB_abl\full_dataset\RainCityscapes\target\0273.png,0273
E:\UNSB_Expl\UNSB_HEADFIGURE_SIXDOMAIN_EXPANDED_20260824\data_views\aio\trainB\RainCityscapes__0415.png,196339,,RainCityscapes,40,,,trainB,95582eb82efe86840b18aa2704d1ab46d2ac944b25c1dd4ec71b1ce3fef126a4,E:\UNSB_Expl\UNSB_HEADFIGURE_SIXDOMAIN_EXPANDED_20260824\data_views\single\RainCityscapes\trainB\RainCityscapes__0415.png,E:\UNSB_abl\full_dataset\RainCityscapes\target\0415.png,0415
E:\UNSB_Expl\UNSB_HEADFIGURE_SIXDOMAIN_EXPANDED_20260824\data_views\aio\trainB\RainCityscapes__1158.png,213064,,RainCityscapes,41,,,trainB,66542c6b85cb06e37840caffef01fe7cf36b745ec6533a4ecf43540b67240254,E:\UNSB_Expl\UNSB_HEADFIGURE_SIXDOMAIN_EXPANDED_20260824\data_views\single\RainCityscapes\trainB\RainCityscapes__1158.png,E:\UNSB_abl\full_dataset\RainCityscapes\target\1158.png,1158
E:\UNSB_Expl\UNSB_HEADFIGURE_SIXDOMAIN_EXPANDED_20260824\data_views\aio\trainB\RainCityscapes__0349.png,217146,,RainCityscapes,42,,,trainB,2c21bc16cdb747e29b0e686eb369120e7a99a6c30a8532045732cbc91c264eb2,E:\UNSB_Expl\UNSB_HEADFIGURE_SIXDOMAIN_EXPANDED_20260824\data_views\single\RainCityscapes\trainB\RainCityscapes__0349.png,E:\UNSB_abl\full_dataset\RainCityscapes\target\0349.png,0349
E:\UNSB_Expl\UNSB_HEADFIGURE_SIXDOMAIN_EXPANDED_20260824\data_views\aio\trainB\RainCityscapes__0512.png,216026,,RainCityscapes,43,,,trainB,6f2616a551e208884b919586f9e78e4f8b588fbc4ee780c36068801f7939949d,E:\UNSB_Expl\UNSB_HEADFIGURE_SIXDOMAIN_EXPANDED_20260824\data_views\single\RainCityscapes\trainB\RainCityscapes__0512.png,E:\UNSB_abl\full_dataset\RainCityscapes\target\0512.png,0512
E:\UNSB_Expl\UNSB_HEADFIGURE_SIXDOMAIN_EXPANDED_20260824\data_views\aio\trainB\RainCityscapes__0914.png,207134,,RainCityscapes,44,,,trainB,9e83a8c63e5bb3a86acc8d23a27fcffc6be3fa0ceb4dd6c9f0980f25f2b2673a,E:\UNSB_Expl\UNSB_HEADFIGURE_SIXDOMAIN_EXPANDED_20260824\data_views\single\RainCityscapes\trainB\RainCityscapes__0914.png,E:\UNSB_abl\full_dataset\RainCityscapes\target\0914.png,0914
E:\UNSB_Expl\UNSB_HEADFIGURE_SIXDOMAIN_EXPANDED_20260824\data_views\aio\trainB\RainCityscapes__0695.png,191320,,RainCityscapes,45,,,trainB,a5f212034ba7c15d59c03d17febeafd9ccc5dc982b0a3bff5c488aa19f276e3e,E:\UNSB_Expl\UNSB_HEADFIGURE_SIXDOMAIN_EXPANDED_20260824\data_views\single\RainCityscapes\trainB\RainCityscapes__0695.png,E:\UNSB_abl\full_dataset\RainCityscapes\target\0695.png,0695
E:\UNSB_Expl\UNSB_HEADFIGURE_SIXDOMAIN_EXPANDED_20260824\data_views\aio\trainB\RainCityscapes__0984.png,204326,,RainCityscapes,46,,,trainB,1c599a6ca4ea6fd3db3a4d8c9d980eb876197281f12979cb32a354103eee49b0,E:\UNSB_Expl\UNSB_HEADFIGURE_SIXDOMAIN_EXPANDED_20260824\data_views\single\RainCityscapes\trainB\RainCityscapes__0984.png,E:\UNSB_abl\full_dataset\RainCityscapes\target\0984.png,0984
E:\UNSB_Expl\UNSB_HEADFIGURE_SIXDOMAIN_EXPANDED_20260824\data_views\aio\trainB\RainCityscapes__1004.png,223466,,RainCityscapes,47,,,trainB,84f1042e5e28b998722fd19e63716f1f72145a9a782a362ab5708380d8461720,E:\UNSB_Expl\UNSB_HEADFIGURE_SIXDOMAIN_EXPANDED_20260824\data_views\single\RainCityscapes\trainB\RainCityscapes__1004.png,E:\UNSB_abl\full_dataset\RainCityscapes\target\1004.png,1004
E:\UNSB_Expl\UNSB_HEADFIGURE_SIXDOMAIN_EXPANDED_20260824\data_views\aio\trainB\RainCityscapes__0969.png,204556,,RainCityscapes,48,,,trainB,cbacc4c204a32c6877556d8b22fc18f2987c1825ab2bbe643930925da381026c,E:\UNSB_Expl\UNSB_HEADFIGURE_SIXDOMAIN_EXPANDED_20260824\data_views\single\RainCityscapes\trainB\RainCityscapes__0969.png,E:\UNSB_abl\full_dataset\RainCityscapes\target\0969.png,0969
E:\UNSB_Expl\UNSB_HEADFIGURE_SIXDOMAIN_EXPANDED_20260824\data_views\aio\trainB\RainCityscapes__0050.png,189690,,RainCityscapes,49,,,trainB,9713647dabf8ebcafec1f85e81b3479a18adb9bd9df742af2d5966a968163e8d,E:\UNSB_Expl\UNSB_HEADFIGURE_SIXDOMAIN_EXPANDED_20260824\data_views\single\RainCityscapes\trainB\RainCityscapes__0050.png,E:\UNSB_abl\full_dataset\RainCityscapes\target\0050.png,0050
E:\UNSB_Expl\UNSB_HEADFIGURE_SIXDOMAIN_EXPANDED_20260824\data_views\aio\trainB\RainCityscapes__0968.png,197809,,RainCityscapes,50,,,trainB,d29d63c50708da7860abb9e727e7ce820f81c94ab8963eed1281ced1ea220899,E:\UNSB_Expl\UNSB_HEADFIGURE_SIXDOMAIN_EXPANDED_20260824\data_views\single\RainCityscapes\trainB\RainCityscapes__0968.png,E:\UNSB_abl\full_dataset\RainCityscapes\target\0968.png,0968
E:\UNSB_Expl\UNSB_HEADFIGURE_SIXDOMAIN_EXPANDED_20260824\data_views\aio\trainB\RainCityscapes__1008.png,213064,,RainCityscapes,51,,,trainB,66542c6b85cb06e37840caffef01fe7cf36b745ec6533a4ecf43540b67240254,E:\UNSB_Expl\UNSB_HEADFIGURE_SIXDOMAIN_EXPANDED_20260824\data_views\single\RainCityscapes\trainB\RainCityscapes__1008.png,E:\UNSB_abl\full_dataset\RainCityscapes\target\1008.png,1008
E:\UNSB_Expl\UNSB_HEADFIGURE_SIXDOMAIN_EXPANDED_20260824\data_views\aio\trainB\RainCityscapes__0254.png,222220,,RainCityscapes,52,,,trainB,ed8156df323b1f6f198f5b40f4347215c41e0736594111b0f0ad642df56e8937,E:\UNSB_Expl\UNSB_HEADFIGURE_SIXDOMAIN_EXPANDED_20260824\data_views\single\RainCityscapes\trainB\RainCityscapes__0254.png,E:\UNSB_abl\full_dataset\RainCityscapes\target\0254.png,0254
E:\UNSB_Expl\UNSB_HEADFIGURE_SIXDOMAIN_EXPANDED_20260824\data_views\aio\trainB\RainCityscapes__0771.png,203552,,RainCityscapes,53,,,trainB,ab1520f3a08a6fdd37d694aa3c3bbdf7ec86460e2829588def6dbf0985888edd,E:\UNSB_Expl\UNSB_HEADFIGURE_SIXDOMAIN_EXPANDED_20260824\data_views\single\RainCityscapes\trainB\RainCityscapes__0771.png,E:\UNSB_abl\full_dataset\RainCityscapes\target\0771.png,0771
E:\UNSB_Expl\UNSB_HEADFIGURE_SIXDOMAIN_EXPANDED_20260824\data_views\aio\trainB\RainCityscapes__0258.png,209112,,RainCityscapes,54,,,trainB,8a2ca0b6a678a7579258bdb0f07c76e7ad849090111fbd4f38f6d4a7dceb9b97,E:\UNSB_Expl\UNSB_HEADFIGURE_SIXDOMAIN_EXPANDED_20260824\data_views\single\RainCityscapes\trainB\RainCityscapes__0258.png,E:\UNSB_abl\full_dataset\RainCityscapes\target\0258.png,0258
E:\UNSB_Expl\UNSB_HEADFIGURE_SIXDOMAIN_EXPANDED_20260824\data_views\aio\trainB\RainCityscapes__1143.png,213064,,RainCityscapes,55,,,trainB,66542c6b85cb06e37840caffef01fe7cf36b745ec6533a4ecf43540b67240254,E:\UNSB_Expl\UNSB_HEADFIGURE_SIXDOMAIN_EXPANDED_20260824\data_views\single\RainCityscapes\trainB\RainCityscapes__1143.png,E:\UNSB_abl\full_dataset\RainCityscapes\target\1143.png,1143
E:\UNSB_Expl\UNSB_HEADFIGURE_SIXDOMAIN_EXPANDED_20260824\data_views\aio\trainB\RainCityscapes__0974.png,203552,,RainCityscapes,56,,,trainB,ab1520f3a08a6fdd37d694aa3c3bbdf7ec86460e2829588def6dbf0985888edd,E:\UNSB_Expl\UNSB_HEADFIGURE_SIXDOMAIN_EXPANDED_20260824\data_views\single\RainCityscapes\trainB\RainCityscapes__0974.png,E:\UNSB_abl\full_dataset\RainCityscapes\target\0974.png,0974
E:\UNSB_Expl\UNSB_HEADFIGURE_SIXDOMAIN_EXPANDED_20260824\data_views\aio\trainB\RainCityscapes__0353.png,187740,,RainCityscapes,57,,,trainB,75bfe66943c6724c9c55fb528948755eef883a4dd8c2a957d87800ca6d4b6c24,E:\UNSB_Expl\UNSB_HEADFIGURE_SIXDOMAIN_EXPANDED_20260824\data_views\single\RainCityscapes\trainB\RainCityscapes__0353.png,E:\UNSB_abl\full_dataset\RainCityscapes\target\0353.png,0353
E:\UNSB_Expl\UNSB_HEADFIGURE_SIXDOMAIN_EXPANDED_20260824\data_views\aio\trainB\RainCityscapes__0620.png,199434,,RainCityscapes,58,,,trainB,61ff60eb0cf1028ca95eebdaf3f039aee205d9cbdf12e98230c247f2efc79d18,E:\UNSB_Expl\UNSB_HEADFIGURE_SIXDOMAIN_EXPANDED_20260824\data_views\single\RainCityscapes\trainB\RainCityscapes__0620.png,E:\UNSB_abl\full_dataset\RainCityscapes\target\0620.png,0620
E:\UNSB_Expl\UNSB_HEADFIGURE_SIXDOMAIN_EXPANDED_20260824\data_views\aio\trainB\RainCityscapes__0886.png,204918,,RainCityscapes,59,,,trainB,e9bb7dd6c7fc43566523420cd486853a638e21d1745dee64c3ff4ad3d803e536,E:\UNSB_Expl\UNSB_HEADFIGURE_SIXDOMAIN_EXPANDED_20260824\data_views\single\RainCityscapes\trainB\RainCityscapes__0886.png,E:\UNSB_abl\full_dataset\RainCityscapes\target\0886.png,0886
E:\UNSB_Expl\UNSB_HEADFIGURE_SIXDOMAIN_EXPANDED_20260824\data_views\aio\trainB\RainCityscapes__0601.png,209424,,RainCityscapes,60,,,trainB,d55bf30ba1757631b4cba14260c32c422fc53c939f7445118c18823a1d1c81e7,E:\UNSB_Expl\UNSB_HEADFIGURE_SIXDOMAIN_EXPANDED_20260824\data_views\single\RainCityscapes\trainB\RainCityscapes__0601.png,E:\UNSB_abl\full_dataset\RainCityscapes\target\0601.png,0601
E:\UNSB_Expl\UNSB_HEADFIGURE_SIXDOMAIN_EXPANDED_20260824\data_views\aio\trainB\RainCityscapes__1129.png,188848,,RainCityscapes,61,,,trainB,1ec2e1f99af9fdfa9047ed46e5019497605bc65bdea784f8081b2343011ccbcb,E:\UNSB_Expl\UNSB_HEADFIGURE_SIXDOMAIN_EXPANDED_20260824\data_views\single\RainCityscapes\trainB\RainCityscapes__1129.png,E:\UNSB_abl\full_dataset\RainCityscapes\target\1129.png,1129
E:\UNSB_Expl\UNSB_HEADFIGURE_SIXDOMAIN_EXPANDED_20260824\data_views\aio\trainB\RainCityscapes__0577.png,196339,,RainCityscapes,62,,,trainB,95582eb82efe86840b18aa2704d1ab46d2ac944b25c1dd4ec71b1ce3fef126a4,E:\UNSB_Expl\UNSB_HEADFIGURE_SIXDOMAIN_EXPANDED_20260824\data_views\single\RainCityscapes\trainB\RainCityscapes__0577.png,E:\UNSB_abl\full_dataset\RainCityscapes\target\0577.png,0577
E:\UNSB_Expl\UNSB_HEADFIGURE_SIXDOMAIN_EXPANDED_20260824\data_views\aio\trainB\RainCityscapes__0388.png,209424,,RainCityscapes,63,,,trainB,d55bf30ba1757631b4cba14260c32c422fc53c939f7445118c18823a1d1c81e7,E:\UNSB_Expl\UNSB_HEADFIGURE_SIXDOMAIN_EXPANDED_20260824\data_views\single\RainCityscapes\trainB\RainCityscapes__0388.png,E:\UNSB_abl\full_dataset\RainCityscapes\target\0388.png,0388
E:\UNSB_Expl\UNSB_HEADFIGURE_SIXDOMAIN_EXPANDED_20260824\data_views\aio\trainB\RainCityscapes__0982.png,209106,,RainCityscapes,64,,,trainB,e72ff823eb2747addab5752c85f4212f70b436def2bab71aa9228ded5912ec8b,E:\UNSB_Expl\UNSB_HEADFIGURE_SIXDOMAIN_EXPANDED_20260824\data_views\single\RainCityscapes\trainB\RainCityscapes__0982.png,E:\UNSB_abl\full_dataset\RainCityscapes\target\0982.png,0982
E:\UNSB_Expl\UNSB_HEADFIGURE_SIXDOMAIN_EXPANDED_20260824\data_views\aio\trainB\RainCityscapes__0384.png,187740,,RainCityscapes,65,,,trainB,75bfe66943c6724c9c55fb528948755eef883a4dd8c2a957d87800ca6d4b6c24,E:\UNSB_Expl\UNSB_HEADFIGURE_SIXDOMAIN_EXPANDED_20260824\data_views\single\RainCityscapes\trainB\RainCityscapes__0384.png,E:\UNSB_abl\full_dataset\RainCityscapes\target\0384.png,0384
E:\UNSB_Expl\UNSB_HEADFIGURE_SIXDOMAIN_EXPANDED_20260824\data_views\aio\trainB\RainCityscapes__0642.png,222333,,RainCityscapes,66,,,trainB,ce0d8ff4a505dbbcbdf43fc524bed4093f32ec0b6b398ca791d23da17e611da6,E:\UNSB_Expl\UNSB_HEADFIGURE_SIXDOMAIN_EXPANDED_20260824\data_views\single\RainCityscapes\trainB\RainCityscapes__0642.png,E:\UNSB_abl\full_dataset\RainCityscapes\target\0642.png,0642
E:\UNSB_Expl\UNSB_HEADFIGURE_SIXDOMAIN_EXPANDED_20260824\data_views\aio\trainB\RainCityscapes__0759.png,199434,,RainCityscapes,67,,,trainB,61ff60eb0cf1028ca95eebdaf3f039aee205d9cbdf12e98230c247f2efc79d18,E:\UNSB_Expl\UNSB_HEADFIGURE_SIXDOMAIN_EXPANDED_20260824\data_views\single\RainCityscapes\trainB\RainCityscapes__0759.png,E:\UNSB_abl\full_dataset\RainCityscapes\target\0759.png,0759
E:\UNSB_Expl\UNSB_HEADFIGURE_SIXDOMAIN_EXPANDED_20260824\data_views\aio\trainB\RainCityscapes__0841.png,207134,,RainCityscapes,68,,,trainB,9e83a8c63e5bb3a86acc8d23a27fcffc6be3fa0ceb4dd6c9f0980f25f2b2673a,E:\UNSB_Expl\UNSB_HEADFIGURE_SIXDOMAIN_EXPANDED_20260824\data_views\single\RainCityscapes\trainB\RainCityscapes__0841.png,E:\UNSB_abl\full_dataset\RainCityscapes\target\0841.png,0841
E:\UNSB_Expl\UNSB_HEADFIGURE_SIXDOMAIN_EXPANDED_20260824\data_views\aio\trainB\RainCityscapes__0220.png,204556,,RainCityscapes,69,,,trainB,cbacc4c204a32c6877556d8b22fc18f2987c1825ab2bbe643930925da381026c,E:\UNSB_Expl\UNSB_HEADFIGURE_SIXDOMAIN_EXPANDED_20260824\data_views\single\RainCityscapes\trainB\RainCityscapes__0220.png,E:\UNSB_abl\full_dataset\RainCityscapes\target\0220.png,0220
E:\UNSB_Expl\UNSB_HEADFIGURE_SIXDOMAIN_EXPANDED_20260824\data_views\aio\trainB\RainCityscapes__0480.png,185058,,RainCityscapes,70,,,trainB,f730fd39761eed371cec5519f831c68cd99b3c02d907e311e0ec2ed42521a63f,E:\UNSB_Expl\UNSB_HEADFIGURE_SIXDOMAIN_EXPANDED_20260824\data_views\single\RainCityscapes\trainB\RainCityscapes__0480.png,E:\UNSB_abl\full_dataset\RainCityscapes\target\0480.png,0480
E:\UNSB_Expl\UNSB_HEADFIGURE_SIXDOMAIN_EXPANDED_20260824\data_views\aio\trainB\RainCityscapes__0359.png,203552,,RainCityscapes,71,,,trainB,ab1520f3a08a6fdd37d694aa3c3bbdf7ec86460e2829588def6dbf0985888edd,E:\UNSB_Expl\UNSB_HEADFIGURE_SIXDOMAIN_EXPANDED_20260824\data_views\single\RainCityscapes\trainB\RainCityscapes__0359.png,E:\UNSB_abl\full_dataset\RainCityscapes\target\0359.png,0359
E:\UNSB_Expl\UNSB_HEADFIGURE_SIXDOMAIN_EXPANDED_20260824\data_views\aio\trainB\RainCityscapes__1182.png,204870,,RainCityscapes,72,,,trainB,295e2181eb71e67b411b8167e21e8de094ca6975eb81bc04fa96e18ddb05cd97,E:\UNSB_Expl\UNSB_HEADFIGURE_SIXDOMAIN_EXPANDED_20260824\data_views\single\RainCityscapes\trainB\RainCityscapes__1182.png,E:\UNSB_abl\full_dataset\RainCityscapes\target\1182.png,1182
E:\UNSB_Expl\UNSB_HEADFIGURE_SIXDOMAIN_EXPANDED_20260824\data_views\aio\trainB\RainCityscapes__1031.png,209112,,RainCityscapes,73,,,trainB,8a2ca0b6a678a7579258bdb0f07c76e7ad849090111fbd4f38f6d4a7dceb9b97,E:\UNSB_Expl\UNSB_HEADFIGURE_SIXDOMAIN_EXPANDED_20260824\data_views\single\RainCityscapes\trainB\RainCityscapes__1031.png,E:\UNSB_abl\full_dataset\RainCityscapes\target\1031.png,1031
E:\UNSB_Expl\UNSB_HEADFIGURE_SIXDOMAIN_EXPANDED_20260824\data_views\aio\trainB\RainCityscapes__1096.png,207134,,RainCityscapes,74,,,trainB,9e83a8c63e5bb3a86acc8d23a27fcffc6be3fa0ceb4dd6c9f0980f25f2b2673a,E:\UNSB_Expl\UNSB_HEADFIGURE_SIXDOMAIN_EXPANDED_20260824\data_views\single\RainCityscapes\trainB\RainCityscapes__1096.png,E:\UNSB_abl\full_dataset\RainCityscapes\target\1096.png,1096
E:\UNSB_Expl\UNSB_HEADFIGURE_SIXDOMAIN_EXPANDED_20260824\data_views\aio\trainB\RainCityscapes__0278.png,210468,,RainCityscapes,75,,,trainB,b6471608d2224d13ec974348a23b960db5eed31f685febdc588383b216730539,E:\UNSB_Expl\UNSB_HEADFIGURE_SIXDOMAIN_EXPANDED_20260824\data_views\single\RainCityscapes\trainB\RainCityscapes__0278.png,E:\UNSB_abl\full_dataset\RainCityscapes\target\0278.png,0278
E:\UNSB_Expl\UNSB_HEADFIGURE_SIXDOMAIN_EXPANDED_20260824\data_views\aio\trainB\RainCityscapes__0920.png,197809,,RainCityscapes,76,,,trainB,d29d63c50708da7860abb9e727e7ce820f81c94ab8963eed1281ced1ea220899,E:\UNSB_Expl\UNSB_HEADFIGURE_SIXDOMAIN_EXPANDED_20260824\data_views\single\RainCityscapes\trainB\RainCityscapes__0920.png,E:\UNSB_abl\full_dataset\RainCityscapes\target\0920.png,0920
E:\UNSB_Expl\UNSB_HEADFIGURE_SIXDOMAIN_EXPANDED_20260824\data_views\aio\trainB\RainCityscapes__1122.png,233147,,RainCityscapes,77,,,trainB,1c0dca7124a0fd6403b194fa22ad538294d7db95114848f161a1486d4f1c2e22,E:\UNSB_Expl\UNSB_HEADFIGURE_SIXDOMAIN_EXPANDED_20260824\data_views\single\RainCityscapes\trainB\RainCityscapes__1122.png,E:\UNSB_abl\full_dataset\RainCityscapes\target\1122.png,1122
E:\UNSB_Expl\UNSB_HEADFIGURE_SIXDOMAIN_EXPANDED_20260824\data_views\aio\trainB\RainCityscapes__0971.png,222333,,RainCityscapes,78,,,trainB,ce0d8ff4a505dbbcbdf43fc524bed4093f32ec0b6b398ca791d23da17e611da6,E:\UNSB_Expl\UNSB_HEADFIGURE_SIXDOMAIN_EXPANDED_20260824\data_views\single\RainCityscapes\trainB\RainCityscapes__0971.png,E:\UNSB_abl\full_dataset\RainCityscapes\target\0971.png,0971
E:\UNSB_Expl\UNSB_HEADFIGURE_SIXDOMAIN_EXPANDED_20260824\data_views\aio\trainB\RainCityscapes__0483.png,209106,,RainCityscapes,79,,,trainB,e72ff823eb2747addab5752c85f4212f70b436def2bab71aa9228ded5912ec8b,E:\UNSB_Expl\UNSB_HEADFIGURE_SIXDOMAIN_EXPANDED_20260824\data_views\single\RainCityscapes\trainB\RainCityscapes__0483.png,E:\UNSB_abl\full_dataset\RainCityscapes\target\0483.png,0483
E:\UNSB_Expl\UNSB_HEADFIGURE_SIXDOMAIN_EXPANDED_20260824\data_views\aio\trainB\RainCityscapes__1166.png,209112,,RainCityscapes,80,,,trainB,8a2ca0b6a678a7579258bdb0f07c76e7ad849090111fbd4f38f6d4a7dceb9b97,E:\UNSB_Expl\UNSB_HEADFIGURE_SIXDOMAIN_EXPANDED_20260824\data_views\single\RainCityscapes\trainB\RainCityscapes__1166.png,E:\UNSB_abl\full_dataset\RainCityscapes\target\1166.png,1166
E:\UNSB_Expl\UNSB_HEADFIGURE_SIXDOMAIN_EXPANDED_20260824\data_views\aio\trainB\RainCityscapes__0815.png,188848,,RainCityscapes,81,,,trainB,1ec2e1f99af9fdfa9047ed46e5019497605bc65bdea784f8081b2343011ccbcb,E:\UNSB_Expl\UNSB_HEADFIGURE_SIXDOMAIN_EXPANDED_20260824\data_views\single\RainCityscapes\trainB\RainCityscapes__0815.png,E:\UNSB_abl\full_dataset\RainCityscapes\target\0815.png,0815
E:\UNSB_Expl\UNSB_HEADFIGURE_SIXDOMAIN_EXPANDED_20260824\data_views\aio\trainB\RainCityscapes__1105.png,185058,,RainCityscapes,82,,,trainB,f730fd39761eed371cec5519f831c68cd99b3c02d907e311e0ec2ed42521a63f,E:\UNSB_Expl\UNSB_HEADFIGURE_SIXDOMAIN_EXPANDED_20260824\data_views\single\RainCityscapes\trainB\RainCityscapes__1105.png,E:\UNSB_abl\full_dataset\RainCityscapes\target\1105.png,1105
E:\UNSB_Expl\UNSB_HEADFIGURE_SIXDOMAIN_EXPANDED_20260824\data_views\aio\trainB\RainCityscapes__0156.png,213064,,RainCityscapes,83,,,trainB,66542c6b85cb06e37840caffef01fe7cf36b745ec6533a4ecf43540b67240254,E:\UNSB_Expl\UNSB_HEADFIGURE_SIXDOMAIN_EXPANDED_20260824\data_views\single\RainCityscapes\trainB\RainCityscapes__0156.png,E:\UNSB_abl\full_dataset\RainCityscapes\target\0156.png,0156
E:\UNSB_Expl\UNSB_HEADFIGURE_SIXDOMAIN_EXPANDED_20260824\data_views\aio\trainB\RainCityscapes__0111.png,213064,,RainCityscapes,84,,,trainB,66542c6b85cb06e37840caffef01fe7cf36b745ec6533a4ecf43540b67240254,E:\UNSB_Expl\UNSB_HEADFIGURE_SIXDOMAIN_EXPANDED_20260824\data_views\single\RainCityscapes\trainB\RainCityscapes__0111.png,E:\UNSB_abl\full_dataset\RainCityscapes\target\0111.png,0111
E:\UNSB_Expl\UNSB_HEADFIGURE_SIXDOMAIN_EXPANDED_20260824\data_views\aio\trainB\RainCityscapes__0078.png,210468,,RainCityscapes,85,,,trainB,b6471608d2224d13ec974348a23b960db5eed31f685febdc588383b216730539,E:\UNSB_Expl\UNSB_HEADFIGURE_SIXDOMAIN_EXPANDED_20260824\data_views\single\RainCityscapes\trainB\RainCityscapes__0078.png,E:\UNSB_abl\full_dataset\RainCityscapes\target\0078.png,0078
E:\UNSB_Expl\UNSB_HEADFIGURE_SIXDOMAIN_EXPANDED_20260824\data_views\aio\trainB\RainCityscapes__0195.png,199434,,RainCityscapes,86,,,trainB,61ff60eb0cf1028ca95eebdaf3f039aee205d9cbdf12e98230c247f2efc79d18,E:\UNSB_Expl\UNSB_HEADFIGURE_SIXDOMAIN_EXPANDED_20260824\data_views\single\RainCityscapes\trainB\RainCityscapes__0195.png,E:\UNSB_abl\full_dataset\RainCityscapes\target\0195.png,0195
E:\UNSB_Expl\UNSB_HEADFIGURE_SIXDOMAIN_EXPANDED_20260824\data_views\aio\trainB\RainCityscapes__0658.png,242000,,RainCityscapes,87,,,trainB,26e637438072052f0d2e229eadf95a215cab702df1f04551bc0b883a0d40984a,E:\UNSB_Expl\UNSB_HEADFIGURE_SIXDOMAIN_EXPANDED_20260824\data_views\single\RainCityscapes\trainB\RainCityscapes__0658.png,E:\UNSB_abl\full_dataset\RainCityscapes\target\0658.png,0658
E:\UNSB_Expl\UNSB_HEADFIGURE_SIXDOMAIN_EXPANDED_20260824\data_views\aio\trainB\RainCityscapes__0534.png,217146,,RainCityscapes,88,,,trainB,2c21bc16cdb747e29b0e686eb369120e7a99a6c30a8532045732cbc91c264eb2,E:\UNSB_Expl\UNSB_HEADFIGURE_SIXDOMAIN_EXPANDED_20260824\data_views\single\RainCityscapes\trainB\RainCityscapes__0534.png,E:\UNSB_abl\full_dataset\RainCityscapes\target\0534.png,0534
E:\UNSB_Expl\UNSB_HEADFIGURE_SIXDOMAIN_EXPANDED_20260824\data_views\aio\trainB\RainCityscapes__0176.png,214269,,RainCityscapes,89,,,trainB,c4f3ea09735f0dd7b1fedbe13ab08b5a82a28da144b706e011863518a3b52376,E:\UNSB_Expl\UNSB_HEADFIGURE_SIXDOMAIN_EXPANDED_20260824\data_views\single\RainCityscapes\trainB\RainCityscapes__0176.png,E:\UNSB_abl\full_dataset\RainCityscapes\target\0176.png,0176
E:\UNSB_Expl\UNSB_HEADFIGURE_SIXDOMAIN_EXPANDED_20260824\data_views\aio\trainB\RainCityscapes__0903.png,197809,,RainCityscapes,90,,,trainB,d29d63c50708da7860abb9e727e7ce820f81c94ab8963eed1281ced1ea220899,E:\UNSB_Expl\UNSB_HEADFIGURE_SIXDOMAIN_EXPANDED_20260824\data_views\single\RainCityscapes\trainB\RainCityscapes__0903.png,E:\UNSB_abl\full_dataset\RainCityscapes\target\0903.png,0903
E:\UNSB_Expl\UNSB_HEADFIGURE_SIXDOMAIN_EXPANDED_20260824\data_views\aio\trainB\RainCityscapes__0378.png,217146,,RainCityscapes,91,,,trainB,2c21bc16cdb747e29b0e686eb369120e7a99a6c30a8532045732cbc91c264eb2,E:\UNSB_Expl\UNSB_HEADFIGURE_SIXDOMAIN_EXPANDED_20260824\data_views\single\RainCityscapes\trainB\RainCityscapes__0378.png,E:\UNSB_abl\full_dataset\RainCityscapes\target\0378.png,0378
E:\UNSB_Expl\UNSB_HEADFIGURE_SIXDOMAIN_EXPANDED_20260824\data_views\aio\trainB\RainCityscapes__0363.png,196339,,RainCityscapes,92,,,trainB,95582eb82efe86840b18aa2704d1ab46d2ac944b25c1dd4ec71b1ce3fef126a4,E:\UNSB_Expl\UNSB_HEADFIGURE_SIXDOMAIN_EXPANDED_20260824\data_views\single\RainCityscapes\trainB\RainCityscapes__0363.png,E:\UNSB_abl\full_dataset\RainCityscapes\target\0363.png,0363
E:\UNSB_Expl\UNSB_HEADFIGURE_SIXDOMAIN_EXPANDED_20260824\data_views\aio\trainB\RainCityscapes__1006.png,204326,,RainCityscapes,93,,,trainB,1c599a6ca4ea6fd3db3a4d8c9d980eb876197281f12979cb32a354103eee49b0,E:\UNSB_Expl\UNSB_HEADFIGURE_SIXDOMAIN_EXPANDED_20260824\data_views\single\RainCityscapes\trainB\RainCityscapes__1006.png,E:\UNSB_abl\full_dataset\RainCityscapes\target\1006.png,1006
E:\UNSB_Expl\UNSB_HEADFIGURE_SIXDOMAIN_EXPANDED_20260824\data_views\aio\trainB\RainCityscapes__0546.png,242000,,RainCityscapes,94,,,trainB,26e637438072052f0d2e229eadf95a215cab702df1f04551bc0b883a0d40984a,E:\UNSB_Expl\UNSB_HEADFIGURE_SIXDOMAIN_EXPANDED_20260824\data_views\single\RainCityscapes\trainB\RainCityscapes__0546.png,E:\UNSB_abl\full_dataset\RainCityscapes\target\0546.png,0546
E:\UNSB_Expl\UNSB_HEADFIGURE_SIXDOMAIN_EXPANDED_20260824\data_views\aio\trainB\RainCityscapes__1138.png,209424,,RainCityscapes,95,,,trainB,d55bf30ba1757631b4cba14260c32c422fc53c939f7445118c18823a1d1c81e7,E:\UNSB_Expl\UNSB_HEADFIGURE_SIXDOMAIN_EXPANDED_20260824\data_views\single\RainCityscapes\trainB\RainCityscapes__1138.png,E:\UNSB_abl\full_dataset\RainCityscapes\target\1138.png,1138
E:\UNSB_Expl\UNSB_HEADFIGURE_SIXDOMAIN_EXPANDED_20260824\data_views\aio\trainB\RainCityscapes__0148.png,214694,,RainCityscapes,96,,,trainB,0d34d088fb2b2f3f4495357623e9206d5e40cb4d8135bf03d9089496ba252d7d,E:\UNSB_Expl\UNSB_HEADFIGURE_SIXDOMAIN_EXPANDED_20260824\data_views\single\RainCityscapes\trainB\RainCityscapes__0148.png,E:\UNSB_abl\full_dataset\RainCityscapes\target\0148.png,0148
E:\UNSB_Expl\UNSB_HEADFIGURE_SIXDOMAIN_EXPANDED_20260824\data_views\aio\trainB\RainCityscapes__0882.png,197809,,RainCityscapes,97,,,trainB,d29d63c50708da7860abb9e727e7ce820f81c94ab8963eed1281ced1ea220899,E:\UNSB_Expl\UNSB_HEADFIGURE_SIXDOMAIN_EXPANDED_20260824\data_views\single\RainCityscapes\trainB\RainCityscapes__0882.png,E:\UNSB_abl\full_dataset\RainCityscapes\target\0882.png,0882
E:\UNSB_Expl\UNSB_HEADFIGURE_SIXDOMAIN_EXPANDED_20260824\data_views\aio\trainB\RainCityscapes__0964.png,209112,,RainCityscapes,98,,,trainB,8a2ca0b6a678a7579258bdb0f07c76e7ad849090111fbd4f38f6d4a7dceb9b97,E:\UNSB_Expl\UNSB_HEADFIGURE_SIXDOMAIN_EXPANDED_20260824\data_views\single\RainCityscapes\trainB\RainCityscapes__0964.png,E:\UNSB_abl\full_dataset\RainCityscapes\target\0964.png,0964
E:\UNSB_Expl\UNSB_HEADFIGURE_SIXDOMAIN_EXPANDED_20260824\data_views\aio\trainB\RainCityscapes__0397.png,208560,,RainCityscapes,99,,,trainB,c5a5be01530c264c2f25dc17ebf811ac09e818ee141fe3f2dce435fd3459e78d,E:\UNSB_Expl\UNSB_HEADFIGURE_SIXDOMAIN_EXPANDED_20260824\data_views\single\RainCityscapes\trainB\RainCityscapes__0397.png,E:\UNSB_abl\full_dataset\RainCityscapes\target\0397.png,0397
E:\UNSB_Expl\UNSB_HEADFIGURE_SIXDOMAIN_EXPANDED_20260824\data_views\aio\trainB\RainCityscapes__1141.png,204870,,RainCityscapes,100,,,trainB,295e2181eb71e67b411b8167e21e8de094ca6975eb81bc04fa96e18ddb05cd97,E:\UNSB_Expl\UNSB_HEADFIGURE_SIXDOMAIN_EXPANDED_20260824\data_views\single\RainCityscapes\trainB\RainCityscapes__1141.png,E:\UNSB_abl\full_dataset\RainCityscapes\target\1141.png,1141
E:\UNSB_Expl\UNSB_HEADFIGURE_SIXDOMAIN_EXPANDED_20260824\data_views\aio\trainB\RainCityscapes__0030.png,208560,,RainCityscapes,101,,,trainB,c5a5be01530c264c2f25dc17ebf811ac09e818ee141fe3f2dce435fd3459e78d,E:\UNSB_Expl\UNSB_HEADFIGURE_SIXDOMAIN_EXPANDED_20260824\data_views\single\RainCityscapes\trainB\RainCityscapes__0030.png,E:\UNSB_abl\full_dataset\RainCityscapes\target\0030.png,0030
E:\UNSB_Expl\UNSB_HEADFIGURE_SIXDOMAIN_EXPANDED_20260824\data_views\aio\trainB\RainCityscapes__0908.png,214269,,RainCityscapes,102,,,trainB,c4f3ea09735f0dd7b1fedbe13ab08b5a82a28da144b706e011863518a3b52376,E:\UNSB_Expl\UNSB_HEADFIGURE_SIXDOMAIN_EXPANDED_20260824\data_views\single\RainCityscapes\trainB\RainCityscapes__0908.png,E:\UNSB_abl\full_dataset\RainCityscapes\target\0908.png,0908
E:\UNSB_Expl\UNSB_HEADFIGURE_SIXDOMAIN_EXPANDED_20260824\data_views\aio\trainB\RainCityscapes__1009.png,204556,,RainCityscapes,103,,,trainB,cbacc4c204a32c6877556d8b22fc18f2987c1825ab2bbe643930925da381026c,E:\UNSB_Expl\UNSB_HEADFIGURE_SIXDOMAIN_EXPANDED_20260824\data_views\single\RainCityscapes\trainB\RainCityscapes__1009.png,E:\UNSB_abl\full_dataset\RainCityscapes\target\1009.png,1009
E:\UNSB_Expl\UNSB_HEADFIGURE_SIXDOMAIN_EXPANDED_20260824\data_views\aio\trainB\RainCityscapes__1076.png,204556,,RainCityscapes,104,,,trainB,cbacc4c204a32c6877556d8b22fc18f2987c1825ab2bbe643930925da381026c,E:\UNSB_Expl\UNSB_HEADFIGURE_SIXDOMAIN_EXPANDED_20260824\data_views\single\RainCityscapes\trainB\RainCityscapes__1076.png,E:\UNSB_abl\full_dataset\RainCityscapes\target\1076.png,1076
E:\UNSB_Expl\UNSB_HEADFIGURE_SIXDOMAIN_EXPANDED_20260824\data_views\aio\trainB\RainCityscapes__0581.png,217146,,RainCityscapes,105,,,trainB,2c21bc16cdb747e29b0e686eb369120e7a99a6c30a8532045732cbc91c264eb2,E:\UNSB_Expl\UNSB_HEADFIGURE_SIXDOMAIN_EXPANDED_20260824\data_views\single\RainCityscapes\trainB\RainCityscapes__0581.png,E:\UNSB_abl\full_dataset\RainCityscapes\target\0581.png,0581
E:\UNSB_Expl\UNSB_HEADFIGURE_SIXDOMAIN_EXPANDED_20260824\data_views\aio\trainB\RainCityscapes__0793.png,242000,,RainCityscapes,106,,,trainB,26e637438072052f0d2e229eadf95a215cab702df1f04551bc0b883a0d40984a,E:\UNSB_Expl\UNSB_HEADFIGURE_SIXDOMAIN_EXPANDED_20260824\data_views\single\RainCityscapes\trainB\RainCityscapes__0793.png,E:\UNSB_abl\full_dataset\RainCityscapes\target\0793.png,0793
E:\UNSB_Expl\UNSB_HEADFIGURE_SIXDOMAIN_EXPANDED_20260824\data_views\aio\trainB\RainCityscapes__0489.png,233147,,RainCityscapes,107,,,trainB,1c0dca7124a0fd6403b194fa22ad538294d7db95114848f161a1486d4f1c2e22,E:\UNSB_Expl\UNSB_HEADFIGURE_SIXDOMAIN_EXPANDED_20260824\data_views\single\RainCityscapes\trainB\RainCityscapes__0489.png,E:\UNSB_abl\full_dataset\RainCityscapes\target\0489.png,0489
E:\UNSB_Expl\UNSB_HEADFIGURE_SIXDOMAIN_EXPANDED_20260824\data_views\aio\trainB\RainCityscapes__0996.png,188848,,RainCityscapes,108,,,trainB,1ec2e1f99af9fdfa9047ed46e5019497605bc65bdea784f8081b2343011ccbcb,E:\UNSB_Expl\UNSB_HEADFIGURE_SIXDOMAIN_EXPANDED_20260824\data_views\single\RainCityscapes\trainB\RainCityscapes__0996.png,E:\UNSB_abl\full_dataset\RainCityscapes\target\0996.png,0996
E:\UNSB_Expl\UNSB_HEADFIGURE_SIXDOMAIN_EXPANDED_20260824\data_views\aio\trainB\RainCityscapes__1018.png,237879,,RainCityscapes,109,,,trainB,9e3989156fc6f471ca2c4b1fe3c634369617d3940dbd702d46f54831629ec468,E:\UNSB_Expl\UNSB_HEADFIGURE_SIXDOMAIN_EXPANDED_20260824\data_views\single\RainCityscapes\trainB\RainCityscapes__1018.png,E:\UNSB_abl\full_dataset\RainCityscapes\target\1018.png,1018
E:\UNSB_Expl\UNSB_HEADFIGURE_SIXDOMAIN_EXPANDED_20260824\data_views\aio\trainB\RainCityscapes__1017.png,188848,,RainCityscapes,110,,,trainB,1ec2e1f99af9fdfa9047ed46e5019497605bc65bdea784f8081b2343011ccbcb,E:\UNSB_Expl\UNSB_HEADFIGURE_SIXDOMAIN_EXPANDED_20260824\data_views\single\RainCityscapes\trainB\RainCityscapes__1017.png,E:\UNSB_abl\full_dataset\RainCityscapes\target\1017.png,1017
E:\UNSB_Expl\UNSB_HEADFIGURE_SIXDOMAIN_EXPANDED_20260824\data_views\aio\trainB\RainCityscapes__0909.png,203552,,RainCityscapes,111,,,trainB,ab1520f3a08a6fdd37d694aa3c3bbdf7ec86460e2829588def6dbf0985888edd,E:\UNSB_Expl\UNSB_HEADFIGURE_SIXDOMAIN_EXPANDED_20260824\data_views\single\RainCityscapes\trainB\RainCityscapes__0909.png,E:\UNSB_abl\full_dataset\RainCityscapes\target\0909.png,0909
E:\UNSB_Expl\UNSB_HEADFIGURE_SIXDOMAIN_EXPANDED_20260824\data_views\aio\trainB\RainCityscapes__0803.png,223466,,RainCityscapes,112,,,trainB,84f1042e5e28b998722fd19e63716f1f72145a9a782a362ab5708380d8461720,E:\UNSB_Expl\UNSB_HEADFIGURE_SIXDOMAIN_EXPANDED_20260824\data_views\single\RainCityscapes\trainB\RainCityscapes__0803.png,E:\UNSB_abl\full_dataset\RainCityscapes\target\0803.png,0803
E:\UNSB_Expl\UNSB_HEADFIGURE_SIXDOMAIN_EXPANDED_20260824\data_views\aio\trainB\RainCityscapes__0154.png,209106,,RainCityscapes,113,,,trainB,e72ff823eb2747addab5752c85f4212f70b436def2bab71aa9228ded5912ec8b,E:\UNSB_Expl\UNSB_HEADFIGURE_SIXDOMAIN_EXPANDED_20260824\data_views\single\RainCityscapes\trainB\RainCityscapes__0154.png,E:\UNSB_abl\full_dataset\RainCityscapes\target\0154.png,0154
E:\UNSB_Expl\UNSB_HEADFIGURE_SIXDOMAIN_EXPANDED_20260824\data_views\aio\trainB\RainCityscapes__0192.png,207134,,RainCityscapes,114,,,trainB,9e83a8c63e5bb3a86acc8d23a27fcffc6be3fa0ceb4dd6c9f0980f25f2b2673a,E:\UNSB_Expl\UNSB_HEADFIGURE_SIXDOMAIN_EXPANDED_20260824\data_views\single\RainCityscapes\trainB\RainCityscapes__0192.png,E:\UNSB_abl\full_dataset\RainCityscapes\target\0192.png,0192
E:\UNSB_Expl\UNSB_HEADFIGURE_SIXDOMAIN_EXPANDED_20260824\data_views\aio\trainB\RainCityscapes__1180.png,242000,,RainCityscapes,115,,,trainB,26e637438072052f0d2e229eadf95a215cab702df1f04551bc0b883a0d40984a,E:\UNSB_Expl\UNSB_HEADFIGURE_SIXDOMAIN_EXPANDED_20260824\data_views\single\RainCityscapes\trainB\RainCityscapes__1180.png,E:\UNSB_abl\full_dataset\RainCityscapes\target\1180.png,1180
E:\UNSB_Expl\UNSB_HEADFIGURE_SIXDOMAIN_EXPANDED_20260824\data_views\aio\trainB\RainCityscapes__0251.png,203552,,RainCityscapes,116,,,trainB,ab1520f3a08a6fdd37d694aa3c3bbdf7ec86460e2829588def6dbf0985888edd,E:\UNSB_Expl\UNSB_HEADFIGURE_SIXDOMAIN_EXPANDED_20260824\data_views\single\RainCityscapes\trainB\RainCityscapes__0251.png,E:\UNSB_abl\full_dataset\RainCityscapes\target\0251.png,0251
E:\UNSB_Expl\UNSB_HEADFIGURE_SIXDOMAIN_EXPANDED_20260824\data_views\aio\trainB\RainCityscapes__1089.png,213064,,RainCityscapes,117,,,trainB,66542c6b85cb06e37840caffef01fe7cf36b745ec6533a4ecf43540b67240254,E:\UNSB_Expl\UNSB_HEADFIGURE_SIXDOMAIN_EXPANDED_20260824\data_views\single\RainCityscapes\trainB\RainCityscapes__1089.png,E:\UNSB_abl\full_dataset\RainCityscapes\target\1089.png,1089
E:\UNSB_Expl\UNSB_HEADFIGURE_SIXDOMAIN_EXPANDED_20260824\data_views\aio\trainB\RainCityscapes__1160.png,187740,,RainCityscapes,118,,,trainB,75bfe66943c6724c9c55fb528948755eef883a4dd8c2a957d87800ca6d4b6c24,E:\UNSB_Expl\UNSB_HEADFIGURE_SIXDOMAIN_EXPANDED_20260824\data_views\single\RainCityscapes\trainB\RainCityscapes__1160.png,E:\UNSB_abl\full_dataset\RainCityscapes\target\1160.png,1160
E:\UNSB_Expl\UNSB_HEADFIGURE_SIXDOMAIN_EXPANDED_20260824\data_views\aio\trainB\RainCityscapes__0746.png,197809,,RainCityscapes,119,,,trainB,d29d63c50708da7860abb9e727e7ce820f81c94ab8963eed1281ced1ea220899,E:\UNSB_Expl\UNSB_HEADFIGURE_SIXDOMAIN_EXPANDED_20260824\data_views\single\RainCityscapes\trainB\RainCityscapes__0746.png,E:\UNSB_abl\full_dataset\RainCityscapes\target\0746.png,0746
,244061,0409,RainCityscapes,0,False,True,expanded_internal_heldout,e2a241535f9ee1e6462ec8d467e4c9f62039a885ba45f725db05c672084f132b,,E:\UNSB_Expl\UNSB_HEADFIGURE_SIXDOMAIN_EXPANDED_20260824\data_views\heldoutA\RainCityscapes\RainCityscapes__0409.png,RainCityscapes__0409
,200780,0149,RainCityscapes,1,False,False,expanded_internal_heldout,537184cc2077de5df004b3d5bd15330dda63b3f08fc6c437efaa351613213a84,,E:\UNSB_Expl\UNSB_HEADFIGURE_SIXDOMAIN_EXPANDED_20260824\data_views\heldoutA\RainCityscapes\RainCityscapes__0149.png,RainCityscapes__0149
,222708,0099,RainCityscapes,2,False,False,expanded_internal_heldout,00ce163baa0eefaee616aab5fde6f912ec7bc19aed4e5d4a5935314f79e35b09,,E:\UNSB_Expl\UNSB_HEADFIGURE_SIXDOMAIN_EXPANDED_20260824\data_views\heldoutA\RainCityscapes\RainCityscapes__0099.png,RainCityscapes__0099
,217669,0015,RainCityscapes,3,False,False,expanded_internal_heldout,7477e2c843e44c76546c7cc1b9fa1f39657f4f6f70991db2509b505f7eb6b3f9,,E:\UNSB_Expl\UNSB_HEADFIGURE_SIXDOMAIN_EXPANDED_20260824\data_views\heldoutA\RainCityscapes\RainCityscapes__0015.png,RainCityscapes__0015
,204602,1135,RainCityscapes,4,False,False,expanded_internal_heldout,ce913997b00690cbaa5311a453be043a07d018c0c34096188f73eb909447f849,,E:\UNSB_Expl\UNSB_HEADFIGURE_SIXDOMAIN_EXPANDED_20260824\data_views\heldoutA\RainCityscapes\RainCityscapes__1135.png,RainCityscapes__1135
,232571,0094,RainCityscapes,5,False,False,expanded_internal_heldout,594f8f20f895f10865582e68665e0673dfda92c1f13c27e255bdc86300a6ebff,,E:\UNSB_Expl\UNSB_HEADFIGURE_SIXDOMAIN_EXPANDED_20260824\data_views\heldoutA\RainCityscapes\RainCityscapes__0094.png,RainCityscapes__0094
,215798,0824,RainCityscapes,6,False,False,expanded_internal_heldout,49fd20cb699267b1b8de6c856823c58eb994a8b323d00aa330d7d5037c2d0dcc,,E:\UNSB_Expl\UNSB_HEADFIGURE_SIXDOMAIN_EXPANDED_20260824\data_views\heldoutA\RainCityscapes\RainCityscapes__0824.png,RainCityscapes__0824
,243263,0604,RainCityscapes,7,False,False,expanded_internal_heldout,1b63e4a2509dac260c8d20c548b4d482e5a8b69b1bd6a632939db2ae923ad2ad,,E:\UNSB_Expl\UNSB_HEADFIGURE_SIXDOMAIN_EXPANDED_20260824\data_views\heldoutA\RainCityscapes\RainCityscapes__0604.png,RainCityscapes__0604
,250517,0418,RainCityscapes,8,False,False,expanded_internal_heldout,4093b54fc157821ad644cd4abec821470b9bae3337ff6c1fe5bf7d08a84a8899,,E:\UNSB_Expl\UNSB_HEADFIGURE_SIXDOMAIN_EXPANDED_20260824\data_views\heldoutA\RainCityscapes\RainCityscapes__0418.png,RainCityscapes__0418
,232664,0498,RainCityscapes,9,False,False,expanded_internal_heldout,7619d9bc1107a78ebf10b37874bbc180ac8aba76385c5f34a51039604ece3528,,E:\UNSB_Expl\UNSB_HEADFIGURE_SIXDOMAIN_EXPANDED_20260824\data_views\heldoutA\RainCityscapes\RainCityscapes__0498.png,RainCityscapes__0498
,215404,0109,RainCityscapes,10,False,False,expanded_internal_heldout,608688749105f439ec35907861e372b7d4dfdc50fe68baaa87ae59cdec8e83cd,,E:\UNSB_Expl\UNSB_HEADFIGURE_SIXDOMAIN_EXPANDED_20260824\data_views\heldoutA\RainCityscapes\RainCityscapes__0109.png,RainCityscapes__0109
,217475,0863,RainCityscapes,11,False,False,expanded_internal_heldout,c447869dcd3ca60b98fc3f4a8f801a9f310a0cc69bbfa069afca2b387125d95a,,E:\UNSB_Expl\UNSB_HEADFIGURE_SIXDOMAIN_EXPANDED_20260824\data_views\heldoutA\RainCityscapes\RainCityscapes__0863.png,RainCityscapes__0863
,206590,0707,RainCityscapes,12,False,False,expanded_internal_heldout,ebef7d6eb4738cf5582a876937b923fecee445b49b960968103cddac9cec41d4,,E:\UNSB_Expl\UNSB_HEADFIGURE_SIXDOMAIN_EXPANDED_20260824\data_views\heldoutA\RainCityscapes\RainCityscapes__0707.png,RainCityscapes__0707
,185331,1148,RainCityscapes,13,False,False,expanded_internal_heldout,bc3c1cd58631d039155c5a2f35b947cc93f618a044d858abd59804dc8644e50e,,E:\UNSB_Expl\UNSB_HEADFIGURE_SIXDOMAIN_EXPANDED_20260824\data_views\heldoutA\RainCityscapes\RainCityscapes__1148.png,RainCityscapes__1148
,179254,1129,RainCityscapes,14,False,False,expanded_internal_heldout,8727c42d264c17194b4cf8fdf4ff9fc9198efc73932e81623ed66f6493a7c9a4,,E:\UNSB_Expl\UNSB_HEADFIGURE_SIXDOMAIN_EXPANDED_20260824\data_views\heldoutA\RainCityscapes\RainCityscapes__1129.png,RainCityscapes__1129
,205698,0911,RainCityscapes,15,False,False,expanded_internal_heldout,f4b20fd35fdb4d5e9b8e4a58d7456c990b55f1d324491b367e057b3bc3ff3400,,E:\UNSB_Expl\UNSB_HEADFIGURE_SIXDOMAIN_EXPANDED_20260824\data_views\heldoutA\RainCityscapes\RainCityscapes__0911.png,RainCityscapes__0911
,178733,0609,RainCityscapes,16,False,False,expanded_internal_heldout,29b00655d282d2b73603ae3eadcc2ca8376fc677261c8e9dc58023a6b0921770,,E:\UNSB_Expl\UNSB_HEADFIGURE_SIXDOMAIN_EXPANDED_20260824\data_views\heldoutA\RainCityscapes\RainCityscapes__0609.png,RainCityscapes__0609
,199185,0433,RainCityscapes,17,False,False,expanded_internal_heldout,01e33d5b492025df12fd294c2bb918d7e980b4fc1d2f2a3d7b43313dc7bd50e6,,E:\UNSB_Expl\UNSB_HEADFIGURE_SIXDOMAIN_EXPANDED_20260824\data_views\heldoutA\RainCityscapes\RainCityscapes__0433.png,RainCityscapes__0433
,206006,0626,RainCityscapes,18,False,False,expanded_internal_heldout,fefa9a9c21d68111817a99d7edc13c04c1a1f71b10bd6b87cfc59497e0e2d6a9,,E:\UNSB_Expl\UNSB_HEADFIGURE_SIXDOMAIN_EXPANDED_20260824\data_views\heldoutA\RainCityscapes\RainCityscapes__0626.png,RainCityscapes__0626
,194000,0248,RainCityscapes,19,False,False,expanded_internal_heldout,5c4dc6d7af8c43443a8dcd0ade18072c15415cfd8e21a7e0e2cb8b37b27db2f4,,E:\UNSB_Expl\UNSB_HEADFIGURE_SIXDOMAIN_EXPANDED_20260824\data_views\heldoutA\RainCityscapes\RainCityscapes__0248.png,RainCityscapes__0248
,239107,0859,RainCityscapes,20,False,False,expanded_internal_heldout,19fb81ccf45c56f00c06d6b886236406d8b2acd98703378b79c15e64f5ff9e9f,,E:\UNSB_Expl\UNSB_HEADFIGURE_SIXDOMAIN_EXPANDED_20260824\data_views\heldoutA\RainCityscapes\RainCityscapes__0859.png,RainCityscapes__0859
,212649,0360,RainCityscapes,21,False,False,expanded_internal_heldout,4819de337f70a0a07613c9f825b969ea26f7825156c108a27e0d4e10e8f1037f,,E:\UNSB_Expl\UNSB_HEADFIGURE_SIXDOMAIN_EXPANDED_20260824\data_views\heldoutA\RainCityscapes\RainCityscapes__0360.png,RainCityscapes__0360
,211979,0992,RainCityscapes,22,False,False,expanded_internal_heldout,c76778bc4153ebcd6c7ca0620c31d01137c44889cdc0814ae30a40c471e288a8,,E:\UNSB_Expl\UNSB_HEADFIGURE_SIXDOMAIN_EXPANDED_20260824\data_views\heldoutA\RainCityscapes\RainCityscapes__0992.png,RainCityscapes__0992
,229257,0212,RainCityscapes,23,False,False,expanded_internal_heldout,49cc4a020cdd878dc41e050da978befe526e6c048b10f41d50243aecf45ce364,,E:\UNSB_Expl\UNSB_HEADFIGURE_SIXDOMAIN_EXPANDED_20260824\data_views\heldoutA\RainCityscapes\RainCityscapes__0212.png,RainCityscapes__0212
,217239,0222,RainCityscapes,24,False,False,expanded_internal_heldout,d8b29fa34061fee7df85107172592bea1eeb502e5641e56d4db9c129f111462b,,E:\UNSB_Expl\UNSB_HEADFIGURE_SIXDOMAIN_EXPANDED_20260824\data_views\heldoutA\RainCityscapes\RainCityscapes__0222.png,RainCityscapes__0222
,226650,0171,RainCityscapes,25,False,False,expanded_internal_heldout,912d1b0057442fd52bdd4a33a84342dae5305c83e6fb5c66e3a0b286784e5224,,E:\UNSB_Expl\UNSB_HEADFIGURE_SIXDOMAIN_EXPANDED_20260824\data_views\heldoutA\RainCityscapes\RainCityscapes__0171.png,RainCityscapes__0171
,224635,0553,RainCityscapes,26,False,False,expanded_internal_heldout,6ab9648deece600bbb31f170f4193fa9ea58583e13101e4e62728c70ae37887e,,E:\UNSB_Expl\UNSB_HEADFIGURE_SIXDOMAIN_EXPANDED_20260824\data_views\heldoutA\RainCityscapes\RainCityscapes__0553.png,RainCityscapes__0553
,208696,0231,RainCityscapes,27,False,False,expanded_internal_heldout,3b6f998197477e6fa33618fa3600cbc9d85301ada458557cae9cfbce0a6d41dd,,E:\UNSB_Expl\UNSB_HEADFIGURE_SIXDOMAIN_EXPANDED_20260824\data_views\heldoutA\RainCityscapes\RainCityscapes__0231.png,RainCityscapes__0231
,237937,0029,RainCityscapes,28,False,False,expanded_internal_heldout,81917912fe4f0663191089960ade53bc00d87b403fd41f2cf0895846cab8d49a,,E:\UNSB_Expl\UNSB_HEADFIGURE_SIXDOMAIN_EXPANDED_20260824\data_views\heldoutA\RainCityscapes\RainCityscapes__0029.png,RainCityscapes__0029
,216996,0331,RainCityscapes,29,False,False,expanded_internal_heldout,d3ca83deb735fa65a5fb45aae0ab351efdd281e9f6ac90f8068143cb83990b39,,E:\UNSB_Expl\UNSB_HEADFIGURE_SIXDOMAIN_EXPANDED_20260824\data_views\heldoutA\RainCityscapes\RainCityscapes__0331.png,RainCityscapes__0331
,174832,0486,RainCityscapes,30,False,False,expanded_internal_heldout,d36964203734c60f9d9062601b3f5e0d87336a28ddf8717a20b5d134d2d1f31a,,E:\UNSB_Expl\UNSB_HEADFIGURE_SIXDOMAIN_EXPANDED_20260824\data_views\heldoutA\RainCityscapes\RainCityscapes__0486.png,RainCityscapes__0486
,205861,0646,RainCityscapes,31,False,False,expanded_internal_heldout,595fe836e336abcc8487cf0f296002ec2df88669bc5a2be3d6fc33e4554ca768,,E:\UNSB_Expl\UNSB_HEADFIGURE_SIXDOMAIN_EXPANDED_20260824\data_views\heldoutA\RainCityscapes\RainCityscapes__0646.png,RainCityscapes__0646
,214117,0062,RainCityscapes,32,False,False,expanded_internal_heldout,478c9e14e34975d9bf343804420180e29c3b620610c3a299af3f1c988796ec6f,,E:\UNSB_Expl\UNSB_HEADFIGURE_SIXDOMAIN_EXPANDED_20260824\data_views\heldoutA\RainCityscapes\RainCityscapes__0062.png,RainCityscapes__0062
,164022,0624,RainCityscapes,33,False,False,expanded_internal_heldout,c13ce00f8b584e6b5e24c1e95ab0c08bbb1ac13989f5575d9d40d9a04475564a,,E:\UNSB_Expl\UNSB_HEADFIGURE_SIXDOMAIN_EXPANDED_20260824\data_views\heldoutA\RainCityscapes\RainCityscapes__0624.png,RainCityscapes__0624
,213735,0891,RainCityscapes,34,False,False,expanded_internal_heldout,13ea685bdb3acd65fa01b0284e9feaa3580b1a422d73bf03b97fa131eaf9ca12,,E:\UNSB_Expl\UNSB_HEADFIGURE_SIXDOMAIN_EXPANDED_20260824\data_views\heldoutA\RainCityscapes\RainCityscapes__0891.png,RainCityscapes__0891
,203886,1185,RainCityscapes,35,False,False,expanded_internal_heldout,e962abea52f2879ea7aeb0b3ce68bf99206fe80a53fbf08847c886b1c7da96c2,,E:\UNSB_Expl\UNSB_HEADFIGURE_SIXDOMAIN_EXPANDED_20260824\data_views\heldoutA\RainCityscapes\RainCityscapes__1185.png,RainCityscapes__1185
,223699,0617,RainCityscapes,36,False,False,expanded_internal_heldout,b717e5b8123a5b625e68f11e425650f372de52556ab934866a07245be63bc096,,E:\UNSB_Expl\UNSB_HEADFIGURE_SIXDOMAIN_EXPANDED_20260824\data_views\heldoutA\RainCityscapes\RainCityscapes__0617.png,RainCityscapes__0617
,230032,1137,RainCityscapes,37,False,False,expanded_internal_heldout,9c559227322e3e9ad22fdae95a417b7971a3e874a678442123d6268f5394a9a5,,E:\UNSB_Expl\UNSB_HEADFIGURE_SIXDOMAIN_EXPANDED_20260824\data_views\heldoutA\RainCityscapes\RainCityscapes__1137.png,RainCityscapes__1137
,235811,0107,RainCityscapes,38,False,False,expanded_internal_heldout,70e2571725f71f21552d208b4adf03cb0cb0ef14b751d801d4bdf1a26e9bd70c,,E:\UNSB_Expl\UNSB_HEADFIGURE_SIXDOMAIN_EXPANDED_20260824\data_views\heldoutA\RainCityscapes\RainCityscapes__0107.png,RainCityscapes__0107
,215043,0276,RainCityscapes,39,False,False,expanded_internal_heldout,8365e2aaae97a794d0c6b721ddcf6f5bcba9f18765be44623b914120283bee7a,,E:\UNSB_Expl\UNSB_HEADFIGURE_SIXDOMAIN_EXPANDED_20260824\data_views\heldoutA\RainCityscapes\RainCityscapes__0276.png,RainCityscapes__0276
,211700,0268,RainCityscapes,40,False,False,expanded_internal_heldout,977d5f16d802aa225249ecc7cdb3c4a419e95b3c16fe1ea53a1e51f0b0c6bbe1,,E:\UNSB_Expl\UNSB_HEADFIGURE_SIXDOMAIN_EXPANDED_20260824\data_views\heldoutA\RainCityscapes\RainCityscapes__0268.png,RainCityscapes__0268
,204432,0041,RainCityscapes,41,False,False,expanded_internal_heldout,63e2528596bb0f681dc6dc10c44dc474f2f49cdec7be9c76d627ca332707f0b2,,E:\UNSB_Expl\UNSB_HEADFIGURE_SIXDOMAIN_EXPANDED_20260824\data_views\heldoutA\RainCityscapes\RainCityscapes__0041.png,RainCityscapes__0041
,205773,0981,RainCityscapes,42,False,False,expanded_internal_heldout,9d1bca3eb2848f0fc6d91968a6d1a3625e9a61f5bcdd9a0aeb3235e69b92b2d3,,E:\UNSB_Expl\UNSB_HEADFIGURE_SIXDOMAIN_EXPANDED_20260824\data_views\heldoutA\RainCityscapes\RainCityscapes__0981.png,RainCityscapes__0981
,204313,0192,RainCityscapes,43,False,False,expanded_internal_heldout,2301c49d8f6be080a440d9888b67e213d143ce281f52117acff7c7f2ba1a1008,,E:\UNSB_Expl\UNSB_HEADFIGURE_SIXDOMAIN_EXPANDED_20260824\data_views\heldoutA\RainCityscapes\RainCityscapes__0192.png,RainCityscapes__0192
,206672,1141,RainCityscapes,44,False,False,expanded_internal_heldout,6d9cbb167be0a04da72c797c74376e1f99bd0063c52a87cc031c76b7f5113737,,E:\UNSB_Expl\UNSB_HEADFIGURE_SIXDOMAIN_EXPANDED_20260824\data_views\heldoutA\RainCityscapes\RainCityscapes__1141.png,RainCityscapes__1141
,226800,0919,RainCityscapes,45,False,False,expanded_internal_heldout,0bae7eeaf6d9f1a89b71c2aa032e396152446224657cae60c003d302b91cf9c2,,E:\UNSB_Expl\UNSB_HEADFIGURE_SIXDOMAIN_EXPANDED_20260824\data_views\heldoutA\RainCityscapes\RainCityscapes__0919.png,RainCityscapes__0919
,236668,0702,RainCityscapes,46,False,False,expanded_internal_heldout,2c647fc7c8a945262062247ee44a1e3586a90c5dc64b25684932c6b0fb958453,,E:\UNSB_Expl\UNSB_HEADFIGURE_SIXDOMAIN_EXPANDED_20260824\data_views\heldoutA\RainCityscapes\RainCityscapes__0702.png,RainCityscapes__0702
,215390,0387,RainCityscapes,47,False,False,expanded_internal_heldout,4624be161f20dfafe3d58868d04020f936dd3ddf8d59f7513ce328d647fca78e,,E:\UNSB_Expl\UNSB_HEADFIGURE_SIXDOMAIN_EXPANDED_20260824\data_views\heldoutA\RainCityscapes\RainCityscapes__0387.png,RainCityscapes__0387
,195368,0934,RainCityscapes,48,False,False,expanded_internal_heldout,3bb9afb0bf796d0f0e1aa32f596bc1f6ba277cf194b07271b5e4ca4416a28b48,,E:\UNSB_Expl\UNSB_HEADFIGURE_SIXDOMAIN_EXPANDED_20260824\data_views\heldoutA\RainCityscapes\RainCityscapes__0934.png,RainCityscapes__0934
,234083,0377,RainCityscapes,49,False,False,expanded_internal_heldout,366aba042fa368781be38e69bcb8ff82c48ee10a20d9541f76e706abd92c4c10,,E:\UNSB_Expl\UNSB_HEADFIGURE_SIXDOMAIN_EXPANDED_20260824\data_views\heldoutA\RainCityscapes\RainCityscapes__0377.png,RainCityscapes__0377
,222307,0860,RainCityscapes,50,False,False,expanded_internal_heldout,d86a01ea4379c632f0afea1e42c6aa4050d7602125b5c81771b2b9152bef04a7,,E:\UNSB_Expl\UNSB_HEADFIGURE_SIXDOMAIN_EXPANDED_20260824\data_views\heldoutA\RainCityscapes\RainCityscapes__0860.png,RainCityscapes__0860
,208230,0841,RainCityscapes,51,False,False,expanded_internal_heldout,35cb30722a6f89b860310f1708bb46b8f2b654d4d20bd7212a9e59527d500c75,,E:\UNSB_Expl\UNSB_HEADFIGURE_SIXDOMAIN_EXPANDED_20260824\data_views\heldoutA\RainCityscapes\RainCityscapes__0841.png,RainCityscapes__0841
,199965,1066,RainCityscapes,52,False,False,expanded_internal_heldout,8f192ea03c6bb20a367a00efd7bd8dca7f02fe0337af431e9e4469fc8dbe6b3c,,E:\UNSB_Expl\UNSB_HEADFIGURE_SIXDOMAIN_EXPANDED_20260824\data_views\heldoutA\RainCityscapes\RainCityscapes__1066.png,RainCityscapes__1066
,220969,0535,RainCityscapes,53,False,False,expanded_internal_heldout,a337c61e4a4ed0bc896c6bae108c729707da2d275871575ec7328d45c8585863,,E:\UNSB_Expl\UNSB_HEADFIGURE_SIXDOMAIN_EXPANDED_20260824\data_views\heldoutA\RainCityscapes\RainCityscapes__0535.png,RainCityscapes__0535
,246460,1054,RainCityscapes,54,False,False,expanded_internal_heldout,e30a79737a2e25f26d50070d24372c61e66d848bdd5b060e11d6864e344fed29,,E:\UNSB_Expl\UNSB_HEADFIGURE_SIXDOMAIN_EXPANDED_20260824\data_views\heldoutA\RainCityscapes\RainCityscapes__1054.png,RainCityscapes__1054
,197549,1182,RainCityscapes,55,False,False,expanded_internal_heldout,8632b5fe4f43c19804c999b6ea180186e37feeb48b79c56c4ba4ad86f5afc1e3,,E:\UNSB_Expl\UNSB_HEADFIGURE_SIXDOMAIN_EXPANDED_20260824\data_views\heldoutA\RainCityscapes\RainCityscapes__1182.png,RainCityscapes__1182
,201583,0030,RainCityscapes,56,False,False,expanded_internal_heldout,e82e4c81ec163d950ecf5d0d5155a5bba03732bc6e820afc5ba8d7a4b3a70774,,E:\UNSB_Expl\UNSB_HEADFIGURE_SIXDOMAIN_EXPANDED_20260824\data_views\heldoutA\RainCityscapes\RainCityscapes__0030.png,RainCityscapes__0030
,233573,0931,RainCityscapes,57,False,False,expanded_internal_heldout,4008558a1055096691d2d9c0ede37d90e0e7f97d3118bc31f51b0f4e744f7f57,,E:\UNSB_Expl\UNSB_HEADFIGURE_SIXDOMAIN_EXPANDED_20260824\data_views\heldoutA\RainCityscapes\RainCityscapes__0931.png,RainCityscapes__0931
,216475,0391,RainCityscapes,58,False,False,expanded_internal_heldout,39bd2a2ebce9730c0ae4ab7a01ed8abce3d2278f90cc56c652a11420a7fb6a40,,E:\UNSB_Expl\UNSB_HEADFIGURE_SIXDOMAIN_EXPANDED_20260824\data_views\heldoutA\RainCityscapes\RainCityscapes__0391.png,RainCityscapes__0391
,240895,0965,RainCityscapes,59,False,False,expanded_internal_heldout,0499aa4480bed354937bc2966bb3032024bf14aaf857ff2e96332002540daccb,,E:\UNSB_Expl\UNSB_HEADFIGURE_SIXDOMAIN_EXPANDED_20260824\data_views\heldoutA\RainCityscapes\RainCityscapes__0965.png,RainCityscapes__0965
,214851,0090,RainCityscapes,60,False,False,expanded_internal_heldout,5cc79156e03ce3c990667763738604fc7d93adc503b1c27d526916cf53962df9,,E:\UNSB_Expl\UNSB_HEADFIGURE_SIXDOMAIN_EXPANDED_20260824\data_views\heldoutA\RainCityscapes\RainCityscapes__0090.png,RainCityscapes__0090
,209769,0182,RainCityscapes,61,False,False,expanded_internal_heldout,a46fb8ef4f913b8e53eb2535edeeb4d18253d13a79669014049bbef5bda0d023,,E:\UNSB_Expl\UNSB_HEADFIGURE_SIXDOMAIN_EXPANDED_20260824\data_views\heldoutA\RainCityscapes\RainCityscapes__0182.png,RainCityscapes__0182
,203673,0843,RainCityscapes,62,False,False,expanded_internal_heldout,c44aa982152aa4d82e855bd84e4289ed29a874893298b7ca060ba6c08cda6044,,E:\UNSB_Expl\UNSB_HEADFIGURE_SIXDOMAIN_EXPANDED_20260824\data_views\heldoutA\RainCityscapes\RainCityscapes__0843.png,RainCityscapes__0843
,221192,0869,RainCityscapes,63,False,False,expanded_internal_heldout,216f70a814cf35928f5ca6a97e2f07c6742bc600ecdd262cf97b952de20f2e69,,E:\UNSB_Expl\UNSB_HEADFIGURE_SIXDOMAIN_EXPANDED_20260824\data_views\heldoutA\RainCityscapes\RainCityscapes__0869.png,RainCityscapes__0869
,184752,0557,RainCityscapes,64,False,False,expanded_internal_heldout,9e889077704ab06d3275dddcd8cb117c968b24df829dd8885c5688ce27a220c6,,E:\UNSB_Expl\UNSB_HEADFIGURE_SIXDOMAIN_EXPANDED_20260824\data_views\heldoutA\RainCityscapes\RainCityscapes__0557.png,RainCityscapes__0557
,247846,0726,RainCityscapes,65,False,False,expanded_internal_heldout,9eba2f60ec999cba3d673e17f09508c346b3691561927245a6c346524667c507,,E:\UNSB_Expl\UNSB_HEADFIGURE_SIXDOMAIN_EXPANDED_20260824\data_views\heldoutA\RainCityscapes\RainCityscapes__0726.png,RainCityscapes__0726
,231988,0246,RainCityscapes,66,False,False,expanded_internal_heldout,df7b0881aeff1ae49f9f8a89f2b09df77d9209c5b6af3ad0bebd44271cd4dac4,,E:\UNSB_Expl\UNSB_HEADFIGURE_SIXDOMAIN_EXPANDED_20260824\data_views\heldoutA\RainCityscapes\RainCityscapes__0246.png,RainCityscapes__0246
,207042,0477,RainCityscapes,67,False,False,expanded_internal_heldout,d9fdd541fd807c5627400fb65fc02e8b399f7b15ae99a4892fe82fb1205bb93e,,E:\UNSB_Expl\UNSB_HEADFIGURE_SIXDOMAIN_EXPANDED_20260824\data_views\heldoutA\RainCityscapes\RainCityscapes__0477.png,RainCityscapes__0477
,232874,0001,RainCityscapes,68,False,False,expanded_internal_heldout,78e2b04bb41c0989f0a5a7d63cc1de8922ffb36b191621cafba34e1c377db3e5,,E:\UNSB_Expl\UNSB_HEADFIGURE_SIXDOMAIN_EXPANDED_20260824\data_views\heldoutA\RainCityscapes\RainCityscapes__0001.png,RainCityscapes__0001
,197891,0451,RainCityscapes,69,False,False,expanded_internal_heldout,57023f0fb0ef86c030ae5794d0dbd28612584948555277aed6ab6377c2fa7cf0,,E:\UNSB_Expl\UNSB_HEADFIGURE_SIXDOMAIN_EXPANDED_20260824\data_views\heldoutA\RainCityscapes\RainCityscapes__0451.png,RainCityscapes__0451
,221749,0742,RainCityscapes,70,False,False,expanded_internal_heldout,45df7c99844b197d58b195e0b3122212cc255b76ca52d6b390070b5ad62e1311,,E:\UNSB_Expl\UNSB_HEADFIGURE_SIXDOMAIN_EXPANDED_20260824\data_views\heldoutA\RainCityscapes\RainCityscapes__0742.png,RainCityscapes__0742
,198429,0321,RainCityscapes,71,False,False,expanded_internal_heldout,eeb049b48031b60df9c31b750bec4caa356d3ad54c98567416f1febe8f233a56,,E:\UNSB_Expl\UNSB_HEADFIGURE_SIXDOMAIN_EXPANDED_20260824\data_views\heldoutA\RainCityscapes\RainCityscapes__0321.png,RainCityscapes__0321
,236388,0147,RainCityscapes,72,False,False,expanded_internal_heldout,2f4b8ec61c902e48bb77fdcaed60edef405b9a48105060d425fabf0c3024cf05,,E:\UNSB_Expl\UNSB_HEADFIGURE_SIXDOMAIN_EXPANDED_20260824\data_views\heldoutA\RainCityscapes\RainCityscapes__0147.png,RainCityscapes__0147
,176138,1079,RainCityscapes,73,False,False,expanded_internal_heldout,0ca593045fa36435dd7737fdfd5cce5683012432d4e3d11eb578189fa1163fbd,,E:\UNSB_Expl\UNSB_HEADFIGURE_SIXDOMAIN_EXPANDED_20260824\data_views\heldoutA\RainCityscapes\RainCityscapes__1079.png,RainCityscapes__1079
,173985,0089,RainCityscapes,74,False,False,expanded_internal_heldout,288f0004825b370bf9b9679dd74545e8e45645027b72d2d370fbd52f8ba5a587,,E:\UNSB_Expl\UNSB_HEADFIGURE_SIXDOMAIN_EXPANDED_20260824\data_views\heldoutA\RainCityscapes\RainCityscapes__0089.png,RainCityscapes__0089
,233484,0750,RainCityscapes,75,False,False,expanded_internal_heldout,7891b9a743908354c5ff7993ed400ac69d6a8afd9622855a52bda4e7c61287f3,,E:\UNSB_Expl\UNSB_HEADFIGURE_SIXDOMAIN_EXPANDED_20260824\data_views\heldoutA\RainCityscapes\RainCityscapes__0750.png,RainCityscapes__0750
,237019,0496,RainCityscapes,76,False,False,expanded_internal_heldout,b1f24d8853fd39bac907826653a4084be995c06cdae8f22c61803ba33c5bf67d,,E:\UNSB_Expl\UNSB_HEADFIGURE_SIXDOMAIN_EXPANDED_20260824\data_views\heldoutA\RainCityscapes\RainCityscapes__0496.png,RainCityscapes__0496
,216036,0038,RainCityscapes,77,False,False,expanded_internal_heldout,6a731eab5f2b48b0d04f24223a7237adfd44c4fadab970303df225fe84913f9a,,E:\UNSB_Expl\UNSB_HEADFIGURE_SIXDOMAIN_EXPANDED_20260824\data_views\heldoutA\RainCityscapes\RainCityscapes__0038.png,RainCityscapes__0038
,226123,0515,RainCityscapes,78,False,False,expanded_internal_heldout,66d4716f1113a7d022151df0162083226d340180d8c784eefef7f6e27717eaf2,,E:\UNSB_Expl\UNSB_HEADFIGURE_SIXDOMAIN_EXPANDED_20260824\data_views\heldoutA\RainCityscapes\RainCityscapes__0515.png,RainCityscapes__0515
,234679,0256,RainCityscapes,79,False,False,expanded_internal_heldout,bd8f4aaefdc592284f68fb788a69663666d52cbb92edb034e43490dc7fc8d448,,E:\UNSB_Expl\UNSB_HEADFIGURE_SIXDOMAIN_EXPANDED_20260824\data_views\heldoutA\RainCityscapes\RainCityscapes__0256.png,RainCityscapes__0256
E:\UNSB_Expl\UNSB_HEADFIGURE_SIXDOMAIN_EXPANDED_20260824\data_views\aio\trainA\RainDS-syn__123.png,498966,,RainDS-syn,0,,,trainA,fff84a2c4eb6faba4692483b35505de2cef33659f9ef3dbb0aff641208794730,E:\UNSB_Expl\UNSB_HEADFIGURE_SIXDOMAIN_EXPANDED_20260824\data_views\single\RainDS-syn\trainA\RainDS-syn__123.png,E:\UNSB_abl\full_dataset\RainDS-syn\input\123.png,123
E:\UNSB_Expl\UNSB_HEADFIGURE_SIXDOMAIN_EXPANDED_20260824\data_views\aio\trainA\RainDS-syn__138.png,842392,,RainDS-syn,1,,,trainA,94eb279b0b1a4892063b1cc1ba06b444c785be2f6c38c574e7615732b3f22e69,E:\UNSB_Expl\UNSB_HEADFIGURE_SIXDOMAIN_EXPANDED_20260824\data_views\single\RainDS-syn\trainA\RainDS-syn__138.png,E:\UNSB_abl\full_dataset\RainDS-syn\input\138.png,138
E:\UNSB_Expl\UNSB_HEADFIGURE_SIXDOMAIN_EXPANDED_20260824\data_views\aio\trainA\RainDS-syn__046.png,703341,,RainDS-syn,2,,,trainA,00a2fe82ab1f6623eef530b88bde7e574979972b5286cb21a463c7b49a50daec,E:\UNSB_Expl\UNSB_HEADFIGURE_SIXDOMAIN_EXPANDED_20260824\data_views\single\RainDS-syn\trainA\RainDS-syn__046.png,E:\UNSB_abl\full_dataset\RainDS-syn\input\046.png,046
E:\UNSB_Expl\UNSB_HEADFIGURE_SIXDOMAIN_EXPANDED_20260824\data_views\aio\trainA\RainDS-syn__017.png,823057,,RainDS-syn,3,,,trainA,37726d3b1ff4d3323811a9fb1ca267854cde996a7860bffd53d50b6e03be8dca,E:\UNSB_Expl\UNSB_HEADFIGURE_SIXDOMAIN_EXPANDED_20260824\data_views\single\RainDS-syn\trainA\RainDS-syn__017.png,E:\UNSB_abl\full_dataset\RainDS-syn\input\017.png,017
E:\UNSB_Expl\UNSB_HEADFIGURE_SIXDOMAIN_EXPANDED_20260824\data_views\aio\trainA\RainDS-syn__126.png,463494,,RainDS-syn,4,,,trainA,ab198baa1c06e83f7ea133315dc90c3c3f6e965d1799abf9eeca5b80ccd4c3d1,E:\UNSB_Expl\UNSB_HEADFIGURE_SIXDOMAIN_EXPANDED_20260824\data_views\single\RainDS-syn\trainA\RainDS-syn__126.png,E:\UNSB_abl\full_dataset\RainDS-syn\input\126.png,126
E:\UNSB_Expl\UNSB_HEADFIGURE_SIXDOMAIN_EXPANDED_20260824\data_views\aio\trainA\RainDS-syn__040.png,481606,,RainDS-syn,5,,,trainA,76970e290c350d9cf0aa651ea6f5a135e684e7a5d7f6409e21c842f5b4fa9b08,E:\UNSB_Expl\UNSB_HEADFIGURE_SIXDOMAIN_EXPANDED_20260824\data_views\single\RainDS-syn\trainA\RainDS-syn__040.png,E:\UNSB_abl\full_dataset\RainDS-syn\input\040.png,040
E:\UNSB_Expl\UNSB_HEADFIGURE_SIXDOMAIN_EXPANDED_20260824\data_views\aio\trainA\RainDS-syn__085.png,736554,,RainDS-syn,6,,,trainA,df6ac50b0d916fa44b94f3f9958164b174acb3f06df2553424b06827079ae9d7,E:\UNSB_Expl\UNSB_HEADFIGURE_SIXDOMAIN_EXPANDED_20260824\data_views\single\RainDS-syn\trainA\RainDS-syn__085.png,E:\UNSB_abl\full_dataset\RainDS-syn\input\085.png,085
E:\UNSB_Expl\UNSB_HEADFIGURE_SIXDOMAIN_EXPANDED_20260824\data_views\aio\trainA\RainDS-syn__119.png,755577,,RainDS-syn,7,,,trainA,cc007e88d9e04a952e74130428befe16990cda92b82444419cef2badf380bb29,E:\UNSB_Expl\UNSB_HEADFIGURE_SIXDOMAIN_EXPANDED_20260824\data_views\single\RainDS-syn\trainA\RainDS-syn__119.png,E:\UNSB_abl\full_dataset\RainDS-syn\input\119.png,119
E:\UNSB_Expl\UNSB_HEADFIGURE_SIXDOMAIN_EXPANDED_20260824\data_views\aio\trainA\RainDS-syn__120.png,757581,,RainDS-syn,8,,,trainA,acecd040095438e258fe9f98557cc08f5064c20d22323e9f91cc5e3b040b7c7b,E:\UNSB_Expl\UNSB_HEADFIGURE_SIXDOMAIN_EXPANDED_20260824\data_views\single\RainDS-syn\trainA\RainDS-syn__120.png,E:\UNSB_abl\full_dataset\RainDS-syn\input\120.png,120
E:\UNSB_Expl\UNSB_HEADFIGURE_SIXDOMAIN_EXPANDED_20260824\data_views\aio\trainA\RainDS-syn__011.png,720691,,RainDS-syn,9,,,trainA,9162a105c91986408d8f9b592ece18cac150e0dede07fe94735ac3f04dcc992b,E:\UNSB_Expl\UNSB_HEADFIGURE_SIXDOMAIN_EXPANDED_20260824\data_views\single\RainDS-syn\trainA\RainDS-syn__011.png,E:\UNSB_abl\full_dataset\RainDS-syn\input\011.png,011
E:\UNSB_Expl\UNSB_HEADFIGURE_SIXDOMAIN_EXPANDED_20260824\data_views\aio\trainA\RainDS-syn__033.png,800079,,RainDS-syn,10,,,trainA,03427330ca1e90f6a3375e747523c16d1745424d0d3b23c85e4c8d71888fb8b8,E:\UNSB_Expl\UNSB_HEADFIGURE_SIXDOMAIN_EXPANDED_20260824\data_views\single\RainDS-syn\trainA\RainDS-syn__033.png,E:\UNSB_abl\full_dataset\RainDS-syn\input\033.png,033
E:\UNSB_Expl\UNSB_HEADFIGURE_SIXDOMAIN_EXPANDED_20260824\data_views\aio\trainA\RainDS-syn__090.png,459075,,RainDS-syn,11,,,trainA,40a61784782f5396ee3f8113099550154a57b2d56f9800e470c9e6dc176ba3b9,E:\UNSB_Expl\UNSB_HEADFIGURE_SIXDOMAIN_EXPANDED_20260824\data_views\single\RainDS-syn\trainA\RainDS-syn__090.png,E:\UNSB_abl\full_dataset\RainDS-syn\input\090.png,090
E:\UNSB_Expl\UNSB_HEADFIGURE_SIXDOMAIN_EXPANDED_20260824\data_views\aio\trainA\RainDS-syn__055.png,472320,,RainDS-syn,12,,,trainA,614fc46c23d27af4138c413608e3c6d6bb010188975f400c89ca4a3309b5d6cd,E:\UNSB_Expl\UNSB_HEADFIGURE_SIXDOMAIN_EXPANDED_20260824\data_views\single\RainDS-syn\trainA\RainDS-syn__055.png,E:\UNSB_abl\full_dataset\RainDS-syn\input\055.png,055
E:\UNSB_Expl\UNSB_HEADFIGURE_SIXDOMAIN_EXPANDED_20260824\data_views\aio\trainA\RainDS-syn__026.png,769972,,RainDS-syn,13,,,trainA,da885b6a5e1528e16c3789750a96936904a3d0959dde6c6e330b28760cb88618,E:\UNSB_Expl\UNSB_HEADFIGURE_SIXDOMAIN_EXPANDED_20260824\data_views\single\RainDS-syn\trainA\RainDS-syn__026.png,E:\UNSB_abl\full_dataset\RainDS-syn\input\026.png,026
E:\UNSB_Expl\UNSB_HEADFIGURE_SIXDOMAIN_EXPANDED_20260824\data_views\aio\trainA\RainDS-syn__005.png,480568,,RainDS-syn,14,,,trainA,4c0f0b331e8747298e937c4f0137467f7efdddd841d14bc167713ea579f58724,E:\UNSB_Expl\UNSB_HEADFIGURE_SIXDOMAIN_EXPANDED_20260824\data_views\single\RainDS-syn\trainA\RainDS-syn__005.png,E:\UNSB_abl\full_dataset\RainDS-syn\input\005.png,005
E:\UNSB_Expl\UNSB_HEADFIGURE_SIXDOMAIN_EXPANDED_20260824\data_views\aio\trainA\RainDS-syn__174.png,695719,,RainDS-syn,15,,,trainA,9b87ac1ffefae8b636db979e5cb06e46ae26b5f24522bb04cfdd8282b56a517b,E:\UNSB_Expl\UNSB_HEADFIGURE_SIXDOMAIN_EXPANDED_20260824\data_views\single\RainDS-syn\trainA\RainDS-syn__174.png,E:\UNSB_abl\full_dataset\RainDS-syn\input\174.png,174
E:\UNSB_Expl\UNSB_HEADFIGURE_SIXDOMAIN_EXPANDED_20260824\data_views\aio\trainA\RainDS-syn__183.png,823564,,RainDS-syn,16,,,trainA,87381bfc9b41d169dc923bb79ada3a23925a668248b3b9783cfe3a6a82832813,E:\UNSB_Expl\UNSB_HEADFIGURE_SIXDOMAIN_EXPANDED_20260824\data_views\single\RainDS-syn\trainA\RainDS-syn__183.png,E:\UNSB_abl\full_dataset\RainDS-syn\input\183.png,183
E:\UNSB_Expl\UNSB_HEADFIGURE_SIXDOMAIN_EXPANDED_20260824\data_views\aio\trainA\RainDS-syn__095.png,461402,,RainDS-syn,17,,,trainA,735a679734c31220ef1279621421b6faac23c153cf51942b93d3db8d4489e770,E:\UNSB_Expl\UNSB_HEADFIGURE_SIXDOMAIN_EXPANDED_20260824\data_views\single\RainDS-syn\trainA\RainDS-syn__095.png,E:\UNSB_abl\full_dataset\RainDS-syn\input\095.png,095
E:\UNSB_Expl\UNSB_HEADFIGURE_SIXDOMAIN_EXPANDED_20260824\data_views\aio\trainA\RainDS-syn__148.png,469963,,RainDS-syn,18,,,trainA,ac097ebaf543fc350ca9b8d57117d64e8ddb653c8d5c0c389de6e0d45a284eec,E:\UNSB_Expl\UNSB_HEADFIGURE_SIXDOMAIN_EXPANDED_20260824\data_views\single\RainDS-syn\trainA\RainDS-syn__148.png,E:\UNSB_abl\full_dataset\RainDS-syn\input\148.png,148
E:\UNSB_Expl\UNSB_HEADFIGURE_SIXDOMAIN_EXPANDED_20260824\data_views\aio\trainA\RainDS-syn__195.png,465833,,RainDS-syn,19,,,trainA,84870fe2f82f075c1c991e6bd2b75ee67784615821cbde586d17b410d731204f,E:\UNSB_Expl\UNSB_HEADFIGURE_SIXDOMAIN_EXPANDED_20260824\data_views\single\RainDS-syn\trainA\RainDS-syn__195.png,E:\UNSB_abl\full_dataset\RainDS-syn\input\195.png,195
E:\UNSB_Expl\UNSB_HEADFIGURE_SIXDOMAIN_EXPANDED_20260824\data_views\aio\trainA\RainDS-syn__006.png,471797,,RainDS-syn,20,,,trainA,bc4e862d391086cfb54760d7da8def21bcd54ec8db1761c9bd073298d56100bf,E:\UNSB_Expl\UNSB_HEADFIGURE_SIXDOMAIN_EXPANDED_20260824\data_views\single\RainDS-syn\trainA\RainDS-syn__006.png,E:\UNSB_abl\full_dataset\RainDS-syn\input\006.png,006
E:\UNSB_Expl\UNSB_HEADFIGURE_SIXDOMAIN_EXPANDED_20260824\data_views\aio\trainA\RainDS-syn__013.png,480712,,RainDS-syn,21,,,trainA,25515e0cb356acc185e60d884290f54af581d34e88aba53d9257e4ade0409483,E:\UNSB_Expl\UNSB_HEADFIGURE_SIXDOMAIN_EXPANDED_20260824\data_views\single\RainDS-syn\trainA\RainDS-syn__013.png,E:\UNSB_abl\full_dataset\RainDS-syn\input\013.png,013
E:\UNSB_Expl\UNSB_HEADFIGURE_SIXDOMAIN_EXPANDED_20260824\data_views\aio\trainA\RainDS-syn__043.png,512142,,RainDS-syn,22,,,trainA,c50460e4476b4f5d8f0a61a416c65801929d0112ad9229a1c6ec1caf3bc15176,E:\UNSB_Expl\UNSB_HEADFIGURE_SIXDOMAIN_EXPANDED_20260824\data_views\single\RainDS-syn\trainA\RainDS-syn__043.png,E:\UNSB_abl\full_dataset\RainDS-syn\input\043.png,043
E:\UNSB_Expl\UNSB_HEADFIGURE_SIXDOMAIN_EXPANDED_20260824\data_views\aio\trainA\RainDS-syn__198.png,476233,,RainDS-syn,23,,,trainA,e2f0ac0784ece067181e03460f9713e7fe52f4a150f764eacf2bb86e0507e495,E:\UNSB_Expl\UNSB_HEADFIGURE_SIXDOMAIN_EXPANDED_20260824\data_views\single\RainDS-syn\trainA\RainDS-syn__198.png,E:\UNSB_abl\full_dataset\RainDS-syn\input\198.png,198
E:\UNSB_Expl\UNSB_HEADFIGURE_SIXDOMAIN_EXPANDED_20260824\data_views\aio\trainA\RainDS-syn__187.png,436854,,RainDS-syn,24,,,trainA,c4e9ffaf57ec039d320b0d73e5059fd533b75352e5fac1c43d99fd3b0d7dbf47,E:\UNSB_Expl\UNSB_HEADFIGURE_SIXDOMAIN_EXPANDED_20260824\data_views\single\RainDS-syn\trainA\RainDS-syn__187.png,E:\UNSB_abl\full_dataset\RainDS-syn\input\187.png,187
E:\UNSB_Expl\UNSB_HEADFIGURE_SIXDOMAIN_EXPANDED_20260824\data_views\aio\trainA\RainDS-syn__097.png,812363,,RainDS-syn,25,,,trainA,7555bfc63d5d5f6ceb1ac622ba5a945ec7dc5bb0912d4a5af6e3d694f070d7c1,E:\UNSB_Expl\UNSB_HEADFIGURE_SIXDOMAIN_EXPANDED_20260824\data_views\single\RainDS-syn\trainA\RainDS-syn__097.png,E:\UNSB_abl\full_dataset\RainDS-syn\input\097.png,097
E:\UNSB_Expl\UNSB_HEADFIGURE_SIXDOMAIN_EXPANDED_20260824\data_views\aio\trainA\RainDS-syn__154.png,798954,,RainDS-syn,26,,,trainA,0cdbbe238d147c873338b5c1c3a53a9fa80b52ef8cb2948fa849b2d0bde279f8,E:\UNSB_Expl\UNSB_HEADFIGURE_SIXDOMAIN_EXPANDED_20260824\data_views\single\RainDS-syn\trainA\RainDS-syn__154.png,E:\UNSB_abl\full_dataset\RainDS-syn\input\154.png,154
E:\UNSB_Expl\UNSB_HEADFIGURE_SIXDOMAIN_EXPANDED_20260824\data_views\aio\trainA\RainDS-syn__073.png,678119,,RainDS-syn,27,,,trainA,3d7ad8b2d3440946481bdbdfd6622fe63618904bb61c3be253119e68f6d2548f,E:\UNSB_Expl\UNSB_HEADFIGURE_SIXDOMAIN_EXPANDED_20260824\data_views\single\RainDS-syn\trainA\RainDS-syn__073.png,E:\UNSB_abl\full_dataset\RainDS-syn\input\073.png,073
E:\UNSB_Expl\UNSB_HEADFIGURE_SIXDOMAIN_EXPANDED_20260824\data_views\aio\trainA\RainDS-syn__158.png,482263,,RainDS-syn,28,,,trainA,6e57a03057c259e4453a78dff1ded580dfa6efb07356b757e69bf993d70f371d,E:\UNSB_Expl\UNSB_HEADFIGURE_SIXDOMAIN_EXPANDED_20260824\data_views\single\RainDS-syn\trainA\RainDS-syn__158.png,E:\UNSB_abl\full_dataset\RainDS-syn\input\158.png,158
E:\UNSB_Expl\UNSB_HEADFIGURE_SIXDOMAIN_EXPANDED_20260824\data_views\aio\trainA\RainDS-syn__185.png,715728,,RainDS-syn,29,,,trainA,ad71cab46e1655e25afb80bd650e9eb3fdf5e1777b8735d4e433a4d16e56f598,E:\UNSB_Expl\UNSB_HEADFIGURE_SIXDOMAIN_EXPANDED_20260824\data_views\single\RainDS-syn\trainA\RainDS-syn__185.png,E:\UNSB_abl\full_dataset\RainDS-syn\input\185.png,185
E:\UNSB_Expl\UNSB_HEADFIGURE_SIXDOMAIN_EXPANDED_20260824\data_views\aio\trainA\RainDS-syn__056.png,814262,,RainDS-syn,30,,,trainA,a5494c628e1280638c9ba2916092448c85d8da0cfb6a853afdc099f9f1a30a54,E:\UNSB_Expl\UNSB_HEADFIGURE_SIXDOMAIN_EXPANDED_20260824\data_views\single\RainDS-syn\trainA\RainDS-syn__056.png,E:\UNSB_abl\full_dataset\RainDS-syn\input\056.png,056
E:\UNSB_Expl\UNSB_HEADFIGURE_SIXDOMAIN_EXPANDED_20260824\data_views\aio\trainA\RainDS-syn__100.png,763469,,RainDS-syn,31,,,trainA,4e06cf821491449caf4557e98431af9fdd91a94e45e773468cd055c16d8d8405,E:\UNSB_Expl\UNSB_HEADFIGURE_SIXDOMAIN_EXPANDED_20260824\data_views\single\RainDS-syn\trainA\RainDS-syn__100.png,E:\UNSB_abl\full_dataset\RainDS-syn\input\100.png,100
E:\UNSB_Expl\UNSB_HEADFIGURE_SIXDOMAIN_EXPANDED_20260824\data_views\aio\trainA\RainDS-syn__110.png,479459,,RainDS-syn,32,,,trainA,e5f20f01d1c68edf56ef5d8062e3aaebbbe7a23ac21394eca72dc46f8accb3b0,E:\UNSB_Expl\UNSB_HEADFIGURE_SIXDOMAIN_EXPANDED_20260824\data_views\single\RainDS-syn\trainA\RainDS-syn__110.png,E:\UNSB_abl\full_dataset\RainDS-syn\input\110.png,110
E:\UNSB_Expl\UNSB_HEADFIGURE_SIXDOMAIN_EXPANDED_20260824\data_views\aio\trainA\RainDS-syn__060.png,758505,,RainDS-syn,33,,,trainA,d0572ede9250c2b3002eb3af1a16e556719426163da4293aae0388a83c3d06d1,E:\UNSB_Expl\UNSB_HEADFIGURE_SIXDOMAIN_EXPANDED_20260824\data_views\single\RainDS-syn\trainA\RainDS-syn__060.png,E:\UNSB_abl\full_dataset\RainDS-syn\input\060.png,060
E:\UNSB_Expl\UNSB_HEADFIGURE_SIXDOMAIN_EXPANDED_20260824\data_views\aio\trainA\RainDS-syn__162.png,521872,,RainDS-syn,34,,,trainA,30e4dc3dfa9bc30b4a5eeae6ab023a32fd236b6504634d04497da23d28b8e957,E:\UNSB_Expl\UNSB_HEADFIGURE_SIXDOMAIN_EXPANDED_20260824\data_views\single\RainDS-syn\trainA\RainDS-syn__162.png,E:\UNSB_abl\full_dataset\RainDS-syn\input\162.png,162
E:\UNSB_Expl\UNSB_HEADFIGURE_SIXDOMAIN_EXPANDED_20260824\data_views\aio\trainA\RainDS-syn__160.png,818817,,RainDS-syn,35,,,trainA,c00f099a2ab94ed2f7ad5d6bef8d20f0d8a488a10e729b480c630e58fe03def2,E:\UNSB_Expl\UNSB_HEADFIGURE_SIXDOMAIN_EXPANDED_20260824\data_views\single\RainDS-syn\trainA\RainDS-syn__160.png,E:\UNSB_abl\full_dataset\RainDS-syn\input\160.png,160
E:\UNSB_Expl\UNSB_HEADFIGURE_SIXDOMAIN_EXPANDED_20260824\data_views\aio\trainA\RainDS-syn__169.png,653416,,RainDS-syn,36,,,trainA,e543a42789c9ef6fa80aa964615cedcdd7c75c85827522f7113c75e10529c0de,E:\UNSB_Expl\UNSB_HEADFIGURE_SIXDOMAIN_EXPANDED_20260824\data_views\single\RainDS-syn\trainA\RainDS-syn__169.png,E:\UNSB_abl\full_dataset\RainDS-syn\input\169.png,169
E:\UNSB_Expl\UNSB_HEADFIGURE_SIXDOMAIN_EXPANDED_20260824\data_views\aio\trainA\RainDS-syn__113.png,485599,,RainDS-syn,37,,,trainA,47193cbf58233ba96f58fcb4023a41403f8c9b12a2aa185465b142c203769387,E:\UNSB_Expl\UNSB_HEADFIGURE_SIXDOMAIN_EXPANDED_20260824\data_views\single\RainDS-syn\trainA\RainDS-syn__113.png,E:\UNSB_abl\full_dataset\RainDS-syn\input\113.png,113
E:\UNSB_Expl\UNSB_HEADFIGURE_SIXDOMAIN_EXPANDED_20260824\data_views\aio\trainA\RainDS-syn__076.png,490804,,RainDS-syn,38,,,trainA,67ea24a77d2eda20642fb65d06060dbd1a7785dae092472df4659001d6db4bb7,E:\UNSB_Expl\UNSB_HEADFIGURE_SIXDOMAIN_EXPANDED_20260824\data_views\single\RainDS-syn\trainA\RainDS-syn__076.png,E:\UNSB_abl\full_dataset\RainDS-syn\input\076.png,076
E:\UNSB_Expl\UNSB_HEADFIGURE_SIXDOMAIN_EXPANDED_20260824\data_views\aio\trainA\RainDS-syn__048.png,493648,,RainDS-syn,39,,,trainA,3c665d5c96bee0160750bd91923cfd0410983ed8cd823956df132fcb4da6a6df,E:\UNSB_Expl\UNSB_HEADFIGURE_SIXDOMAIN_EXPANDED_20260824\data_views\single\RainDS-syn\trainA\RainDS-syn__048.png,E:\UNSB_abl\full_dataset\RainDS-syn\input\048.png,048
E:\UNSB_Expl\UNSB_HEADFIGURE_SIXDOMAIN_EXPANDED_20260824\data_views\aio\trainA\RainDS-syn__079.png,763276,,RainDS-syn,40,,,trainA,2ae3cae43d8e0dac871e1614f4ac4744289ccea35b1b52a402ba772c94a0dc5c,E:\UNSB_Expl\UNSB_HEADFIGURE_SIXDOMAIN_EXPANDED_20260824\data_views\single\RainDS-syn\trainA\RainDS-syn__079.png,E:\UNSB_abl\full_dataset\RainDS-syn\input\079.png,079
E:\UNSB_Expl\UNSB_HEADFIGURE_SIXDOMAIN_EXPANDED_20260824\data_views\aio\trainA\RainDS-syn__052.png,747678,,RainDS-syn,41,,,trainA,752fc7818d612d98fb832fd163007f8e1793ceb8e78a9cd6319e04c6f4159ea9,E:\UNSB_Expl\UNSB_HEADFIGURE_SIXDOMAIN_EXPANDED_20260824\data_views\single\RainDS-syn\trainA\RainDS-syn__052.png,E:\UNSB_abl\full_dataset\RainDS-syn\input\052.png,052
E:\UNSB_Expl\UNSB_HEADFIGURE_SIXDOMAIN_EXPANDED_20260824\data_views\aio\trainA\RainDS-syn__049.png,705231,,RainDS-syn,42,,,trainA,0ccd7de63fdac3bb5e1db1a7a03c56805b1eb97ab521b555095df243b2df78b6,E:\UNSB_Expl\UNSB_HEADFIGURE_SIXDOMAIN_EXPANDED_20260824\data_views\single\RainDS-syn\trainA\RainDS-syn__049.png,E:\UNSB_abl\full_dataset\RainDS-syn\input\049.png,049
E:\UNSB_Expl\UNSB_HEADFIGURE_SIXDOMAIN_EXPANDED_20260824\data_views\aio\trainA\RainDS-syn__086.png,803718,,RainDS-syn,43,,,trainA,0d20c501c621302e27200b21406e3253e6e0187f6f291b95b5ea4143c2503423,E:\UNSB_Expl\UNSB_HEADFIGURE_SIXDOMAIN_EXPANDED_20260824\data_views\single\RainDS-syn\trainA\RainDS-syn__086.png,E:\UNSB_abl\full_dataset\RainDS-syn\input\086.png,086
E:\UNSB_Expl\UNSB_HEADFIGURE_SIXDOMAIN_EXPANDED_20260824\data_views\aio\trainA\RainDS-syn__121.png,824559,,RainDS-syn,44,,,trainA,8d8f12d177fdec2ad11dc6bc3b220e76ba5d7ee9cfe277a4937de949cf4dec16,E:\UNSB_Expl\UNSB_HEADFIGURE_SIXDOMAIN_EXPANDED_20260824\data_views\single\RainDS-syn\trainA\RainDS-syn__121.png,E:\UNSB_abl\full_dataset\RainDS-syn\input\121.png,121
E:\UNSB_Expl\UNSB_HEADFIGURE_SIXDOMAIN_EXPANDED_20260824\data_views\aio\trainA\RainDS-syn__182.png,750961,,RainDS-syn,45,,,trainA,7e92a274f59f2a4c36f62118cbcaa5609bac819d0a7fcd1b32d55d9ed51c8d66,E:\UNSB_Expl\UNSB_HEADFIGURE_SIXDOMAIN_EXPANDED_20260824\data_views\single\RainDS-syn\trainA\RainDS-syn__182.png,E:\UNSB_abl\full_dataset\RainDS-syn\input\182.png,182
E:\UNSB_Expl\UNSB_HEADFIGURE_SIXDOMAIN_EXPANDED_20260824\data_views\aio\trainA\RainDS-syn__038.png,742520,,RainDS-syn,46,,,trainA,27fcecfed4275ccf01a4c4d3bcea2508600553b28436ec9263c8c7fb7f93a782,E:\UNSB_Expl\UNSB_HEADFIGURE_SIXDOMAIN_EXPANDED_20260824\data_views\single\RainDS-syn\trainA\RainDS-syn__038.png,E:\UNSB_abl\full_dataset\RainDS-syn\input\038.png,038
E:\UNSB_Expl\UNSB_HEADFIGURE_SIXDOMAIN_EXPANDED_20260824\data_views\aio\trainA\RainDS-syn__145.png,451919,,RainDS-syn,47,,,trainA,a6a526b6e6360a3c3b92ec4b9b2060a1a2371b3a1533794f989f992bc7cd8b14,E:\UNSB_Expl\UNSB_HEADFIGURE_SIXDOMAIN_EXPANDED_20260824\data_views\single\RainDS-syn\trainA\RainDS-syn__145.png,E:\UNSB_abl\full_dataset\RainDS-syn\input\145.png,145
E:\UNSB_Expl\UNSB_HEADFIGURE_SIXDOMAIN_EXPANDED_20260824\data_views\aio\trainA\RainDS-syn__047.png,787587,,RainDS-syn,48,,,trainA,a67c64d698bd81566a191bcee74fd389abb9fe281102ccb62e02b4ad4c33d98b,E:\UNSB_Expl\UNSB_HEADFIGURE_SIXDOMAIN_EXPANDED_20260824\data_views\single\RainDS-syn\trainA\RainDS-syn__047.png,E:\UNSB_abl\full_dataset\RainDS-syn\input\047.png,047
E:\UNSB_Expl\UNSB_HEADFIGURE_SIXDOMAIN_EXPANDED_20260824\data_views\aio\trainA\RainDS-syn__186.png,847637,,RainDS-syn,49,,,trainA,ecdf1205d67555d8a1efb1d5158d1f761b9d9a5557d84128bfb11fc16a36a2e3,E:\UNSB_Expl\UNSB_HEADFIGURE_SIXDOMAIN_EXPANDED_20260824\data_views\single\RainDS-syn\trainA\RainDS-syn__186.png,E:\UNSB_abl\full_dataset\RainDS-syn\input\186.png,186
E:\UNSB_Expl\UNSB_HEADFIGURE_SIXDOMAIN_EXPANDED_20260824\data_views\aio\trainA\RainDS-syn__088.png,761269,,RainDS-syn,50,,,trainA,77748fda81f7de35839384bba486508e19c3962c3337a5f2ef91590c86fe7f26,E:\UNSB_Expl\UNSB_HEADFIGURE_SIXDOMAIN_EXPANDED_20260824\data_views\single\RainDS-syn\trainA\RainDS-syn__088.png,E:\UNSB_abl\full_dataset\RainDS-syn\input\088.png,088
E:\UNSB_Expl\UNSB_HEADFIGURE_SIXDOMAIN_EXPANDED_20260824\data_views\aio\trainA\RainDS-syn__045.png,483048,,RainDS-syn,51,,,trainA,28883fd808c1fe4df864565d613cf0fa3626b1399df001dbeabf82e128933ee8,E:\UNSB_Expl\UNSB_HEADFIGURE_SIXDOMAIN_EXPANDED_20260824\data_views\single\RainDS-syn\trainA\RainDS-syn__045.png,E:\UNSB_abl\full_dataset\RainDS-syn\input\045.png,045
E:\UNSB_Expl\UNSB_HEADFIGURE_SIXDOMAIN_EXPANDED_20260824\data_views\aio\trainA\RainDS-syn__071.png,760450,,RainDS-syn,52,,,trainA,fedf1f9a5f3a95fec81826f59fdd5a052ee5b29378d772acec4a61ccc22ab0b6,E:\UNSB_Expl\UNSB_HEADFIGURE_SIXDOMAIN_EXPANDED_20260824\data_views\single\RainDS-syn\trainA\RainDS-syn__071.png,E:\UNSB_abl\full_dataset\RainDS-syn\input\071.png,071
E:\UNSB_Expl\UNSB_HEADFIGURE_SIXDOMAIN_EXPANDED_20260824\data_views\aio\trainA\RainDS-syn__149.png,481858,,RainDS-syn,53,,,trainA,432d1a4f43c72b66afd2e4900d811c90fd3c915718c028a91f46454cc9b67847,E:\UNSB_Expl\UNSB_HEADFIGURE_SIXDOMAIN_EXPANDED_20260824\data_views\single\RainDS-syn\trainA\RainDS-syn__149.png,E:\UNSB_abl\full_dataset\RainDS-syn\input\149.png,149
E:\UNSB_Expl\UNSB_HEADFIGURE_SIXDOMAIN_EXPANDED_20260824\data_views\aio\trainA\RainDS-syn__092.png,486503,,RainDS-syn,54,,,trainA,f7b63b6abfb7100badb2a03d5986e9037b9a45616d3ee55b9c5b9162cd2fbf2d,E:\UNSB_Expl\UNSB_HEADFIGURE_SIXDOMAIN_EXPANDED_20260824\data_views\single\RainDS-syn\trainA\RainDS-syn__092.png,E:\UNSB_abl\full_dataset\RainDS-syn\input\092.png,092
E:\UNSB_Expl\UNSB_HEADFIGURE_SIXDOMAIN_EXPANDED_20260824\data_views\aio\trainA\RainDS-syn__167.png,487327,,RainDS-syn,55,,,trainA,dcb737a3d8752d08ddcb063938f395522ebc327ca448f2eb46f2dc6876949cbc,E:\UNSB_Expl\UNSB_HEADFIGURE_SIXDOMAIN_EXPANDED_20260824\data_views\single\RainDS-syn\trainA\RainDS-syn__167.png,E:\UNSB_abl\full_dataset\RainDS-syn\input\167.png,167
E:\UNSB_Expl\UNSB_HEADFIGURE_SIXDOMAIN_EXPANDED_20260824\data_views\aio\trainA\RainDS-syn__172.png,446306,,RainDS-syn,56,,,trainA,fe211a2e69e2853a0e7dd8f919dd86d4fd3328ed317f511154489a79150acb03,E:\UNSB_Expl\UNSB_HEADFIGURE_SIXDOMAIN_EXPANDED_20260824\data_views\single\RainDS-syn\trainA\RainDS-syn__172.png,E:\UNSB_abl\full_dataset\RainDS-syn\input\172.png,172
E:\UNSB_Expl\UNSB_HEADFIGURE_SIXDOMAIN_EXPANDED_20260824\data_views\aio\trainA\RainDS-syn__179.png,470048,,RainDS-syn,57,,,trainA,e9278b81d7961475b77ed12a7fdf9ada349ccdf4a53f57740539befce1f20123,E:\UNSB_Expl\UNSB_HEADFIGURE_SIXDOMAIN_EXPANDED_20260824\data_views\single\RainDS-syn\trainA\RainDS-syn__179.png,E:\UNSB_abl\full_dataset\RainDS-syn\input\179.png,179
E:\UNSB_Expl\UNSB_HEADFIGURE_SIXDOMAIN_EXPANDED_20260824\data_views\aio\trainA\RainDS-syn__022.png,490395,,RainDS-syn,58,,,trainA,dd56a2d9edef874d46298769b33a0eb52083e670e686cf1cbe6d1302e3d4f8c8,E:\UNSB_Expl\UNSB_HEADFIGURE_SIXDOMAIN_EXPANDED_20260824\data_views\single\RainDS-syn\trainA\RainDS-syn__022.png,E:\UNSB_abl\full_dataset\RainDS-syn\input\022.png,022
E:\UNSB_Expl\UNSB_HEADFIGURE_SIXDOMAIN_EXPANDED_20260824\data_views\aio\trainA\RainDS-syn__150.png,803146,,RainDS-syn,59,,,trainA,f6e9aea1ab326b1a3853ba395262f99957cafc313fe76408f0b4da7bfd10e075,E:\UNSB_Expl\UNSB_HEADFIGURE_SIXDOMAIN_EXPANDED_20260824\data_views\single\RainDS-syn\trainA\RainDS-syn__150.png,E:\UNSB_abl\full_dataset\RainDS-syn\input\150.png,150
E:\UNSB_Expl\UNSB_HEADFIGURE_SIXDOMAIN_EXPANDED_20260824\data_views\aio\trainA\RainDS-syn__004.png,476663,,RainDS-syn,60,,,trainA,472a7d33b6d676824792375737a47df478bd2468ea6b3c4003d969cc22b02aaa,E:\UNSB_Expl\UNSB_HEADFIGURE_SIXDOMAIN_EXPANDED_20260824\data_views\single\RainDS-syn\trainA\RainDS-syn__004.png,E:\UNSB_abl\full_dataset\RainDS-syn\input\004.png,004
E:\UNSB_Expl\UNSB_HEADFIGURE_SIXDOMAIN_EXPANDED_20260824\data_views\aio\trainA\RainDS-syn__152.png,468212,,RainDS-syn,61,,,trainA,81017e072ad8d25598f8ecdb63db31194f5ee7d35201db8bf00d2b296ab32dee,E:\UNSB_Expl\UNSB_HEADFIGURE_SIXDOMAIN_EXPANDED_20260824\data_views\single\RainDS-syn\trainA\RainDS-syn__152.png,E:\UNSB_abl\full_dataset\RainDS-syn\input\152.png,152
E:\UNSB_Expl\UNSB_HEADFIGURE_SIXDOMAIN_EXPANDED_20260824\data_views\aio\trainA\RainDS-syn__054.png,670188,,RainDS-syn,62,,,trainA,3b959ba8c3dfe89cf9498ba9b12fc7ca3e11a46107d78b998a04f3a70caa45ea,E:\UNSB_Expl\UNSB_HEADFIGURE_SIXDOMAIN_EXPANDED_20260824\data_views\single\RainDS-syn\trainA\RainDS-syn__054.png,E:\UNSB_abl\full_dataset\RainDS-syn\input\054.png,054
E:\UNSB_Expl\UNSB_HEADFIGURE_SIXDOMAIN_EXPANDED_20260824\data_views\aio\trainA\RainDS-syn__175.png,734157,,RainDS-syn,63,,,trainA,a53ab407613c122733d663f317c06ce98bd9f82fb1ebc427ec7c77456482351d,E:\UNSB_Expl\UNSB_HEADFIGURE_SIXDOMAIN_EXPANDED_20260824\data_views\single\RainDS-syn\trainA\RainDS-syn__175.png,E:\UNSB_abl\full_dataset\RainDS-syn\input\175.png,175
E:\UNSB_Expl\UNSB_HEADFIGURE_SIXDOMAIN_EXPANDED_20260824\data_views\aio\trainA\RainDS-syn__031.png,469015,,RainDS-syn,64,,,trainA,6a2e2d699648e38b1062e9eeab9177b8bd736330257ab5067b0cf38f5deb9648,E:\UNSB_Expl\UNSB_HEADFIGURE_SIXDOMAIN_EXPANDED_20260824\data_views\single\RainDS-syn\trainA\RainDS-syn__031.png,E:\UNSB_abl\full_dataset\RainDS-syn\input\031.png,031
E:\UNSB_Expl\UNSB_HEADFIGURE_SIXDOMAIN_EXPANDED_20260824\data_views\aio\trainA\RainDS-syn__089.png,758816,,RainDS-syn,65,,,trainA,ef8187e20d95455c1c9b52e7a522d42356b4b05e86b3f507a16242966141f98a,E:\UNSB_Expl\UNSB_HEADFIGURE_SIXDOMAIN_EXPANDED_20260824\data_views\single\RainDS-syn\trainA\RainDS-syn__089.png,E:\UNSB_abl\full_dataset\RainDS-syn\input\089.png,089
E:\UNSB_Expl\UNSB_HEADFIGURE_SIXDOMAIN_EXPANDED_20260824\data_views\aio\trainA\RainDS-syn__094.png,470807,,RainDS-syn,66,,,trainA,f0faebe9654541a827c7cf7e38f603190e570b238f36f820146c8220ed737c2f,E:\UNSB_Expl\UNSB_HEADFIGURE_SIXDOMAIN_EXPANDED_20260824\data_views\single\RainDS-syn\trainA\RainDS-syn__094.png,E:\UNSB_abl\full_dataset\RainDS-syn\input\094.png,094
E:\UNSB_Expl\UNSB_HEADFIGURE_SIXDOMAIN_EXPANDED_20260824\data_views\aio\trainA\RainDS-syn__115.png,499695,,RainDS-syn,67,,,trainA,32d359834fb0d924bdf97c21106ad87148b966571516001a02ada94c2a88d0e2,E:\UNSB_Expl\UNSB_HEADFIGURE_SIXDOMAIN_EXPANDED_20260824\data_views\single\RainDS-syn\trainA\RainDS-syn__115.png,E:\UNSB_abl\full_dataset\RainDS-syn\input\115.png,115
E:\UNSB_Expl\UNSB_HEADFIGURE_SIXDOMAIN_EXPANDED_20260824\data_views\aio\trainA\RainDS-syn__197.png,487330,,RainDS-syn,68,,,trainA,5ce9db5668dae51b45d2b59587ed1c272cc6104697a68847e266addf96a1ecbf,E:\UNSB_Expl\UNSB_HEADFIGURE_SIXDOMAIN_EXPANDED_20260824\data_views\single\RainDS-syn\trainA\RainDS-syn__197.png,E:\UNSB_abl\full_dataset\RainDS-syn\input\197.png,197
E:\UNSB_Expl\UNSB_HEADFIGURE_SIXDOMAIN_EXPANDED_20260824\data_views\aio\trainA\RainDS-syn__163.png,752497,,RainDS-syn,69,,,trainA,6cc04d17b6d7af3f5c0bc2ce9428785abd230162879d45e5d3645d5c241bcf81,E:\UNSB_Expl\UNSB_HEADFIGURE_SIXDOMAIN_EXPANDED_20260824\data_views\single\RainDS-syn\trainA\RainDS-syn__163.png,E:\UNSB_abl\full_dataset\RainDS-syn\input\163.png,163
E:\UNSB_Expl\UNSB_HEADFIGURE_SIXDOMAIN_EXPANDED_20260824\data_views\aio\trainA\RainDS-syn__180.png,734781,,RainDS-syn,70,,,trainA,9ec9eb42105cc2a7580c4245f566ecc75b49254d790efd5848115605d110a060,E:\UNSB_Expl\UNSB_HEADFIGURE_SIXDOMAIN_EXPANDED_20260824\data_views\single\RainDS-syn\trainA\RainDS-syn__180.png,E:\UNSB_abl\full_dataset\RainDS-syn\input\180.png,180
E:\UNSB_Expl\UNSB_HEADFIGURE_SIXDOMAIN_EXPANDED_20260824\data_views\aio\trainA\RainDS-syn__029.png,689956,,RainDS-syn,71,,,trainA,737caa54c7ba2284971094e121b745ea3abc6ac07ea13fb00e20dfeafb61ca41,E:\UNSB_Expl\UNSB_HEADFIGURE_SIXDOMAIN_EXPANDED_20260824\data_views\single\RainDS-syn\trainA\RainDS-syn__029.png,E:\UNSB_abl\full_dataset\RainDS-syn\input\029.png,029
E:\UNSB_Expl\UNSB_HEADFIGURE_SIXDOMAIN_EXPANDED_20260824\data_views\aio\trainA\RainDS-syn__098.png,485121,,RainDS-syn,72,,,trainA,20bbb7f10e4c339f8347422308d7433d102b45274586fcbf3b9f0e419e3c9ede,E:\UNSB_Expl\UNSB_HEADFIGURE_SIXDOMAIN_EXPANDED_20260824\data_views\single\RainDS-syn\trainA\RainDS-syn__098.png,E:\UNSB_abl\full_dataset\RainDS-syn\input\098.png,098
E:\UNSB_Expl\UNSB_HEADFIGURE_SIXDOMAIN_EXPANDED_20260824\data_views\aio\trainA\RainDS-syn__021.png,749012,,RainDS-syn,73,,,trainA,54bf0c516a377ac875399d14549e0139fa27e05c7aca52405f95eab49f73e9bb,E:\UNSB_Expl\UNSB_HEADFIGURE_SIXDOMAIN_EXPANDED_20260824\data_views\single\RainDS-syn\trainA\RainDS-syn__021.png,E:\UNSB_abl\full_dataset\RainDS-syn\input\021.png,021
E:\UNSB_Expl\UNSB_HEADFIGURE_SIXDOMAIN_EXPANDED_20260824\data_views\aio\trainA\RainDS-syn__132.png,770784,,RainDS-syn,74,,,trainA,adf6fe58384b97b34075bf299dfa50a6077ed77b42f997bfc3806974e6666bcb,E:\UNSB_Expl\UNSB_HEADFIGURE_SIXDOMAIN_EXPANDED_20260824\data_views\single\RainDS-syn\trainA\RainDS-syn__132.png,E:\UNSB_abl\full_dataset\RainDS-syn\input\132.png,132
E:\UNSB_Expl\UNSB_HEADFIGURE_SIXDOMAIN_EXPANDED_20260824\data_views\aio\trainA\RainDS-syn__051.png,807901,,RainDS-syn,75,,,trainA,00c99cd2282fc5dc80a9a6b00922bf92d9bff06f7b949d3e77b8c2ed6be176be,E:\UNSB_Expl\UNSB_HEADFIGURE_SIXDOMAIN_EXPANDED_20260824\data_views\single\RainDS-syn\trainA\RainDS-syn__051.png,E:\UNSB_abl\full_dataset\RainDS-syn\input\051.png,051
E:\UNSB_Expl\UNSB_HEADFIGURE_SIXDOMAIN_EXPANDED_20260824\data_views\aio\trainA\RainDS-syn__173.png,802279,,RainDS-syn,76,,,trainA,c6e50f9cbbe62a6d372c74698ed0f1e0b48e769faf100a3ab742ef336fe35981,E:\UNSB_Expl\UNSB_HEADFIGURE_SIXDOMAIN_EXPANDED_20260824\data_views\single\RainDS-syn\trainA\RainDS-syn__173.png,E:\UNSB_abl\full_dataset\RainDS-syn\input\173.png,173
E:\UNSB_Expl\UNSB_HEADFIGURE_SIXDOMAIN_EXPANDED_20260824\data_views\aio\trainA\RainDS-syn__140.png,480983,,RainDS-syn,77,,,trainA,584d89bf75a32061d36fc0e9e6dfb3c00de9fb057a93de32b648075bb6c50716,E:\UNSB_Expl\UNSB_HEADFIGURE_SIXDOMAIN_EXPANDED_20260824\data_views\single\RainDS-syn\trainA\RainDS-syn__140.png,E:\UNSB_abl\full_dataset\RainDS-syn\input\140.png,140
E:\UNSB_Expl\UNSB_HEADFIGURE_SIXDOMAIN_EXPANDED_20260824\data_views\aio\trainA\RainDS-syn__142.png,766453,,RainDS-syn,78,,,trainA,2550f214fff81d94b2aa0ea4e886dcae5f38dc0aa131e2b3b403f1869621395c,E:\UNSB_Expl\UNSB_HEADFIGURE_SIXDOMAIN_EXPANDED_20260824\data_views\single\RainDS-syn\trainA\RainDS-syn__142.png,E:\UNSB_abl\full_dataset\RainDS-syn\input\142.png,142
E:\UNSB_Expl\UNSB_HEADFIGURE_SIXDOMAIN_EXPANDED_20260824\data_views\aio\trainA\RainDS-syn__069.png,500022,,RainDS-syn,79,,,trainA,3c299e5961f4dfbff6e41aa0e8c34314241426dda57a59792c4403c369736b47,E:\UNSB_Expl\UNSB_HEADFIGURE_SIXDOMAIN_EXPANDED_20260824\data_views\single\RainDS-syn\trainA\RainDS-syn__069.png,E:\UNSB_abl\full_dataset\RainDS-syn\input\069.png,069
E:\UNSB_Expl\UNSB_HEADFIGURE_SIXDOMAIN_EXPANDED_20260824\data_views\aio\trainA\RainDS-syn__147.png,748961,,RainDS-syn,80,,,trainA,048d65552b7d1cd5306592cd485d2c3b7152b8d531044f5c16f7a73deb18f948,E:\UNSB_Expl\UNSB_HEADFIGURE_SIXDOMAIN_EXPANDED_20260824\data_views\single\RainDS-syn\trainA\RainDS-syn__147.png,E:\UNSB_abl\full_dataset\RainDS-syn\input\147.png,147
E:\UNSB_Expl\UNSB_HEADFIGURE_SIXDOMAIN_EXPANDED_20260824\data_views\aio\trainA\RainDS-syn__196.png,485793,,RainDS-syn,81,,,trainA,c63972531f7dd167e5107805547c9e60647fa88c9a9b51ae7e96b42cd58d17b8,E:\UNSB_Expl\UNSB_HEADFIGURE_SIXDOMAIN_EXPANDED_20260824\data_views\single\RainDS-syn\trainA\RainDS-syn__196.png,E:\UNSB_abl\full_dataset\RainDS-syn\input\196.png,196
E:\UNSB_Expl\UNSB_HEADFIGURE_SIXDOMAIN_EXPANDED_20260824\data_views\aio\trainA\RainDS-syn__159.png,812356,,RainDS-syn,82,,,trainA,ecdc5ca8d3383fdca662a0ed67283ec4b4c3692325b6f774538fb2dcab297835,E:\UNSB_Expl\UNSB_HEADFIGURE_SIXDOMAIN_EXPANDED_20260824\data_views\single\RainDS-syn\trainA\RainDS-syn__159.png,E:\UNSB_abl\full_dataset\RainDS-syn\input\159.png,159
E:\UNSB_Expl\UNSB_HEADFIGURE_SIXDOMAIN_EXPANDED_20260824\data_views\aio\trainA\RainDS-syn__028.png,477918,,RainDS-syn,83,,,trainA,382f0259dd2968194dbd156814dfb5bcb38e62c547a2d8d3092c9af088ff92c2,E:\UNSB_Expl\UNSB_HEADFIGURE_SIXDOMAIN_EXPANDED_20260824\data_views\single\RainDS-syn\trainA\RainDS-syn__028.png,E:\UNSB_abl\full_dataset\RainDS-syn\input\028.png,028
E:\UNSB_Expl\UNSB_HEADFIGURE_SIXDOMAIN_EXPANDED_20260824\data_views\aio\trainA\RainDS-syn__127.png,822403,,RainDS-syn,84,,,trainA,4c7972ebe782e0ce04435559ae9717d99b2c0284c675a015155b2f38e33fb1fa,E:\UNSB_Expl\UNSB_HEADFIGURE_SIXDOMAIN_EXPANDED_20260824\data_views\single\RainDS-syn\trainA\RainDS-syn__127.png,E:\UNSB_abl\full_dataset\RainDS-syn\input\127.png,127
E:\UNSB_Expl\UNSB_HEADFIGURE_SIXDOMAIN_EXPANDED_20260824\data_views\aio\trainA\RainDS-syn__125.png,493748,,RainDS-syn,85,,,trainA,047455351898b3442eb891c30acff38e0e3a9918df797922f6af2bb94ea6eb66,E:\UNSB_Expl\UNSB_HEADFIGURE_SIXDOMAIN_EXPANDED_20260824\data_views\single\RainDS-syn\trainA\RainDS-syn__125.png,E:\UNSB_abl\full_dataset\RainDS-syn\input\125.png,125
E:\UNSB_Expl\UNSB_HEADFIGURE_SIXDOMAIN_EXPANDED_20260824\data_views\aio\trainA\RainDS-syn__168.png,804084,,RainDS-syn,86,,,trainA,0d9a13ae3d5b093d963b2e6277810711738d63f40a6fee4740f8bd5a170ed4fb,E:\UNSB_Expl\UNSB_HEADFIGURE_SIXDOMAIN_EXPANDED_20260824\data_views\single\RainDS-syn\trainA\RainDS-syn__168.png,E:\UNSB_abl\full_dataset\RainDS-syn\input\168.png,168
E:\UNSB_Expl\UNSB_HEADFIGURE_SIXDOMAIN_EXPANDED_20260824\data_views\aio\trainA\RainDS-syn__157.png,499160,,RainDS-syn,87,,,trainA,77936c9d834ac1b40517d1ecb44bd3b0c1ec02a4e0f46c52841bbb4419b462f8,E:\UNSB_Expl\UNSB_HEADFIGURE_SIXDOMAIN_EXPANDED_20260824\data_views\single\RainDS-syn\trainA\RainDS-syn__157.png,E:\UNSB_abl\full_dataset\RainDS-syn\input\157.png,157
E:\UNSB_Expl\UNSB_HEADFIGURE_SIXDOMAIN_EXPANDED_20260824\data_views\aio\trainA\RainDS-syn__044.png,478371,,RainDS-syn,88,,,trainA,87941dd1b909cd1898bb67e257bcb8913d80a1b3d15393e69c176417b2649060,E:\UNSB_Expl\UNSB_HEADFIGURE_SIXDOMAIN_EXPANDED_20260824\data_views\single\RainDS-syn\trainA\RainDS-syn__044.png,E:\UNSB_abl\full_dataset\RainDS-syn\input\044.png,044
E:\UNSB_Expl\UNSB_HEADFIGURE_SIXDOMAIN_EXPANDED_20260824\data_views\aio\trainA\RainDS-syn__176.png,490441,,RainDS-syn,89,,,trainA,cbd4f6355f454943cce0c5941c6bd6aebbe4f8dd3ac27fc60a31e4643e4a9579,E:\UNSB_Expl\UNSB_HEADFIGURE_SIXDOMAIN_EXPANDED_20260824\data_views\single\RainDS-syn\trainA\RainDS-syn__176.png,E:\UNSB_abl\full_dataset\RainDS-syn\input\176.png,176
E:\UNSB_Expl\UNSB_HEADFIGURE_SIXDOMAIN_EXPANDED_20260824\data_views\aio\trainA\RainDS-syn__111.png,519433,,RainDS-syn,90,,,trainA,55d1137273b104da4cadebe3939020aa821ea5e9a78b2c2f868dcbade2df9470,E:\UNSB_Expl\UNSB_HEADFIGURE_SIXDOMAIN_EXPANDED_20260824\data_views\single\RainDS-syn\trainA\RainDS-syn__111.png,E:\UNSB_abl\full_dataset\RainDS-syn\input\111.png,111
E:\UNSB_Expl\UNSB_HEADFIGURE_SIXDOMAIN_EXPANDED_20260824\data_views\aio\trainA\RainDS-syn__117.png,456205,,RainDS-syn,91,,,trainA,9b3229cdfb11eb739017c4c57e5b2f597f8c5ebc7b921e1a2014dc3323791b84,E:\UNSB_Expl\UNSB_HEADFIGURE_SIXDOMAIN_EXPANDED_20260824\data_views\single\RainDS-syn\trainA\RainDS-syn__117.png,E:\UNSB_abl\full_dataset\RainDS-syn\input\117.png,117
E:\UNSB_Expl\UNSB_HEADFIGURE_SIXDOMAIN_EXPANDED_20260824\data_views\aio\trainA\RainDS-syn__036.png,782504,,RainDS-syn,92,,,trainA,378996692f9a9d8715049aa5d3a249661a84c92b1b3efe328ab0bd9d13e8b66f,E:\UNSB_Expl\UNSB_HEADFIGURE_SIXDOMAIN_EXPANDED_20260824\data_views\single\RainDS-syn\trainA\RainDS-syn__036.png,E:\UNSB_abl\full_dataset\RainDS-syn\input\036.png,036
E:\UNSB_Expl\UNSB_HEADFIGURE_SIXDOMAIN_EXPANDED_20260824\data_views\aio\trainA\RainDS-syn__190.png,457977,,RainDS-syn,93,,,trainA,09846b48ae694d917257b6c3a622f299fefbbc6e714a41761f906026906e6dc2,E:\UNSB_Expl\UNSB_HEADFIGURE_SIXDOMAIN_EXPANDED_20260824\data_views\single\RainDS-syn\trainA\RainDS-syn__190.png,E:\UNSB_abl\full_dataset\RainDS-syn\input\190.png,190
E:\UNSB_Expl\UNSB_HEADFIGURE_SIXDOMAIN_EXPANDED_20260824\data_views\aio\trainA\RainDS-syn__130.png,731547,,RainDS-syn,94,,,trainA,cd50fb2601ae7b3992fd0d73ea64beb64b5d4cac870d7dd2b9d9f81e69cfc544,E:\UNSB_Expl\UNSB_HEADFIGURE_SIXDOMAIN_EXPANDED_20260824\data_views\single\RainDS-syn\trainA\RainDS-syn__130.png,E:\UNSB_abl\full_dataset\RainDS-syn\input\130.png,130
E:\UNSB_Expl\UNSB_HEADFIGURE_SIXDOMAIN_EXPANDED_20260824\data_views\aio\trainA\RainDS-syn__181.png,475053,,RainDS-syn,95,,,trainA,ed82ef3ce706814aed3881ce118061366fef8c7428bfb48192e3ad7926e2ca99,E:\UNSB_Expl\UNSB_HEADFIGURE_SIXDOMAIN_EXPANDED_20260824\data_views\single\RainDS-syn\trainA\RainDS-syn__181.png,E:\UNSB_abl\full_dataset\RainDS-syn\input\181.png,181
E:\UNSB_Expl\UNSB_HEADFIGURE_SIXDOMAIN_EXPANDED_20260824\data_views\aio\trainA\RainDS-syn__128.png,677846,,RainDS-syn,96,,,trainA,7a1086c039f4dfeb85d0911e48a6fbdc4d2b2dc07922d968465056566f9b791b,E:\UNSB_Expl\UNSB_HEADFIGURE_SIXDOMAIN_EXPANDED_20260824\data_views\single\RainDS-syn\trainA\RainDS-syn__128.png,E:\UNSB_abl\full_dataset\RainDS-syn\input\128.png,128
E:\UNSB_Expl\UNSB_HEADFIGURE_SIXDOMAIN_EXPANDED_20260824\data_views\aio\trainA\RainDS-syn__124.png,752372,,RainDS-syn,97,,,trainA,c8b80669ffd33f0f1556cf7d1112179f7858394e80916b35d4b9d28a3dfa73bf,E:\UNSB_Expl\UNSB_HEADFIGURE_SIXDOMAIN_EXPANDED_20260824\data_views\single\RainDS-syn\trainA\RainDS-syn__124.png,E:\UNSB_abl\full_dataset\RainDS-syn\input\124.png,124
E:\UNSB_Expl\UNSB_HEADFIGURE_SIXDOMAIN_EXPANDED_20260824\data_views\aio\trainA\RainDS-syn__012.png,752191,,RainDS-syn,98,,,trainA,cee4e72d0aea74ce13e0e6d80903761ce19dc135fef3c9387aaf75dd5a704652,E:\UNSB_Expl\UNSB_HEADFIGURE_SIXDOMAIN_EXPANDED_20260824\data_views\single\RainDS-syn\trainA\RainDS-syn__012.png,E:\UNSB_abl\full_dataset\RainDS-syn\input\012.png,012
E:\UNSB_Expl\UNSB_HEADFIGURE_SIXDOMAIN_EXPANDED_20260824\data_views\aio\trainA\RainDS-syn__007.png,466635,,RainDS-syn,99,,,trainA,889ea9ff9b176e3213e09aaa69fed3b87dcdbbcdda96225792b4e344a05e56c6,E:\UNSB_Expl\UNSB_HEADFIGURE_SIXDOMAIN_EXPANDED_20260824\data_views\single\RainDS-syn\trainA\RainDS-syn__007.png,E:\UNSB_abl\full_dataset\RainDS-syn\input\007.png,007
E:\UNSB_Expl\UNSB_HEADFIGURE_SIXDOMAIN_EXPANDED_20260824\data_views\aio\trainA\RainDS-syn__070.png,717349,,RainDS-syn,100,,,trainA,d56bbe59f6808fcc3b867efc7686910ecda1f638012c28a95f909d9399ae122b,E:\UNSB_Expl\UNSB_HEADFIGURE_SIXDOMAIN_EXPANDED_20260824\data_views\single\RainDS-syn\trainA\RainDS-syn__070.png,E:\UNSB_abl\full_dataset\RainDS-syn\input\070.png,070
E:\UNSB_Expl\UNSB_HEADFIGURE_SIXDOMAIN_EXPANDED_20260824\data_views\aio\trainA\RainDS-syn__102.png,453115,,RainDS-syn,101,,,trainA,741aea6e6a3088163b3faa8dbd4a0f370c4d7706cc68c5a5fa74857afb6ceeee,E:\UNSB_Expl\UNSB_HEADFIGURE_SIXDOMAIN_EXPANDED_20260824\data_views\single\RainDS-syn\trainA\RainDS-syn__102.png,E:\UNSB_abl\full_dataset\RainDS-syn\input\102.png,102
E:\UNSB_Expl\UNSB_HEADFIGURE_SIXDOMAIN_EXPANDED_20260824\data_views\aio\trainA\RainDS-syn__008.png,462253,,RainDS-syn,102,,,trainA,7ff94bf32208d833e04b339680906006124cc666d90d5013aa120db92237e3a6,E:\UNSB_Expl\UNSB_HEADFIGURE_SIXDOMAIN_EXPANDED_20260824\data_views\single\RainDS-syn\trainA\RainDS-syn__008.png,E:\UNSB_abl\full_dataset\RainDS-syn\input\008.png,008
E:\UNSB_Expl\UNSB_HEADFIGURE_SIXDOMAIN_EXPANDED_20260824\data_views\aio\trainA\RainDS-syn__002.png,490019,,RainDS-syn,103,,,trainA,284e7d512c45da947dbf5247e5765800ca7f4dc8e100bb7c8bbe2c1308b70820,E:\UNSB_Expl\UNSB_HEADFIGURE_SIXDOMAIN_EXPANDED_20260824\data_views\single\RainDS-syn\trainA\RainDS-syn__002.png,E:\UNSB_abl\full_dataset\RainDS-syn\input\002.png,002
E:\UNSB_Expl\UNSB_HEADFIGURE_SIXDOMAIN_EXPANDED_20260824\data_views\aio\trainA\RainDS-syn__133.png,491755,,RainDS-syn,104,,,trainA,47fca7fa880690d09d31066a74d8d9d28e36c06d3114fdb7f6a1997d430a721f,E:\UNSB_Expl\UNSB_HEADFIGURE_SIXDOMAIN_EXPANDED_20260824\data_views\single\RainDS-syn\trainA\RainDS-syn__133.png,E:\UNSB_abl\full_dataset\RainDS-syn\input\133.png,133
E:\UNSB_Expl\UNSB_HEADFIGURE_SIXDOMAIN_EXPANDED_20260824\data_views\aio\trainA\RainDS-syn__014.png,474111,,RainDS-syn,105,,,trainA,16c780205bbb1ef72be2030d7bb323093b02ab0b761022b73a109ae1b507f31b,E:\UNSB_Expl\UNSB_HEADFIGURE_SIXDOMAIN_EXPANDED_20260824\data_views\single\RainDS-syn\trainA\RainDS-syn__014.png,E:\UNSB_abl\full_dataset\RainDS-syn\input\014.png,014
E:\UNSB_Expl\UNSB_HEADFIGURE_SIXDOMAIN_EXPANDED_20260824\data_views\aio\trainA\RainDS-syn__016.png,810566,,RainDS-syn,106,,,trainA,3d35db68c3aef5f2b9afe8dad7a136318152e152ad18b215a1093db5af233c47,E:\UNSB_Expl\UNSB_HEADFIGURE_SIXDOMAIN_EXPANDED_20260824\data_views\single\RainDS-syn\trainA\RainDS-syn__016.png,E:\UNSB_abl\full_dataset\RainDS-syn\input\016.png,016
E:\UNSB_Expl\UNSB_HEADFIGURE_SIXDOMAIN_EXPANDED_20260824\data_views\aio\trainA\RainDS-syn__178.png,738152,,RainDS-syn,107,,,trainA,039639210471a345e0c950d4fca5d346219127ace550a6cee57ed53a3947f2e1,E:\UNSB_Expl\UNSB_HEADFIGURE_SIXDOMAIN_EXPANDED_20260824\data_views\single\RainDS-syn\trainA\RainDS-syn__178.png,E:\UNSB_abl\full_dataset\RainDS-syn\input\178.png,178
E:\UNSB_Expl\UNSB_HEADFIGURE_SIXDOMAIN_EXPANDED_20260824\data_views\aio\trainA\RainDS-syn__143.png,683255,,RainDS-syn,108,,,trainA,5fd9e24c74df1d53b51e56c3554fed70e5d2c9c1c6c5e9b113e0ce8a28a9b508,E:\UNSB_Expl\UNSB_HEADFIGURE_SIXDOMAIN_EXPANDED_20260824\data_views\single\RainDS-syn\trainA\RainDS-syn__143.png,E:\UNSB_abl\full_dataset\RainDS-syn\input\143.png,143
E:\UNSB_Expl\UNSB_HEADFIGURE_SIXDOMAIN_EXPANDED_20260824\data_views\aio\trainA\RainDS-syn__129.png,477229,,RainDS-syn,109,,,trainA,0886388b0445c32e3f87ea074d0e23132b9de65df9c4fdafc1b3e92e9e5849ed,E:\UNSB_Expl\UNSB_HEADFIGURE_SIXDOMAIN_EXPANDED_20260824\data_views\single\RainDS-syn\trainA\RainDS-syn__129.png,E:\UNSB_abl\full_dataset\RainDS-syn\input\129.png,129
E:\UNSB_Expl\UNSB_HEADFIGURE_SIXDOMAIN_EXPANDED_20260824\data_views\aio\trainA\RainDS-syn__144.png,749849,,RainDS-syn,110,,,trainA,daee88aeffedd24ce9d746308f6664ba8d9c35ec45e33cfc74b815f9a040a35d,E:\UNSB_Expl\UNSB_HEADFIGURE_SIXDOMAIN_EXPANDED_20260824\data_views\single\RainDS-syn\trainA\RainDS-syn__144.png,E:\UNSB_abl\full_dataset\RainDS-syn\input\144.png,144
E:\UNSB_Expl\UNSB_HEADFIGURE_SIXDOMAIN_EXPANDED_20260824\data_views\aio\trainA\RainDS-syn__112.png,500075,,RainDS-syn,111,,,trainA,c0eedaf254881c1127ea145ba1ff64d3bb2c538f5ce63e2c60640570179f5b3a,E:\UNSB_Expl\UNSB_HEADFIGURE_SIXDOMAIN_EXPANDED_20260824\data_views\single\RainDS-syn\trainA\RainDS-syn__112.png,E:\UNSB_abl\full_dataset\RainDS-syn\input\112.png,112
E:\UNSB_Expl\UNSB_HEADFIGURE_SIXDOMAIN_EXPANDED_20260824\data_views\aio\trainA\RainDS-syn__083.png,441042,,RainDS-syn,112,,,trainA,7f5bb6033f41541869b7df401cc447f9d930c26d43c7cdfb102b6d4f08f8d59d,E:\UNSB_Expl\UNSB_HEADFIGURE_SIXDOMAIN_EXPANDED_20260824\data_views\single\RainDS-syn\trainA\RainDS-syn__083.png,E:\UNSB_abl\full_dataset\RainDS-syn\input\083.png,083
E:\UNSB_Expl\UNSB_HEADFIGURE_SIXDOMAIN_EXPANDED_20260824\data_views\aio\trainA\RainDS-syn__084.png,830542,,RainDS-syn,113,,,trainA,0d3358e278e434eb48223d16849af5acd2febc26a1614e4f0b749daa0f63b974,E:\UNSB_Expl\UNSB_HEADFIGURE_SIXDOMAIN_EXPANDED_20260824\data_views\single\RainDS-syn\trainA\RainDS-syn__084.png,E:\UNSB_abl\full_dataset\RainDS-syn\input\084.png,084
E:\UNSB_Expl\UNSB_HEADFIGURE_SIXDOMAIN_EXPANDED_20260824\data_views\aio\trainA\RainDS-syn__118.png,685352,,RainDS-syn,114,,,trainA,0627a2107c75b7aa43ec9e0aafeda0c6d308618f825cd4ca65075c2f09e806db,E:\UNSB_Expl\UNSB_HEADFIGURE_SIXDOMAIN_EXPANDED_20260824\data_views\single\RainDS-syn\trainA\RainDS-syn__118.png,E:\UNSB_abl\full_dataset\RainDS-syn\input\118.png,118
E:\UNSB_Expl\UNSB_HEADFIGURE_SIXDOMAIN_EXPANDED_20260824\data_views\aio\trainA\RainDS-syn__057.png,731212,,RainDS-syn,115,,,trainA,d465cd51983f30370cb327e0f51e327bb037cf1e5c3397d697572588b8e4d253,E:\UNSB_Expl\UNSB_HEADFIGURE_SIXDOMAIN_EXPANDED_20260824\data_views\single\RainDS-syn\trainA\RainDS-syn__057.png,E:\UNSB_abl\full_dataset\RainDS-syn\input\057.png,057
E:\UNSB_Expl\UNSB_HEADFIGURE_SIXDOMAIN_EXPANDED_20260824\data_views\aio\trainA\RainDS-syn__161.png,449187,,RainDS-syn,116,,,trainA,7255ec7f855f9a9bf5686075ec8233fd65bf012f3db0479ae024572d0addb6fe,E:\UNSB_Expl\UNSB_HEADFIGURE_SIXDOMAIN_EXPANDED_20260824\data_views\single\RainDS-syn\trainA\RainDS-syn__161.png,E:\UNSB_abl\full_dataset\RainDS-syn\input\161.png,161
E:\UNSB_Expl\UNSB_HEADFIGURE_SIXDOMAIN_EXPANDED_20260824\data_views\aio\trainA\RainDS-syn__074.png,502817,,RainDS-syn,117,,,trainA,a4ac9fbcf9b8a9ecceec97678b30edbe0c5dccee6ed42dfdd52889686dc11578,E:\UNSB_Expl\UNSB_HEADFIGURE_SIXDOMAIN_EXPANDED_20260824\data_views\single\RainDS-syn\trainA\RainDS-syn__074.png,E:\UNSB_abl\full_dataset\RainDS-syn\input\074.png,074
E:\UNSB_Expl\UNSB_HEADFIGURE_SIXDOMAIN_EXPANDED_20260824\data_views\aio\trainA\RainDS-syn__166.png,456859,,RainDS-syn,118,,,trainA,6185eaf726d5861f7c95da374224bb4e9df47837cdf6e7635c7426c2c1860105,E:\UNSB_Expl\UNSB_HEADFIGURE_SIXDOMAIN_EXPANDED_20260824\data_views\single\RainDS-syn\trainA\RainDS-syn__166.png,E:\UNSB_abl\full_dataset\RainDS-syn\input\166.png,166
E:\UNSB_Expl\UNSB_HEADFIGURE_SIXDOMAIN_EXPANDED_20260824\data_views\aio\trainA\RainDS-syn__023.png,465799,,RainDS-syn,119,,,trainA,1d6b5ffcb250eacd896b0f52c8c1746ff00397980f0f7eafc2df9ac5a857f84d,E:\UNSB_Expl\UNSB_HEADFIGURE_SIXDOMAIN_EXPANDED_20260824\data_views\single\RainDS-syn\trainA\RainDS-syn__023.png,E:\UNSB_abl\full_dataset\RainDS-syn\input\023.png,023
E:\UNSB_Expl\UNSB_HEADFIGURE_SIXDOMAIN_EXPANDED_20260824\data_views\aio\trainB\RainDS-syn__081.png,666408,,RainDS-syn,0,,,trainB,9a08f45c8f23983f3644d5986cc33c91592d3e815237e59fcab573dd795cd430,E:\UNSB_Expl\UNSB_HEADFIGURE_SIXDOMAIN_EXPANDED_20260824\data_views\single\RainDS-syn\trainB\RainDS-syn__081.png,E:\UNSB_abl\full_dataset\RainDS-syn\target\081.png,081
E:\UNSB_Expl\UNSB_HEADFIGURE_SIXDOMAIN_EXPANDED_20260824\data_views\aio\trainB\RainDS-syn__068.png,352114,,RainDS-syn,1,,,trainB,71ca54db94e1ba62c9d9894063368a247ec5f9a2e2bf5b720e3673f805216a50,E:\UNSB_Expl\UNSB_HEADFIGURE_SIXDOMAIN_EXPANDED_20260824\data_views\single\RainDS-syn\trainB\RainDS-syn__068.png,E:\UNSB_abl\full_dataset\RainDS-syn\target\068.png,068
E:\UNSB_Expl\UNSB_HEADFIGURE_SIXDOMAIN_EXPANDED_20260824\data_views\aio\trainB\RainDS-syn__188.png,545322,,RainDS-syn,2,,,trainB,95f6ff915c460abba33cddd51f0f9fb0917df5b2b66e9bc1328a87d2d5723f0d,E:\UNSB_Expl\UNSB_HEADFIGURE_SIXDOMAIN_EXPANDED_20260824\data_views\single\RainDS-syn\trainB\RainDS-syn__188.png,E:\UNSB_abl\full_dataset\RainDS-syn\target\188.png,188
E:\UNSB_Expl\UNSB_HEADFIGURE_SIXDOMAIN_EXPANDED_20260824\data_views\aio\trainB\RainDS-syn__106.png,514832,,RainDS-syn,3,,,trainB,7a9e06a588dc0ba582eb2052a9334f52bc005a4eda97cfd382b4ae24f7ff868f,E:\UNSB_Expl\UNSB_HEADFIGURE_SIXDOMAIN_EXPANDED_20260824\data_views\single\RainDS-syn\trainB\RainDS-syn__106.png,E:\UNSB_abl\full_dataset\RainDS-syn\target\106.png,106
E:\UNSB_Expl\UNSB_HEADFIGURE_SIXDOMAIN_EXPANDED_20260824\data_views\aio\trainB\RainDS-syn__078.png,671473,,RainDS-syn,4,,,trainB,c8f522bd440ad9571a3ae8358aec4cc586394019961ff2548881131f65593470,E:\UNSB_Expl\UNSB_HEADFIGURE_SIXDOMAIN_EXPANDED_20260824\data_views\single\RainDS-syn\trainB\RainDS-syn__078.png,E:\UNSB_abl\full_dataset\RainDS-syn\target\078.png,078
E:\UNSB_Expl\UNSB_HEADFIGURE_SIXDOMAIN_EXPANDED_20260824\data_views\aio\trainB\RainDS-syn__103.png,528218,,RainDS-syn,5,,,trainB,1a2add9d27775a04018a855f14e71561ce6b6fc92f8985013b90ccb85f640a39,E:\UNSB_Expl\UNSB_HEADFIGURE_SIXDOMAIN_EXPANDED_20260824\data_views\single\RainDS-syn\trainB\RainDS-syn__103.png,E:\UNSB_abl\full_dataset\RainDS-syn\target\103.png,103
E:\UNSB_Expl\UNSB_HEADFIGURE_SIXDOMAIN_EXPANDED_20260824\data_views\aio\trainB\RainDS-syn__114.png,363791,,RainDS-syn,6,,,trainB,c3efe581c5313e66d6f197f87babe1c4b2d9ebde834ee9ed7cd64e71afdddd8a,E:\UNSB_Expl\UNSB_HEADFIGURE_SIXDOMAIN_EXPANDED_20260824\data_views\single\RainDS-syn\trainB\RainDS-syn__114.png,E:\UNSB_abl\full_dataset\RainDS-syn\target\114.png,114
E:\UNSB_Expl\UNSB_HEADFIGURE_SIXDOMAIN_EXPANDED_20260824\data_views\aio\trainB\RainDS-syn__062.png,547426,,RainDS-syn,7,,,trainB,8ac640b4a80d9674950e937f1fcf796a93d4921c36e79384591fd9419d2e0f04,E:\UNSB_Expl\UNSB_HEADFIGURE_SIXDOMAIN_EXPANDED_20260824\data_views\single\RainDS-syn\trainB\RainDS-syn__062.png,E:\UNSB_abl\full_dataset\RainDS-syn\target\062.png,062
E:\UNSB_Expl\UNSB_HEADFIGURE_SIXDOMAIN_EXPANDED_20260824\data_views\aio\trainB\RainDS-syn__177.png,627099,,RainDS-syn,8,,,trainB,92c9e37e9f59bf4018bfb656aaf7ec709afbeff09cab1c15ca807ee4118df4a9,E:\UNSB_Expl\UNSB_HEADFIGURE_SIXDOMAIN_EXPANDED_20260824\data_views\single\RainDS-syn\trainB\RainDS-syn__177.png,E:\UNSB_abl\full_dataset\RainDS-syn\target\177.png,177
E:\UNSB_Expl\UNSB_HEADFIGURE_SIXDOMAIN_EXPANDED_20260824\data_views\aio\trainB\RainDS-syn__151.png,532016,,RainDS-syn,9,,,trainB,9f9b07a2eabb741a25fce1b736b9acdbc89fbfd43e3fa64e82fa14f207049e4b,E:\UNSB_Expl\UNSB_HEADFIGURE_SIXDOMAIN_EXPANDED_20260824\data_views\single\RainDS-syn\trainB\RainDS-syn__151.png,E:\UNSB_abl\full_dataset\RainDS-syn\target\151.png,151
E:\UNSB_Expl\UNSB_HEADFIGURE_SIXDOMAIN_EXPANDED_20260824\data_views\aio\trainB\RainDS-syn__155.png,352144,,RainDS-syn,10,,,trainB,02102078818b9805e2516a5929044e8b7f1709c3624ea6320c290b8448dc7503,E:\UNSB_Expl\UNSB_HEADFIGURE_SIXDOMAIN_EXPANDED_20260824\data_views\single\RainDS-syn\trainB\RainDS-syn__155.png,E:\UNSB_abl\full_dataset\RainDS-syn\target\155.png,155
E:\UNSB_Expl\UNSB_HEADFIGURE_SIXDOMAIN_EXPANDED_20260824\data_views\aio\trainB\RainDS-syn__067.png,659876,,RainDS-syn,11,,,trainB,48f4858e018dfdf9573e351886ae781c3889c8783548a03934a4d3d5c723c79a,E:\UNSB_Expl\UNSB_HEADFIGURE_SIXDOMAIN_EXPANDED_20260824\data_views\single\RainDS-syn\trainB\RainDS-syn__067.png,E:\UNSB_abl\full_dataset\RainDS-syn\target\067.png,067
E:\UNSB_Expl\UNSB_HEADFIGURE_SIXDOMAIN_EXPANDED_20260824\data_views\aio\trainB\RainDS-syn__189.png,665803,,RainDS-syn,12,,,trainB,75b76b3598614958513cfac404478fc873219ba2bc1e3e6e51742f780d35f8e7,E:\UNSB_Expl\UNSB_HEADFIGURE_SIXDOMAIN_EXPANDED_20260824\data_views\single\RainDS-syn\trainB\RainDS-syn__189.png,E:\UNSB_abl\full_dataset\RainDS-syn\target\189.png,189
E:\UNSB_Expl\UNSB_HEADFIGURE_SIXDOMAIN_EXPANDED_20260824\data_views\aio\trainB\RainDS-syn__184.png,378038,,RainDS-syn,13,,,trainB,ec08f898ec4c321493e1b68574929e96c5912ed246f5f420831c23e52ddcac9e,E:\UNSB_Expl\UNSB_HEADFIGURE_SIXDOMAIN_EXPANDED_20260824\data_views\single\RainDS-syn\trainB\RainDS-syn__184.png,E:\UNSB_abl\full_dataset\RainDS-syn\target\184.png,184
E:\UNSB_Expl\UNSB_HEADFIGURE_SIXDOMAIN_EXPANDED_20260824\data_views\aio\trainB\RainDS-syn__039.png,376465,,RainDS-syn,14,,,trainB,a4c2af2d72f334f003bdc4f8b7e14e81307cecaadbe822215e710fba516c97f1,E:\UNSB_Expl\UNSB_HEADFIGURE_SIXDOMAIN_EXPANDED_20260824\data_views\single\RainDS-syn\trainB\RainDS-syn__039.png,E:\UNSB_abl\full_dataset\RainDS-syn\target\039.png,039
E:\UNSB_Expl\UNSB_HEADFIGURE_SIXDOMAIN_EXPANDED_20260824\data_views\aio\trainB\RainDS-syn__010.png,668525,,RainDS-syn,15,,,trainB,e705755e722e8c11dac83d4fd0b71dee3931953e9a101c9540dc677159444679,E:\UNSB_Expl\UNSB_HEADFIGURE_SIXDOMAIN_EXPANDED_20260824\data_views\single\RainDS-syn\trainB\RainDS-syn__010.png,E:\UNSB_abl\full_dataset\RainDS-syn\target\010.png,010
E:\UNSB_Expl\UNSB_HEADFIGURE_SIXDOMAIN_EXPANDED_20260824\data_views\aio\trainB\RainDS-syn__164.png,362204,,RainDS-syn,16,,,trainB,f8d713e80db92c68568afc1e3a69d3f8b09d1c1f7243b14742821fc96c980806,E:\UNSB_Expl\UNSB_HEADFIGURE_SIXDOMAIN_EXPANDED_20260824\data_views\single\RainDS-syn\trainB\RainDS-syn__164.png,E:\UNSB_abl\full_dataset\RainDS-syn\target\164.png,164
E:\UNSB_Expl\UNSB_HEADFIGURE_SIXDOMAIN_EXPANDED_20260824\data_views\aio\trainB\RainDS-syn__139.png,617663,,RainDS-syn,17,,,trainB,9e04d173a564b2160e208ab9c5aa154d4e5bcfa444250a3527e01757ca7a5038,E:\UNSB_Expl\UNSB_HEADFIGURE_SIXDOMAIN_EXPANDED_20260824\data_views\single\RainDS-syn\trainB\RainDS-syn__139.png,E:\UNSB_abl\full_dataset\RainDS-syn\target\139.png,139
E:\UNSB_Expl\UNSB_HEADFIGURE_SIXDOMAIN_EXPANDED_20260824\data_views\aio\trainB\RainDS-syn__099.png,282964,,RainDS-syn,18,,,trainB,a90af338ced73a20ebb848659fda910c035087d97da853060ec972a3c5e0f821,E:\UNSB_Expl\UNSB_HEADFIGURE_SIXDOMAIN_EXPANDED_20260824\data_views\single\RainDS-syn\trainB\RainDS-syn__099.png,E:\UNSB_abl\full_dataset\RainDS-syn\target\099.png,099
E:\UNSB_Expl\UNSB_HEADFIGURE_SIXDOMAIN_EXPANDED_20260824\data_views\aio\trainB\RainDS-syn__134.png,253123,,RainDS-syn,19,,,trainB,97fb0b085a741ea1710469301e8a08fd4d87cc20307619b1388fcc839ce4b9f1,E:\UNSB_Expl\UNSB_HEADFIGURE_SIXDOMAIN_EXPANDED_20260824\data_views\single\RainDS-syn\trainB\RainDS-syn__134.png,E:\UNSB_abl\full_dataset\RainDS-syn\target\134.png,134
E:\UNSB_Expl\UNSB_HEADFIGURE_SIXDOMAIN_EXPANDED_20260824\data_views\aio\trainB\RainDS-syn__105.png,370368,,RainDS-syn,20,,,trainB,f0bfe80945fd6d62cddb7cf1e7c581c98f603fb85f4856089717dc87e10fccd1,E:\UNSB_Expl\UNSB_HEADFIGURE_SIXDOMAIN_EXPANDED_20260824\data_views\single\RainDS-syn\trainB\RainDS-syn__105.png,E:\UNSB_abl\full_dataset\RainDS-syn\target\105.png,105
E:\UNSB_Expl\UNSB_HEADFIGURE_SIXDOMAIN_EXPANDED_20260824\data_views\aio\trainB\RainDS-syn__035.png,633943,,RainDS-syn,21,,,trainB,770d60fdad5af54a6cb2da9cd845a1ac8d061c5b629eaa4a397e602fa2dc16b5,E:\UNSB_Expl\UNSB_HEADFIGURE_SIXDOMAIN_EXPANDED_20260824\data_views\single\RainDS-syn\trainB\RainDS-syn__035.png,E:\UNSB_abl\full_dataset\RainDS-syn\target\035.png,035
E:\UNSB_Expl\UNSB_HEADFIGURE_SIXDOMAIN_EXPANDED_20260824\data_views\aio\trainB\RainDS-syn__037.png,345639,,RainDS-syn,22,,,trainB,78afec090d394c073109461ce347415197d6bd4235948c3c59a373bf65464653,E:\UNSB_Expl\UNSB_HEADFIGURE_SIXDOMAIN_EXPANDED_20260824\data_views\single\RainDS-syn\trainB\RainDS-syn__037.png,E:\UNSB_abl\full_dataset\RainDS-syn\target\037.png,037
E:\UNSB_Expl\UNSB_HEADFIGURE_SIXDOMAIN_EXPANDED_20260824\data_views\aio\trainB\RainDS-syn__003.png,269439,,RainDS-syn,23,,,trainB,56ed3da5c7df9f117c04b2d97e54f970b27b33e3af8a740860a634e210abc8d9,E:\UNSB_Expl\UNSB_HEADFIGURE_SIXDOMAIN_EXPANDED_20260824\data_views\single\RainDS-syn\trainB\RainDS-syn__003.png,E:\UNSB_abl\full_dataset\RainDS-syn\target\003.png,003
E:\UNSB_Expl\UNSB_HEADFIGURE_SIXDOMAIN_EXPANDED_20260824\data_views\aio\trainB\RainDS-syn__077.png,264291,,RainDS-syn,24,,,trainB,823755ba40817fdc690c118428a371aa9340487ec407b15b30e2b4b3ea858f30,E:\UNSB_Expl\UNSB_HEADFIGURE_SIXDOMAIN_EXPANDED_20260824\data_views\single\RainDS-syn\trainB\RainDS-syn__077.png,E:\UNSB_abl\full_dataset\RainDS-syn\target\077.png,077
E:\UNSB_Expl\UNSB_HEADFIGURE_SIXDOMAIN_EXPANDED_20260824\data_views\aio\trainB\RainDS-syn__122.png,364874,,RainDS-syn,25,,,trainB,6672fce50c16962d2e04588d529ee1a9c8dce212f77889d66f95fd1f9ad2ebdc,E:\UNSB_Expl\UNSB_HEADFIGURE_SIXDOMAIN_EXPANDED_20260824\data_views\single\RainDS-syn\trainB\RainDS-syn__122.png,E:\UNSB_abl\full_dataset\RainDS-syn\target\122.png,122
E:\UNSB_Expl\UNSB_HEADFIGURE_SIXDOMAIN_EXPANDED_20260824\data_views\aio\trainB\RainDS-syn__171.png,378147,,RainDS-syn,26,,,trainB,0917adc78a93ef7f83b6e89b769a6bb68f3ca847d4f1e15494e52409b968a1d9,E:\UNSB_Expl\UNSB_HEADFIGURE_SIXDOMAIN_EXPANDED_20260824\data_views\single\RainDS-syn\trainB\RainDS-syn__171.png,E:\UNSB_abl\full_dataset\RainDS-syn\target\171.png,171
E:\UNSB_Expl\UNSB_HEADFIGURE_SIXDOMAIN_EXPANDED_20260824\data_views\aio\trainB\RainDS-syn__063.png,357663,,RainDS-syn,27,,,trainB,bdf7e7b04fb175a184b5960bf8fd2eb8b394c735fd253e785f84f013eeb8e354,E:\UNSB_Expl\UNSB_HEADFIGURE_SIXDOMAIN_EXPANDED_20260824\data_views\single\RainDS-syn\trainB\RainDS-syn__063.png,E:\UNSB_abl\full_dataset\RainDS-syn\target\063.png,063
E:\UNSB_Expl\UNSB_HEADFIGURE_SIXDOMAIN_EXPANDED_20260824\data_views\aio\trainB\RainDS-syn__136.png,352620,,RainDS-syn,28,,,trainB,ef5d111c5681fb5a9a6e4a7b6d27d82238b996d635d35f404b4d6ecb088eeaa2,E:\UNSB_Expl\UNSB_HEADFIGURE_SIXDOMAIN_EXPANDED_20260824\data_views\single\RainDS-syn\trainB\RainDS-syn__136.png,E:\UNSB_abl\full_dataset\RainDS-syn\target\136.png,136
E:\UNSB_Expl\UNSB_HEADFIGURE_SIXDOMAIN_EXPANDED_20260824\data_views\aio\trainB\RainDS-syn__065.png,368473,,RainDS-syn,29,,,trainB,c6dbadedff2b20784a7bdadc84fba5defa6c810e63d592294b5673632c59f7a0,E:\UNSB_Expl\UNSB_HEADFIGURE_SIXDOMAIN_EXPANDED_20260824\data_views\single\RainDS-syn\trainB\RainDS-syn__065.png,E:\UNSB_abl\full_dataset\RainDS-syn\target\065.png,065
E:\UNSB_Expl\UNSB_HEADFIGURE_SIXDOMAIN_EXPANDED_20260824\data_views\aio\trainB\RainDS-syn__066.png,503251,,RainDS-syn,30,,,trainB,ea1262786985a5643a71fbcfe0c13f0cf553e9feced3e65fbe2d5206e4c8f794,E:\UNSB_Expl\UNSB_HEADFIGURE_SIXDOMAIN_EXPANDED_20260824\data_views\single\RainDS-syn\trainB\RainDS-syn__066.png,E:\UNSB_abl\full_dataset\RainDS-syn\target\066.png,066
E:\UNSB_Expl\UNSB_HEADFIGURE_SIXDOMAIN_EXPANDED_20260824\data_views\aio\trainB\RainDS-syn__109.png,354856,,RainDS-syn,31,,,trainB,3bf76af6c1dd1c4c4d1465614ce010d932430017c285eb1495fe82fb06ca0f4e,E:\UNSB_Expl\UNSB_HEADFIGURE_SIXDOMAIN_EXPANDED_20260824\data_views\single\RainDS-syn\trainB\RainDS-syn__109.png,E:\UNSB_abl\full_dataset\RainDS-syn\target\109.png,109
E:\UNSB_Expl\UNSB_HEADFIGURE_SIXDOMAIN_EXPANDED_20260824\data_views\aio\trainB\RainDS-syn__200.png,340448,,RainDS-syn,32,,,trainB,c37e32ec1a091d245df87c31bafc0a821a2b53b50fd5fb87721f6acf76b6aad7,E:\UNSB_Expl\UNSB_HEADFIGURE_SIXDOMAIN_EXPANDED_20260824\data_views\single\RainDS-syn\trainB\RainDS-syn__200.png,E:\UNSB_abl\full_dataset\RainDS-syn\target\200.png,200
E:\UNSB_Expl\UNSB_HEADFIGURE_SIXDOMAIN_EXPANDED_20260824\data_views\aio\trainB\RainDS-syn__101.png,250177,,RainDS-syn,33,,,trainB,0ce9897948e26b8f865271424a17aae2251774ebfe8b2b6fe4281d04ac7d4b59,E:\UNSB_Expl\UNSB_HEADFIGURE_SIXDOMAIN_EXPANDED_20260824\data_views\single\RainDS-syn\trainB\RainDS-syn__101.png,E:\UNSB_abl\full_dataset\RainDS-syn\target\101.png,101
E:\UNSB_Expl\UNSB_HEADFIGURE_SIXDOMAIN_EXPANDED_20260824\data_views\aio\trainB\RainDS-syn__116.png,314258,,RainDS-syn,34,,,trainB,cc6e0221bc8e1c1ffce9309987b2beb88246e4f4d02bf803523b441ad276b710,E:\UNSB_Expl\UNSB_HEADFIGURE_SIXDOMAIN_EXPANDED_20260824\data_views\single\RainDS-syn\trainB\RainDS-syn__116.png,E:\UNSB_abl\full_dataset\RainDS-syn\target\116.png,116
E:\UNSB_Expl\UNSB_HEADFIGURE_SIXDOMAIN_EXPANDED_20260824\data_views\aio\trainB\RainDS-syn__080.png,650248,,RainDS-syn,35,,,trainB,21604a8d663b0a972aa349d1bdb175280ea83e7c12317f42ebf81ff3ed2d0af9,E:\UNSB_Expl\UNSB_HEADFIGURE_SIXDOMAIN_EXPANDED_20260824\data_views\single\RainDS-syn\trainB\RainDS-syn__080.png,E:\UNSB_abl\full_dataset\RainDS-syn\target\080.png,080
E:\UNSB_Expl\UNSB_HEADFIGURE_SIXDOMAIN_EXPANDED_20260824\data_views\aio\trainB\RainDS-syn__058.png,573983,,RainDS-syn,36,,,trainB,a479488b12d6aa3b94cfabcfa6fc334136a102739687bf6033651fbec118b62e,E:\UNSB_Expl\UNSB_HEADFIGURE_SIXDOMAIN_EXPANDED_20260824\data_views\single\RainDS-syn\trainB\RainDS-syn__058.png,E:\UNSB_abl\full_dataset\RainDS-syn\target\058.png,058
E:\UNSB_Expl\UNSB_HEADFIGURE_SIXDOMAIN_EXPANDED_20260824\data_views\aio\trainB\RainDS-syn__075.png,635850,,RainDS-syn,37,,,trainB,f8ea9b282cbe9fbdd73369f43281bea2fb25e7543e32edc45360aeb0b85b2a78,E:\UNSB_Expl\UNSB_HEADFIGURE_SIXDOMAIN_EXPANDED_20260824\data_views\single\RainDS-syn\trainB\RainDS-syn__075.png,E:\UNSB_abl\full_dataset\RainDS-syn\target\075.png,075
E:\UNSB_Expl\UNSB_HEADFIGURE_SIXDOMAIN_EXPANDED_20260824\data_views\aio\trainB\RainDS-syn__137.png,248405,,RainDS-syn,38,,,trainB,b52e8e1b97dc8e2ceb707ce2ab196de15a180cd6683f221fdbda4c6239402f78,E:\UNSB_Expl\UNSB_HEADFIGURE_SIXDOMAIN_EXPANDED_20260824\data_views\single\RainDS-syn\trainB\RainDS-syn__137.png,E:\UNSB_abl\full_dataset\RainDS-syn\target\137.png,137
E:\UNSB_Expl\UNSB_HEADFIGURE_SIXDOMAIN_EXPANDED_20260824\data_views\aio\trainB\RainDS-syn__093.png,470952,,RainDS-syn,39,,,trainB,961c87b0c1426c1be7fba98482002a78b4c00579e1fac62ce8802fbd00146564,E:\UNSB_Expl\UNSB_HEADFIGURE_SIXDOMAIN_EXPANDED_20260824\data_views\single\RainDS-syn\trainB\RainDS-syn__093.png,E:\UNSB_abl\full_dataset\RainDS-syn\target\093.png,093
E:\UNSB_Expl\UNSB_HEADFIGURE_SIXDOMAIN_EXPANDED_20260824\data_views\aio\trainB\RainDS-syn__041.png,646936,,RainDS-syn,40,,,trainB,2045d6b4e92e81ac5ce6a8678ea67633f65b41064b1abaf3e24edda2aad3007e,E:\UNSB_Expl\UNSB_HEADFIGURE_SIXDOMAIN_EXPANDED_20260824\data_views\single\RainDS-syn\trainB\RainDS-syn__041.png,E:\UNSB_abl\full_dataset\RainDS-syn\target\041.png,041
E:\UNSB_Expl\UNSB_HEADFIGURE_SIXDOMAIN_EXPANDED_20260824\data_views\aio\trainB\RainDS-syn__042.png,584609,,RainDS-syn,41,,,trainB,0dbe8bef467fb3ac72007a66666c7aa4ef5dc780229dc4c4438cca5178a629d0,E:\UNSB_Expl\UNSB_HEADFIGURE_SIXDOMAIN_EXPANDED_20260824\data_views\single\RainDS-syn\trainB\RainDS-syn__042.png,E:\UNSB_abl\full_dataset\RainDS-syn\target\042.png,042
E:\UNSB_Expl\UNSB_HEADFIGURE_SIXDOMAIN_EXPANDED_20260824\data_views\aio\trainB\RainDS-syn__061.png,565236,,RainDS-syn,42,,,trainB,3ff5c92675afc6ef3f8c3a317567864deeadc9e12736b840203da55303042a7e,E:\UNSB_Expl\UNSB_HEADFIGURE_SIXDOMAIN_EXPANDED_20260824\data_views\single\RainDS-syn\trainB\RainDS-syn__061.png,E:\UNSB_abl\full_dataset\RainDS-syn\target\061.png,061
E:\UNSB_Expl\UNSB_HEADFIGURE_SIXDOMAIN_EXPANDED_20260824\data_views\aio\trainB\RainDS-syn__107.png,323700,,RainDS-syn,43,,,trainB,0575132ed2a90dc29fcc3c48a70687a52de4798fdd3ac6476d5875efd5961934,E:\UNSB_Expl\UNSB_HEADFIGURE_SIXDOMAIN_EXPANDED_20260824\data_views\single\RainDS-syn\trainB\RainDS-syn__107.png,E:\UNSB_abl\full_dataset\RainDS-syn\target\107.png,107
E:\UNSB_Expl\UNSB_HEADFIGURE_SIXDOMAIN_EXPANDED_20260824\data_views\aio\trainB\RainDS-syn__135.png,548866,,RainDS-syn,44,,,trainB,19ad832995d14fb081c4a32f6776694d1242a183137f5cfea8767ab5d3854c83,E:\UNSB_Expl\UNSB_HEADFIGURE_SIXDOMAIN_EXPANDED_20260824\data_views\single\RainDS-syn\trainB\RainDS-syn__135.png,E:\UNSB_abl\full_dataset\RainDS-syn\target\135.png,135
E:\UNSB_Expl\UNSB_HEADFIGURE_SIXDOMAIN_EXPANDED_20260824\data_views\aio\trainB\RainDS-syn__141.png,583963,,RainDS-syn,45,,,trainB,ac40e8c3070824ad6dd3f9db2982e8a6472c08cfc2becda06dabc974b5a7dfb6,E:\UNSB_Expl\UNSB_HEADFIGURE_SIXDOMAIN_EXPANDED_20260824\data_views\single\RainDS-syn\trainB\RainDS-syn__141.png,E:\UNSB_abl\full_dataset\RainDS-syn\target\141.png,141
E:\UNSB_Expl\UNSB_HEADFIGURE_SIXDOMAIN_EXPANDED_20260824\data_views\aio\trainB\RainDS-syn__064.png,254238,,RainDS-syn,46,,,trainB,e9ef1d7b6e50946ac9ddda001252781ed0c377ff93668e76cb880dc3628247f5,E:\UNSB_Expl\UNSB_HEADFIGURE_SIXDOMAIN_EXPANDED_20260824\data_views\single\RainDS-syn\trainB\RainDS-syn__064.png,E:\UNSB_abl\full_dataset\RainDS-syn\target\064.png,064
E:\UNSB_Expl\UNSB_HEADFIGURE_SIXDOMAIN_EXPANDED_20260824\data_views\aio\trainB\RainDS-syn__072.png,457914,,RainDS-syn,47,,,trainB,d4601f8956bb3dac079d56571e3258ce2bee83c060b0d84666d327d022ea004a,E:\UNSB_Expl\UNSB_HEADFIGURE_SIXDOMAIN_EXPANDED_20260824\data_views\single\RainDS-syn\trainB\RainDS-syn__072.png,E:\UNSB_abl\full_dataset\RainDS-syn\target\072.png,072
E:\UNSB_Expl\UNSB_HEADFIGURE_SIXDOMAIN_EXPANDED_20260824\data_views\aio\trainB\RainDS-syn__170.png,350345,,RainDS-syn,48,,,trainB,dc72856ed4e933d398876dcc429d8f9d8b2b4c1f7aa9811335b95f7bbbec6ab6,E:\UNSB_Expl\UNSB_HEADFIGURE_SIXDOMAIN_EXPANDED_20260824\data_views\single\RainDS-syn\trainB\RainDS-syn__170.png,E:\UNSB_abl\full_dataset\RainDS-syn\target\170.png,170
E:\UNSB_Expl\UNSB_HEADFIGURE_SIXDOMAIN_EXPANDED_20260824\data_views\aio\trainB\RainDS-syn__087.png,249102,,RainDS-syn,49,,,trainB,8b9b0ea87e549e549365d9f43a1ea195a1fbe0ee0ee29040d8c4642c11f6d85d,E:\UNSB_Expl\UNSB_HEADFIGURE_SIXDOMAIN_EXPANDED_20260824\data_views\single\RainDS-syn\trainB\RainDS-syn__087.png,E:\UNSB_abl\full_dataset\RainDS-syn\target\087.png,087
E:\UNSB_Expl\UNSB_HEADFIGURE_SIXDOMAIN_EXPANDED_20260824\data_views\aio\trainB\RainDS-syn__191.png,528160,,RainDS-syn,50,,,trainB,d7bc3056d62d26dcf8fc7461219069ea6ac7420c265d886f5f1772382cbdd9f4,E:\UNSB_Expl\UNSB_HEADFIGURE_SIXDOMAIN_EXPANDED_20260824\data_views\single\RainDS-syn\trainB\RainDS-syn__191.png,E:\UNSB_abl\full_dataset\RainDS-syn\target\191.png,191
E:\UNSB_Expl\UNSB_HEADFIGURE_SIXDOMAIN_EXPANDED_20260824\data_views\aio\trainB\RainDS-syn__050.png,356626,,RainDS-syn,51,,,trainB,3172bd5015b779286361dd54997907fdcf121519ec44dc3711ab5741ca6d476b,E:\UNSB_Expl\UNSB_HEADFIGURE_SIXDOMAIN_EXPANDED_20260824\data_views\single\RainDS-syn\trainB\RainDS-syn__050.png,E:\UNSB_abl\full_dataset\RainDS-syn\target\050.png,050
E:\UNSB_Expl\UNSB_HEADFIGURE_SIXDOMAIN_EXPANDED_20260824\data_views\aio\trainB\RainDS-syn__053.png,355603,,RainDS-syn,52,,,trainB,b447439d81b983f1fa9b5abfa24caa5452b655e24c83375264a971c160778c4b,E:\UNSB_Expl\UNSB_HEADFIGURE_SIXDOMAIN_EXPANDED_20260824\data_views\single\RainDS-syn\trainB\RainDS-syn__053.png,E:\UNSB_abl\full_dataset\RainDS-syn\target\053.png,053
E:\UNSB_Expl\UNSB_HEADFIGURE_SIXDOMAIN_EXPANDED_20260824\data_views\aio\trainB\RainDS-syn__030.png,358945,,RainDS-syn,53,,,trainB,64f0e6ec0753f163b16a1e7a35d6b5877b4dda41b20c9589b84bca3e61689089,E:\UNSB_Expl\UNSB_HEADFIGURE_SIXDOMAIN_EXPANDED_20260824\data_views\single\RainDS-syn\trainB\RainDS-syn__030.png,E:\UNSB_abl\full_dataset\RainDS-syn\target\030.png,030
E:\UNSB_Expl\UNSB_HEADFIGURE_SIXDOMAIN_EXPANDED_20260824\data_views\aio\trainB\RainDS-syn__034.png,663738,,RainDS-syn,54,,,trainB,d4560f3a9a6b791ad3066a568725a8c1038bd0819878bc0ec0022dc5c1aaebd4,E:\UNSB_Expl\UNSB_HEADFIGURE_SIXDOMAIN_EXPANDED_20260824\data_views\single\RainDS-syn\trainB\RainDS-syn__034.png,E:\UNSB_abl\full_dataset\RainDS-syn\target\034.png,034
E:\UNSB_Expl\UNSB_HEADFIGURE_SIXDOMAIN_EXPANDED_20260824\data_views\aio\trainB\RainDS-syn__104.png,380071,,RainDS-syn,55,,,trainB,f27fa798d42e8b68724d3bde1878eaf77c1c914934a995cb0f4976314e52bdac,E:\UNSB_Expl\UNSB_HEADFIGURE_SIXDOMAIN_EXPANDED_20260824\data_views\single\RainDS-syn\trainB\RainDS-syn__104.png,E:\UNSB_abl\full_dataset\RainDS-syn\target\104.png,104
E:\UNSB_Expl\UNSB_HEADFIGURE_SIXDOMAIN_EXPANDED_20260824\data_views\aio\trainB\RainDS-syn__131.png,361831,,RainDS-syn,56,,,trainB,4ab1d4408cd0ac966e5a5fe70f1e732fdae8ed004132213cb3bdac18a620fbed,E:\UNSB_Expl\UNSB_HEADFIGURE_SIXDOMAIN_EXPANDED_20260824\data_views\single\RainDS-syn\trainB\RainDS-syn__131.png,E:\UNSB_abl\full_dataset\RainDS-syn\target\131.png,131
E:\UNSB_Expl\UNSB_HEADFIGURE_SIXDOMAIN_EXPANDED_20260824\data_views\aio\trainB\RainDS-syn__027.png,340568,,RainDS-syn,57,,,trainB,0b38cdd5edb1066037063ffd229e67bea26befd898f8983092c207f4856e6d35,E:\UNSB_Expl\UNSB_HEADFIGURE_SIXDOMAIN_EXPANDED_20260824\data_views\single\RainDS-syn\trainB\RainDS-syn__027.png,E:\UNSB_abl\full_dataset\RainDS-syn\target\027.png,027
E:\UNSB_Expl\UNSB_HEADFIGURE_SIXDOMAIN_EXPANDED_20260824\data_views\aio\trainB\RainDS-syn__153.png,267611,,RainDS-syn,58,,,trainB,0da82cfb82c761306e3dc7959447eb13bd3760c22786c508c690029bc19024ab,E:\UNSB_Expl\UNSB_HEADFIGURE_SIXDOMAIN_EXPANDED_20260824\data_views\single\RainDS-syn\trainB\RainDS-syn__153.png,E:\UNSB_abl\full_dataset\RainDS-syn\target\153.png,153
E:\UNSB_Expl\UNSB_HEADFIGURE_SIXDOMAIN_EXPANDED_20260824\data_views\aio\trainB\RainDS-syn__009.png,372140,,RainDS-syn,59,,,trainB,accfde9a6316ba2f54dcf1ce6c07e4a3fe4b4a9cf7bd7465e57174ce13b138a3,E:\UNSB_Expl\UNSB_HEADFIGURE_SIXDOMAIN_EXPANDED_20260824\data_views\single\RainDS-syn\trainB\RainDS-syn__009.png,E:\UNSB_abl\full_dataset\RainDS-syn\target\009.png,009
E:\UNSB_Expl\UNSB_HEADFIGURE_SIXDOMAIN_EXPANDED_20260824\data_views\aio\trainB\RainDS-syn__194.png,546647,,RainDS-syn,60,,,trainB,aed57c240272364f89c1077f2679d779bd95578f520a0caab7d2010f283624c8,E:\UNSB_Expl\UNSB_HEADFIGURE_SIXDOMAIN_EXPANDED_20260824\data_views\single\RainDS-syn\trainB\RainDS-syn__194.png,E:\UNSB_abl\full_dataset\RainDS-syn\target\194.png,194
E:\UNSB_Expl\UNSB_HEADFIGURE_SIXDOMAIN_EXPANDED_20260824\data_views\aio\trainB\RainDS-syn__015.png,554490,,RainDS-syn,61,,,trainB,c0ec59d24b5a507d61a569b22f2af47b46d797411e0e7ff8b3d5ab45ffe3e13d,E:\UNSB_Expl\UNSB_HEADFIGURE_SIXDOMAIN_EXPANDED_20260824\data_views\single\RainDS-syn\trainB\RainDS-syn__015.png,E:\UNSB_abl\full_dataset\RainDS-syn\target\015.png,015
E:\UNSB_Expl\UNSB_HEADFIGURE_SIXDOMAIN_EXPANDED_20260824\data_views\aio\trainB\RainDS-syn__199.png,552078,,RainDS-syn,62,,,trainB,3253087768f872c1a24c208da6015de9fcd3e31b86990df1ec385352df358b73,E:\UNSB_Expl\UNSB_HEADFIGURE_SIXDOMAIN_EXPANDED_20260824\data_views\single\RainDS-syn\trainB\RainDS-syn__199.png,E:\UNSB_abl\full_dataset\RainDS-syn\target\199.png,199
E:\UNSB_Expl\UNSB_HEADFIGURE_SIXDOMAIN_EXPANDED_20260824\data_views\aio\trainB\RainDS-syn__091.png,289789,,RainDS-syn,63,,,trainB,bcd6e0a8e52efe009493d10d0ca0d0195e631b167bc543f66d84603adba3eb64,E:\UNSB_Expl\UNSB_HEADFIGURE_SIXDOMAIN_EXPANDED_20260824\data_views\single\RainDS-syn\trainB\RainDS-syn__091.png,E:\UNSB_abl\full_dataset\RainDS-syn\target\091.png,091
E:\UNSB_Expl\UNSB_HEADFIGURE_SIXDOMAIN_EXPANDED_20260824\data_views\aio\trainB\RainDS-syn__018.png,563804,,RainDS-syn,64,,,trainB,a6173c8536f458643cd5b73319f5e65a0e2325a92c317b7357fc3a13d4a5c0b1,E:\UNSB_Expl\UNSB_HEADFIGURE_SIXDOMAIN_EXPANDED_20260824\data_views\single\RainDS-syn\trainB\RainDS-syn__018.png,E:\UNSB_abl\full_dataset\RainDS-syn\target\018.png,018
E:\UNSB_Expl\UNSB_HEADFIGURE_SIXDOMAIN_EXPANDED_20260824\data_views\aio\trainB\RainDS-syn__108.png,643878,,RainDS-syn,65,,,trainB,afc4c09746f4369d0c7f537215ecb516362156a89b6203db45c468b8d7aad36a,E:\UNSB_Expl\UNSB_HEADFIGURE_SIXDOMAIN_EXPANDED_20260824\data_views\single\RainDS-syn\trainB\RainDS-syn__108.png,E:\UNSB_abl\full_dataset\RainDS-syn\target\108.png,108
E:\UNSB_Expl\UNSB_HEADFIGURE_SIXDOMAIN_EXPANDED_20260824\data_views\aio\trainB\RainDS-syn__146.png,566030,,RainDS-syn,66,,,trainB,444bf0942d88d5da1e77c818916d19000c88b87a26e7768d82235445442ee217,E:\UNSB_Expl\UNSB_HEADFIGURE_SIXDOMAIN_EXPANDED_20260824\data_views\single\RainDS-syn\trainB\RainDS-syn__146.png,E:\UNSB_abl\full_dataset\RainDS-syn\target\146.png,146
E:\UNSB_Expl\UNSB_HEADFIGURE_SIXDOMAIN_EXPANDED_20260824\data_views\aio\trainB\RainDS-syn__082.png,589294,,RainDS-syn,67,,,trainB,f017ec526e97f197d7218623305c6d8cacab771e12ca8ff68ae8357844dd0413,E:\UNSB_Expl\UNSB_HEADFIGURE_SIXDOMAIN_EXPANDED_20260824\data_views\single\RainDS-syn\trainB\RainDS-syn__082.png,E:\UNSB_abl\full_dataset\RainDS-syn\target\082.png,082
E:\UNSB_Expl\UNSB_HEADFIGURE_SIXDOMAIN_EXPANDED_20260824\data_views\aio\trainB\RainDS-syn__165.png,415584,,RainDS-syn,68,,,trainB,9da9dbad6eabc7dd027b74d84eaf5828ad27eb42d351e14292456311fa227f64,E:\UNSB_Expl\UNSB_HEADFIGURE_SIXDOMAIN_EXPANDED_20260824\data_views\single\RainDS-syn\trainB\RainDS-syn__165.png,E:\UNSB_abl\full_dataset\RainDS-syn\target\165.png,165
E:\UNSB_Expl\UNSB_HEADFIGURE_SIXDOMAIN_EXPANDED_20260824\data_views\aio\trainB\RainDS-syn__024.png,581432,,RainDS-syn,69,,,trainB,d5cdd01f18e7cf5dc642c5f17959e91d06888dc0a4c73073c2d4cbeb931b3506,E:\UNSB_Expl\UNSB_HEADFIGURE_SIXDOMAIN_EXPANDED_20260824\data_views\single\RainDS-syn\trainB\RainDS-syn__024.png,E:\UNSB_abl\full_dataset\RainDS-syn\target\024.png,024
E:\UNSB_Expl\UNSB_HEADFIGURE_SIXDOMAIN_EXPANDED_20260824\data_views\aio\trainB\RainDS-syn__156.png,398168,,RainDS-syn,70,,,trainB,0c308a3a974e0b3a6a4165ada7eeb33e151d3be069297a5aef52240b1db729d9,E:\UNSB_Expl\UNSB_HEADFIGURE_SIXDOMAIN_EXPANDED_20260824\data_views\single\RainDS-syn\trainB\RainDS-syn__156.png,E:\UNSB_abl\full_dataset\RainDS-syn\target\156.png,156
E:\UNSB_Expl\UNSB_HEADFIGURE_SIXDOMAIN_EXPANDED_20260824\data_views\aio\trainB\RainDS-syn__025.png,550887,,RainDS-syn,71,,,trainB,99c77d67c02975fd51a1eae7441eec7c6a714d112759cc4049f859f52c8fc26a,E:\UNSB_Expl\UNSB_HEADFIGURE_SIXDOMAIN_EXPANDED_20260824\data_views\single\RainDS-syn\trainB\RainDS-syn__025.png,E:\UNSB_abl\full_dataset\RainDS-syn\target\025.png,025
E:\UNSB_Expl\UNSB_HEADFIGURE_SIXDOMAIN_EXPANDED_20260824\data_views\aio\trainB\RainDS-syn__019.png,380349,,RainDS-syn,72,,,trainB,8fe69e518d123cb369a27a288ce62b51222efd3448ee5ea462f2d265ed2d69e8,E:\UNSB_Expl\UNSB_HEADFIGURE_SIXDOMAIN_EXPANDED_20260824\data_views\single\RainDS-syn\trainB\RainDS-syn__019.png,E:\UNSB_abl\full_dataset\RainDS-syn\target\019.png,019
E:\UNSB_Expl\UNSB_HEADFIGURE_SIXDOMAIN_EXPANDED_20260824\data_views\aio\trainB\RainDS-syn__032.png,346297,,RainDS-syn,73,,,trainB,9e493205d59db89e3dfe142e599c6555de021cfb4589b765664cca490c33f09c,E:\UNSB_Expl\UNSB_HEADFIGURE_SIXDOMAIN_EXPANDED_20260824\data_views\single\RainDS-syn\trainB\RainDS-syn__032.png,E:\UNSB_abl\full_dataset\RainDS-syn\target\032.png,032
E:\UNSB_Expl\UNSB_HEADFIGURE_SIXDOMAIN_EXPANDED_20260824\data_views\aio\trainB\RainDS-syn__192.png,660841,,RainDS-syn,74,,,trainB,db890d915d501f9494288763be560839e100a621f749d8039528e749c92a99d0,E:\UNSB_Expl\UNSB_HEADFIGURE_SIXDOMAIN_EXPANDED_20260824\data_views\single\RainDS-syn\trainB\RainDS-syn__192.png,E:\UNSB_abl\full_dataset\RainDS-syn\target\192.png,192
E:\UNSB_Expl\UNSB_HEADFIGURE_SIXDOMAIN_EXPANDED_20260824\data_views\aio\trainB\RainDS-syn__020.png,545279,,RainDS-syn,75,,,trainB,5add38d2408dd3cee79b8b2322e33c9f811f5b821d0609de85baf393b938af64,E:\UNSB_Expl\UNSB_HEADFIGURE_SIXDOMAIN_EXPANDED_20260824\data_views\single\RainDS-syn\trainB\RainDS-syn__020.png,E:\UNSB_abl\full_dataset\RainDS-syn\target\020.png,020
E:\UNSB_Expl\UNSB_HEADFIGURE_SIXDOMAIN_EXPANDED_20260824\data_views\aio\trainB\RainDS-syn__001.png,368200,,RainDS-syn,76,,,trainB,4fb920fbf91f2f24650dc88361c7005e70e72c89e26952f4e3a7a2844becc334,E:\UNSB_Expl\UNSB_HEADFIGURE_SIXDOMAIN_EXPANDED_20260824\data_views\single\RainDS-syn\trainB\RainDS-syn__001.png,E:\UNSB_abl\full_dataset\RainDS-syn\target\001.png,001
E:\UNSB_Expl\UNSB_HEADFIGURE_SIXDOMAIN_EXPANDED_20260824\data_views\aio\trainB\RainDS-syn__193.png,477630,,RainDS-syn,77,,,trainB,d5e2e014e392a37fd1708e659dfd330b4ea6326150d89f98835bfbf34ac8798a,E:\UNSB_Expl\UNSB_HEADFIGURE_SIXDOMAIN_EXPANDED_20260824\data_views\single\RainDS-syn\trainB\RainDS-syn__193.png,E:\UNSB_abl\full_dataset\RainDS-syn\target\193.png,193
E:\UNSB_Expl\UNSB_HEADFIGURE_SIXDOMAIN_EXPANDED_20260824\data_views\aio\trainB\RainDS-syn__059.png,321305,,RainDS-syn,78,,,trainB,bb763ed639a609d58c73898170263d81bd968075bc7aea0f2b7151143411ef79,E:\UNSB_Expl\UNSB_HEADFIGURE_SIXDOMAIN_EXPANDED_20260824\data_views\single\RainDS-syn\trainB\RainDS-syn__059.png,E:\UNSB_abl\full_dataset\RainDS-syn\target\059.png,059
E:\UNSB_Expl\UNSB_HEADFIGURE_SIXDOMAIN_EXPANDED_20260824\data_views\aio\trainB\RainDS-syn__096.png,534855,,RainDS-syn,79,,,trainB,dbc5472548524fd86511f0795ae535b837804072849070865adb79da18aa7796,E:\UNSB_Expl\UNSB_HEADFIGURE_SIXDOMAIN_EXPANDED_20260824\data_views\single\RainDS-syn\trainB\RainDS-syn__096.png,E:\UNSB_abl\full_dataset\RainDS-syn\target\096.png,096
E:\UNSB_Expl\UNSB_HEADFIGURE_SIXDOMAIN_EXPANDED_20260824\data_views\aio\trainB\RainDS-syn__118.png,483391,,RainDS-syn,80,,,trainB,0511c1724e25ee1c8a529dce1fc5c2cc156b814323b26a305fa519bfb4018ca9,E:\UNSB_Expl\UNSB_HEADFIGURE_SIXDOMAIN_EXPANDED_20260824\data_views\single\RainDS-syn\trainB\RainDS-syn__118.png,E:\UNSB_abl\full_dataset\RainDS-syn\target\118.png,118
E:\UNSB_Expl\UNSB_HEADFIGURE_SIXDOMAIN_EXPANDED_20260824\data_views\aio\trainB\RainDS-syn__110.png,296965,,RainDS-syn,81,,,trainB,d4123aa35910a0212364933aedbd8ee4aa9926edd590fcf97180e9f4bb5ce0b9,E:\UNSB_Expl\UNSB_HEADFIGURE_SIXDOMAIN_EXPANDED_20260824\data_views\single\RainDS-syn\trainB\RainDS-syn__110.png,E:\UNSB_abl\full_dataset\RainDS-syn\target\110.png,110
E:\UNSB_Expl\UNSB_HEADFIGURE_SIXDOMAIN_EXPANDED_20260824\data_views\aio\trainB\RainDS-syn__120.png,565190,,RainDS-syn,82,,,trainB,105d79a241eb2c0dca4268e3f446678d8bae065e3c4479528c0e6f6481b483a2,E:\UNSB_Expl\UNSB_HEADFIGURE_SIXDOMAIN_EXPANDED_20260824\data_views\single\RainDS-syn\trainB\RainDS-syn__120.png,E:\UNSB_abl\full_dataset\RainDS-syn\target\120.png,120
E:\UNSB_Expl\UNSB_HEADFIGURE_SIXDOMAIN_EXPANDED_20260824\data_views\aio\trainB\RainDS-syn__143.png,466162,,RainDS-syn,83,,,trainB,92f8384c54c1d71e7c0a95cc4fefa43bb7e98c81d993b999f367260a078e71b1,E:\UNSB_Expl\UNSB_HEADFIGURE_SIXDOMAIN_EXPANDED_20260824\data_views\single\RainDS-syn\trainB\RainDS-syn__143.png,E:\UNSB_abl\full_dataset\RainDS-syn\target\143.png,143
E:\UNSB_Expl\UNSB_HEADFIGURE_SIXDOMAIN_EXPANDED_20260824\data_views\aio\trainB\RainDS-syn__004.png,357524,,RainDS-syn,84,,,trainB,5c167f4835d558c167e40fcdf0ba1210b4d23894fef4baed5855b03e0d25ef02,E:\UNSB_Expl\UNSB_HEADFIGURE_SIXDOMAIN_EXPANDED_20260824\data_views\single\RainDS-syn\trainB\RainDS-syn__004.png,E:\UNSB_abl\full_dataset\RainDS-syn\target\004.png,004
E:\UNSB_Expl\UNSB_HEADFIGURE_SIXDOMAIN_EXPANDED_20260824\data_views\aio\trainB\RainDS-syn__142.png,582431,,RainDS-syn,85,,,trainB,8308c29f6ec529005228e1f6df06fc0c2d8f1f6b0b4d51adac2106583539e6d4,E:\UNSB_Expl\UNSB_HEADFIGURE_SIXDOMAIN_EXPANDED_20260824\data_views\single\RainDS-syn\trainB\RainDS-syn__142.png,E:\UNSB_abl\full_dataset\RainDS-syn\target\142.png,142
E:\UNSB_Expl\UNSB_HEADFIGURE_SIXDOMAIN_EXPANDED_20260824\data_views\aio\trainB\RainDS-syn__172.png,314093,,RainDS-syn,86,,,trainB,7fea070ed4cb2ce4ab82b822e08c6b863f6f895a9468ca394a96d79291d9f671,E:\UNSB_Expl\UNSB_HEADFIGURE_SIXDOMAIN_EXPANDED_20260824\data_views\single\RainDS-syn\trainB\RainDS-syn__172.png,E:\UNSB_abl\full_dataset\RainDS-syn\target\172.png,172
E:\UNSB_Expl\UNSB_HEADFIGURE_SIXDOMAIN_EXPANDED_20260824\data_views\aio\trainB\RainDS-syn__129.png,342146,,RainDS-syn,87,,,trainB,026b4f639a6ade886ae0da296c56f9d60345c9164663f032a8d64e98684ce0d9,E:\UNSB_Expl\UNSB_HEADFIGURE_SIXDOMAIN_EXPANDED_20260824\data_views\single\RainDS-syn\trainB\RainDS-syn__129.png,E:\UNSB_abl\full_dataset\RainDS-syn\target\129.png,129
E:\UNSB_Expl\UNSB_HEADFIGURE_SIXDOMAIN_EXPANDED_20260824\data_views\aio\trainB\RainDS-syn__138.png,666450,,RainDS-syn,88,,,trainB,ed5177e73c227b6533db7ca818cd897de8fd6dbb384949b99a590d8b507def39,E:\UNSB_Expl\UNSB_HEADFIGURE_SIXDOMAIN_EXPANDED_20260824\data_views\single\RainDS-syn\trainB\RainDS-syn__138.png,E:\UNSB_abl\full_dataset\RainDS-syn\target\138.png,138
E:\UNSB_Expl\UNSB_HEADFIGURE_SIXDOMAIN_EXPANDED_20260824\data_views\aio\trainB\RainDS-syn__013.png,270880,,RainDS-syn,89,,,trainB,bd664a95c2507ba18b65d870154bb8a7405e7a8c9e68393719bc6ef640c1c5c6,E:\UNSB_Expl\UNSB_HEADFIGURE_SIXDOMAIN_EXPANDED_20260824\data_views\single\RainDS-syn\trainB\RainDS-syn__013.png,E:\UNSB_abl\full_dataset\RainDS-syn\target\013.png,013
E:\UNSB_Expl\UNSB_HEADFIGURE_SIXDOMAIN_EXPANDED_20260824\data_views\aio\trainB\RainDS-syn__163.png,589418,,RainDS-syn,90,,,trainB,e0bf3a6031a63a1403ce637a2ee3f3f0df1c8ade856934cb4fe485569c501069,E:\UNSB_Expl\UNSB_HEADFIGURE_SIXDOMAIN_EXPANDED_20260824\data_views\single\RainDS-syn\trainB\RainDS-syn__163.png,E:\UNSB_abl\full_dataset\RainDS-syn\target\163.png,163
E:\UNSB_Expl\UNSB_HEADFIGURE_SIXDOMAIN_EXPANDED_20260824\data_views\aio\trainB\RainDS-syn__043.png,361894,,RainDS-syn,91,,,trainB,4e291f0252a46e2531b0d69d82df568c83174af39f4d0554538977052060254d,E:\UNSB_Expl\UNSB_HEADFIGURE_SIXDOMAIN_EXPANDED_20260824\data_views\single\RainDS-syn\trainB\RainDS-syn__043.png,E:\UNSB_abl\full_dataset\RainDS-syn\target\043.png,043
E:\UNSB_Expl\UNSB_HEADFIGURE_SIXDOMAIN_EXPANDED_20260824\data_views\aio\trainB\RainDS-syn__089.png,556706,,RainDS-syn,92,,,trainB,ef357c92d6095d3ed8e60ab74f0250c616670c92d471b52b4d0a7f4aa674328e,E:\UNSB_Expl\UNSB_HEADFIGURE_SIXDOMAIN_EXPANDED_20260824\data_views\single\RainDS-syn\trainB\RainDS-syn__089.png,E:\UNSB_abl\full_dataset\RainDS-syn\target\089.png,089
E:\UNSB_Expl\UNSB_HEADFIGURE_SIXDOMAIN_EXPANDED_20260824\data_views\aio\trainB\RainDS-syn__047.png,605228,,RainDS-syn,93,,,trainB,862cdf4f3a7de76be29563cc0a06a476edb5e56f356c22f1c70afdd8fdab183e,E:\UNSB_Expl\UNSB_HEADFIGURE_SIXDOMAIN_EXPANDED_20260824\data_views\single\RainDS-syn\trainB\RainDS-syn__047.png,E:\UNSB_abl\full_dataset\RainDS-syn\target\047.png,047
E:\UNSB_Expl\UNSB_HEADFIGURE_SIXDOMAIN_EXPANDED_20260824\data_views\aio\trainB\RainDS-syn__167.png,408985,,RainDS-syn,94,,,trainB,7923c00aa5eed7b1dabc3326bc91110249ad76cd83ba65a57361083554f841b5,E:\UNSB_Expl\UNSB_HEADFIGURE_SIXDOMAIN_EXPANDED_20260824\data_views\single\RainDS-syn\trainB\RainDS-syn__167.png,E:\UNSB_abl\full_dataset\RainDS-syn\target\167.png,167
E:\UNSB_Expl\UNSB_HEADFIGURE_SIXDOMAIN_EXPANDED_20260824\data_views\aio\trainB\RainDS-syn__007.png,346588,,RainDS-syn,95,,,trainB,f8f4c0a7944a271a7a82c367936898dc941e2607b2c31129405482c420258b0d,E:\UNSB_Expl\UNSB_HEADFIGURE_SIXDOMAIN_EXPANDED_20260824\data_views\single\RainDS-syn\trainB\RainDS-syn__007.png,E:\UNSB_abl\full_dataset\RainDS-syn\target\007.png,007
E:\UNSB_Expl\UNSB_HEADFIGURE_SIXDOMAIN_EXPANDED_20260824\data_views\aio\trainB\RainDS-syn__074.png,365376,,RainDS-syn,96,,,trainB,5703478f423b66caeadef11c5d5ef34db63fe157ec1229ee1d55cc701b10d983,E:\UNSB_Expl\UNSB_HEADFIGURE_SIXDOMAIN_EXPANDED_20260824\data_views\single\RainDS-syn\trainB\RainDS-syn__074.png,E:\UNSB_abl\full_dataset\RainDS-syn\target\074.png,074
E:\UNSB_Expl\UNSB_HEADFIGURE_SIXDOMAIN_EXPANDED_20260824\data_views\aio\trainB\RainDS-syn__045.png,367640,,RainDS-syn,97,,,trainB,b86f13102f53b1e590399bcb33c6cc76310fd48bfffe03162d110d53116787cb,E:\UNSB_Expl\UNSB_HEADFIGURE_SIXDOMAIN_EXPANDED_20260824\data_views\single\RainDS-syn\trainB\RainDS-syn__045.png,E:\UNSB_abl\full_dataset\RainDS-syn\target\045.png,045
E:\UNSB_Expl\UNSB_HEADFIGURE_SIXDOMAIN_EXPANDED_20260824\data_views\aio\trainB\RainDS-syn__016.png,645965,,RainDS-syn,98,,,trainB,80871a0be046690883b9d59c9ca6d6d3247e5f7212339f21074eb353dd07fb93,E:\UNSB_Expl\UNSB_HEADFIGURE_SIXDOMAIN_EXPANDED_20260824\data_views\single\RainDS-syn\trainB\RainDS-syn__016.png,E:\UNSB_abl\full_dataset\RainDS-syn\target\016.png,016
E:\UNSB_Expl\UNSB_HEADFIGURE_SIXDOMAIN_EXPANDED_20260824\data_views\aio\trainB\RainDS-syn__051.png,599158,,RainDS-syn,99,,,trainB,1753b4252eb3ca36d0040229aaff778726add68716d091738851586c1431da1b,E:\UNSB_Expl\UNSB_HEADFIGURE_SIXDOMAIN_EXPANDED_20260824\data_views\single\RainDS-syn\trainB\RainDS-syn__051.png,E:\UNSB_abl\full_dataset\RainDS-syn\target\051.png,051
E:\UNSB_Expl\UNSB_HEADFIGURE_SIXDOMAIN_EXPANDED_20260824\data_views\aio\trainB\RainDS-syn__179.png,323333,,RainDS-syn,100,,,trainB,d9451c344da4f3027d75183f60ab68ae7b4350590ef4b3d865576e7cde6e388a,E:\UNSB_Expl\UNSB_HEADFIGURE_SIXDOMAIN_EXPANDED_20260824\data_views\single\RainDS-syn\trainB\RainDS-syn__179.png,E:\UNSB_abl\full_dataset\RainDS-syn\target\179.png,179
E:\UNSB_Expl\UNSB_HEADFIGURE_SIXDOMAIN_EXPANDED_20260824\data_views\aio\trainB\RainDS-syn__085.png,501776,,RainDS-syn,101,,,trainB,e32a2f561e8d8397e0f7649ee1e8e61a8bc99b6ceb7a0a015b124e512c4b3464,E:\UNSB_Expl\UNSB_HEADFIGURE_SIXDOMAIN_EXPANDED_20260824\data_views\single\RainDS-syn\trainB\RainDS-syn__085.png,E:\UNSB_abl\full_dataset\RainDS-syn\target\085.png,085
E:\UNSB_Expl\UNSB_HEADFIGURE_SIXDOMAIN_EXPANDED_20260824\data_views\aio\trainB\RainDS-syn__183.png,606070,,RainDS-syn,102,,,trainB,603344c2c5146fccbf4fbc3124b061b0b8444a7af19a529205e1fb085f17143f,E:\UNSB_Expl\UNSB_HEADFIGURE_SIXDOMAIN_EXPANDED_20260824\data_views\single\RainDS-syn\trainB\RainDS-syn__183.png,E:\UNSB_abl\full_dataset\RainDS-syn\target\183.png,183
E:\UNSB_Expl\UNSB_HEADFIGURE_SIXDOMAIN_EXPANDED_20260824\data_views\aio\trainB\RainDS-syn__144.png,566191,,RainDS-syn,103,,,trainB,6d09b40474aa80034741f1e8443c7f22ae47f910a00f30fbf4f25e6e3b6ac83f,E:\UNSB_Expl\UNSB_HEADFIGURE_SIXDOMAIN_EXPANDED_20260824\data_views\single\RainDS-syn\trainB\RainDS-syn__144.png,E:\UNSB_abl\full_dataset\RainDS-syn\target\144.png,144
E:\UNSB_Expl\UNSB_HEADFIGURE_SIXDOMAIN_EXPANDED_20260824\data_views\aio\trainB\RainDS-syn__169.png,427230,,RainDS-syn,104,,,trainB,f1cdf64f72460e14fcc55aa2bc5059202e5c04c8a9af110e7e7042740ef76107,E:\UNSB_Expl\UNSB_HEADFIGURE_SIXDOMAIN_EXPANDED_20260824\data_views\single\RainDS-syn\trainB\RainDS-syn__169.png,E:\UNSB_abl\full_dataset\RainDS-syn\target\169.png,169
E:\UNSB_Expl\UNSB_HEADFIGURE_SIXDOMAIN_EXPANDED_20260824\data_views\aio\trainB\RainDS-syn__174.png,491449,,RainDS-syn,105,,,trainB,e4d000d0d5229fb347eb10e9953f1d18ce1c97ffb8541e6b2c1c7cba5c72cc07,E:\UNSB_Expl\UNSB_HEADFIGURE_SIXDOMAIN_EXPANDED_20260824\data_views\single\RainDS-syn\trainB\RainDS-syn__174.png,E:\UNSB_abl\full_dataset\RainDS-syn\target\174.png,174
E:\UNSB_Expl\UNSB_HEADFIGURE_SIXDOMAIN_EXPANDED_20260824\data_views\aio\trainB\RainDS-syn__185.png,540859,,RainDS-syn,106,,,trainB,6d7d57292da911d60ea6e507d2ca27611b9c80eff4b33c14d22da9fe069dbaa7,E:\UNSB_Expl\UNSB_HEADFIGURE_SIXDOMAIN_EXPANDED_20260824\data_views\single\RainDS-syn\trainB\RainDS-syn__185.png,E:\UNSB_abl\full_dataset\RainDS-syn\target\185.png,185
E:\UNSB_Expl\UNSB_HEADFIGURE_SIXDOMAIN_EXPANDED_20260824\data_views\aio\trainB\RainDS-syn__157.png,367604,,RainDS-syn,107,,,trainB,cd6f3ac408863866ae0b97542a4203da76595fab2d690abd4416692fa9e564e0,E:\UNSB_Expl\UNSB_HEADFIGURE_SIXDOMAIN_EXPANDED_20260824\data_views\single\RainDS-syn\trainB\RainDS-syn__157.png,E:\UNSB_abl\full_dataset\RainDS-syn\target\157.png,157
E:\UNSB_Expl\UNSB_HEADFIGURE_SIXDOMAIN_EXPANDED_20260824\data_views\aio\trainB\RainDS-syn__148.png,261927,,RainDS-syn,108,,,trainB,4a24d9d88eab43ea8d135e54a27792ca54b4026272ac427e2583ba172bce20d1,E:\UNSB_Expl\UNSB_HEADFIGURE_SIXDOMAIN_EXPANDED_20260824\data_views\single\RainDS-syn\trainB\RainDS-syn__148.png,E:\UNSB_abl\full_dataset\RainDS-syn\target\148.png,148
E:\UNSB_Expl\UNSB_HEADFIGURE_SIXDOMAIN_EXPANDED_20260824\data_views\aio\trainB\RainDS-syn__023.png,314332,,RainDS-syn,109,,,trainB,478ae79c9aa2a423c54300a721509cf4255c9d3db30a7e340a5418e8febe980a,E:\UNSB_Expl\UNSB_HEADFIGURE_SIXDOMAIN_EXPANDED_20260824\data_views\single\RainDS-syn\trainB\RainDS-syn__023.png,E:\UNSB_abl\full_dataset\RainDS-syn\target\023.png,023
E:\UNSB_Expl\UNSB_HEADFIGURE_SIXDOMAIN_EXPANDED_20260824\data_views\aio\trainB\RainDS-syn__028.png,366293,,RainDS-syn,110,,,trainB,894929ea3bbd5ae26c29dcf9d66f933ff8731ba2cad8a8cc4cd2d7acc2db1248,E:\UNSB_Expl\UNSB_HEADFIGURE_SIXDOMAIN_EXPANDED_20260824\data_views\single\RainDS-syn\trainB\RainDS-syn__028.png,E:\UNSB_abl\full_dataset\RainDS-syn\target\028.png,028
E:\UNSB_Expl\UNSB_HEADFIGURE_SIXDOMAIN_EXPANDED_20260824\data_views\aio\trainB\RainDS-syn__140.png,273013,,RainDS-syn,111,,,trainB,293ecf0d503378a548d1f4981ccf5c3f29ba525a0f1d1c2a234fdb56e9a8ffa7,E:\UNSB_Expl\UNSB_HEADFIGURE_SIXDOMAIN_EXPANDED_20260824\data_views\single\RainDS-syn\trainB\RainDS-syn__140.png,E:\UNSB_abl\full_dataset\RainDS-syn\target\140.png,140
E:\UNSB_Expl\UNSB_HEADFIGURE_SIXDOMAIN_EXPANDED_20260824\data_views\aio\trainB\RainDS-syn__026.png,580895,,RainDS-syn,112,,,trainB,171eada15a88a1981ead9565f5b48f291d9562251931faa326bfed5c59dfd307,E:\UNSB_Expl\UNSB_HEADFIGURE_SIXDOMAIN_EXPANDED_20260824\data_views\single\RainDS-syn\trainB\RainDS-syn__026.png,E:\UNSB_abl\full_dataset\RainDS-syn\target\026.png,026
E:\UNSB_Expl\UNSB_HEADFIGURE_SIXDOMAIN_EXPANDED_20260824\data_views\aio\trainB\RainDS-syn__086.png,651040,,RainDS-syn,113,,,trainB,e76042c80d2bbc52d017d4bbd9f05b9d38c9e03b57786f07e749f2e1e941b042,E:\UNSB_Expl\UNSB_HEADFIGURE_SIXDOMAIN_EXPANDED_20260824\data_views\single\RainDS-syn\trainB\RainDS-syn__086.png,E:\UNSB_abl\full_dataset\RainDS-syn\target\086.png,086
E:\UNSB_Expl\UNSB_HEADFIGURE_SIXDOMAIN_EXPANDED_20260824\data_views\aio\trainB\RainDS-syn__102.png,371789,,RainDS-syn,114,,,trainB,3f0f60fef4025313935af66de99221204831b50b8f9194d42e1f93f1b48b7146,E:\UNSB_Expl\UNSB_HEADFIGURE_SIXDOMAIN_EXPANDED_20260824\data_views\single\RainDS-syn\trainB\RainDS-syn__102.png,E:\UNSB_abl\full_dataset\RainDS-syn\target\102.png,102
E:\UNSB_Expl\UNSB_HEADFIGURE_SIXDOMAIN_EXPANDED_20260824\data_views\aio\trainB\RainDS-syn__069.png,366052,,RainDS-syn,115,,,trainB,d2c6c207a290922f5354903ac1d0c70a259f99e7c9880124e3c1ae1ea05d8cd0,E:\UNSB_Expl\UNSB_HEADFIGURE_SIXDOMAIN_EXPANDED_20260824\data_views\single\RainDS-syn\trainB\RainDS-syn__069.png,E:\UNSB_abl\full_dataset\RainDS-syn\target\069.png,069
E:\UNSB_Expl\UNSB_HEADFIGURE_SIXDOMAIN_EXPANDED_20260824\data_views\aio\trainB\RainDS-syn__175.png,508365,,RainDS-syn,116,,,trainB,e35c0bb6efc218d8247652da5a6527e186edebebbd9c666a2435165fde0466d4,E:\UNSB_Expl\UNSB_HEADFIGURE_SIXDOMAIN_EXPANDED_20260824\data_views\single\RainDS-syn\trainB\RainDS-syn__175.png,E:\UNSB_abl\full_dataset\RainDS-syn\target\175.png,175
E:\UNSB_Expl\UNSB_HEADFIGURE_SIXDOMAIN_EXPANDED_20260824\data_views\aio\trainB\RainDS-syn__149.png,407725,,RainDS-syn,117,,,trainB,0aa2973834e360a5b213e20c1568cc8710f0ce0c71796fa1a4cd6ba0fdddc7c5,E:\UNSB_Expl\UNSB_HEADFIGURE_SIXDOMAIN_EXPANDED_20260824\data_views\single\RainDS-syn\trainB\RainDS-syn__149.png,E:\UNSB_abl\full_dataset\RainDS-syn\target\149.png,149
E:\UNSB_Expl\UNSB_HEADFIGURE_SIXDOMAIN_EXPANDED_20260824\data_views\aio\trainB\RainDS-syn__195.png,314597,,RainDS-syn,118,,,trainB,5e1ed73f69c53b9cc33f37f3a8eaa51aecfbfd9e88b4ce06a76f10877b5e6c97,E:\UNSB_Expl\UNSB_HEADFIGURE_SIXDOMAIN_EXPANDED_20260824\data_views\single\RainDS-syn\trainB\RainDS-syn__195.png,E:\UNSB_abl\full_dataset\RainDS-syn\target\195.png,195
E:\UNSB_Expl\UNSB_HEADFIGURE_SIXDOMAIN_EXPANDED_20260824\data_views\aio\trainB\RainDS-syn__098.png,340632,,RainDS-syn,119,,,trainB,38f210c57107f5b3bf9f4cf288edf5633f9e4189b6399fbe54fa738a28c964bf,E:\UNSB_Expl\UNSB_HEADFIGURE_SIXDOMAIN_EXPANDED_20260824\data_views\single\RainDS-syn\trainB\RainDS-syn__098.png,E:\UNSB_abl\full_dataset\RainDS-syn\target\098.png,098
,754691,024,RainDS-syn,0,False,True,expanded_internal_heldout,e913694003780d8b1bb83ed14ee20c1225b7f8393a0c778675e69348429b548c,,E:\UNSB_Expl\UNSB_HEADFIGURE_SIXDOMAIN_EXPANDED_20260824\data_views\heldoutA\RainDS-syn\RainDS-syn__024.png,RainDS-syn__024
,847291,189,RainDS-syn,1,False,False,expanded_internal_heldout,390b73a8bcfbf041e7f4bc09327fccbb6a4c3715ee4db9786c027d6fdaae40a2,,E:\UNSB_Expl\UNSB_HEADFIGURE_SIXDOMAIN_EXPANDED_20260824\data_views\heldoutA\RainDS-syn\RainDS-syn__189.png,RainDS-syn__189
,807277,034,RainDS-syn,2,False,False,expanded_internal_heldout,d4592b8a4ec487aea504691471521299ea6dd5ff4153354a3e5177005a1f001a,,E:\UNSB_Expl\UNSB_HEADFIGURE_SIXDOMAIN_EXPANDED_20260824\data_views\heldoutA\RainDS-syn\RainDS-syn__034.png,RainDS-syn__034
,482969,109,RainDS-syn,3,False,False,expanded_internal_heldout,df5c578a0759915a85d8c510354c7e999badb46ed86406b4a5fb1ab50f5411f1,,E:\UNSB_Expl\UNSB_HEADFIGURE_SIXDOMAIN_EXPANDED_20260824\data_views\heldoutA\RainDS-syn\RainDS-syn__109.png,RainDS-syn__109
,692794,066,RainDS-syn,4,False,False,expanded_internal_heldout,dc92b492515b76134dfce200c96c5fcd89a58e8295ed852e412a23e975eaf8ed,,E:\UNSB_Expl\UNSB_HEADFIGURE_SIXDOMAIN_EXPANDED_20260824\data_views\heldoutA\RainDS-syn\RainDS-syn__066.png,RainDS-syn__066
,471819,064,RainDS-syn,5,False,False,expanded_internal_heldout,3dfcd9a08ec15f9fd2ed46e9c55ccba5bd2ba9511ce8d7d142759f6683c7e1e9,,E:\UNSB_Expl\UNSB_HEADFIGURE_SIXDOMAIN_EXPANDED_20260824\data_views\heldoutA\RainDS-syn\RainDS-syn__064.png,RainDS-syn__064
,480907,068,RainDS-syn,6,False,False,expanded_internal_heldout,1e05742806956bed9f37d8d0e55dca088af4f8ac2269deafcf66eccef717cc77,,E:\UNSB_Expl\UNSB_HEADFIGURE_SIXDOMAIN_EXPANDED_20260824\data_views\heldoutA\RainDS-syn\RainDS-syn__068.png,RainDS-syn__068
,459200,009,RainDS-syn,7,False,False,expanded_internal_heldout,49e154b5b184fa422a993c629a81cade6ace95b05835621d85d7272f6a326914,,E:\UNSB_Expl\UNSB_HEADFIGURE_SIXDOMAIN_EXPANDED_20260824\data_views\heldoutA\RainDS-syn\RainDS-syn__009.png,RainDS-syn__009
,488310,107,RainDS-syn,8,False,False,expanded_internal_heldout,33fc7cd5adf4b22976589303e70fc3a255d0fda7d34164cfb69d5eda5645256d,,E:\UNSB_Expl\UNSB_HEADFIGURE_SIXDOMAIN_EXPANDED_20260824\data_views\heldoutA\RainDS-syn\RainDS-syn__107.png,RainDS-syn__107
,501963,030,RainDS-syn,9,False,False,expanded_internal_heldout,2ea662b3eddaa66257b9cd5b7ba071ea9c2f06535d37a989131168ae3b29c309,,E:\UNSB_Expl\UNSB_HEADFIGURE_SIXDOMAIN_EXPANDED_20260824\data_views\heldoutA\RainDS-syn\RainDS-syn__030.png,RainDS-syn__030
,763520,177,RainDS-syn,10,False,False,expanded_internal_heldout,696619bee0cf4b7339f74ec248f1b77c2cc084a3540dd75e40a1b82247bef678,,E:\UNSB_Expl\UNSB_HEADFIGURE_SIXDOMAIN_EXPANDED_20260824\data_views\heldoutA\RainDS-syn\RainDS-syn__177.png,RainDS-syn__177
,481913,114,RainDS-syn,11,False,False,expanded_internal_heldout,3f6489796cba832d002c2d4bc389067a8b4636546a3445f5930462e96b175a93,,E:\UNSB_Expl\UNSB_HEADFIGURE_SIXDOMAIN_EXPANDED_20260824\data_views\heldoutA\RainDS-syn\RainDS-syn__114.png,RainDS-syn__114
,811261,041,RainDS-syn,12,False,False,expanded_internal_heldout,92133ea9cffabb9e6cf2aee70235bba8a5839088552b87d9a71c713b6b58b599,,E:\UNSB_Expl\UNSB_HEADFIGURE_SIXDOMAIN_EXPANDED_20260824\data_views\heldoutA\RainDS-syn\RainDS-syn__041.png,RainDS-syn__041
,658822,072,RainDS-syn,13,False,False,expanded_internal_heldout,11c06c73e56f5e82850a3532c5a3c86b77ac3a1cac858b4e6e24b57fee242d53,,E:\UNSB_Expl\UNSB_HEADFIGURE_SIXDOMAIN_EXPANDED_20260824\data_views\heldoutA\RainDS-syn\RainDS-syn__072.png,RainDS-syn__072
,823369,078,RainDS-syn,14,False,False,expanded_internal_heldout,1664c04a276e12b2199c6ffbf9e4704e9faa0b857e82c45ce5ba8f52afcd3b6b,,E:\UNSB_Expl\UNSB_HEADFIGURE_SIXDOMAIN_EXPANDED_20260824\data_views\heldoutA\RainDS-syn\RainDS-syn__078.png,RainDS-syn__078
,470145,155,RainDS-syn,15,False,False,expanded_internal_heldout,632257534017d4e6f1c5d33cf96d7b14b9e4f2e83bf1c00707864e67eb1038a7,,E:\UNSB_Expl\UNSB_HEADFIGURE_SIXDOMAIN_EXPANDED_20260824\data_views\heldoutA\RainDS-syn\RainDS-syn__155.png,RainDS-syn__155
,730399,103,RainDS-syn,16,False,False,expanded_internal_heldout,909dd594a0ef9681a851b0342e5291bcbe2a511c71ed843906814ea9084b3af0,,E:\UNSB_Expl\UNSB_HEADFIGURE_SIXDOMAIN_EXPANDED_20260824\data_views\heldoutA\RainDS-syn\RainDS-syn__103.png,RainDS-syn__103
,738382,061,RainDS-syn,17,False,False,expanded_internal_heldout,3855beca5a58faba37b084892d6bebb06a2ddef1f5085b8eba23cc5df0572ed4,,E:\UNSB_Expl\UNSB_HEADFIGURE_SIXDOMAIN_EXPANDED_20260824\data_views\heldoutA\RainDS-syn\RainDS-syn__061.png,RainDS-syn__061
,801995,082,RainDS-syn,18,False,False,expanded_internal_heldout,efc6e52db9729176199b9f55af2888ebd3d19a8b0e45a4df63545aec63a57905,,E:\UNSB_Expl\UNSB_HEADFIGURE_SIXDOMAIN_EXPANDED_20260824\data_views\heldoutA\RainDS-syn\RainDS-syn__082.png,RainDS-syn__082
,711623,165,RainDS-syn,19,False,False,expanded_internal_heldout,0626a5f418734abf093ce02490ae79477475d3f21b35ea243a9b85a27641c53b,,E:\UNSB_Expl\UNSB_HEADFIGURE_SIXDOMAIN_EXPANDED_20260824\data_views\heldoutA\RainDS-syn\RainDS-syn__165.png,RainDS-syn__165
,485043,063,RainDS-syn,20,False,False,expanded_internal_heldout,2f1956c134066e5f22495d786f4a17fa0d59e2259293a393dfde5e8411d119b7,,E:\UNSB_Expl\UNSB_HEADFIGURE_SIXDOMAIN_EXPANDED_20260824\data_views\heldoutA\RainDS-syn\RainDS-syn__063.png,RainDS-syn__063
,481709,087,RainDS-syn,21,False,False,expanded_internal_heldout,040ab07e4235bec16df43cb53d8e75d2b6f679648748909ce59c60b64b31bca5,,E:\UNSB_Expl\UNSB_HEADFIGURE_SIXDOMAIN_EXPANDED_20260824\data_views\heldoutA\RainDS-syn\RainDS-syn__087.png,RainDS-syn__087
,797010,108,RainDS-syn,22,False,False,expanded_internal_heldout,c531e786c3c46840866f2c4328686262b8eeefa37f74574529362e08be2ffbf6,,E:\UNSB_Expl\UNSB_HEADFIGURE_SIXDOMAIN_EXPANDED_20260824\data_views\heldoutA\RainDS-syn\RainDS-syn__108.png,RainDS-syn__108
,476772,099,RainDS-syn,23,False,False,expanded_internal_heldout,a12d46a05904e2226aca8f716ae1fa19165e74c353e08a244f56bce6c11a6d34,,E:\UNSB_Expl\UNSB_HEADFIGURE_SIXDOMAIN_EXPANDED_20260824\data_views\heldoutA\RainDS-syn\RainDS-syn__099.png,RainDS-syn__099
,490559,077,RainDS-syn,24,False,False,expanded_internal_heldout,1fec55d4b85af2094f5640fb31cab66d41d4788227a1f111808aa32b8a63b47e,,E:\UNSB_Expl\UNSB_HEADFIGURE_SIXDOMAIN_EXPANDED_20260824\data_views\heldoutA\RainDS-syn\RainDS-syn__077.png,RainDS-syn__077
,476961,059,RainDS-syn,25,False,False,expanded_internal_heldout,ffed710a4d2ca05eba1f1bd9b0f03358dcb9679ec35cfafa59aa6d14edfa3f73,,E:\UNSB_Expl\UNSB_HEADFIGURE_SIXDOMAIN_EXPANDED_20260824\data_views\heldoutA\RainDS-syn\RainDS-syn__059.png,RainDS-syn__059
,808352,192,RainDS-syn,26,False,False,expanded_internal_heldout,b4acced88fe159c524db1b6cbbfa1b5bc425189aa6d537987ee4ccebecce75eb,,E:\UNSB_Expl\UNSB_HEADFIGURE_SIXDOMAIN_EXPANDED_20260824\data_views\heldoutA\RainDS-syn\RainDS-syn__192.png,RainDS-syn__192
,448208,184,RainDS-syn,27,False,False,expanded_internal_heldout,d5cb892a123b44e028fcb82e95c9e10f9913928712e6712ddaf87c9bdb1ee99f,,E:\UNSB_Expl\UNSB_HEADFIGURE_SIXDOMAIN_EXPANDED_20260824\data_views\heldoutA\RainDS-syn\RainDS-syn__184.png,RainDS-syn__184
,454848,116,RainDS-syn,28,False,False,expanded_internal_heldout,1afb7b36fa92884f518b9a6fde70d7d8874831b3b981688648e94c7f2e021128,,E:\UNSB_Expl\UNSB_HEADFIGURE_SIXDOMAIN_EXPANDED_20260824\data_views\heldoutA\RainDS-syn\RainDS-syn__116.png,RainDS-syn__116
,490810,003,RainDS-syn,29,False,False,expanded_internal_heldout,d737cf29907f59c27ada54110569bfc9b9848e9ce21ee3d6a0915e0167a63329,,E:\UNSB_Expl\UNSB_HEADFIGURE_SIXDOMAIN_EXPANDED_20260824\data_views\heldoutA\RainDS-syn\RainDS-syn__003.png,RainDS-syn__003
,770065,191,RainDS-syn,30,False,False,expanded_internal_heldout,d62a5258b896736280395b6f7143cfbeec1ba1a1663857a09571f8c91a0cfb6d,,E:\UNSB_Expl\UNSB_HEADFIGURE_SIXDOMAIN_EXPANDED_20260824\data_views\heldoutA\RainDS-syn\RainDS-syn__191.png,RainDS-syn__191
,807979,010,RainDS-syn,31,False,False,expanded_internal_heldout,a45ff0ac98e5332f78b6fce4ce85c5a4c32809a590bbcb4667514607e73d62f0,,E:\UNSB_Expl\UNSB_HEADFIGURE_SIXDOMAIN_EXPANDED_20260824\data_views\heldoutA\RainDS-syn\RainDS-syn__010.png,RainDS-syn__010
,491885,170,RainDS-syn,32,False,False,expanded_internal_heldout,5729045cc2bff7d2f6506c013eae08039e50c6ef5fd97f20968ffe38bb451d4a,,E:\UNSB_Expl\UNSB_HEADFIGURE_SIXDOMAIN_EXPANDED_20260824\data_views\heldoutA\RainDS-syn\RainDS-syn__170.png,RainDS-syn__170
,471928,104,RainDS-syn,33,False,False,expanded_internal_heldout,50ee79f928c3c30533b429372acbd6deb1aced39fc1e2f35768d3c8f834394ef,,E:\UNSB_Expl\UNSB_HEADFIGURE_SIXDOMAIN_EXPANDED_20260824\data_views\heldoutA\RainDS-syn\RainDS-syn__104.png,RainDS-syn__104
,468958,153,RainDS-syn,34,False,False,expanded_internal_heldout,ac513b062b48b80b58c52894beef99a856f950dba5a0426c5400f34722a0e4c4,,E:\UNSB_Expl\UNSB_HEADFIGURE_SIXDOMAIN_EXPANDED_20260824\data_views\heldoutA\RainDS-syn\RainDS-syn__153.png,RainDS-syn__153
,703689,151,RainDS-syn,35,False,False,expanded_internal_heldout,c4efa28bb4eaa854548b7a207410b01f7332fa861e358867c242f732cc7956cc,,E:\UNSB_Expl\UNSB_HEADFIGURE_SIXDOMAIN_EXPANDED_20260824\data_views\heldoutA\RainDS-syn\RainDS-syn__151.png,RainDS-syn__151
,427089,001,RainDS-syn,36,False,False,expanded_internal_heldout,29bd36ba890bdd9538b9a0aea5c3d6e025116c289fccccd79b2c66d55dab955d,,E:\UNSB_Expl\UNSB_HEADFIGURE_SIXDOMAIN_EXPANDED_20260824\data_views\heldoutA\RainDS-syn\RainDS-syn__001.png,RainDS-syn__001
,711282,020,RainDS-syn,37,False,False,expanded_internal_heldout,900070af4dfa72ab8ceb652d74248ab62cabc306ac1b2c0e33025bb7f0ed4bbc,,E:\UNSB_Expl\UNSB_HEADFIGURE_SIXDOMAIN_EXPANDED_20260824\data_views\heldoutA\RainDS-syn\RainDS-syn__020.png,RainDS-syn__020
,480414,027,RainDS-syn,38,False,False,expanded_internal_heldout,e6d31b8caf848bd668e71e375b3143973771ecbb8a885753ac14b589708e4a36,,E:\UNSB_Expl\UNSB_HEADFIGURE_SIXDOMAIN_EXPANDED_20260824\data_views\heldoutA\RainDS-syn\RainDS-syn__027.png,RainDS-syn__027
,444797,137,RainDS-syn,39,False,False,expanded_internal_heldout,ff5ce5adf7f5a67819b3f49b93193ef5d7c5caa3d45b8f32650942b8f9d654c5,,E:\UNSB_Expl\UNSB_HEADFIGURE_SIXDOMAIN_EXPANDED_20260824\data_views\heldoutA\RainDS-syn\RainDS-syn__137.png,RainDS-syn__137
,490458,156,RainDS-syn,40,False,False,expanded_internal_heldout,653ddf25911507badc3a47085b5c97dc92c0e682850b9094b48e8593284fad73,,E:\UNSB_Expl\UNSB_HEADFIGURE_SIXDOMAIN_EXPANDED_20260824\data_views\heldoutA\RainDS-syn\RainDS-syn__156.png,RainDS-syn__156
,500295,050,RainDS-syn,41,False,False,expanded_internal_heldout,1bacf99aa7ee44c2aa0e250a1fc7153b98e77afbe88cb2121df4fd5d0641ddb5,,E:\UNSB_Expl\UNSB_HEADFIGURE_SIXDOMAIN_EXPANDED_20260824\data_views\heldoutA\RainDS-syn\RainDS-syn__050.png,RainDS-syn__050
,791113,146,RainDS-syn,42,False,False,expanded_internal_heldout,57ce458e8935a1013bd64a0ae32a9f28d87acfda56fb9dc6a123306ac469ea58,,E:\UNSB_Expl\UNSB_HEADFIGURE_SIXDOMAIN_EXPANDED_20260824\data_views\heldoutA\RainDS-syn\RainDS-syn__146.png,RainDS-syn__146
,452891,091,RainDS-syn,43,False,False,expanded_internal_heldout,c34704c860429456d705e37b41310512f7b665936632e43fe9bca65937436a22,,E:\UNSB_Expl\UNSB_HEADFIGURE_SIXDOMAIN_EXPANDED_20260824\data_views\heldoutA\RainDS-syn\RainDS-syn__091.png,RainDS-syn__091
,706171,093,RainDS-syn,44,False,False,expanded_internal_heldout,42a38e79c0a133921cd1c91b7ffcbb850816a784ba1ff342a0b4266095cdfd6f,,E:\UNSB_Expl\UNSB_HEADFIGURE_SIXDOMAIN_EXPANDED_20260824\data_views\heldoutA\RainDS-syn\RainDS-syn__093.png,RainDS-syn__093
,489144,065,RainDS-syn,45,False,False,expanded_internal_heldout,767d2f706511c7a7effe9da95aef8019013024854b13b982d13e0a93fd502868,,E:\UNSB_Expl\UNSB_HEADFIGURE_SIXDOMAIN_EXPANDED_20260824\data_views\heldoutA\RainDS-syn\RainDS-syn__065.png,RainDS-syn__065
,480641,032,RainDS-syn,46,False,False,expanded_internal_heldout,e42fa4c51620d3f4aadfdcf1c804ff2c934009620ea24cbdb39d5fe65c35e2cc,,E:\UNSB_Expl\UNSB_HEADFIGURE_SIXDOMAIN_EXPANDED_20260824\data_views\heldoutA\RainDS-syn\RainDS-syn__032.png,RainDS-syn__032
,778096,025,RainDS-syn,47,False,False,expanded_internal_heldout,e9da1676624ffc312a20cbda01c17acf54f065932d282c23f8ccc6066d566ac4,,E:\UNSB_Expl\UNSB_HEADFIGURE_SIXDOMAIN_EXPANDED_20260824\data_views\heldoutA\RainDS-syn\RainDS-syn__025.png,RainDS-syn__025
,739268,062,RainDS-syn,48,False,False,expanded_internal_heldout,108a17b9eb984051f429b59dd70ff5d83979ef46810de0dbea3ccafa363eb785,,E:\UNSB_Expl\UNSB_HEADFIGURE_SIXDOMAIN_EXPANDED_20260824\data_views\heldoutA\RainDS-syn\RainDS-syn__062.png,RainDS-syn__062
,770627,188,RainDS-syn,49,False,False,expanded_internal_heldout,cd7fa1a2eda9385f3f6bb603f160bb84b412378cfc3d8787325a2522cc18b22b,,E:\UNSB_Expl\UNSB_HEADFIGURE_SIXDOMAIN_EXPANDED_20260824\data_views\heldoutA\RainDS-syn\RainDS-syn__188.png,RainDS-syn__188
,468423,101,RainDS-syn,50,False,False,expanded_internal_heldout,4fbf979321228aa1224908b84e714ef38df0828c0fbd761b2661a017597b8b06,,E:\UNSB_Expl\UNSB_HEADFIGURE_SIXDOMAIN_EXPANDED_20260824\data_views\heldoutA\RainDS-syn\RainDS-syn__101.png,RainDS-syn__101
,472522,053,RainDS-syn,51,False,False,expanded_internal_heldout,fc9fd868e2a8a7d75cf923b601f3b561b2dd2618b8d68883260ed7ac5528b172,,E:\UNSB_Expl\UNSB_HEADFIGURE_SIXDOMAIN_EXPANDED_20260824\data_views\heldoutA\RainDS-syn\RainDS-syn__053.png,RainDS-syn__053
,490530,136,RainDS-syn,52,False,False,expanded_internal_heldout,7a705527c0af2295207cf3a2efafb83f389f62b806f42317d9091b4be4c8a2c5,,E:\UNSB_Expl\UNSB_HEADFIGURE_SIXDOMAIN_EXPANDED_20260824\data_views\heldoutA\RainDS-syn\RainDS-syn__136.png,RainDS-syn__136
,768147,058,RainDS-syn,53,False,False,expanded_internal_heldout,91e45e325e82c4865c4dd2f36c7920fe08de48dbe60ea76968349a9bd6261efe,,E:\UNSB_Expl\UNSB_HEADFIGURE_SIXDOMAIN_EXPANDED_20260824\data_views\heldoutA\RainDS-syn\RainDS-syn__058.png,RainDS-syn__058
,753250,194,RainDS-syn,54,False,False,expanded_internal_heldout,4cc016994479fdbfd4062f20f37172d3b92bc2fef9dafcafdbcd16aa275df5b8,,E:\UNSB_Expl\UNSB_HEADFIGURE_SIXDOMAIN_EXPANDED_20260824\data_views\heldoutA\RainDS-syn\RainDS-syn__194.png,RainDS-syn__194
,474373,200,RainDS-syn,55,False,False,expanded_internal_heldout,04cc337121c8051ca2984caafa2b116465f7509a1181123c5b17763b943be80b,,E:\UNSB_Expl\UNSB_HEADFIGURE_SIXDOMAIN_EXPANDED_20260824\data_views\heldoutA\RainDS-syn\RainDS-syn__200.png,RainDS-syn__200
,769537,015,RainDS-syn,56,False,False,expanded_internal_heldout,2ed684b8298c8f14ed89bdcba14814dafc6d8a1124e9c9b0f0c97ee87eac660c,,E:\UNSB_Expl\UNSB_HEADFIGURE_SIXDOMAIN_EXPANDED_20260824\data_views\heldoutA\RainDS-syn\RainDS-syn__015.png,RainDS-syn__015
,442062,019,RainDS-syn,57,False,False,expanded_internal_heldout,e795f56989688f5ed71f16b3ce49f5916e6068be33818d065ecb8c2200fc553b,,E:\UNSB_Expl\UNSB_HEADFIGURE_SIXDOMAIN_EXPANDED_20260824\data_views\heldoutA\RainDS-syn\RainDS-syn__019.png,RainDS-syn__019
,744612,135,RainDS-syn,58,False,False,expanded_internal_heldout,cf6b2bef504819313146aadf3d2fa36b6e08e1b34c0299c36bc1e338d269e77b,,E:\UNSB_Expl\UNSB_HEADFIGURE_SIXDOMAIN_EXPANDED_20260824\data_views\heldoutA\RainDS-syn\RainDS-syn__135.png,RainDS-syn__135
,490284,164,RainDS-syn,59,False,False,expanded_internal_heldout,95777b6874bdd7df14457ac463c7f8751a0d2eaa3bf6cf43a3152b3069772f71,,E:\UNSB_Expl\UNSB_HEADFIGURE_SIXDOMAIN_EXPANDED_20260824\data_views\heldoutA\RainDS-syn\RainDS-syn__164.png,RainDS-syn__164
,810397,081,RainDS-syn,60,False,False,expanded_internal_heldout,a8b594edbde5774addefbb5a3cbb644740bcca0c09da8748676e8c4f29e11ab3,,E:\UNSB_Expl\UNSB_HEADFIGURE_SIXDOMAIN_EXPANDED_20260824\data_views\heldoutA\RainDS-syn\RainDS-syn__081.png,RainDS-syn__081
,773991,141,RainDS-syn,61,False,False,expanded_internal_heldout,87720573799af0ecf5ad357f6793e34d8129e3be6b8d1bbee6ecae6bc3514304,,E:\UNSB_Expl\UNSB_HEADFIGURE_SIXDOMAIN_EXPANDED_20260824\data_views\heldoutA\RainDS-syn\RainDS-syn__141.png,RainDS-syn__141
,816226,067,RainDS-syn,62,False,False,expanded_internal_heldout,07fcbf484e61226b5e8c85543400cb6ebc1caa027aa5e226c647c46bde1b7e49,,E:\UNSB_Expl\UNSB_HEADFIGURE_SIXDOMAIN_EXPANDED_20260824\data_views\heldoutA\RainDS-syn\RainDS-syn__067.png,RainDS-syn__067
,466150,171,RainDS-syn,63,False,False,expanded_internal_heldout,93b581243a1058131d958debe18d0d5d8f01e5e94f8b3029922c1e09df974b3a,,E:\UNSB_Expl\UNSB_HEADFIGURE_SIXDOMAIN_EXPANDED_20260824\data_views\heldoutA\RainDS-syn\RainDS-syn__171.png,RainDS-syn__171
,744775,096,RainDS-syn,64,False,False,expanded_internal_heldout,6299213b6f663f969c096a760eca1971f0b8059bca92c75478c606cbd6fc1b37,,E:\UNSB_Expl\UNSB_HEADFIGURE_SIXDOMAIN_EXPANDED_20260824\data_views\heldoutA\RainDS-syn\RainDS-syn__096.png,RainDS-syn__096
,480579,122,RainDS-syn,65,False,False,expanded_internal_heldout,1787f10bc2c7dbf316c00d3323fb4c69f390df9ee2b269496f9be20c66e6a6dd,,E:\UNSB_Expl\UNSB_HEADFIGURE_SIXDOMAIN_EXPANDED_20260824\data_views\heldoutA\RainDS-syn\RainDS-syn__122.png,RainDS-syn__122
,821513,139,RainDS-syn,66,False,False,expanded_internal_heldout,e5bbede9d13613dd4a72ab19dfac1823a9124f30f7fa3d7e6f7dcd2cea466ef1,,E:\UNSB_Expl\UNSB_HEADFIGURE_SIXDOMAIN_EXPANDED_20260824\data_views\heldoutA\RainDS-syn\RainDS-syn__139.png,RainDS-syn__139
,774248,042,RainDS-syn,67,False,False,expanded_internal_heldout,bbcd1e6d7bf8d0b96b7327f3cc7d13eb12fe6e1714ef0ce2056131765777070b,,E:\UNSB_Expl\UNSB_HEADFIGURE_SIXDOMAIN_EXPANDED_20260824\data_views\heldoutA\RainDS-syn\RainDS-syn__042.png,RainDS-syn__042
,678095,193,RainDS-syn,68,False,False,expanded_internal_heldout,e53e6cadeb7b56197149114a713aa183ef009d43e9f8d248009af58a983f39a6,,E:\UNSB_Expl\UNSB_HEADFIGURE_SIXDOMAIN_EXPANDED_20260824\data_views\heldoutA\RainDS-syn\RainDS-syn__193.png,RainDS-syn__193
,462458,039,RainDS-syn,69,False,False,expanded_internal_heldout,4adbdf767aee99f976599ed5847a89a26e04e345adafdfb43c258f66d279a9e2,,E:\UNSB_Expl\UNSB_HEADFIGURE_SIXDOMAIN_EXPANDED_20260824\data_views\heldoutA\RainDS-syn\RainDS-syn__039.png,RainDS-syn__039
,842156,080,RainDS-syn,70,False,False,expanded_internal_heldout,4cf0a6c5041a60ac54e8c8cbbdae1245be60e805416f7a00b78f4f5029d0785e,,E:\UNSB_Expl\UNSB_HEADFIGURE_SIXDOMAIN_EXPANDED_20260824\data_views\heldoutA\RainDS-syn\RainDS-syn__080.png,RainDS-syn__080
,512669,131,RainDS-syn,71,False,False,expanded_internal_heldout,e3fc71c2495d18a2bbe07bf04561640c49116fc589e80dfccf47fc6f48c9ddf1,,E:\UNSB_Expl\UNSB_HEADFIGURE_SIXDOMAIN_EXPANDED_20260824\data_views\heldoutA\RainDS-syn\RainDS-syn__131.png,RainDS-syn__131
,433099,134,RainDS-syn,72,False,False,expanded_internal_heldout,84e87ebed14b2a772aff162cded71cc6d243ee063d23dd0eba7b606382bf1cc3,,E:\UNSB_Expl\UNSB_HEADFIGURE_SIXDOMAIN_EXPANDED_20260824\data_views\heldoutA\RainDS-syn\RainDS-syn__134.png,RainDS-syn__134
,748659,199,RainDS-syn,73,False,False,expanded_internal_heldout,c55d9439075ba4305f61396af4556aed785792e9acb4778aef28f8cfa065f07a,,E:\UNSB_Expl\UNSB_HEADFIGURE_SIXDOMAIN_EXPANDED_20260824\data_views\heldoutA\RainDS-syn\RainDS-syn__199.png,RainDS-syn__199
,769954,035,RainDS-syn,74,False,False,expanded_internal_heldout,897819cea7189a4de4b51381d3ab3cdba3bd9472b3abba2af74741b5bff1b46d,,E:\UNSB_Expl\UNSB_HEADFIGURE_SIXDOMAIN_EXPANDED_20260824\data_views\heldoutA\RainDS-syn\RainDS-syn__035.png,RainDS-syn__035
,506223,037,RainDS-syn,75,False,False,expanded_internal_heldout,2691955ede88283d4e27e291f929ddf7b3bd167280deb830f22f3532418cc8a9,,E:\UNSB_Expl\UNSB_HEADFIGURE_SIXDOMAIN_EXPANDED_20260824\data_views\heldoutA\RainDS-syn\RainDS-syn__037.png,RainDS-syn__037
,787872,018,RainDS-syn,76,False,False,expanded_internal_heldout,a7075a5b03394bb2240c5b676ae016713a9cdb8d4e93f1f48f1976258bce8aa4,,E:\UNSB_Expl\UNSB_HEADFIGURE_SIXDOMAIN_EXPANDED_20260824\data_views\heldoutA\RainDS-syn\RainDS-syn__018.png,RainDS-syn__018
,702312,106,RainDS-syn,77,False,False,expanded_internal_heldout,59eebd24d49015365fba5a14af3b39ac859913926a1616102dae21c7bacd3a66,,E:\UNSB_Expl\UNSB_HEADFIGURE_SIXDOMAIN_EXPANDED_20260824\data_views\heldoutA\RainDS-syn\RainDS-syn__106.png,RainDS-syn__106
,799715,075,RainDS-syn,78,False,False,expanded_internal_heldout,1490c885eb2f19245f9bdd22d345bfd36d6f5e3af4a74516ce9e78202a5b7b6b,,E:\UNSB_Expl\UNSB_HEADFIGURE_SIXDOMAIN_EXPANDED_20260824\data_views\heldoutA\RainDS-syn\RainDS-syn__075.png,RainDS-syn__075
,488665,105,RainDS-syn,79,False,False,expanded_internal_heldout,a910677cc394bd43f232e3826c25df0ceb3362f93354dcbb6a120ea754d56fcd,,E:\UNSB_Expl\UNSB_HEADFIGURE_SIXDOMAIN_EXPANDED_20260824\data_views\heldoutA\RainDS-syn\RainDS-syn__105.png,RainDS-syn__105
E:\UNSB_Expl\UNSB_HEADFIGURE_SIXDOMAIN_EXPANDED_20260824\data_views\aio\trainA\RSCityscapes__0464.png,246567,,RSCityscapes,0,,,trainA,2b2707d8798c329bed1afd3d57c573f2c9e641b640bb660cc5abcfba6acce464,E:\UNSB_Expl\UNSB_HEADFIGURE_SIXDOMAIN_EXPANDED_20260824\data_views\single\RSCityscapes\trainA\RSCityscapes__0464.png,E:\UNSB_abl\full_dataset\RSCityscapes\input\0464.png,0464
E:\UNSB_Expl\UNSB_HEADFIGURE_SIXDOMAIN_EXPANDED_20260824\data_views\aio\trainA\RSCityscapes__0960.png,272091,,RSCityscapes,1,,,trainA,245d2f56a1609dd5fc4e9585b22a1610b225d6e583c5587461b30b6396aeaec8,E:\UNSB_Expl\UNSB_HEADFIGURE_SIXDOMAIN_EXPANDED_20260824\data_views\single\RSCityscapes\trainA\RSCityscapes__0960.png,E:\UNSB_abl\full_dataset\RSCityscapes\input\0960.png,0960
E:\UNSB_Expl\UNSB_HEADFIGURE_SIXDOMAIN_EXPANDED_20260824\data_views\aio\trainA\RSCityscapes__0487.png,239415,,RSCityscapes,2,,,trainA,28c9db8a4ae5fbac3ccc7b0dacaecf83ca6e85540e26976e0d72f57c554c4447,E:\UNSB_Expl\UNSB_HEADFIGURE_SIXDOMAIN_EXPANDED_20260824\data_views\single\RSCityscapes\trainA\RSCityscapes__0487.png,E:\UNSB_abl\full_dataset\RSCityscapes\input\0487.png,0487
E:\UNSB_Expl\UNSB_HEADFIGURE_SIXDOMAIN_EXPANDED_20260824\data_views\aio\trainA\RSCityscapes__0462.png,246708,,RSCityscapes,3,,,trainA,c81affff8fd491ba89d0769315aff114943d343375f34b5b30f266c573c8b84b,E:\UNSB_Expl\UNSB_HEADFIGURE_SIXDOMAIN_EXPANDED_20260824\data_views\single\RSCityscapes\trainA\RSCityscapes__0462.png,E:\UNSB_abl\full_dataset\RSCityscapes\input\0462.png,0462
E:\UNSB_Expl\UNSB_HEADFIGURE_SIXDOMAIN_EXPANDED_20260824\data_views\aio\trainA\RSCityscapes__1170.png,242226,,RSCityscapes,4,,,trainA,3751bb401b4fc7de6915e909bd7b79d247381022d36da0404612b5cf3af1ea9d,E:\UNSB_Expl\UNSB_HEADFIGURE_SIXDOMAIN_EXPANDED_20260824\data_views\single\RSCityscapes\trainA\RSCityscapes__1170.png,E:\UNSB_abl\full_dataset\RSCityscapes\input\1170.png,1170
E:\UNSB_Expl\UNSB_HEADFIGURE_SIXDOMAIN_EXPANDED_20260824\data_views\aio\trainA\RSCityscapes__0507.png,267729,,RSCityscapes,5,,,trainA,652ca860bfd444108dce704fc1bd9375221476d43473d1fe1d621cda38373b4a,E:\UNSB_Expl\UNSB_HEADFIGURE_SIXDOMAIN_EXPANDED_20260824\data_views\single\RSCityscapes\trainA\RSCityscapes__0507.png,E:\UNSB_abl\full_dataset\RSCityscapes\input\0507.png,0507
E:\UNSB_Expl\UNSB_HEADFIGURE_SIXDOMAIN_EXPANDED_20260824\data_views\aio\trainA\RSCityscapes__0866.png,262520,,RSCityscapes,6,,,trainA,38ee356c81eed750cf29abfae72c84b7538f2d72497418930f1839706d18ed19,E:\UNSB_Expl\UNSB_HEADFIGURE_SIXDOMAIN_EXPANDED_20260824\data_views\single\RSCityscapes\trainA\RSCityscapes__0866.png,E:\UNSB_abl\full_dataset\RSCityscapes\input\0866.png,0866
E:\UNSB_Expl\UNSB_HEADFIGURE_SIXDOMAIN_EXPANDED_20260824\data_views\aio\trainA\RSCityscapes__0261.png,240388,,RSCityscapes,7,,,trainA,ed8cb39d1e65bca8269c615a5c60f03c5c831cfc7de8102f738003f1adb8bd1a,E:\UNSB_Expl\UNSB_HEADFIGURE_SIXDOMAIN_EXPANDED_20260824\data_views\single\RSCityscapes\trainA\RSCityscapes__0261.png,E:\UNSB_abl\full_dataset\RSCityscapes\input\0261.png,0261
E:\UNSB_Expl\UNSB_HEADFIGURE_SIXDOMAIN_EXPANDED_20260824\data_views\aio\trainA\RSCityscapes__0315.png,233131,,RSCityscapes,8,,,trainA,adbc4c7eafa52c77952a41e802f924eaf4a811cd9b4617a6bb90626d2c0565df,E:\UNSB_Expl\UNSB_HEADFIGURE_SIXDOMAIN_EXPANDED_20260824\data_views\single\RSCityscapes\trainA\RSCityscapes__0315.png,E:\UNSB_abl\full_dataset\RSCityscapes\input\0315.png,0315
E:\UNSB_Expl\UNSB_HEADFIGURE_SIXDOMAIN_EXPANDED_20260824\data_views\aio\trainA\RSCityscapes__1022.png,253732,,RSCityscapes,9,,,trainA,96a4596488062b310ce8ac75fc79c3a41059ef6cc4551b236a5f6c43c04baad4,E:\UNSB_Expl\UNSB_HEADFIGURE_SIXDOMAIN_EXPANDED_20260824\data_views\single\RSCityscapes\trainA\RSCityscapes__1022.png,E:\UNSB_abl\full_dataset\RSCityscapes\input\1022.png,1022
E:\UNSB_Expl\UNSB_HEADFIGURE_SIXDOMAIN_EXPANDED_20260824\data_views\aio\trainA\RSCityscapes__0463.png,262829,,RSCityscapes,10,,,trainA,8393c24432d9aea5bba96c72ba3d20480b9bff9af0898f0f726f70f2e33d9f1f,E:\UNSB_Expl\UNSB_HEADFIGURE_SIXDOMAIN_EXPANDED_20260824\data_views\single\RSCityscapes\trainA\RSCityscapes__0463.png,E:\UNSB_abl\full_dataset\RSCityscapes\input\0463.png,0463
E:\UNSB_Expl\UNSB_HEADFIGURE_SIXDOMAIN_EXPANDED_20260824\data_views\aio\trainA\RSCityscapes__0268.png,215506,,RSCityscapes,11,,,trainA,588d15a3f27c8263d57b2511632f73806a0905095479b69537b44dadf095c04b,E:\UNSB_Expl\UNSB_HEADFIGURE_SIXDOMAIN_EXPANDED_20260824\data_views\single\RSCityscapes\trainA\RSCityscapes__0268.png,E:\UNSB_abl\full_dataset\RSCityscapes\input\0268.png,0268
E:\UNSB_Expl\UNSB_HEADFIGURE_SIXDOMAIN_EXPANDED_20260824\data_views\aio\trainA\RSCityscapes__0208.png,268647,,RSCityscapes,12,,,trainA,e5ca0393e4eb68f087fa19f31998508038ac0d7da8453c6f5977ddfe31a17e85,E:\UNSB_Expl\UNSB_HEADFIGURE_SIXDOMAIN_EXPANDED_20260824\data_views\single\RSCityscapes\trainA\RSCityscapes__0208.png,E:\UNSB_abl\full_dataset\RSCityscapes\input\0208.png,0208
E:\UNSB_Expl\UNSB_HEADFIGURE_SIXDOMAIN_EXPANDED_20260824\data_views\aio\trainA\RSCityscapes__0210.png,282435,,RSCityscapes,13,,,trainA,2f9c6ef5382e7a4ded73be2d3df6aa4f62c38edb9c4b66b152c0620a55db81a7,E:\UNSB_Expl\UNSB_HEADFIGURE_SIXDOMAIN_EXPANDED_20260824\data_views\single\RSCityscapes\trainA\RSCityscapes__0210.png,E:\UNSB_abl\full_dataset\RSCityscapes\input\0210.png,0210
E:\UNSB_Expl\UNSB_HEADFIGURE_SIXDOMAIN_EXPANDED_20260824\data_views\aio\trainA\RSCityscapes__0302.png,259271,,RSCityscapes,14,,,trainA,0d21a7edfc6c6ae673e601201bf6885df88da1f43cfbcf29819ff4df1483636d,E:\UNSB_Expl\UNSB_HEADFIGURE_SIXDOMAIN_EXPANDED_20260824\data_views\single\RSCityscapes\trainA\RSCityscapes__0302.png,E:\UNSB_abl\full_dataset\RSCityscapes\input\0302.png,0302
E:\UNSB_Expl\UNSB_HEADFIGURE_SIXDOMAIN_EXPANDED_20260824\data_views\aio\trainA\RSCityscapes__1062.png,255424,,RSCityscapes,15,,,trainA,36e6aa968301f33672d2158df0b850b8895c5a03c254990e7aa20c0fd0914f28,E:\UNSB_Expl\UNSB_HEADFIGURE_SIXDOMAIN_EXPANDED_20260824\data_views\single\RSCityscapes\trainA\RSCityscapes__1062.png,E:\UNSB_abl\full_dataset\RSCityscapes\input\1062.png,1062
E:\UNSB_Expl\UNSB_HEADFIGURE_SIXDOMAIN_EXPANDED_20260824\data_views\aio\trainA\RSCityscapes__0229.png,293206,,RSCityscapes,16,,,trainA,6325ba5537edad0e6a6a49c532fbe7b3c5590c5ccb9ba3571d595c330e639326,E:\UNSB_Expl\UNSB_HEADFIGURE_SIXDOMAIN_EXPANDED_20260824\data_views\single\RSCityscapes\trainA\RSCityscapes__0229.png,E:\UNSB_abl\full_dataset\RSCityscapes\input\0229.png,0229
E:\UNSB_Expl\UNSB_HEADFIGURE_SIXDOMAIN_EXPANDED_20260824\data_views\aio\trainA\RSCityscapes__0702.png,249234,,RSCityscapes,17,,,trainA,de1dc1f7236a2586b6f112d42082585a9a32ecb74408d35b94416325b217f246,E:\UNSB_Expl\UNSB_HEADFIGURE_SIXDOMAIN_EXPANDED_20260824\data_views\single\RSCityscapes\trainA\RSCityscapes__0702.png,E:\UNSB_abl\full_dataset\RSCityscapes\input\0702.png,0702
E:\UNSB_Expl\UNSB_HEADFIGURE_SIXDOMAIN_EXPANDED_20260824\data_views\aio\trainA\RSCityscapes__0221.png,290628,,RSCityscapes,18,,,trainA,af972b2013623542f3910b5f3c6e6510d36bddad5064296d7b1730c504eac8d1,E:\UNSB_Expl\UNSB_HEADFIGURE_SIXDOMAIN_EXPANDED_20260824\data_views\single\RSCityscapes\trainA\RSCityscapes__0221.png,E:\UNSB_abl\full_dataset\RSCityscapes\input\0221.png,0221
E:\UNSB_Expl\UNSB_HEADFIGURE_SIXDOMAIN_EXPANDED_20260824\data_views\aio\trainA\RSCityscapes__0906.png,267852,,RSCityscapes,19,,,trainA,3b7b8d95c0cfbb2460c0310d19179a6a20e3b07fbd3cc04ce081717546d2646f,E:\UNSB_Expl\UNSB_HEADFIGURE_SIXDOMAIN_EXPANDED_20260824\data_views\single\RSCityscapes\trainA\RSCityscapes__0906.png,E:\UNSB_abl\full_dataset\RSCityscapes\input\0906.png,0906
E:\UNSB_Expl\UNSB_HEADFIGURE_SIXDOMAIN_EXPANDED_20260824\data_views\aio\trainA\RSCityscapes__1027.png,238604,,RSCityscapes,20,,,trainA,73003ef77220a97315613682e7f73f1950a9b23ac8214e0a3401b230f6eced5f,E:\UNSB_Expl\UNSB_HEADFIGURE_SIXDOMAIN_EXPANDED_20260824\data_views\single\RSCityscapes\trainA\RSCityscapes__1027.png,E:\UNSB_abl\full_dataset\RSCityscapes\input\1027.png,1027
E:\UNSB_Expl\UNSB_HEADFIGURE_SIXDOMAIN_EXPANDED_20260824\data_views\aio\trainA\RSCityscapes__0127.png,271073,,RSCityscapes,21,,,trainA,60bd81e0075d543cd61e08b0c35e223782dd299efd00c2898099eff079827926,E:\UNSB_Expl\UNSB_HEADFIGURE_SIXDOMAIN_EXPANDED_20260824\data_views\single\RSCityscapes\trainA\RSCityscapes__0127.png,E:\UNSB_abl\full_dataset\RSCityscapes\input\0127.png,0127
E:\UNSB_Expl\UNSB_HEADFIGURE_SIXDOMAIN_EXPANDED_20260824\data_views\aio\trainA\RSCityscapes__0566.png,239617,,RSCityscapes,22,,,trainA,ed313a106f64171b53f63a1eb61da2304f57a2ad79310017ea3b8334f7590e1c,E:\UNSB_Expl\UNSB_HEADFIGURE_SIXDOMAIN_EXPANDED_20260824\data_views\single\RSCityscapes\trainA\RSCityscapes__0566.png,E:\UNSB_abl\full_dataset\RSCityscapes\input\0566.png,0566
E:\UNSB_Expl\UNSB_HEADFIGURE_SIXDOMAIN_EXPANDED_20260824\data_views\aio\trainA\RSCityscapes__0524.png,238696,,RSCityscapes,23,,,trainA,7e8f0dfd2411238c96c755ea61231bc77ef96f8fdf129a1a08dfb93e9c40496e,E:\UNSB_Expl\UNSB_HEADFIGURE_SIXDOMAIN_EXPANDED_20260824\data_views\single\RSCityscapes\trainA\RSCityscapes__0524.png,E:\UNSB_abl\full_dataset\RSCityscapes\input\0524.png,0524
E:\UNSB_Expl\UNSB_HEADFIGURE_SIXDOMAIN_EXPANDED_20260824\data_views\aio\trainA\RSCityscapes__0185.png,274221,,RSCityscapes,24,,,trainA,62683ef243a0b4edab6b4b2a5229af1a1a30b84c317182fa8c77a1496121d2cb,E:\UNSB_Expl\UNSB_HEADFIGURE_SIXDOMAIN_EXPANDED_20260824\data_views\single\RSCityscapes\trainA\RSCityscapes__0185.png,E:\UNSB_abl\full_dataset\RSCityscapes\input\0185.png,0185
E:\UNSB_Expl\UNSB_HEADFIGURE_SIXDOMAIN_EXPANDED_20260824\data_views\aio\trainA\RSCityscapes__0744.png,293241,,RSCityscapes,25,,,trainA,d2edb226c5fa335fac80d915f0f3dc671849839d2710e6f2b044cf590130e089,E:\UNSB_Expl\UNSB_HEADFIGURE_SIXDOMAIN_EXPANDED_20260824\data_views\single\RSCityscapes\trainA\RSCityscapes__0744.png,E:\UNSB_abl\full_dataset\RSCityscapes\input\0744.png,0744
E:\UNSB_Expl\UNSB_HEADFIGURE_SIXDOMAIN_EXPANDED_20260824\data_views\aio\trainA\RSCityscapes__0957.png,241811,,RSCityscapes,26,,,trainA,2b91c047d77dc0edcb16575aa8f17b71b99d4c34177254428181f34082424829,E:\UNSB_Expl\UNSB_HEADFIGURE_SIXDOMAIN_EXPANDED_20260824\data_views\single\RSCityscapes\trainA\RSCityscapes__0957.png,E:\UNSB_abl\full_dataset\RSCityscapes\input\0957.png,0957
E:\UNSB_Expl\UNSB_HEADFIGURE_SIXDOMAIN_EXPANDED_20260824\data_views\aio\trainA\RSCityscapes__0975.png,268534,,RSCityscapes,27,,,trainA,6a10f0c8a57f96f01bd03c42e3be6fd2c67601a9739da8994fc9527a8b320e14,E:\UNSB_Expl\UNSB_HEADFIGURE_SIXDOMAIN_EXPANDED_20260824\data_views\single\RSCityscapes\trainA\RSCityscapes__0975.png,E:\UNSB_abl\full_dataset\RSCityscapes\input\0975.png,0975
E:\UNSB_Expl\UNSB_HEADFIGURE_SIXDOMAIN_EXPANDED_20260824\data_views\aio\trainA\RSCityscapes__0373.png,269918,,RSCityscapes,28,,,trainA,c28cfd3b1a9ee8e7445ec254121314ebe1223c16a77265e88644a2511a9e0d61,E:\UNSB_Expl\UNSB_HEADFIGURE_SIXDOMAIN_EXPANDED_20260824\data_views\single\RSCityscapes\trainA\RSCityscapes__0373.png,E:\UNSB_abl\full_dataset\RSCityscapes\input\0373.png,0373
E:\UNSB_Expl\UNSB_HEADFIGURE_SIXDOMAIN_EXPANDED_20260824\data_views\aio\trainA\RSCityscapes__0780.png,260672,,RSCityscapes,29,,,trainA,73322ff809a983de21fa55e33dc71e2cec3a879792e1fe80bf0318670bceb604,E:\UNSB_Expl\UNSB_HEADFIGURE_SIXDOMAIN_EXPANDED_20260824\data_views\single\RSCityscapes\trainA\RSCityscapes__0780.png,E:\UNSB_abl\full_dataset\RSCityscapes\input\0780.png,0780
E:\UNSB_Expl\UNSB_HEADFIGURE_SIXDOMAIN_EXPANDED_20260824\data_views\aio\trainA\RSCityscapes__0111.png,254455,,RSCityscapes,30,,,trainA,6098c41eea713c6f23dd48f558fddd24068b9b2bf2331ece97bc9575ee75339e,E:\UNSB_Expl\UNSB_HEADFIGURE_SIXDOMAIN_EXPANDED_20260824\data_views\single\RSCityscapes\trainA\RSCityscapes__0111.png,E:\UNSB_abl\full_dataset\RSCityscapes\input\0111.png,0111
E:\UNSB_Expl\UNSB_HEADFIGURE_SIXDOMAIN_EXPANDED_20260824\data_views\aio\trainA\RSCityscapes__0501.png,235911,,RSCityscapes,31,,,trainA,40516c206d0c2e04be64546ea1d129c5b91067578f3ac72a5d5dc8af011c80da,E:\UNSB_Expl\UNSB_HEADFIGURE_SIXDOMAIN_EXPANDED_20260824\data_views\single\RSCityscapes\trainA\RSCityscapes__0501.png,E:\UNSB_abl\full_dataset\RSCityscapes\input\0501.png,0501
E:\UNSB_Expl\UNSB_HEADFIGURE_SIXDOMAIN_EXPANDED_20260824\data_views\aio\trainA\RSCityscapes__0856.png,235115,,RSCityscapes,32,,,trainA,1ab13723c9c357ed7c47a9ac2e97d157a03b142c4a8a445e26f0843a8aa706f4,E:\UNSB_Expl\UNSB_HEADFIGURE_SIXDOMAIN_EXPANDED_20260824\data_views\single\RSCityscapes\trainA\RSCityscapes__0856.png,E:\UNSB_abl\full_dataset\RSCityscapes\input\0856.png,0856
E:\UNSB_Expl\UNSB_HEADFIGURE_SIXDOMAIN_EXPANDED_20260824\data_views\aio\trainA\RSCityscapes__0609.png,243743,,RSCityscapes,33,,,trainA,db27dc9d9fad2ea39ec2141f638dcde6822b2a925fe99cd5d7499afbefd31ac0,E:\UNSB_Expl\UNSB_HEADFIGURE_SIXDOMAIN_EXPANDED_20260824\data_views\single\RSCityscapes\trainA\RSCityscapes__0609.png,E:\UNSB_abl\full_dataset\RSCityscapes\input\0609.png,0609
E:\UNSB_Expl\UNSB_HEADFIGURE_SIXDOMAIN_EXPANDED_20260824\data_views\aio\trainA\RSCityscapes__1104.png,244951,,RSCityscapes,34,,,trainA,3e1a98f3ff2be39bbf073c2bfff63a38b954ef4211fb5c1f24fa5ba2d9f11518,E:\UNSB_Expl\UNSB_HEADFIGURE_SIXDOMAIN_EXPANDED_20260824\data_views\single\RSCityscapes\trainA\RSCityscapes__1104.png,E:\UNSB_abl\full_dataset\RSCityscapes\input\1104.png,1104
E:\UNSB_Expl\UNSB_HEADFIGURE_SIXDOMAIN_EXPANDED_20260824\data_views\aio\trainA\RSCityscapes__0319.png,218345,,RSCityscapes,35,,,trainA,d84f134ae396f9bd20525caf6c72537ad5fd0db5e98f66a942670be6c12bed93,E:\UNSB_Expl\UNSB_HEADFIGURE_SIXDOMAIN_EXPANDED_20260824\data_views\single\RSCityscapes\trainA\RSCityscapes__0319.png,E:\UNSB_abl\full_dataset\RSCityscapes\input\0319.png,0319
E:\UNSB_Expl\UNSB_HEADFIGURE_SIXDOMAIN_EXPANDED_20260824\data_views\aio\trainA\RSCityscapes__0292.png,248225,,RSCityscapes,36,,,trainA,55cbe9b50e39f8ea634f4b60d738b2a8084a649b69c6031a18917a1eb945662a,E:\UNSB_Expl\UNSB_HEADFIGURE_SIXDOMAIN_EXPANDED_20260824\data_views\single\RSCityscapes\trainA\RSCityscapes__0292.png,E:\UNSB_abl\full_dataset\RSCityscapes\input\0292.png,0292
E:\UNSB_Expl\UNSB_HEADFIGURE_SIXDOMAIN_EXPANDED_20260824\data_views\aio\trainA\RSCityscapes__0646.png,297214,,RSCityscapes,37,,,trainA,344d38edb7e203530f2064e5157117e5817d2913d05cdaef6aef92f2ef5a28d8,E:\UNSB_Expl\UNSB_HEADFIGURE_SIXDOMAIN_EXPANDED_20260824\data_views\single\RSCityscapes\trainA\RSCityscapes__0646.png,E:\UNSB_abl\full_dataset\RSCityscapes\input\0646.png,0646
E:\UNSB_Expl\UNSB_HEADFIGURE_SIXDOMAIN_EXPANDED_20260824\data_views\aio\trainA\RSCityscapes__0499.png,273247,,RSCityscapes,38,,,trainA,7f297f4c788a2baad302bd2c9d2d77dffdda622d8b3734e13cf1ac4e195d475d,E:\UNSB_Expl\UNSB_HEADFIGURE_SIXDOMAIN_EXPANDED_20260824\data_views\single\RSCityscapes\trainA\RSCityscapes__0499.png,E:\UNSB_abl\full_dataset\RSCityscapes\input\0499.png,0499
E:\UNSB_Expl\UNSB_HEADFIGURE_SIXDOMAIN_EXPANDED_20260824\data_views\aio\trainA\RSCityscapes__0766.png,258850,,RSCityscapes,39,,,trainA,b9dff3118860844880251abb9dbcec94ce3b8d7a13406758c8c813c3e62ae99f,E:\UNSB_Expl\UNSB_HEADFIGURE_SIXDOMAIN_EXPANDED_20260824\data_views\single\RSCityscapes\trainA\RSCityscapes__0766.png,E:\UNSB_abl\full_dataset\RSCityscapes\input\0766.png,0766
E:\UNSB_Expl\UNSB_HEADFIGURE_SIXDOMAIN_EXPANDED_20260824\data_views\aio\trainA\RSCityscapes__0468.png,240354,,RSCityscapes,40,,,trainA,b0870b946f95b5f4517376f12fde8cc4f02f951f60847e20f6a5a98884475129,E:\UNSB_Expl\UNSB_HEADFIGURE_SIXDOMAIN_EXPANDED_20260824\data_views\single\RSCityscapes\trainA\RSCityscapes__0468.png,E:\UNSB_abl\full_dataset\RSCityscapes\input\0468.png,0468
E:\UNSB_Expl\UNSB_HEADFIGURE_SIXDOMAIN_EXPANDED_20260824\data_views\aio\trainA\RSCityscapes__0946.png,290205,,RSCityscapes,41,,,trainA,f8b38c8e7b4bee270d6ad074984c59abe61324a714770ac988047aba9c28965b,E:\UNSB_Expl\UNSB_HEADFIGURE_SIXDOMAIN_EXPANDED_20260824\data_views\single\RSCityscapes\trainA\RSCityscapes__0946.png,E:\UNSB_abl\full_dataset\RSCityscapes\input\0946.png,0946
E:\UNSB_Expl\UNSB_HEADFIGURE_SIXDOMAIN_EXPANDED_20260824\data_views\aio\trainA\RSCityscapes__0904.png,264872,,RSCityscapes,42,,,trainA,a71dfc0e2add2a389527b8c41991544702b0db6fbd55933ef7c021afa39141d7,E:\UNSB_Expl\UNSB_HEADFIGURE_SIXDOMAIN_EXPANDED_20260824\data_views\single\RSCityscapes\trainA\RSCityscapes__0904.png,E:\UNSB_abl\full_dataset\RSCityscapes\input\0904.png,0904
E:\UNSB_Expl\UNSB_HEADFIGURE_SIXDOMAIN_EXPANDED_20260824\data_views\aio\trainA\RSCityscapes__1147.png,269763,,RSCityscapes,43,,,trainA,b50eae24acf85e0aeed97bfd72c084bc16c73c7a0e000a68ded70ed463beaf41,E:\UNSB_Expl\UNSB_HEADFIGURE_SIXDOMAIN_EXPANDED_20260824\data_views\single\RSCityscapes\trainA\RSCityscapes__1147.png,E:\UNSB_abl\full_dataset\RSCityscapes\input\1147.png,1147
E:\UNSB_Expl\UNSB_HEADFIGURE_SIXDOMAIN_EXPANDED_20260824\data_views\aio\trainA\RSCityscapes__0653.png,251811,,RSCityscapes,44,,,trainA,6936d2f8cf14a180086d11d30220dca9f1cff7a0f9f376c1e0e55b283f6081d6,E:\UNSB_Expl\UNSB_HEADFIGURE_SIXDOMAIN_EXPANDED_20260824\data_views\single\RSCityscapes\trainA\RSCityscapes__0653.png,E:\UNSB_abl\full_dataset\RSCityscapes\input\0653.png,0653
E:\UNSB_Expl\UNSB_HEADFIGURE_SIXDOMAIN_EXPANDED_20260824\data_views\aio\trainA\RSCityscapes__0639.png,295224,,RSCityscapes,45,,,trainA,cce805ae72222bd9dd6609c8d8f8c60111d550e1d7402957f6b524f899acf1d7,E:\UNSB_Expl\UNSB_HEADFIGURE_SIXDOMAIN_EXPANDED_20260824\data_views\single\RSCityscapes\trainA\RSCityscapes__0639.png,E:\UNSB_abl\full_dataset\RSCityscapes\input\0639.png,0639
E:\UNSB_Expl\UNSB_HEADFIGURE_SIXDOMAIN_EXPANDED_20260824\data_views\aio\trainA\RSCityscapes__0551.png,275329,,RSCityscapes,46,,,trainA,7f9bcd293103da6234f71b72e960d16a903d311013e0ffe159b7ab93365ad6aa,E:\UNSB_Expl\UNSB_HEADFIGURE_SIXDOMAIN_EXPANDED_20260824\data_views\single\RSCityscapes\trainA\RSCityscapes__0551.png,E:\UNSB_abl\full_dataset\RSCityscapes\input\0551.png,0551
E:\UNSB_Expl\UNSB_HEADFIGURE_SIXDOMAIN_EXPANDED_20260824\data_views\aio\trainA\RSCityscapes__0364.png,260059,,RSCityscapes,47,,,trainA,81013b7842009156c9fe679c6ebb18d2c8c93bc07a54be96445e1aca0238b0c8,E:\UNSB_Expl\UNSB_HEADFIGURE_SIXDOMAIN_EXPANDED_20260824\data_views\single\RSCityscapes\trainA\RSCityscapes__0364.png,E:\UNSB_abl\full_dataset\RSCityscapes\input\0364.png,0364
E:\UNSB_Expl\UNSB_HEADFIGURE_SIXDOMAIN_EXPANDED_20260824\data_views\aio\trainA\RSCityscapes__0324.png,252846,,RSCityscapes,48,,,trainA,47a945d5b80b7c3bb45adfd57c5243bdc89aa876cdb06c8ce330aa2f4cd172ca,E:\UNSB_Expl\UNSB_HEADFIGURE_SIXDOMAIN_EXPANDED_20260824\data_views\single\RSCityscapes\trainA\RSCityscapes__0324.png,E:\UNSB_abl\full_dataset\RSCityscapes\input\0324.png,0324
E:\UNSB_Expl\UNSB_HEADFIGURE_SIXDOMAIN_EXPANDED_20260824\data_views\aio\trainA\RSCityscapes__0076.png,257619,,RSCityscapes,49,,,trainA,7e3600433ad17d9b77492951fe802da8a65ea12913624900b8416eb8f262a52e,E:\UNSB_Expl\UNSB_HEADFIGURE_SIXDOMAIN_EXPANDED_20260824\data_views\single\RSCityscapes\trainA\RSCityscapes__0076.png,E:\UNSB_abl\full_dataset\RSCityscapes\input\0076.png,0076
E:\UNSB_Expl\UNSB_HEADFIGURE_SIXDOMAIN_EXPANDED_20260824\data_views\aio\trainA\RSCityscapes__0794.png,281127,,RSCityscapes,50,,,trainA,aea8a220a146e81e1bb84c00b8dd4c838e2d8bca3ffdb4f1dfda442680f69096,E:\UNSB_Expl\UNSB_HEADFIGURE_SIXDOMAIN_EXPANDED_20260824\data_views\single\RSCityscapes\trainA\RSCityscapes__0794.png,E:\UNSB_abl\full_dataset\RSCityscapes\input\0794.png,0794
E:\UNSB_Expl\UNSB_HEADFIGURE_SIXDOMAIN_EXPANDED_20260824\data_views\aio\trainA\RSCityscapes__0884.png,233218,,RSCityscapes,51,,,trainA,94b2854d2118e1b5f66c3436e3609ff3a418c1deb67d714eef5d299405a7485a,E:\UNSB_Expl\UNSB_HEADFIGURE_SIXDOMAIN_EXPANDED_20260824\data_views\single\RSCityscapes\trainA\RSCityscapes__0884.png,E:\UNSB_abl\full_dataset\RSCityscapes\input\0884.png,0884
E:\UNSB_Expl\UNSB_HEADFIGURE_SIXDOMAIN_EXPANDED_20260824\data_views\aio\trainA\RSCityscapes__0705.png,295614,,RSCityscapes,52,,,trainA,0880634313fe25331f842a63af13226e06848aa12d38da5721bbec7621f1a0a4,E:\UNSB_Expl\UNSB_HEADFIGURE_SIXDOMAIN_EXPANDED_20260824\data_views\single\RSCityscapes\trainA\RSCityscapes__0705.png,E:\UNSB_abl\full_dataset\RSCityscapes\input\0705.png,0705
E:\UNSB_Expl\UNSB_HEADFIGURE_SIXDOMAIN_EXPANDED_20260824\data_views\aio\trainA\RSCityscapes__0796.png,271361,,RSCityscapes,53,,,trainA,3195e9566ccaeaefd22430d3e83906532322dd4c815aaee7e9a8c829ab5e5de5,E:\UNSB_Expl\UNSB_HEADFIGURE_SIXDOMAIN_EXPANDED_20260824\data_views\single\RSCityscapes\trainA\RSCityscapes__0796.png,E:\UNSB_abl\full_dataset\RSCityscapes\input\0796.png,0796
E:\UNSB_Expl\UNSB_HEADFIGURE_SIXDOMAIN_EXPANDED_20260824\data_views\aio\trainA\RSCityscapes__0475.png,279488,,RSCityscapes,54,,,trainA,9e90612f65fca752d413466268ad852b67a42cdc7ae29ee6560c7bd6975fb62e,E:\UNSB_Expl\UNSB_HEADFIGURE_SIXDOMAIN_EXPANDED_20260824\data_views\single\RSCityscapes\trainA\RSCityscapes__0475.png,E:\UNSB_abl\full_dataset\RSCityscapes\input\0475.png,0475
E:\UNSB_Expl\UNSB_HEADFIGURE_SIXDOMAIN_EXPANDED_20260824\data_views\aio\trainA\RSCityscapes__0225.png,307973,,RSCityscapes,55,,,trainA,33322352c6dd21ccdb267ddecc7cf681e341c67dab4d04d183e4dc3050210c97,E:\UNSB_Expl\UNSB_HEADFIGURE_SIXDOMAIN_EXPANDED_20260824\data_views\single\RSCityscapes\trainA\RSCityscapes__0225.png,E:\UNSB_abl\full_dataset\RSCityscapes\input\0225.png,0225
E:\UNSB_Expl\UNSB_HEADFIGURE_SIXDOMAIN_EXPANDED_20260824\data_views\aio\trainA\RSCityscapes__0701.png,241316,,RSCityscapes,56,,,trainA,d056d53254709a778d02bf353c448467ab8e7f4b754fa2e1930b3f18528242ba,E:\UNSB_Expl\UNSB_HEADFIGURE_SIXDOMAIN_EXPANDED_20260824\data_views\single\RSCityscapes\trainA\RSCityscapes__0701.png,E:\UNSB_abl\full_dataset\RSCityscapes\input\0701.png,0701
E:\UNSB_Expl\UNSB_HEADFIGURE_SIXDOMAIN_EXPANDED_20260824\data_views\aio\trainA\RSCityscapes__0103.png,249108,,RSCityscapes,57,,,trainA,a1bb9620d238ac24c94355041d3343d966387ae9478a94fcf2b36a44020eac9d,E:\UNSB_Expl\UNSB_HEADFIGURE_SIXDOMAIN_EXPANDED_20260824\data_views\single\RSCityscapes\trainA\RSCityscapes__0103.png,E:\UNSB_abl\full_dataset\RSCityscapes\input\0103.png,0103
E:\UNSB_Expl\UNSB_HEADFIGURE_SIXDOMAIN_EXPANDED_20260824\data_views\aio\trainA\RSCityscapes__0700.png,279243,,RSCityscapes,58,,,trainA,54bef83f77ee11975018a9fd4b6a71f6a22aec4561f0afb4421b1dc647875d64,E:\UNSB_Expl\UNSB_HEADFIGURE_SIXDOMAIN_EXPANDED_20260824\data_views\single\RSCityscapes\trainA\RSCityscapes__0700.png,E:\UNSB_abl\full_dataset\RSCityscapes\input\0700.png,0700
E:\UNSB_Expl\UNSB_HEADFIGURE_SIXDOMAIN_EXPANDED_20260824\data_views\aio\trainA\RSCityscapes__0843.png,268439,,RSCityscapes,59,,,trainA,c8d9e52eae46c04c771ea3a814668508c2fef9274fbbd34d1bfbe26ac65e1512,E:\UNSB_Expl\UNSB_HEADFIGURE_SIXDOMAIN_EXPANDED_20260824\data_views\single\RSCityscapes\trainA\RSCityscapes__0843.png,E:\UNSB_abl\full_dataset\RSCityscapes\input\0843.png,0843
E:\UNSB_Expl\UNSB_HEADFIGURE_SIXDOMAIN_EXPANDED_20260824\data_views\aio\trainA\RSCityscapes__0399.png,288390,,RSCityscapes,60,,,trainA,c0d0a29707fc5dd696d7239808478f20a4c6e92c8f1793feef9cdad35a089f26,E:\UNSB_Expl\UNSB_HEADFIGURE_SIXDOMAIN_EXPANDED_20260824\data_views\single\RSCityscapes\trainA\RSCityscapes__0399.png,E:\UNSB_abl\full_dataset\RSCityscapes\input\0399.png,0399
E:\UNSB_Expl\UNSB_HEADFIGURE_SIXDOMAIN_EXPANDED_20260824\data_views\aio\trainA\RSCityscapes__0535.png,241560,,RSCityscapes,61,,,trainA,f7d693c45b6b93c2d0de222dbf702d29053be978b316060d06cca9bdb299f3e0,E:\UNSB_Expl\UNSB_HEADFIGURE_SIXDOMAIN_EXPANDED_20260824\data_views\single\RSCityscapes\trainA\RSCityscapes__0535.png,E:\UNSB_abl\full_dataset\RSCityscapes\input\0535.png,0535
E:\UNSB_Expl\UNSB_HEADFIGURE_SIXDOMAIN_EXPANDED_20260824\data_views\aio\trainA\RSCityscapes__1042.png,223410,,RSCityscapes,62,,,trainA,e87522b2c7ef18093d8ea871894f8a97eca5d4e4f2f5992eebab9f5815b41718,E:\UNSB_Expl\UNSB_HEADFIGURE_SIXDOMAIN_EXPANDED_20260824\data_views\single\RSCityscapes\trainA\RSCityscapes__1042.png,E:\UNSB_abl\full_dataset\RSCityscapes\input\1042.png,1042
E:\UNSB_Expl\UNSB_HEADFIGURE_SIXDOMAIN_EXPANDED_20260824\data_views\aio\trainA\RSCityscapes__0028.png,242466,,RSCityscapes,63,,,trainA,5fd7a42e783f09480a668d5cdc0a38536dcdd54264b63144b93037e120a0524e,E:\UNSB_Expl\UNSB_HEADFIGURE_SIXDOMAIN_EXPANDED_20260824\data_views\single\RSCityscapes\trainA\RSCityscapes__0028.png,E:\UNSB_abl\full_dataset\RSCityscapes\input\0028.png,0028
E:\UNSB_Expl\UNSB_HEADFIGURE_SIXDOMAIN_EXPANDED_20260824\data_views\aio\trainA\RSCityscapes__0955.png,276265,,RSCityscapes,64,,,trainA,97424747ad68eca588f0b4948e317d319cfeb8cfc4ff469e553b8846caa41976,E:\UNSB_Expl\UNSB_HEADFIGURE_SIXDOMAIN_EXPANDED_20260824\data_views\single\RSCityscapes\trainA\RSCityscapes__0955.png,E:\UNSB_abl\full_dataset\RSCityscapes\input\0955.png,0955
E:\UNSB_Expl\UNSB_HEADFIGURE_SIXDOMAIN_EXPANDED_20260824\data_views\aio\trainA\RSCityscapes__0958.png,234321,,RSCityscapes,65,,,trainA,4bb583f912a076b4e60712c659e53ec0e6af3a2325a0a218f7a43364a94f1489,E:\UNSB_Expl\UNSB_HEADFIGURE_SIXDOMAIN_EXPANDED_20260824\data_views\single\RSCityscapes\trainA\RSCityscapes__0958.png,E:\UNSB_abl\full_dataset\RSCityscapes\input\0958.png,0958
E:\UNSB_Expl\UNSB_HEADFIGURE_SIXDOMAIN_EXPANDED_20260824\data_views\aio\trainA\RSCityscapes__1064.png,252947,,RSCityscapes,66,,,trainA,21de5ac916034c8e059bab32de0a2a8e25553b1e89f7ee6e4984fe81c9886701,E:\UNSB_Expl\UNSB_HEADFIGURE_SIXDOMAIN_EXPANDED_20260824\data_views\single\RSCityscapes\trainA\RSCityscapes__1064.png,E:\UNSB_abl\full_dataset\RSCityscapes\input\1064.png,1064
E:\UNSB_Expl\UNSB_HEADFIGURE_SIXDOMAIN_EXPANDED_20260824\data_views\aio\trainA\RSCityscapes__0034.png,247492,,RSCityscapes,67,,,trainA,3e823df45e44189029f64bab74372aa5d9d1d61170d5e223cc12c10ffb29aa00,E:\UNSB_Expl\UNSB_HEADFIGURE_SIXDOMAIN_EXPANDED_20260824\data_views\single\RSCityscapes\trainA\RSCityscapes__0034.png,E:\UNSB_abl\full_dataset\RSCityscapes\input\0034.png,0034
E:\UNSB_Expl\UNSB_HEADFIGURE_SIXDOMAIN_EXPANDED_20260824\data_views\aio\trainA\RSCityscapes__1181.png,250784,,RSCityscapes,68,,,trainA,b924edfcde2469c7af0b67ce5a640698fbc8c773599d750c97ac333102cb2759,E:\UNSB_Expl\UNSB_HEADFIGURE_SIXDOMAIN_EXPANDED_20260824\data_views\single\RSCityscapes\trainA\RSCityscapes__1181.png,E:\UNSB_abl\full_dataset\RSCityscapes\input\1181.png,1181
E:\UNSB_Expl\UNSB_HEADFIGURE_SIXDOMAIN_EXPANDED_20260824\data_views\aio\trainA\RSCityscapes__0806.png,260081,,RSCityscapes,69,,,trainA,832866df988f7dc5d7d0ad1e993bd7a1c99b9d1e2dd1f080dfc8f8bc82aac4f2,E:\UNSB_Expl\UNSB_HEADFIGURE_SIXDOMAIN_EXPANDED_20260824\data_views\single\RSCityscapes\trainA\RSCityscapes__0806.png,E:\UNSB_abl\full_dataset\RSCityscapes\input\0806.png,0806
E:\UNSB_Expl\UNSB_HEADFIGURE_SIXDOMAIN_EXPANDED_20260824\data_views\aio\trainA\RSCityscapes__1152.png,242357,,RSCityscapes,70,,,trainA,5205cdc96a66880ac2304695fecea14b44cd8d33e2d1422ef0f8c108a49253bb,E:\UNSB_Expl\UNSB_HEADFIGURE_SIXDOMAIN_EXPANDED_20260824\data_views\single\RSCityscapes\trainA\RSCityscapes__1152.png,E:\UNSB_abl\full_dataset\RSCityscapes\input\1152.png,1152
E:\UNSB_Expl\UNSB_HEADFIGURE_SIXDOMAIN_EXPANDED_20260824\data_views\aio\trainA\RSCityscapes__0706.png,305071,,RSCityscapes,71,,,trainA,93b1cd9aebb307b7e77b891b099e86292edeb683b51eb12415d62745dda81388,E:\UNSB_Expl\UNSB_HEADFIGURE_SIXDOMAIN_EXPANDED_20260824\data_views\single\RSCityscapes\trainA\RSCityscapes__0706.png,E:\UNSB_abl\full_dataset\RSCityscapes\input\0706.png,0706
E:\UNSB_Expl\UNSB_HEADFIGURE_SIXDOMAIN_EXPANDED_20260824\data_views\aio\trainA\RSCityscapes__1102.png,194863,,RSCityscapes,72,,,trainA,a087f8cbbc6d03451b3bcd48408d4aec1686d289b8f211619531eed875eecdbd,E:\UNSB_Expl\UNSB_HEADFIGURE_SIXDOMAIN_EXPANDED_20260824\data_views\single\RSCityscapes\trainA\RSCityscapes__1102.png,E:\UNSB_abl\full_dataset\RSCityscapes\input\1102.png,1102
E:\UNSB_Expl\UNSB_HEADFIGURE_SIXDOMAIN_EXPANDED_20260824\data_views\aio\trainA\RSCityscapes__0473.png,298010,,RSCityscapes,73,,,trainA,bcd67bde35eb7a3d3a0296265d910d8e29f7a3e4b8d543d80e4d40fa23104845,E:\UNSB_Expl\UNSB_HEADFIGURE_SIXDOMAIN_EXPANDED_20260824\data_views\single\RSCityscapes\trainA\RSCityscapes__0473.png,E:\UNSB_abl\full_dataset\RSCityscapes\input\0473.png,0473
E:\UNSB_Expl\UNSB_HEADFIGURE_SIXDOMAIN_EXPANDED_20260824\data_views\aio\trainA\RSCityscapes__1030.png,271147,,RSCityscapes,74,,,trainA,b888e726e64bef9f554878094c1ddc120209b97a5074c67cf3f4e31178b29016,E:\UNSB_Expl\UNSB_HEADFIGURE_SIXDOMAIN_EXPANDED_20260824\data_views\single\RSCityscapes\trainA\RSCityscapes__1030.png,E:\UNSB_abl\full_dataset\RSCityscapes\input\1030.png,1030
E:\UNSB_Expl\UNSB_HEADFIGURE_SIXDOMAIN_EXPANDED_20260824\data_views\aio\trainA\RSCityscapes__0380.png,218755,,RSCityscapes,75,,,trainA,05a9537955667447a9005b081f5972f613da3f99c595b53f0b330ff59d78fa40,E:\UNSB_Expl\UNSB_HEADFIGURE_SIXDOMAIN_EXPANDED_20260824\data_views\single\RSCityscapes\trainA\RSCityscapes__0380.png,E:\UNSB_abl\full_dataset\RSCityscapes\input\0380.png,0380
E:\UNSB_Expl\UNSB_HEADFIGURE_SIXDOMAIN_EXPANDED_20260824\data_views\aio\trainA\RSCityscapes__0066.png,245370,,RSCityscapes,76,,,trainA,0a409e811ce6c22a4187e6a8669e544303c403e1d3b018253d5c0eedd4ee5f04,E:\UNSB_Expl\UNSB_HEADFIGURE_SIXDOMAIN_EXPANDED_20260824\data_views\single\RSCityscapes\trainA\RSCityscapes__0066.png,E:\UNSB_abl\full_dataset\RSCityscapes\input\0066.png,0066
E:\UNSB_Expl\UNSB_HEADFIGURE_SIXDOMAIN_EXPANDED_20260824\data_views\aio\trainA\RSCityscapes__0135.png,264971,,RSCityscapes,77,,,trainA,8c3aa9086658e02cc133aeb6864f011fad08d8a116c1f366b2d06c6ea0ede9ff,E:\UNSB_Expl\UNSB_HEADFIGURE_SIXDOMAIN_EXPANDED_20260824\data_views\single\RSCityscapes\trainA\RSCityscapes__0135.png,E:\UNSB_abl\full_dataset\RSCityscapes\input\0135.png,0135
E:\UNSB_Expl\UNSB_HEADFIGURE_SIXDOMAIN_EXPANDED_20260824\data_views\aio\trainA\RSCityscapes__0406.png,269723,,RSCityscapes,78,,,trainA,92b70692957d6b671b4c18fadc8fe9e28f1a465e9c9414a8fac6a9a8d765202c,E:\UNSB_Expl\UNSB_HEADFIGURE_SIXDOMAIN_EXPANDED_20260824\data_views\single\RSCityscapes\trainA\RSCityscapes__0406.png,E:\UNSB_abl\full_dataset\RSCityscapes\input\0406.png,0406
E:\UNSB_Expl\UNSB_HEADFIGURE_SIXDOMAIN_EXPANDED_20260824\data_views\aio\trainA\RSCityscapes__0371.png,280030,,RSCityscapes,79,,,trainA,a197abd2942413ece0c9d820a9f4f06c5e4ed3d61c7ba62731bfb41d377f7ccb,E:\UNSB_Expl\UNSB_HEADFIGURE_SIXDOMAIN_EXPANDED_20260824\data_views\single\RSCityscapes\trainA\RSCityscapes__0371.png,E:\UNSB_abl\full_dataset\RSCityscapes\input\0371.png,0371
E:\UNSB_Expl\UNSB_HEADFIGURE_SIXDOMAIN_EXPANDED_20260824\data_views\aio\trainA\RSCityscapes__0656.png,279658,,RSCityscapes,80,,,trainA,d5bb040de82cc7e0c3cffa681d217729157af8c3137e38502984a485f20dfd1c,E:\UNSB_Expl\UNSB_HEADFIGURE_SIXDOMAIN_EXPANDED_20260824\data_views\single\RSCityscapes\trainA\RSCityscapes__0656.png,E:\UNSB_abl\full_dataset\RSCityscapes\input\0656.png,0656
E:\UNSB_Expl\UNSB_HEADFIGURE_SIXDOMAIN_EXPANDED_20260824\data_views\aio\trainA\RSCityscapes__0841.png,254057,,RSCityscapes,81,,,trainA,3c7e3004253f57deaa538b91c4660e5d4a11b96f87472fb81f99706ce90ea209,E:\UNSB_Expl\UNSB_HEADFIGURE_SIXDOMAIN_EXPANDED_20260824\data_views\single\RSCityscapes\trainA\RSCityscapes__0841.png,E:\UNSB_abl\full_dataset\RSCityscapes\input\0841.png,0841
E:\UNSB_Expl\UNSB_HEADFIGURE_SIXDOMAIN_EXPANDED_20260824\data_views\aio\trainA\RSCityscapes__0256.png,247031,,RSCityscapes,82,,,trainA,3b165d9cc5aa01e13d1a882ac5929d1500c760c5a558c918d99d3d69c14ed2be,E:\UNSB_Expl\UNSB_HEADFIGURE_SIXDOMAIN_EXPANDED_20260824\data_views\single\RSCityscapes\trainA\RSCityscapes__0256.png,E:\UNSB_abl\full_dataset\RSCityscapes\input\0256.png,0256
E:\UNSB_Expl\UNSB_HEADFIGURE_SIXDOMAIN_EXPANDED_20260824\data_views\aio\trainA\RSCityscapes__0749.png,261539,,RSCityscapes,83,,,trainA,f567c731a11ddae9d54e2801b39b2e5294414ef45fd741575f17a5cdd5fbf57b,E:\UNSB_Expl\UNSB_HEADFIGURE_SIXDOMAIN_EXPANDED_20260824\data_views\single\RSCityscapes\trainA\RSCityscapes__0749.png,E:\UNSB_abl\full_dataset\RSCityscapes\input\0749.png,0749
E:\UNSB_Expl\UNSB_HEADFIGURE_SIXDOMAIN_EXPANDED_20260824\data_views\aio\trainA\RSCityscapes__0285.png,257442,,RSCityscapes,84,,,trainA,ecfe9e4464d65381a0423b1d49f75f2c327f16b9d863e1d70da1346ecbdf7e95,E:\UNSB_Expl\UNSB_HEADFIGURE_SIXDOMAIN_EXPANDED_20260824\data_views\single\RSCityscapes\trainA\RSCityscapes__0285.png,E:\UNSB_abl\full_dataset\RSCityscapes\input\0285.png,0285
E:\UNSB_Expl\UNSB_HEADFIGURE_SIXDOMAIN_EXPANDED_20260824\data_views\aio\trainA\RSCityscapes__0916.png,274135,,RSCityscapes,85,,,trainA,2394ac64c79bbfc4d26ce3d377397bb394c8138d89eb736ed39cc89a546338af,E:\UNSB_Expl\UNSB_HEADFIGURE_SIXDOMAIN_EXPANDED_20260824\data_views\single\RSCityscapes\trainA\RSCityscapes__0916.png,E:\UNSB_abl\full_dataset\RSCityscapes\input\0916.png,0916
E:\UNSB_Expl\UNSB_HEADFIGURE_SIXDOMAIN_EXPANDED_20260824\data_views\aio\trainA\RSCityscapes__0366.png,268704,,RSCityscapes,86,,,trainA,c08641707d39a661c629e986ea541e49e319483bd81319eb6bfb0cbea39a3f87,E:\UNSB_Expl\UNSB_HEADFIGURE_SIXDOMAIN_EXPANDED_20260824\data_views\single\RSCityscapes\trainA\RSCityscapes__0366.png,E:\UNSB_abl\full_dataset\RSCityscapes\input\0366.png,0366
E:\UNSB_Expl\UNSB_HEADFIGURE_SIXDOMAIN_EXPANDED_20260824\data_views\aio\trainA\RSCityscapes__0799.png,297832,,RSCityscapes,87,,,trainA,7c0ae738d09dd9713d9f4ab2ed2f45d4f5a67567f8cab0bdd6186928fab86c50,E:\UNSB_Expl\UNSB_HEADFIGURE_SIXDOMAIN_EXPANDED_20260824\data_views\single\RSCityscapes\trainA\RSCityscapes__0799.png,E:\UNSB_abl\full_dataset\RSCityscapes\input\0799.png,0799
E:\UNSB_Expl\UNSB_HEADFIGURE_SIXDOMAIN_EXPANDED_20260824\data_views\aio\trainA\RSCityscapes__0545.png,284773,,RSCityscapes,88,,,trainA,eb82c3aaa4676e2ffa1fa3aee7f21da8a0ff5a3dd9435f097effa477535af020,E:\UNSB_Expl\UNSB_HEADFIGURE_SIXDOMAIN_EXPANDED_20260824\data_views\single\RSCityscapes\trainA\RSCityscapes__0545.png,E:\UNSB_abl\full_dataset\RSCityscapes\input\0545.png,0545
E:\UNSB_Expl\UNSB_HEADFIGURE_SIXDOMAIN_EXPANDED_20260824\data_views\aio\trainA\RSCityscapes__0541.png,277984,,RSCityscapes,89,,,trainA,7ca0b601cedb30170e444ae362e48e95d4cea263442b415d2ad28305e87079d6,E:\UNSB_Expl\UNSB_HEADFIGURE_SIXDOMAIN_EXPANDED_20260824\data_views\single\RSCityscapes\trainA\RSCityscapes__0541.png,E:\UNSB_abl\full_dataset\RSCityscapes\input\0541.png,0541
E:\UNSB_Expl\UNSB_HEADFIGURE_SIXDOMAIN_EXPANDED_20260824\data_views\aio\trainA\RSCityscapes__0235.png,281684,,RSCityscapes,90,,,trainA,6d9c7966be26acbe94b6a0b84e6bfb53e7112afe4c0f4277a4853b1daa58b72f,E:\UNSB_Expl\UNSB_HEADFIGURE_SIXDOMAIN_EXPANDED_20260824\data_views\single\RSCityscapes\trainA\RSCityscapes__0235.png,E:\UNSB_abl\full_dataset\RSCityscapes\input\0235.png,0235
E:\UNSB_Expl\UNSB_HEADFIGURE_SIXDOMAIN_EXPANDED_20260824\data_views\aio\trainA\RSCityscapes__0627.png,271312,,RSCityscapes,91,,,trainA,3502958b4046142fbdb9a019c3ae6335b9357c54b0ec35b763c88ffd441c9f2d,E:\UNSB_Expl\UNSB_HEADFIGURE_SIXDOMAIN_EXPANDED_20260824\data_views\single\RSCityscapes\trainA\RSCityscapes__0627.png,E:\UNSB_abl\full_dataset\RSCityscapes\input\0627.png,0627
E:\UNSB_Expl\UNSB_HEADFIGURE_SIXDOMAIN_EXPANDED_20260824\data_views\aio\trainA\RSCityscapes__0197.png,264574,,RSCityscapes,92,,,trainA,bf19d6105668a982ef641cef0dd91f04405b06d8a447eee4e9036b2a36450ae9,E:\UNSB_Expl\UNSB_HEADFIGURE_SIXDOMAIN_EXPANDED_20260824\data_views\single\RSCityscapes\trainA\RSCityscapes__0197.png,E:\UNSB_abl\full_dataset\RSCityscapes\input\0197.png,0197
E:\UNSB_Expl\UNSB_HEADFIGURE_SIXDOMAIN_EXPANDED_20260824\data_views\aio\trainA\RSCityscapes__0675.png,269869,,RSCityscapes,93,,,trainA,d2ae74178f6a8ca5ce19e4cc9d82b91544fb80340df58e78d2a8244f1c50b028,E:\UNSB_Expl\UNSB_HEADFIGURE_SIXDOMAIN_EXPANDED_20260824\data_views\single\RSCityscapes\trainA\RSCityscapes__0675.png,E:\UNSB_abl\full_dataset\RSCityscapes\input\0675.png,0675
E:\UNSB_Expl\UNSB_HEADFIGURE_SIXDOMAIN_EXPANDED_20260824\data_views\aio\trainA\RSCityscapes__0593.png,283498,,RSCityscapes,94,,,trainA,a76f48fd52c8aeff13f399b8776ed212665e6bf3c245f794efc945b7e182c0be,E:\UNSB_Expl\UNSB_HEADFIGURE_SIXDOMAIN_EXPANDED_20260824\data_views\single\RSCityscapes\trainA\RSCityscapes__0593.png,E:\UNSB_abl\full_dataset\RSCityscapes\input\0593.png,0593
E:\UNSB_Expl\UNSB_HEADFIGURE_SIXDOMAIN_EXPANDED_20260824\data_views\aio\trainA\RSCityscapes__0230.png,270797,,RSCityscapes,95,,,trainA,f08f192232547a7155bd56c4a4d9fd9fe4ff1e8aab2903fa2f3e152c2032ab31,E:\UNSB_Expl\UNSB_HEADFIGURE_SIXDOMAIN_EXPANDED_20260824\data_views\single\RSCityscapes\trainA\RSCityscapes__0230.png,E:\UNSB_abl\full_dataset\RSCityscapes\input\0230.png,0230
E:\UNSB_Expl\UNSB_HEADFIGURE_SIXDOMAIN_EXPANDED_20260824\data_views\aio\trainA\RSCityscapes__0703.png,292175,,RSCityscapes,96,,,trainA,c78587c09d5e5eb356dc3a6291cd68738f82958f1a2d00e4b9e962d0bb7bd4bb,E:\UNSB_Expl\UNSB_HEADFIGURE_SIXDOMAIN_EXPANDED_20260824\data_views\single\RSCityscapes\trainA\RSCityscapes__0703.png,E:\UNSB_abl\full_dataset\RSCityscapes\input\0703.png,0703
E:\UNSB_Expl\UNSB_HEADFIGURE_SIXDOMAIN_EXPANDED_20260824\data_views\aio\trainA\RSCityscapes__0236.png,288609,,RSCityscapes,97,,,trainA,7aa4c274a1336c3dcd5c02c147a544090e27896e490a32d8f2a23cec0ec0165e,E:\UNSB_Expl\UNSB_HEADFIGURE_SIXDOMAIN_EXPANDED_20260824\data_views\single\RSCityscapes\trainA\RSCityscapes__0236.png,E:\UNSB_abl\full_dataset\RSCityscapes\input\0236.png,0236
E:\UNSB_Expl\UNSB_HEADFIGURE_SIXDOMAIN_EXPANDED_20260824\data_views\aio\trainA\RSCityscapes__0036.png,242749,,RSCityscapes,98,,,trainA,67974bed45768e797983bd82208fe1755c4b2ef3e3aa408c6f4281cc80baed09,E:\UNSB_Expl\UNSB_HEADFIGURE_SIXDOMAIN_EXPANDED_20260824\data_views\single\RSCityscapes\trainA\RSCityscapes__0036.png,E:\UNSB_abl\full_dataset\RSCityscapes\input\0036.png,0036
E:\UNSB_Expl\UNSB_HEADFIGURE_SIXDOMAIN_EXPANDED_20260824\data_views\aio\trainA\RSCityscapes__0273.png,199585,,RSCityscapes,99,,,trainA,f19328e0b552f6b49ccbbf793ad568620751e036ef8fb5750d20f5299de74b77,E:\UNSB_Expl\UNSB_HEADFIGURE_SIXDOMAIN_EXPANDED_20260824\data_views\single\RSCityscapes\trainA\RSCityscapes__0273.png,E:\UNSB_abl\full_dataset\RSCityscapes\input\0273.png,0273
E:\UNSB_Expl\UNSB_HEADFIGURE_SIXDOMAIN_EXPANDED_20260824\data_views\aio\trainA\RSCityscapes__0885.png,260626,,RSCityscapes,100,,,trainA,0ade797f00be6383042350593301d66b6918dfdd0385a2633b87c29e7edf1bd5,E:\UNSB_Expl\UNSB_HEADFIGURE_SIXDOMAIN_EXPANDED_20260824\data_views\single\RSCityscapes\trainA\RSCityscapes__0885.png,E:\UNSB_abl\full_dataset\RSCityscapes\input\0885.png,0885
E:\UNSB_Expl\UNSB_HEADFIGURE_SIXDOMAIN_EXPANDED_20260824\data_views\aio\trainA\RSCityscapes__0952.png,248776,,RSCityscapes,101,,,trainA,f15ebe672c684a2e2b9f130e4bf7f2ce47b97d48580a2e78437c3b9576f3ef54,E:\UNSB_Expl\UNSB_HEADFIGURE_SIXDOMAIN_EXPANDED_20260824\data_views\single\RSCityscapes\trainA\RSCityscapes__0952.png,E:\UNSB_abl\full_dataset\RSCityscapes\input\0952.png,0952
E:\UNSB_Expl\UNSB_HEADFIGURE_SIXDOMAIN_EXPANDED_20260824\data_views\aio\trainA\RSCityscapes__1010.png,225307,,RSCityscapes,102,,,trainA,f2703ef987cdce66e29185445397222c677450ffa6a8efa1fdd36a8bbb47925e,E:\UNSB_Expl\UNSB_HEADFIGURE_SIXDOMAIN_EXPANDED_20260824\data_views\single\RSCityscapes\trainA\RSCityscapes__1010.png,E:\UNSB_abl\full_dataset\RSCityscapes\input\1010.png,1010
E:\UNSB_Expl\UNSB_HEADFIGURE_SIXDOMAIN_EXPANDED_20260824\data_views\aio\trainA\RSCityscapes__0427.png,265455,,RSCityscapes,103,,,trainA,e7e7ad7286f3c8d5dbd95414e3d76604ad3a6e6fa1f31b157d788fa5dac6b504,E:\UNSB_Expl\UNSB_HEADFIGURE_SIXDOMAIN_EXPANDED_20260824\data_views\single\RSCityscapes\trainA\RSCityscapes__0427.png,E:\UNSB_abl\full_dataset\RSCityscapes\input\0427.png,0427
E:\UNSB_Expl\UNSB_HEADFIGURE_SIXDOMAIN_EXPANDED_20260824\data_views\aio\trainA\RSCityscapes__0044.png,201462,,RSCityscapes,104,,,trainA,93d260fe0583512ad6b4194ccf56b6ec766c0149d54fef3c8e29b4c98dfcc0c7,E:\UNSB_Expl\UNSB_HEADFIGURE_SIXDOMAIN_EXPANDED_20260824\data_views\single\RSCityscapes\trainA\RSCityscapes__0044.png,E:\UNSB_abl\full_dataset\RSCityscapes\input\0044.png,0044
E:\UNSB_Expl\UNSB_HEADFIGURE_SIXDOMAIN_EXPANDED_20260824\data_views\aio\trainA\RSCityscapes__0262.png,243637,,RSCityscapes,105,,,trainA,457b05d75d7688b2f5eeaf4d0970dd0729b4d9ee8d1ca20b8c60f98d9117956b,E:\UNSB_Expl\UNSB_HEADFIGURE_SIXDOMAIN_EXPANDED_20260824\data_views\single\RSCityscapes\trainA\RSCityscapes__0262.png,E:\UNSB_abl\full_dataset\RSCityscapes\input\0262.png,0262
E:\UNSB_Expl\UNSB_HEADFIGURE_SIXDOMAIN_EXPANDED_20260824\data_views\aio\trainA\RSCityscapes__0918.png,267406,,RSCityscapes,106,,,trainA,76ed6e1b02d11d3a8e41b38a6c9e5143e74fa30ee5041558659710bab6b4b14f,E:\UNSB_Expl\UNSB_HEADFIGURE_SIXDOMAIN_EXPANDED_20260824\data_views\single\RSCityscapes\trainA\RSCityscapes__0918.png,E:\UNSB_abl\full_dataset\RSCityscapes\input\0918.png,0918
E:\UNSB_Expl\UNSB_HEADFIGURE_SIXDOMAIN_EXPANDED_20260824\data_views\aio\trainA\RSCityscapes__0548.png,272754,,RSCityscapes,107,,,trainA,a7a7de49d0b53ff460e0f291093c4bf77168a16fc2efde7f6c0853b7563c0110,E:\UNSB_Expl\UNSB_HEADFIGURE_SIXDOMAIN_EXPANDED_20260824\data_views\single\RSCityscapes\trainA\RSCityscapes__0548.png,E:\UNSB_abl\full_dataset\RSCityscapes\input\0548.png,0548
E:\UNSB_Expl\UNSB_HEADFIGURE_SIXDOMAIN_EXPANDED_20260824\data_views\aio\trainA\RSCityscapes__0011.png,263619,,RSCityscapes,108,,,trainA,75e7b1c22378f8c54e53fe795a811160e0d568ba91b17a6a9339c6a27612be38,E:\UNSB_Expl\UNSB_HEADFIGURE_SIXDOMAIN_EXPANDED_20260824\data_views\single\RSCityscapes\trainA\RSCityscapes__0011.png,E:\UNSB_abl\full_dataset\RSCityscapes\input\0011.png,0011
E:\UNSB_Expl\UNSB_HEADFIGURE_SIXDOMAIN_EXPANDED_20260824\data_views\aio\trainA\RSCityscapes__0433.png,235206,,RSCityscapes,109,,,trainA,89247e6501737e62e9c09dda907e9251ebfcab00fca1f4682109223a4220d31e,E:\UNSB_Expl\UNSB_HEADFIGURE_SIXDOMAIN_EXPANDED_20260824\data_views\single\RSCityscapes\trainA\RSCityscapes__0433.png,E:\UNSB_abl\full_dataset\RSCityscapes\input\0433.png,0433
E:\UNSB_Expl\UNSB_HEADFIGURE_SIXDOMAIN_EXPANDED_20260824\data_views\aio\trainA\RSCityscapes__1115.png,253339,,RSCityscapes,110,,,trainA,eb2586d6ac0fe4c4d62095cbee31609059b0b1d8962c3540cc7abb07307ff180,E:\UNSB_Expl\UNSB_HEADFIGURE_SIXDOMAIN_EXPANDED_20260824\data_views\single\RSCityscapes\trainA\RSCityscapes__1115.png,E:\UNSB_abl\full_dataset\RSCityscapes\input\1115.png,1115
E:\UNSB_Expl\UNSB_HEADFIGURE_SIXDOMAIN_EXPANDED_20260824\data_views\aio\trainA\RSCityscapes__0944.png,301215,,RSCityscapes,111,,,trainA,779db5e465db1399fa74dee4704bad58fe40ccdf541c715ca0a1941a36b36a3a,E:\UNSB_Expl\UNSB_HEADFIGURE_SIXDOMAIN_EXPANDED_20260824\data_views\single\RSCityscapes\trainA\RSCityscapes__0944.png,E:\UNSB_abl\full_dataset\RSCityscapes\input\0944.png,0944
E:\UNSB_Expl\UNSB_HEADFIGURE_SIXDOMAIN_EXPANDED_20260824\data_views\aio\trainA\RSCityscapes__0397.png,256956,,RSCityscapes,112,,,trainA,f8a143e8a1dc409f72c63e14f87786a077bb77e0528fd47272c548fc3acedbfd,E:\UNSB_Expl\UNSB_HEADFIGURE_SIXDOMAIN_EXPANDED_20260824\data_views\single\RSCityscapes\trainA\RSCityscapes__0397.png,E:\UNSB_abl\full_dataset\RSCityscapes\input\0397.png,0397
E:\UNSB_Expl\UNSB_HEADFIGURE_SIXDOMAIN_EXPANDED_20260824\data_views\aio\trainA\RSCityscapes__1176.png,205935,,RSCityscapes,113,,,trainA,aca650b2f60cc33e4329963519870d77679e71d5db0eff3c77f84462d60ad070,E:\UNSB_Expl\UNSB_HEADFIGURE_SIXDOMAIN_EXPANDED_20260824\data_views\single\RSCityscapes\trainA\RSCityscapes__1176.png,E:\UNSB_abl\full_dataset\RSCityscapes\input\1176.png,1176
E:\UNSB_Expl\UNSB_HEADFIGURE_SIXDOMAIN_EXPANDED_20260824\data_views\aio\trainA\RSCityscapes__0278.png,240892,,RSCityscapes,114,,,trainA,77792727fa2519778a654d16302786bcf7d30af1050674e763dbfe460975c987,E:\UNSB_Expl\UNSB_HEADFIGURE_SIXDOMAIN_EXPANDED_20260824\data_views\single\RSCityscapes\trainA\RSCityscapes__0278.png,E:\UNSB_abl\full_dataset\RSCityscapes\input\0278.png,0278
E:\UNSB_Expl\UNSB_HEADFIGURE_SIXDOMAIN_EXPANDED_20260824\data_views\aio\trainA\RSCityscapes__0483.png,224937,,RSCityscapes,115,,,trainA,b088f1d20c0b79cd0ffddbcf37f8163d4324e6375a31503e22510fa9d0fb4ba5,E:\UNSB_Expl\UNSB_HEADFIGURE_SIXDOMAIN_EXPANDED_20260824\data_views\single\RSCityscapes\trainA\RSCityscapes__0483.png,E:\UNSB_abl\full_dataset\RSCityscapes\input\0483.png,0483
E:\UNSB_Expl\UNSB_HEADFIGURE_SIXDOMAIN_EXPANDED_20260824\data_views\aio\trainA\RSCityscapes__0020.png,278094,,RSCityscapes,116,,,trainA,2de089fee10cc56960189c403e416c8c333bf8effb693b35836c9e4225d13187,E:\UNSB_Expl\UNSB_HEADFIGURE_SIXDOMAIN_EXPANDED_20260824\data_views\single\RSCityscapes\trainA\RSCityscapes__0020.png,E:\UNSB_abl\full_dataset\RSCityscapes\input\0020.png,0020
E:\UNSB_Expl\UNSB_HEADFIGURE_SIXDOMAIN_EXPANDED_20260824\data_views\aio\trainA\RSCityscapes__0591.png,270362,,RSCityscapes,117,,,trainA,ac2db6e0ab92882f4f59ca3b09e4fad397172320dae0b2779450815b90045a3d,E:\UNSB_Expl\UNSB_HEADFIGURE_SIXDOMAIN_EXPANDED_20260824\data_views\single\RSCityscapes\trainA\RSCityscapes__0591.png,E:\UNSB_abl\full_dataset\RSCityscapes\input\0591.png,0591
E:\UNSB_Expl\UNSB_HEADFIGURE_SIXDOMAIN_EXPANDED_20260824\data_views\aio\trainA\RSCityscapes__0771.png,250981,,RSCityscapes,118,,,trainA,afd96eb30db475056c44d8a8ce3f63bd8727c518a26eb63d24ed9eab9f3a838a,E:\UNSB_Expl\UNSB_HEADFIGURE_SIXDOMAIN_EXPANDED_20260824\data_views\single\RSCityscapes\trainA\RSCityscapes__0771.png,E:\UNSB_abl\full_dataset\RSCityscapes\input\0771.png,0771
E:\UNSB_Expl\UNSB_HEADFIGURE_SIXDOMAIN_EXPANDED_20260824\data_views\aio\trainA\RSCityscapes__0928.png,211824,,RSCityscapes,119,,,trainA,ce1db245dbe7a2cc8c6565ac5bf8212ed8005f02a721fb7dd49db99d82ab97a4,E:\UNSB_Expl\UNSB_HEADFIGURE_SIXDOMAIN_EXPANDED_20260824\data_views\single\RSCityscapes\trainA\RSCityscapes__0928.png,E:\UNSB_abl\full_dataset\RSCityscapes\input\0928.png,0928
E:\UNSB_Expl\UNSB_HEADFIGURE_SIXDOMAIN_EXPANDED_20260824\data_views\aio\trainB\RSCityscapes__0325.png,214694,,RSCityscapes,0,,,trainB,0d34d088fb2b2f3f4495357623e9206d5e40cb4d8135bf03d9089496ba252d7d,E:\UNSB_Expl\UNSB_HEADFIGURE_SIXDOMAIN_EXPANDED_20260824\data_views\single\RSCityscapes\trainB\RSCityscapes__0325.png,E:\UNSB_abl\full_dataset\RSCityscapes\target\0325.png,0325
E:\UNSB_Expl\UNSB_HEADFIGURE_SIXDOMAIN_EXPANDED_20260824\data_views\aio\trainB\RSCityscapes__0455.png,209836,,RSCityscapes,1,,,trainB,a2433e47b02b872acd38b3518eed21fdbc5c7ade8e71e1854be9c590ddef1a42,E:\UNSB_Expl\UNSB_HEADFIGURE_SIXDOMAIN_EXPANDED_20260824\data_views\single\RSCityscapes\trainB\RSCityscapes__0455.png,E:\UNSB_abl\full_dataset\RSCityscapes\target\0455.png,0455
E:\UNSB_Expl\UNSB_HEADFIGURE_SIXDOMAIN_EXPANDED_20260824\data_views\aio\trainB\RSCityscapes__1141.png,185058,,RSCityscapes,2,,,trainB,f730fd39761eed371cec5519f831c68cd99b3c02d907e311e0ec2ed42521a63f,E:\UNSB_Expl\UNSB_HEADFIGURE_SIXDOMAIN_EXPANDED_20260824\data_views\single\RSCityscapes\trainB\RSCityscapes__1141.png,E:\UNSB_abl\full_dataset\RSCityscapes\target\1141.png,1141
E:\UNSB_Expl\UNSB_HEADFIGURE_SIXDOMAIN_EXPANDED_20260824\data_views\aio\trainB\RSCityscapes__0388.png,217146,,RSCityscapes,3,,,trainB,2c21bc16cdb747e29b0e686eb369120e7a99a6c30a8532045732cbc91c264eb2,E:\UNSB_Expl\UNSB_HEADFIGURE_SIXDOMAIN_EXPANDED_20260824\data_views\single\RSCityscapes\trainB\RSCityscapes__0388.png,E:\UNSB_abl\full_dataset\RSCityscapes\target\0388.png,0388
E:\UNSB_Expl\UNSB_HEADFIGURE_SIXDOMAIN_EXPANDED_20260824\data_views\aio\trainB\RSCityscapes__0781.png,204870,,RSCityscapes,4,,,trainB,295e2181eb71e67b411b8167e21e8de094ca6975eb81bc04fa96e18ddb05cd97,E:\UNSB_Expl\UNSB_HEADFIGURE_SIXDOMAIN_EXPANDED_20260824\data_views\single\RSCityscapes\trainB\RSCityscapes__0781.png,E:\UNSB_abl\full_dataset\RSCityscapes\target\0781.png,0781
E:\UNSB_Expl\UNSB_HEADFIGURE_SIXDOMAIN_EXPANDED_20260824\data_views\aio\trainB\RSCityscapes__0589.png,223466,,RSCityscapes,5,,,trainB,84f1042e5e28b998722fd19e63716f1f72145a9a782a362ab5708380d8461720,E:\UNSB_Expl\UNSB_HEADFIGURE_SIXDOMAIN_EXPANDED_20260824\data_views\single\RSCityscapes\trainB\RSCityscapes__0589.png,E:\UNSB_abl\full_dataset\RSCityscapes\target\0589.png,0589
E:\UNSB_Expl\UNSB_HEADFIGURE_SIXDOMAIN_EXPANDED_20260824\data_views\aio\trainB\RSCityscapes__0525.png,237879,,RSCityscapes,6,,,trainB,9e3989156fc6f471ca2c4b1fe3c634369617d3940dbd702d46f54831629ec468,E:\UNSB_Expl\UNSB_HEADFIGURE_SIXDOMAIN_EXPANDED_20260824\data_views\single\RSCityscapes\trainB\RSCityscapes__0525.png,E:\UNSB_abl\full_dataset\RSCityscapes\target\0525.png,0525
E:\UNSB_Expl\UNSB_HEADFIGURE_SIXDOMAIN_EXPANDED_20260824\data_views\aio\trainB\RSCityscapes__0365.png,217146,,RSCityscapes,7,,,trainB,2c21bc16cdb747e29b0e686eb369120e7a99a6c30a8532045732cbc91c264eb2,E:\UNSB_Expl\UNSB_HEADFIGURE_SIXDOMAIN_EXPANDED_20260824\data_views\single\RSCityscapes\trainB\RSCityscapes__0365.png,E:\UNSB_abl\full_dataset\RSCityscapes\target\0365.png,0365
E:\UNSB_Expl\UNSB_HEADFIGURE_SIXDOMAIN_EXPANDED_20260824\data_views\aio\trainB\RSCityscapes__0559.png,242000,,RSCityscapes,8,,,trainB,26e637438072052f0d2e229eadf95a215cab702df1f04551bc0b883a0d40984a,E:\UNSB_Expl\UNSB_HEADFIGURE_SIXDOMAIN_EXPANDED_20260824\data_views\single\RSCityscapes\trainB\RSCityscapes__0559.png,E:\UNSB_abl\full_dataset\RSCityscapes\target\0559.png,0559
E:\UNSB_Expl\UNSB_HEADFIGURE_SIXDOMAIN_EXPANDED_20260824\data_views\aio\trainB\RSCityscapes__1136.png,185058,,RSCityscapes,9,,,trainB,f730fd39761eed371cec5519f831c68cd99b3c02d907e311e0ec2ed42521a63f,E:\UNSB_Expl\UNSB_HEADFIGURE_SIXDOMAIN_EXPANDED_20260824\data_views\single\RSCityscapes\trainB\RSCityscapes__1136.png,E:\UNSB_abl\full_dataset\RSCityscapes\target\1136.png,1136
E:\UNSB_Expl\UNSB_HEADFIGURE_SIXDOMAIN_EXPANDED_20260824\data_views\aio\trainB\RSCityscapes__0349.png,214694,,RSCityscapes,10,,,trainB,0d34d088fb2b2f3f4495357623e9206d5e40cb4d8135bf03d9089496ba252d7d,E:\UNSB_Expl\UNSB_HEADFIGURE_SIXDOMAIN_EXPANDED_20260824\data_views\single\RSCityscapes\trainB\RSCityscapes__0349.png,E:\UNSB_abl\full_dataset\RSCityscapes\target\0349.png,0349
E:\UNSB_Expl\UNSB_HEADFIGURE_SIXDOMAIN_EXPANDED_20260824\data_views\aio\trainB\RSCityscapes__0269.png,208560,,RSCityscapes,11,,,trainB,c5a5be01530c264c2f25dc17ebf811ac09e818ee141fe3f2dce435fd3459e78d,E:\UNSB_Expl\UNSB_HEADFIGURE_SIXDOMAIN_EXPANDED_20260824\data_views\single\RSCityscapes\trainB\RSCityscapes__0269.png,E:\UNSB_abl\full_dataset\RSCityscapes\target\0269.png,0269
E:\UNSB_Expl\UNSB_HEADFIGURE_SIXDOMAIN_EXPANDED_20260824\data_views\aio\trainB\RSCityscapes__1072.png,203552,,RSCityscapes,12,,,trainB,ab1520f3a08a6fdd37d694aa3c3bbdf7ec86460e2829588def6dbf0985888edd,E:\UNSB_Expl\UNSB_HEADFIGURE_SIXDOMAIN_EXPANDED_20260824\data_views\single\RSCityscapes\trainB\RSCityscapes__1072.png,E:\UNSB_abl\full_dataset\RSCityscapes\target\1072.png,1072
E:\UNSB_Expl\UNSB_HEADFIGURE_SIXDOMAIN_EXPANDED_20260824\data_views\aio\trainB\RSCityscapes__0714.png,216026,,RSCityscapes,13,,,trainB,6f2616a551e208884b919586f9e78e4f8b588fbc4ee780c36068801f7939949d,E:\UNSB_Expl\UNSB_HEADFIGURE_SIXDOMAIN_EXPANDED_20260824\data_views\single\RSCityscapes\trainB\RSCityscapes__0714.png,E:\UNSB_abl\full_dataset\RSCityscapes\target\0714.png,0714
E:\UNSB_Expl\UNSB_HEADFIGURE_SIXDOMAIN_EXPANDED_20260824\data_views\aio\trainB\RSCityscapes__0491.png,210468,,RSCityscapes,14,,,trainB,b6471608d2224d13ec974348a23b960db5eed31f685febdc588383b216730539,E:\UNSB_Expl\UNSB_HEADFIGURE_SIXDOMAIN_EXPANDED_20260824\data_views\single\RSCityscapes\trainB\RSCityscapes__0491.png,E:\UNSB_abl\full_dataset\RSCityscapes\target\0491.png,0491
E:\UNSB_Expl\UNSB_HEADFIGURE_SIXDOMAIN_EXPANDED_20260824\data_views\aio\trainB\RSCityscapes__0363.png,217146,,RSCityscapes,15,,,trainB,2c21bc16cdb747e29b0e686eb369120e7a99a6c30a8532045732cbc91c264eb2,E:\UNSB_Expl\UNSB_HEADFIGURE_SIXDOMAIN_EXPANDED_20260824\data_views\single\RSCityscapes\trainB\RSCityscapes__0363.png,E:\UNSB_abl\full_dataset\RSCityscapes\target\0363.png,0363
E:\UNSB_Expl\UNSB_HEADFIGURE_SIXDOMAIN_EXPANDED_20260824\data_views\aio\trainB\RSCityscapes__1163.png,187740,,RSCityscapes,16,,,trainB,75bfe66943c6724c9c55fb528948755eef883a4dd8c2a957d87800ca6d4b6c24,E:\UNSB_Expl\UNSB_HEADFIGURE_SIXDOMAIN_EXPANDED_20260824\data_views\single\RSCityscapes\trainB\RSCityscapes__1163.png,E:\UNSB_abl\full_dataset\RSCityscapes\target\1163.png,1163
E:\UNSB_Expl\UNSB_HEADFIGURE_SIXDOMAIN_EXPANDED_20260824\data_views\aio\trainB\RSCityscapes__0582.png,223466,,RSCityscapes,17,,,trainB,84f1042e5e28b998722fd19e63716f1f72145a9a782a362ab5708380d8461720,E:\UNSB_Expl\UNSB_HEADFIGURE_SIXDOMAIN_EXPANDED_20260824\data_views\single\RSCityscapes\trainB\RSCityscapes__0582.png,E:\UNSB_abl\full_dataset\RSCityscapes\target\0582.png,0582
E:\UNSB_Expl\UNSB_HEADFIGURE_SIXDOMAIN_EXPANDED_20260824\data_views\aio\trainB\RSCityscapes__0986.png,209424,,RSCityscapes,18,,,trainB,d55bf30ba1757631b4cba14260c32c422fc53c939f7445118c18823a1d1c81e7,E:\UNSB_Expl\UNSB_HEADFIGURE_SIXDOMAIN_EXPANDED_20260824\data_views\single\RSCityscapes\trainB\RSCityscapes__0986.png,E:\UNSB_abl\full_dataset\RSCityscapes\target\0986.png,0986
E:\UNSB_Expl\UNSB_HEADFIGURE_SIXDOMAIN_EXPANDED_20260824\data_views\aio\trainB\RSCityscapes__0429.png,214269,,RSCityscapes,19,,,trainB,c4f3ea09735f0dd7b1fedbe13ab08b5a82a28da144b706e011863518a3b52376,E:\UNSB_Expl\UNSB_HEADFIGURE_SIXDOMAIN_EXPANDED_20260824\data_views\single\RSCityscapes\trainB\RSCityscapes__0429.png,E:\UNSB_abl\full_dataset\RSCityscapes\target\0429.png,0429
E:\UNSB_Expl\UNSB_HEADFIGURE_SIXDOMAIN_EXPANDED_20260824\data_views\aio\trainB\RSCityscapes__0622.png,222333,,RSCityscapes,20,,,trainB,ce0d8ff4a505dbbcbdf43fc524bed4093f32ec0b6b398ca791d23da17e611da6,E:\UNSB_Expl\UNSB_HEADFIGURE_SIXDOMAIN_EXPANDED_20260824\data_views\single\RSCityscapes\trainB\RSCityscapes__0622.png,E:\UNSB_abl\full_dataset\RSCityscapes\target\0622.png,0622
E:\UNSB_Expl\UNSB_HEADFIGURE_SIXDOMAIN_EXPANDED_20260824\data_views\aio\trainB\RSCityscapes__0492.png,210468,,RSCityscapes,21,,,trainB,b6471608d2224d13ec974348a23b960db5eed31f685febdc588383b216730539,E:\UNSB_Expl\UNSB_HEADFIGURE_SIXDOMAIN_EXPANDED_20260824\data_views\single\RSCityscapes\trainB\RSCityscapes__0492.png,E:\UNSB_abl\full_dataset\RSCityscapes\target\0492.png,0492
E:\UNSB_Expl\UNSB_HEADFIGURE_SIXDOMAIN_EXPANDED_20260824\data_views\aio\trainB\RSCityscapes__0926.png,199434,,RSCityscapes,22,,,trainB,61ff60eb0cf1028ca95eebdaf3f039aee205d9cbdf12e98230c247f2efc79d18,E:\UNSB_Expl\UNSB_HEADFIGURE_SIXDOMAIN_EXPANDED_20260824\data_views\single\RSCityscapes\trainB\RSCityscapes__0926.png,E:\UNSB_abl\full_dataset\RSCityscapes\target\0926.png,0926
E:\UNSB_Expl\UNSB_HEADFIGURE_SIXDOMAIN_EXPANDED_20260824\data_views\aio\trainB\RSCityscapes__0125.png,204556,,RSCityscapes,23,,,trainB,cbacc4c204a32c6877556d8b22fc18f2987c1825ab2bbe643930925da381026c,E:\UNSB_Expl\UNSB_HEADFIGURE_SIXDOMAIN_EXPANDED_20260824\data_views\single\RSCityscapes\trainB\RSCityscapes__0125.png,E:\UNSB_abl\full_dataset\RSCityscapes\target\0125.png,0125
E:\UNSB_Expl\UNSB_HEADFIGURE_SIXDOMAIN_EXPANDED_20260824\data_views\aio\trainB\RSCityscapes__0202.png,222220,,RSCityscapes,24,,,trainB,ed8156df323b1f6f198f5b40f4347215c41e0736594111b0f0ad642df56e8937,E:\UNSB_Expl\UNSB_HEADFIGURE_SIXDOMAIN_EXPANDED_20260824\data_views\single\RSCityscapes\trainB\RSCityscapes__0202.png,E:\UNSB_abl\full_dataset\RSCityscapes\target\0202.png,0202
E:\UNSB_Expl\UNSB_HEADFIGURE_SIXDOMAIN_EXPANDED_20260824\data_views\aio\trainB\RSCityscapes__0494.png,210468,,RSCityscapes,25,,,trainB,b6471608d2224d13ec974348a23b960db5eed31f685febdc588383b216730539,E:\UNSB_Expl\UNSB_HEADFIGURE_SIXDOMAIN_EXPANDED_20260824\data_views\single\RSCityscapes\trainB\RSCityscapes__0494.png,E:\UNSB_abl\full_dataset\RSCityscapes\target\0494.png,0494
E:\UNSB_Expl\UNSB_HEADFIGURE_SIXDOMAIN_EXPANDED_20260824\data_views\aio\trainB\RSCityscapes__1164.png,187740,,RSCityscapes,26,,,trainB,75bfe66943c6724c9c55fb528948755eef883a4dd8c2a957d87800ca6d4b6c24,E:\UNSB_Expl\UNSB_HEADFIGURE_SIXDOMAIN_EXPANDED_20260824\data_views\single\RSCityscapes\trainB\RSCityscapes__1164.png,E:\UNSB_abl\full_dataset\RSCityscapes\target\1164.png,1164
E:\UNSB_Expl\UNSB_HEADFIGURE_SIXDOMAIN_EXPANDED_20260824\data_views\aio\trainB\RSCityscapes__0383.png,217146,,RSCityscapes,27,,,trainB,2c21bc16cdb747e29b0e686eb369120e7a99a6c30a8532045732cbc91c264eb2,E:\UNSB_Expl\UNSB_HEADFIGURE_SIXDOMAIN_EXPANDED_20260824\data_views\single\RSCityscapes\trainB\RSCityscapes__0383.png,E:\UNSB_abl\full_dataset\RSCityscapes\target\0383.png,0383
E:\UNSB_Expl\UNSB_HEADFIGURE_SIXDOMAIN_EXPANDED_20260824\data_views\aio\trainB\RSCityscapes__1162.png,187740,,RSCityscapes,28,,,trainB,75bfe66943c6724c9c55fb528948755eef883a4dd8c2a957d87800ca6d4b6c24,E:\UNSB_Expl\UNSB_HEADFIGURE_SIXDOMAIN_EXPANDED_20260824\data_views\single\RSCityscapes\trainB\RSCityscapes__1162.png,E:\UNSB_abl\full_dataset\RSCityscapes\target\1162.png,1162
E:\UNSB_Expl\UNSB_HEADFIGURE_SIXDOMAIN_EXPANDED_20260824\data_views\aio\trainB\RSCityscapes__0243.png,233147,,RSCityscapes,29,,,trainB,1c0dca7124a0fd6403b194fa22ad538294d7db95114848f161a1486d4f1c2e22,E:\UNSB_Expl\UNSB_HEADFIGURE_SIXDOMAIN_EXPANDED_20260824\data_views\single\RSCityscapes\trainB\RSCityscapes__0243.png,E:\UNSB_abl\full_dataset\RSCityscapes\target\0243.png,0243
E:\UNSB_Expl\UNSB_HEADFIGURE_SIXDOMAIN_EXPANDED_20260824\data_views\aio\trainB\RSCityscapes__0699.png,216026,,RSCityscapes,30,,,trainB,6f2616a551e208884b919586f9e78e4f8b588fbc4ee780c36068801f7939949d,E:\UNSB_Expl\UNSB_HEADFIGURE_SIXDOMAIN_EXPANDED_20260824\data_views\single\RSCityscapes\trainB\RSCityscapes__0699.png,E:\UNSB_abl\full_dataset\RSCityscapes\target\0699.png,0699
E:\UNSB_Expl\UNSB_HEADFIGURE_SIXDOMAIN_EXPANDED_20260824\data_views\aio\trainB\RSCityscapes__0902.png,199434,,RSCityscapes,31,,,trainB,61ff60eb0cf1028ca95eebdaf3f039aee205d9cbdf12e98230c247f2efc79d18,E:\UNSB_Expl\UNSB_HEADFIGURE_SIXDOMAIN_EXPANDED_20260824\data_views\single\RSCityscapes\trainB\RSCityscapes__0902.png,E:\UNSB_abl\full_dataset\RSCityscapes\target\0902.png,0902
E:\UNSB_Expl\UNSB_HEADFIGURE_SIXDOMAIN_EXPANDED_20260824\data_views\aio\trainB\RSCityscapes__0621.png,222333,,RSCityscapes,32,,,trainB,ce0d8ff4a505dbbcbdf43fc524bed4093f32ec0b6b398ca791d23da17e611da6,E:\UNSB_Expl\UNSB_HEADFIGURE_SIXDOMAIN_EXPANDED_20260824\data_views\single\RSCityscapes\trainB\RSCityscapes__0621.png,E:\UNSB_abl\full_dataset\RSCityscapes\target\0621.png,0621
E:\UNSB_Expl\UNSB_HEADFIGURE_SIXDOMAIN_EXPANDED_20260824\data_views\aio\trainB\RSCityscapes__0149.png,197809,,RSCityscapes,33,,,trainB,d29d63c50708da7860abb9e727e7ce820f81c94ab8963eed1281ced1ea220899,E:\UNSB_Expl\UNSB_HEADFIGURE_SIXDOMAIN_EXPANDED_20260824\data_views\single\RSCityscapes\trainB\RSCityscapes__0149.png,E:\UNSB_abl\full_dataset\RSCityscapes\target\0149.png,0149
E:\UNSB_Expl\UNSB_HEADFIGURE_SIXDOMAIN_EXPANDED_20260824\data_views\aio\trainB\RSCityscapes__0108.png,196339,,RSCityscapes,34,,,trainB,95582eb82efe86840b18aa2704d1ab46d2ac944b25c1dd4ec71b1ce3fef126a4,E:\UNSB_Expl\UNSB_HEADFIGURE_SIXDOMAIN_EXPANDED_20260824\data_views\single\RSCityscapes\trainB\RSCityscapes__0108.png,E:\UNSB_abl\full_dataset\RSCityscapes\target\0108.png,0108
E:\UNSB_Expl\UNSB_HEADFIGURE_SIXDOMAIN_EXPANDED_20260824\data_views\aio\trainB\RSCityscapes__0053.png,193078,,RSCityscapes,35,,,trainB,912315b3722ade1c056a3489e29c251ba1be4acbb540ef859f8e4adbb1920b94,E:\UNSB_Expl\UNSB_HEADFIGURE_SIXDOMAIN_EXPANDED_20260824\data_views\single\RSCityscapes\trainB\RSCityscapes__0053.png,E:\UNSB_abl\full_dataset\RSCityscapes\target\0053.png,0053
E:\UNSB_Expl\UNSB_HEADFIGURE_SIXDOMAIN_EXPANDED_20260824\data_views\aio\trainB\RSCityscapes__1041.png,188848,,RSCityscapes,36,,,trainB,1ec2e1f99af9fdfa9047ed46e5019497605bc65bdea784f8081b2343011ccbcb,E:\UNSB_Expl\UNSB_HEADFIGURE_SIXDOMAIN_EXPANDED_20260824\data_views\single\RSCityscapes\trainB\RSCityscapes__1041.png,E:\UNSB_abl\full_dataset\RSCityscapes\target\1041.png,1041
E:\UNSB_Expl\UNSB_HEADFIGURE_SIXDOMAIN_EXPANDED_20260824\data_views\aio\trainB\RSCityscapes__0677.png,204918,,RSCityscapes,37,,,trainB,e9bb7dd6c7fc43566523420cd486853a638e21d1745dee64c3ff4ad3d803e536,E:\UNSB_Expl\UNSB_HEADFIGURE_SIXDOMAIN_EXPANDED_20260824\data_views\single\RSCityscapes\trainB\RSCityscapes__0677.png,E:\UNSB_abl\full_dataset\RSCityscapes\target\0677.png,0677
E:\UNSB_Expl\UNSB_HEADFIGURE_SIXDOMAIN_EXPANDED_20260824\data_views\aio\trainB\RSCityscapes__0245.png,233147,,RSCityscapes,38,,,trainB,1c0dca7124a0fd6403b194fa22ad538294d7db95114848f161a1486d4f1c2e22,E:\UNSB_Expl\UNSB_HEADFIGURE_SIXDOMAIN_EXPANDED_20260824\data_views\single\RSCityscapes\trainB\RSCityscapes__0245.png,E:\UNSB_abl\full_dataset\RSCityscapes\target\0245.png,0245
E:\UNSB_Expl\UNSB_HEADFIGURE_SIXDOMAIN_EXPANDED_20260824\data_views\aio\trainB\RSCityscapes__0853.png,209112,,RSCityscapes,39,,,trainB,8a2ca0b6a678a7579258bdb0f07c76e7ad849090111fbd4f38f6d4a7dceb9b97,E:\UNSB_Expl\UNSB_HEADFIGURE_SIXDOMAIN_EXPANDED_20260824\data_views\single\RSCityscapes\trainB\RSCityscapes__0853.png,E:\UNSB_abl\full_dataset\RSCityscapes\target\0853.png,0853
E:\UNSB_Expl\UNSB_HEADFIGURE_SIXDOMAIN_EXPANDED_20260824\data_views\aio\trainB\RSCityscapes__0457.png,209836,,RSCityscapes,40,,,trainB,a2433e47b02b872acd38b3518eed21fdbc5c7ade8e71e1854be9c590ddef1a42,E:\UNSB_Expl\UNSB_HEADFIGURE_SIXDOMAIN_EXPANDED_20260824\data_views\single\RSCityscapes\trainB\RSCityscapes__0457.png,E:\UNSB_abl\full_dataset\RSCityscapes\target\0457.png,0457
E:\UNSB_Expl\UNSB_HEADFIGURE_SIXDOMAIN_EXPANDED_20260824\data_views\aio\trainB\RSCityscapes__0258.png,208560,,RSCityscapes,41,,,trainB,c5a5be01530c264c2f25dc17ebf811ac09e818ee141fe3f2dce435fd3459e78d,E:\UNSB_Expl\UNSB_HEADFIGURE_SIXDOMAIN_EXPANDED_20260824\data_views\single\RSCityscapes\trainB\RSCityscapes__0258.png,E:\UNSB_abl\full_dataset\RSCityscapes\target\0258.png,0258
E:\UNSB_Expl\UNSB_HEADFIGURE_SIXDOMAIN_EXPANDED_20260824\data_views\aio\trainB\RSCityscapes__0321.png,228655,,RSCityscapes,42,,,trainB,17ed8f70f612b848880d6400b8d2d9a488cb5a98d6a76f324ca3d71cc5559da8,E:\UNSB_Expl\UNSB_HEADFIGURE_SIXDOMAIN_EXPANDED_20260824\data_views\single\RSCityscapes\trainB\RSCityscapes__0321.png,E:\UNSB_abl\full_dataset\RSCityscapes\target\0321.png,0321
E:\UNSB_Expl\UNSB_HEADFIGURE_SIXDOMAIN_EXPANDED_20260824\data_views\aio\trainB\RSCityscapes__0084.png,196339,,RSCityscapes,43,,,trainB,95582eb82efe86840b18aa2704d1ab46d2ac944b25c1dd4ec71b1ce3fef126a4,E:\UNSB_Expl\UNSB_HEADFIGURE_SIXDOMAIN_EXPANDED_20260824\data_views\single\RSCityscapes\trainB\RSCityscapes__0084.png,E:\UNSB_abl\full_dataset\RSCityscapes\target\0084.png,0084
E:\UNSB_Expl\UNSB_HEADFIGURE_SIXDOMAIN_EXPANDED_20260824\data_views\aio\trainB\RSCityscapes__0778.png,204870,,RSCityscapes,44,,,trainB,295e2181eb71e67b411b8167e21e8de094ca6975eb81bc04fa96e18ddb05cd97,E:\UNSB_Expl\UNSB_HEADFIGURE_SIXDOMAIN_EXPANDED_20260824\data_views\single\RSCityscapes\trainB\RSCityscapes__0778.png,E:\UNSB_abl\full_dataset\RSCityscapes\target\0778.png,0778
E:\UNSB_Expl\UNSB_HEADFIGURE_SIXDOMAIN_EXPANDED_20260824\data_views\aio\trainB\RSCityscapes__0811.png,209106,,RSCityscapes,45,,,trainB,e72ff823eb2747addab5752c85f4212f70b436def2bab71aa9228ded5912ec8b,E:\UNSB_Expl\UNSB_HEADFIGURE_SIXDOMAIN_EXPANDED_20260824\data_views\single\RSCityscapes\trainB\RSCityscapes__0811.png,E:\UNSB_abl\full_dataset\RSCityscapes\target\0811.png,0811
E:\UNSB_Expl\UNSB_HEADFIGURE_SIXDOMAIN_EXPANDED_20260824\data_views\aio\trainB\RSCityscapes__1188.png,187740,,RSCityscapes,46,,,trainB,75bfe66943c6724c9c55fb528948755eef883a4dd8c2a957d87800ca6d4b6c24,E:\UNSB_Expl\UNSB_HEADFIGURE_SIXDOMAIN_EXPANDED_20260824\data_views\single\RSCityscapes\trainB\RSCityscapes__1188.png,E:\UNSB_abl\full_dataset\RSCityscapes\target\1188.png,1188
E:\UNSB_Expl\UNSB_HEADFIGURE_SIXDOMAIN_EXPANDED_20260824\data_views\aio\trainB\RSCityscapes__0007.png,191320,,RSCityscapes,47,,,trainB,a5f212034ba7c15d59c03d17febeafd9ccc5dc982b0a3bff5c488aa19f276e3e,E:\UNSB_Expl\UNSB_HEADFIGURE_SIXDOMAIN_EXPANDED_20260824\data_views\single\RSCityscapes\trainB\RSCityscapes__0007.png,E:\UNSB_abl\full_dataset\RSCityscapes\target\0007.png,0007
E:\UNSB_Expl\UNSB_HEADFIGURE_SIXDOMAIN_EXPANDED_20260824\data_views\aio\trainB\RSCityscapes__0062.png,193078,,RSCityscapes,48,,,trainB,912315b3722ade1c056a3489e29c251ba1be4acbb540ef859f8e4adbb1920b94,E:\UNSB_Expl\UNSB_HEADFIGURE_SIXDOMAIN_EXPANDED_20260824\data_views\single\RSCityscapes\trainB\RSCityscapes__0062.png,E:\UNSB_abl\full_dataset\RSCityscapes\target\0062.png,0062
E:\UNSB_Expl\UNSB_HEADFIGURE_SIXDOMAIN_EXPANDED_20260824\data_views\aio\trainB\RSCityscapes__0032.png,191320,,RSCityscapes,49,,,trainB,a5f212034ba7c15d59c03d17febeafd9ccc5dc982b0a3bff5c488aa19f276e3e,E:\UNSB_Expl\UNSB_HEADFIGURE_SIXDOMAIN_EXPANDED_20260824\data_views\single\RSCityscapes\trainB\RSCityscapes__0032.png,E:\UNSB_abl\full_dataset\RSCityscapes\target\0032.png,0032
E:\UNSB_Expl\UNSB_HEADFIGURE_SIXDOMAIN_EXPANDED_20260824\data_views\aio\trainB\RSCityscapes__0574.png,242000,,RSCityscapes,50,,,trainB,26e637438072052f0d2e229eadf95a215cab702df1f04551bc0b883a0d40984a,E:\UNSB_Expl\UNSB_HEADFIGURE_SIXDOMAIN_EXPANDED_20260824\data_views\single\RSCityscapes\trainB\RSCityscapes__0574.png,E:\UNSB_abl\full_dataset\RSCityscapes\target\0574.png,0574
E:\UNSB_Expl\UNSB_HEADFIGURE_SIXDOMAIN_EXPANDED_20260824\data_views\aio\trainB\RSCityscapes__0754.png,207134,,RSCityscapes,51,,,trainB,9e83a8c63e5bb3a86acc8d23a27fcffc6be3fa0ceb4dd6c9f0980f25f2b2673a,E:\UNSB_Expl\UNSB_HEADFIGURE_SIXDOMAIN_EXPANDED_20260824\data_views\single\RSCityscapes\trainB\RSCityscapes__0754.png,E:\UNSB_abl\full_dataset\RSCityscapes\target\0754.png,0754
E:\UNSB_Expl\UNSB_HEADFIGURE_SIXDOMAIN_EXPANDED_20260824\data_views\aio\trainB\RSCityscapes__0209.png,222220,,RSCityscapes,52,,,trainB,ed8156df323b1f6f198f5b40f4347215c41e0736594111b0f0ad642df56e8937,E:\UNSB_Expl\UNSB_HEADFIGURE_SIXDOMAIN_EXPANDED_20260824\data_views\single\RSCityscapes\trainB\RSCityscapes__0209.png,E:\UNSB_abl\full_dataset\RSCityscapes\target\0209.png,0209
E:\UNSB_Expl\UNSB_HEADFIGURE_SIXDOMAIN_EXPANDED_20260824\data_views\aio\trainB\RSCityscapes__0859.png,209112,,RSCityscapes,53,,,trainB,8a2ca0b6a678a7579258bdb0f07c76e7ad849090111fbd4f38f6d4a7dceb9b97,E:\UNSB_Expl\UNSB_HEADFIGURE_SIXDOMAIN_EXPANDED_20260824\data_views\single\RSCityscapes\trainB\RSCityscapes__0859.png,E:\UNSB_abl\full_dataset\RSCityscapes\target\0859.png,0859
E:\UNSB_Expl\UNSB_HEADFIGURE_SIXDOMAIN_EXPANDED_20260824\data_views\aio\trainB\RSCityscapes__0272.png,208560,,RSCityscapes,54,,,trainB,c5a5be01530c264c2f25dc17ebf811ac09e818ee141fe3f2dce435fd3459e78d,E:\UNSB_Expl\UNSB_HEADFIGURE_SIXDOMAIN_EXPANDED_20260824\data_views\single\RSCityscapes\trainB\RSCityscapes__0272.png,E:\UNSB_abl\full_dataset\RSCityscapes\target\0272.png,0272
E:\UNSB_Expl\UNSB_HEADFIGURE_SIXDOMAIN_EXPANDED_20260824\data_views\aio\trainB\RSCityscapes__0083.png,196339,,RSCityscapes,55,,,trainB,95582eb82efe86840b18aa2704d1ab46d2ac944b25c1dd4ec71b1ce3fef126a4,E:\UNSB_Expl\UNSB_HEADFIGURE_SIXDOMAIN_EXPANDED_20260824\data_views\single\RSCityscapes\trainB\RSCityscapes__0083.png,E:\UNSB_abl\full_dataset\RSCityscapes\target\0083.png,0083
E:\UNSB_Expl\UNSB_HEADFIGURE_SIXDOMAIN_EXPANDED_20260824\data_views\aio\trainB\RSCityscapes__0055.png,193078,,RSCityscapes,56,,,trainB,912315b3722ade1c056a3489e29c251ba1be4acbb540ef859f8e4adbb1920b94,E:\UNSB_Expl\UNSB_HEADFIGURE_SIXDOMAIN_EXPANDED_20260824\data_views\single\RSCityscapes\trainB\RSCityscapes__0055.png,E:\UNSB_abl\full_dataset\RSCityscapes\target\0055.png,0055
E:\UNSB_Expl\UNSB_HEADFIGURE_SIXDOMAIN_EXPANDED_20260824\data_views\aio\trainB\RSCityscapes__0022.png,191320,,RSCityscapes,57,,,trainB,a5f212034ba7c15d59c03d17febeafd9ccc5dc982b0a3bff5c488aa19f276e3e,E:\UNSB_Expl\UNSB_HEADFIGURE_SIXDOMAIN_EXPANDED_20260824\data_views\single\RSCityscapes\trainB\RSCityscapes__0022.png,E:\UNSB_abl\full_dataset\RSCityscapes\target\0022.png,0022
E:\UNSB_Expl\UNSB_HEADFIGURE_SIXDOMAIN_EXPANDED_20260824\data_views\aio\trainB\RSCityscapes__0051.png,193078,,RSCityscapes,58,,,trainB,912315b3722ade1c056a3489e29c251ba1be4acbb540ef859f8e4adbb1920b94,E:\UNSB_Expl\UNSB_HEADFIGURE_SIXDOMAIN_EXPANDED_20260824\data_views\single\RSCityscapes\trainB\RSCityscapes__0051.png,E:\UNSB_abl\full_dataset\RSCityscapes\target\0051.png,0051
E:\UNSB_Expl\UNSB_HEADFIGURE_SIXDOMAIN_EXPANDED_20260824\data_views\aio\trainB\RSCityscapes__0844.png,209112,,RSCityscapes,59,,,trainB,8a2ca0b6a678a7579258bdb0f07c76e7ad849090111fbd4f38f6d4a7dceb9b97,E:\UNSB_Expl\UNSB_HEADFIGURE_SIXDOMAIN_EXPANDED_20260824\data_views\single\RSCityscapes\trainB\RSCityscapes__0844.png,E:\UNSB_abl\full_dataset\RSCityscapes\target\0844.png,0844
E:\UNSB_Expl\UNSB_HEADFIGURE_SIXDOMAIN_EXPANDED_20260824\data_views\aio\trainB\RSCityscapes__1008.png,209424,,RSCityscapes,60,,,trainB,d55bf30ba1757631b4cba14260c32c422fc53c939f7445118c18823a1d1c81e7,E:\UNSB_Expl\UNSB_HEADFIGURE_SIXDOMAIN_EXPANDED_20260824\data_views\single\RSCityscapes\trainB\RSCityscapes__1008.png,E:\UNSB_abl\full_dataset\RSCityscapes\target\1008.png,1008
E:\UNSB_Expl\UNSB_HEADFIGURE_SIXDOMAIN_EXPANDED_20260824\data_views\aio\trainB\RSCityscapes__0392.png,217146,,RSCityscapes,61,,,trainB,2c21bc16cdb747e29b0e686eb369120e7a99a6c30a8532045732cbc91c264eb2,E:\UNSB_Expl\UNSB_HEADFIGURE_SIXDOMAIN_EXPANDED_20260824\data_views\single\RSCityscapes\trainB\RSCityscapes__0392.png,E:\UNSB_abl\full_dataset\RSCityscapes\target\0392.png,0392
E:\UNSB_Expl\UNSB_HEADFIGURE_SIXDOMAIN_EXPANDED_20260824\data_views\aio\trainB\RSCityscapes__0938.png,204326,,RSCityscapes,62,,,trainB,1c599a6ca4ea6fd3db3a4d8c9d980eb876197281f12979cb32a354103eee49b0,E:\UNSB_Expl\UNSB_HEADFIGURE_SIXDOMAIN_EXPANDED_20260824\data_views\single\RSCityscapes\trainB\RSCityscapes__0938.png,E:\UNSB_abl\full_dataset\RSCityscapes\target\0938.png,0938
E:\UNSB_Expl\UNSB_HEADFIGURE_SIXDOMAIN_EXPANDED_20260824\data_views\aio\trainB\RSCityscapes__1049.png,203552,,RSCityscapes,63,,,trainB,ab1520f3a08a6fdd37d694aa3c3bbdf7ec86460e2829588def6dbf0985888edd,E:\UNSB_Expl\UNSB_HEADFIGURE_SIXDOMAIN_EXPANDED_20260824\data_views\single\RSCityscapes\trainB\RSCityscapes__1049.png,E:\UNSB_abl\full_dataset\RSCityscapes\target\1049.png,1049
E:\UNSB_Expl\UNSB_HEADFIGURE_SIXDOMAIN_EXPANDED_20260824\data_views\aio\trainB\RSCityscapes__0746.png,207134,,RSCityscapes,64,,,trainB,9e83a8c63e5bb3a86acc8d23a27fcffc6be3fa0ceb4dd6c9f0980f25f2b2673a,E:\UNSB_Expl\UNSB_HEADFIGURE_SIXDOMAIN_EXPANDED_20260824\data_views\single\RSCityscapes\trainB\RSCityscapes__0746.png,E:\UNSB_abl\full_dataset\RSCityscapes\target\0746.png,0746
E:\UNSB_Expl\UNSB_HEADFIGURE_SIXDOMAIN_EXPANDED_20260824\data_views\aio\trainB\RSCityscapes__1045.png,203552,,RSCityscapes,65,,,trainB,ab1520f3a08a6fdd37d694aa3c3bbdf7ec86460e2829588def6dbf0985888edd,E:\UNSB_Expl\UNSB_HEADFIGURE_SIXDOMAIN_EXPANDED_20260824\data_views\single\RSCityscapes\trainB\RSCityscapes__1045.png,E:\UNSB_abl\full_dataset\RSCityscapes\target\1045.png,1045
E:\UNSB_Expl\UNSB_HEADFIGURE_SIXDOMAIN_EXPANDED_20260824\data_views\aio\trainB\RSCityscapes__0617.png,222333,,RSCityscapes,66,,,trainB,ce0d8ff4a505dbbcbdf43fc524bed4093f32ec0b6b398ca791d23da17e611da6,E:\UNSB_Expl\UNSB_HEADFIGURE_SIXDOMAIN_EXPANDED_20260824\data_views\single\RSCityscapes\trainB\RSCityscapes__0617.png,E:\UNSB_abl\full_dataset\RSCityscapes\target\0617.png,0617
E:\UNSB_Expl\UNSB_HEADFIGURE_SIXDOMAIN_EXPANDED_20260824\data_views\aio\trainB\RSCityscapes__0316.png,228655,,RSCityscapes,67,,,trainB,17ed8f70f612b848880d6400b8d2d9a488cb5a98d6a76f324ca3d71cc5559da8,E:\UNSB_Expl\UNSB_HEADFIGURE_SIXDOMAIN_EXPANDED_20260824\data_views\single\RSCityscapes\trainB\RSCityscapes__0316.png,E:\UNSB_abl\full_dataset\RSCityscapes\target\0316.png,0316
E:\UNSB_Expl\UNSB_HEADFIGURE_SIXDOMAIN_EXPANDED_20260824\data_views\aio\trainB\RSCityscapes__0868.png,213064,,RSCityscapes,68,,,trainB,66542c6b85cb06e37840caffef01fe7cf36b745ec6533a4ecf43540b67240254,E:\UNSB_Expl\UNSB_HEADFIGURE_SIXDOMAIN_EXPANDED_20260824\data_views\single\RSCityscapes\trainB\RSCityscapes__0868.png,E:\UNSB_abl\full_dataset\RSCityscapes\target\0868.png,0868
E:\UNSB_Expl\UNSB_HEADFIGURE_SIXDOMAIN_EXPANDED_20260824\data_views\aio\trainB\RSCityscapes__0420.png,214269,,RSCityscapes,69,,,trainB,c4f3ea09735f0dd7b1fedbe13ab08b5a82a28da144b706e011863518a3b52376,E:\UNSB_Expl\UNSB_HEADFIGURE_SIXDOMAIN_EXPANDED_20260824\data_views\single\RSCityscapes\trainB\RSCityscapes__0420.png,E:\UNSB_abl\full_dataset\RSCityscapes\target\0420.png,0420
E:\UNSB_Expl\UNSB_HEADFIGURE_SIXDOMAIN_EXPANDED_20260824\data_views\aio\trainB\RSCityscapes__0914.png,199434,,RSCityscapes,70,,,trainB,61ff60eb0cf1028ca95eebdaf3f039aee205d9cbdf12e98230c247f2efc79d18,E:\UNSB_Expl\UNSB_HEADFIGURE_SIXDOMAIN_EXPANDED_20260824\data_views\single\RSCityscapes\trainB\RSCityscapes__0914.png,E:\UNSB_abl\full_dataset\RSCityscapes\target\0914.png,0914
E:\UNSB_Expl\UNSB_HEADFIGURE_SIXDOMAIN_EXPANDED_20260824\data_views\aio\trainB\RSCityscapes__0296.png,228655,,RSCityscapes,71,,,trainB,17ed8f70f612b848880d6400b8d2d9a488cb5a98d6a76f324ca3d71cc5559da8,E:\UNSB_Expl\UNSB_HEADFIGURE_SIXDOMAIN_EXPANDED_20260824\data_views\single\RSCityscapes\trainB\RSCityscapes__0296.png,E:\UNSB_abl\full_dataset\RSCityscapes\target\0296.png,0296
E:\UNSB_Expl\UNSB_HEADFIGURE_SIXDOMAIN_EXPANDED_20260824\data_views\aio\trainB\RSCityscapes__0228.png,233147,,RSCityscapes,72,,,trainB,1c0dca7124a0fd6403b194fa22ad538294d7db95114848f161a1486d4f1c2e22,E:\UNSB_Expl\UNSB_HEADFIGURE_SIXDOMAIN_EXPANDED_20260824\data_views\single\RSCityscapes\trainB\RSCityscapes__0228.png,E:\UNSB_abl\full_dataset\RSCityscapes\target\0228.png,0228
E:\UNSB_Expl\UNSB_HEADFIGURE_SIXDOMAIN_EXPANDED_20260824\data_views\aio\trainB\RSCityscapes__0250.png,233147,,RSCityscapes,73,,,trainB,1c0dca7124a0fd6403b194fa22ad538294d7db95114848f161a1486d4f1c2e22,E:\UNSB_Expl\UNSB_HEADFIGURE_SIXDOMAIN_EXPANDED_20260824\data_views\single\RSCityscapes\trainB\RSCityscapes__0250.png,E:\UNSB_abl\full_dataset\RSCityscapes\target\0250.png,0250
E:\UNSB_Expl\UNSB_HEADFIGURE_SIXDOMAIN_EXPANDED_20260824\data_views\aio\trainB\RSCityscapes__0831.png,209112,,RSCityscapes,74,,,trainB,8a2ca0b6a678a7579258bdb0f07c76e7ad849090111fbd4f38f6d4a7dceb9b97,E:\UNSB_Expl\UNSB_HEADFIGURE_SIXDOMAIN_EXPANDED_20260824\data_views\single\RSCityscapes\trainB\RSCityscapes__0831.png,E:\UNSB_abl\full_dataset\RSCityscapes\target\0831.png,0831
E:\UNSB_Expl\UNSB_HEADFIGURE_SIXDOMAIN_EXPANDED_20260824\data_views\aio\trainB\RSCityscapes__0743.png,207134,,RSCityscapes,75,,,trainB,9e83a8c63e5bb3a86acc8d23a27fcffc6be3fa0ceb4dd6c9f0980f25f2b2673a,E:\UNSB_Expl\UNSB_HEADFIGURE_SIXDOMAIN_EXPANDED_20260824\data_views\single\RSCityscapes\trainB\RSCityscapes__0743.png,E:\UNSB_abl\full_dataset\RSCityscapes\target\0743.png,0743
E:\UNSB_Expl\UNSB_HEADFIGURE_SIXDOMAIN_EXPANDED_20260824\data_views\aio\trainB\RSCityscapes__0939.png,204326,,RSCityscapes,76,,,trainB,1c599a6ca4ea6fd3db3a4d8c9d980eb876197281f12979cb32a354103eee49b0,E:\UNSB_Expl\UNSB_HEADFIGURE_SIXDOMAIN_EXPANDED_20260824\data_views\single\RSCityscapes\trainB\RSCityscapes__0939.png,E:\UNSB_abl\full_dataset\RSCityscapes\target\0939.png,0939
E:\UNSB_Expl\UNSB_HEADFIGURE_SIXDOMAIN_EXPANDED_20260824\data_views\aio\trainB\RSCityscapes__0985.png,209424,,RSCityscapes,77,,,trainB,d55bf30ba1757631b4cba14260c32c422fc53c939f7445118c18823a1d1c81e7,E:\UNSB_Expl\UNSB_HEADFIGURE_SIXDOMAIN_EXPANDED_20260824\data_views\single\RSCityscapes\trainB\RSCityscapes__0985.png,E:\UNSB_abl\full_dataset\RSCityscapes\target\0985.png,0985
E:\UNSB_Expl\UNSB_HEADFIGURE_SIXDOMAIN_EXPANDED_20260824\data_views\aio\trainB\RSCityscapes__1172.png,187740,,RSCityscapes,78,,,trainB,75bfe66943c6724c9c55fb528948755eef883a4dd8c2a957d87800ca6d4b6c24,E:\UNSB_Expl\UNSB_HEADFIGURE_SIXDOMAIN_EXPANDED_20260824\data_views\single\RSCityscapes\trainB\RSCityscapes__1172.png,E:\UNSB_abl\full_dataset\RSCityscapes\target\1172.png,1172
E:\UNSB_Expl\UNSB_HEADFIGURE_SIXDOMAIN_EXPANDED_20260824\data_views\aio\trainB\RSCityscapes__0094.png,196339,,RSCityscapes,79,,,trainB,95582eb82efe86840b18aa2704d1ab46d2ac944b25c1dd4ec71b1ce3fef126a4,E:\UNSB_Expl\UNSB_HEADFIGURE_SIXDOMAIN_EXPANDED_20260824\data_views\single\RSCityscapes\trainB\RSCityscapes__0094.png,E:\UNSB_abl\full_dataset\RSCityscapes\target\0094.png,0094
E:\UNSB_Expl\UNSB_HEADFIGURE_SIXDOMAIN_EXPANDED_20260824\data_views\aio\trainB\RSCityscapes__0326.png,214694,,RSCityscapes,80,,,trainB,0d34d088fb2b2f3f4495357623e9206d5e40cb4d8135bf03d9089496ba252d7d,E:\UNSB_Expl\UNSB_HEADFIGURE_SIXDOMAIN_EXPANDED_20260824\data_views\single\RSCityscapes\trainB\RSCityscapes__0326.png,E:\UNSB_abl\full_dataset\RSCityscapes\target\0326.png,0326
E:\UNSB_Expl\UNSB_HEADFIGURE_SIXDOMAIN_EXPANDED_20260824\data_views\aio\trainB\RSCityscapes__0031.png,191320,,RSCityscapes,81,,,trainB,a5f212034ba7c15d59c03d17febeafd9ccc5dc982b0a3bff5c488aa19f276e3e,E:\UNSB_Expl\UNSB_HEADFIGURE_SIXDOMAIN_EXPANDED_20260824\data_views\single\RSCityscapes\trainB\RSCityscapes__0031.png,E:\UNSB_abl\full_dataset\RSCityscapes\target\0031.png,0031
E:\UNSB_Expl\UNSB_HEADFIGURE_SIXDOMAIN_EXPANDED_20260824\data_views\aio\trainB\RSCityscapes__0446.png,209836,,RSCityscapes,82,,,trainB,a2433e47b02b872acd38b3518eed21fdbc5c7ade8e71e1854be9c590ddef1a42,E:\UNSB_Expl\UNSB_HEADFIGURE_SIXDOMAIN_EXPANDED_20260824\data_views\single\RSCityscapes\trainB\RSCityscapes__0446.png,E:\UNSB_abl\full_dataset\RSCityscapes\target\0446.png,0446
E:\UNSB_Expl\UNSB_HEADFIGURE_SIXDOMAIN_EXPANDED_20260824\data_views\aio\trainB\RSCityscapes__1101.png,189690,,RSCityscapes,83,,,trainB,9713647dabf8ebcafec1f85e81b3479a18adb9bd9df742af2d5966a968163e8d,E:\UNSB_Expl\UNSB_HEADFIGURE_SIXDOMAIN_EXPANDED_20260824\data_views\single\RSCityscapes\trainB\RSCityscapes__1101.png,E:\UNSB_abl\full_dataset\RSCityscapes\target\1101.png,1101
E:\UNSB_Expl\UNSB_HEADFIGURE_SIXDOMAIN_EXPANDED_20260824\data_views\aio\trainB\RSCityscapes__0369.png,217146,,RSCityscapes,84,,,trainB,2c21bc16cdb747e29b0e686eb369120e7a99a6c30a8532045732cbc91c264eb2,E:\UNSB_Expl\UNSB_HEADFIGURE_SIXDOMAIN_EXPANDED_20260824\data_views\single\RSCityscapes\trainB\RSCityscapes__0369.png,E:\UNSB_abl\full_dataset\RSCityscapes\target\0369.png,0369
E:\UNSB_Expl\UNSB_HEADFIGURE_SIXDOMAIN_EXPANDED_20260824\data_views\aio\trainB\RSCityscapes__0546.png,242000,,RSCityscapes,85,,,trainB,26e637438072052f0d2e229eadf95a215cab702df1f04551bc0b883a0d40984a,E:\UNSB_Expl\UNSB_HEADFIGURE_SIXDOMAIN_EXPANDED_20260824\data_views\single\RSCityscapes\trainB\RSCityscapes__0546.png,E:\UNSB_abl\full_dataset\RSCityscapes\target\0546.png,0546
E:\UNSB_Expl\UNSB_HEADFIGURE_SIXDOMAIN_EXPANDED_20260824\data_views\aio\trainB\RSCityscapes__0792.png,204870,,RSCityscapes,86,,,trainB,295e2181eb71e67b411b8167e21e8de094ca6975eb81bc04fa96e18ddb05cd97,E:\UNSB_Expl\UNSB_HEADFIGURE_SIXDOMAIN_EXPANDED_20260824\data_views\single\RSCityscapes\trainB\RSCityscapes__0792.png,E:\UNSB_abl\full_dataset\RSCityscapes\target\0792.png,0792
E:\UNSB_Expl\UNSB_HEADFIGURE_SIXDOMAIN_EXPANDED_20260824\data_views\aio\trainB\RSCityscapes__0453.png,209836,,RSCityscapes,87,,,trainB,a2433e47b02b872acd38b3518eed21fdbc5c7ade8e71e1854be9c590ddef1a42,E:\UNSB_Expl\UNSB_HEADFIGURE_SIXDOMAIN_EXPANDED_20260824\data_views\single\RSCityscapes\trainB\RSCityscapes__0453.png,E:\UNSB_abl\full_dataset\RSCityscapes\target\0453.png,0453
E:\UNSB_Expl\UNSB_HEADFIGURE_SIXDOMAIN_EXPANDED_20260824\data_views\aio\trainB\RSCityscapes__0860.png,209112,,RSCityscapes,88,,,trainB,8a2ca0b6a678a7579258bdb0f07c76e7ad849090111fbd4f38f6d4a7dceb9b97,E:\UNSB_Expl\UNSB_HEADFIGURE_SIXDOMAIN_EXPANDED_20260824\data_views\single\RSCityscapes\trainB\RSCityscapes__0860.png,E:\UNSB_abl\full_dataset\RSCityscapes\target\0860.png,0860
E:\UNSB_Expl\UNSB_HEADFIGURE_SIXDOMAIN_EXPANDED_20260824\data_views\aio\trainB\RSCityscapes__0299.png,228655,,RSCityscapes,89,,,trainB,17ed8f70f612b848880d6400b8d2d9a488cb5a98d6a76f324ca3d71cc5559da8,E:\UNSB_Expl\UNSB_HEADFIGURE_SIXDOMAIN_EXPANDED_20260824\data_views\single\RSCityscapes\trainB\RSCityscapes__0299.png,E:\UNSB_abl\full_dataset\RSCityscapes\target\0299.png,0299
E:\UNSB_Expl\UNSB_HEADFIGURE_SIXDOMAIN_EXPANDED_20260824\data_views\aio\trainB\RSCityscapes__0987.png,209424,,RSCityscapes,90,,,trainB,d55bf30ba1757631b4cba14260c32c422fc53c939f7445118c18823a1d1c81e7,E:\UNSB_Expl\UNSB_HEADFIGURE_SIXDOMAIN_EXPANDED_20260824\data_views\single\RSCityscapes\trainB\RSCityscapes__0987.png,E:\UNSB_abl\full_dataset\RSCityscapes\target\0987.png,0987
E:\UNSB_Expl\UNSB_HEADFIGURE_SIXDOMAIN_EXPANDED_20260824\data_views\aio\trainB\RSCityscapes__0644.png,222333,,RSCityscapes,91,,,trainB,ce0d8ff4a505dbbcbdf43fc524bed4093f32ec0b6b398ca791d23da17e611da6,E:\UNSB_Expl\UNSB_HEADFIGURE_SIXDOMAIN_EXPANDED_20260824\data_views\single\RSCityscapes\trainB\RSCityscapes__0644.png,E:\UNSB_abl\full_dataset\RSCityscapes\target\0644.png,0644
E:\UNSB_Expl\UNSB_HEADFIGURE_SIXDOMAIN_EXPANDED_20260824\data_views\aio\trainB\RSCityscapes__0142.png,204556,,RSCityscapes,92,,,trainB,cbacc4c204a32c6877556d8b22fc18f2987c1825ab2bbe643930925da381026c,E:\UNSB_Expl\UNSB_HEADFIGURE_SIXDOMAIN_EXPANDED_20260824\data_views\single\RSCityscapes\trainB\RSCityscapes__0142.png,E:\UNSB_abl\full_dataset\RSCityscapes\target\0142.png,0142
E:\UNSB_Expl\UNSB_HEADFIGURE_SIXDOMAIN_EXPANDED_20260824\data_views\aio\trainB\RSCityscapes__0968.png,204326,,RSCityscapes,93,,,trainB,1c599a6ca4ea6fd3db3a4d8c9d980eb876197281f12979cb32a354103eee49b0,E:\UNSB_Expl\UNSB_HEADFIGURE_SIXDOMAIN_EXPANDED_20260824\data_views\single\RSCityscapes\trainB\RSCityscapes__0968.png,E:\UNSB_abl\full_dataset\RSCityscapes\target\0968.png,0968
E:\UNSB_Expl\UNSB_HEADFIGURE_SIXDOMAIN_EXPANDED_20260824\data_views\aio\trainB\RSCityscapes__0710.png,216026,,RSCityscapes,94,,,trainB,6f2616a551e208884b919586f9e78e4f8b588fbc4ee780c36068801f7939949d,E:\UNSB_Expl\UNSB_HEADFIGURE_SIXDOMAIN_EXPANDED_20260824\data_views\single\RSCityscapes\trainB\RSCityscapes__0710.png,E:\UNSB_abl\full_dataset\RSCityscapes\target\0710.png,0710
E:\UNSB_Expl\UNSB_HEADFIGURE_SIXDOMAIN_EXPANDED_20260824\data_views\aio\trainB\RSCityscapes__0240.png,233147,,RSCityscapes,95,,,trainB,1c0dca7124a0fd6403b194fa22ad538294d7db95114848f161a1486d4f1c2e22,E:\UNSB_Expl\UNSB_HEADFIGURE_SIXDOMAIN_EXPANDED_20260824\data_views\single\RSCityscapes\trainB\RSCityscapes__0240.png,E:\UNSB_abl\full_dataset\RSCityscapes\target\0240.png,0240
E:\UNSB_Expl\UNSB_HEADFIGURE_SIXDOMAIN_EXPANDED_20260824\data_views\aio\trainB\RSCityscapes__0026.png,191320,,RSCityscapes,96,,,trainB,a5f212034ba7c15d59c03d17febeafd9ccc5dc982b0a3bff5c488aa19f276e3e,E:\UNSB_Expl\UNSB_HEADFIGURE_SIXDOMAIN_EXPANDED_20260824\data_views\single\RSCityscapes\trainB\RSCityscapes__0026.png,E:\UNSB_abl\full_dataset\RSCityscapes\target\0026.png,0026
E:\UNSB_Expl\UNSB_HEADFIGURE_SIXDOMAIN_EXPANDED_20260824\data_views\aio\trainB\RSCityscapes__0219.png,233147,,RSCityscapes,97,,,trainB,1c0dca7124a0fd6403b194fa22ad538294d7db95114848f161a1486d4f1c2e22,E:\UNSB_Expl\UNSB_HEADFIGURE_SIXDOMAIN_EXPANDED_20260824\data_views\single\RSCityscapes\trainB\RSCityscapes__0219.png,E:\UNSB_abl\full_dataset\RSCityscapes\target\0219.png,0219
E:\UNSB_Expl\UNSB_HEADFIGURE_SIXDOMAIN_EXPANDED_20260824\data_views\aio\trainB\RSCityscapes__0919.png,199434,,RSCityscapes,98,,,trainB,61ff60eb0cf1028ca95eebdaf3f039aee205d9cbdf12e98230c247f2efc79d18,E:\UNSB_Expl\UNSB_HEADFIGURE_SIXDOMAIN_EXPANDED_20260824\data_views\single\RSCityscapes\trainB\RSCityscapes__0919.png,E:\UNSB_abl\full_dataset\RSCityscapes\target\0919.png,0919
E:\UNSB_Expl\UNSB_HEADFIGURE_SIXDOMAIN_EXPANDED_20260824\data_views\aio\trainB\RSCityscapes__0215.png,222220,,RSCityscapes,99,,,trainB,ed8156df323b1f6f198f5b40f4347215c41e0736594111b0f0ad642df56e8937,E:\UNSB_Expl\UNSB_HEADFIGURE_SIXDOMAIN_EXPANDED_20260824\data_views\single\RSCityscapes\trainB\RSCityscapes__0215.png,E:\UNSB_abl\full_dataset\RSCityscapes\target\0215.png,0215
E:\UNSB_Expl\UNSB_HEADFIGURE_SIXDOMAIN_EXPANDED_20260824\data_views\aio\trainB\RSCityscapes__0878.png,213064,,RSCityscapes,100,,,trainB,66542c6b85cb06e37840caffef01fe7cf36b745ec6533a4ecf43540b67240254,E:\UNSB_Expl\UNSB_HEADFIGURE_SIXDOMAIN_EXPANDED_20260824\data_views\single\RSCityscapes\trainB\RSCityscapes__0878.png,E:\UNSB_abl\full_dataset\RSCityscapes\target\0878.png,0878
E:\UNSB_Expl\UNSB_HEADFIGURE_SIXDOMAIN_EXPANDED_20260824\data_views\aio\trainB\RSCityscapes__0874.png,213064,,RSCityscapes,101,,,trainB,66542c6b85cb06e37840caffef01fe7cf36b745ec6533a4ecf43540b67240254,E:\UNSB_Expl\UNSB_HEADFIGURE_SIXDOMAIN_EXPANDED_20260824\data_views\single\RSCityscapes\trainB\RSCityscapes__0874.png,E:\UNSB_abl\full_dataset\RSCityscapes\target\0874.png,0874
E:\UNSB_Expl\UNSB_HEADFIGURE_SIXDOMAIN_EXPANDED_20260824\data_views\aio\trainB\RSCityscapes__0526.png,237879,,RSCityscapes,102,,,trainB,9e3989156fc6f471ca2c4b1fe3c634369617d3940dbd702d46f54831629ec468,E:\UNSB_Expl\UNSB_HEADFIGURE_SIXDOMAIN_EXPANDED_20260824\data_views\single\RSCityscapes\trainB\RSCityscapes__0526.png,E:\UNSB_abl\full_dataset\RSCityscapes\target\0526.png,0526
E:\UNSB_Expl\UNSB_HEADFIGURE_SIXDOMAIN_EXPANDED_20260824\data_views\aio\trainB\RSCityscapes__0805.png,209106,,RSCityscapes,103,,,trainB,e72ff823eb2747addab5752c85f4212f70b436def2bab71aa9228ded5912ec8b,E:\UNSB_Expl\UNSB_HEADFIGURE_SIXDOMAIN_EXPANDED_20260824\data_views\single\RSCityscapes\trainB\RSCityscapes__0805.png,E:\UNSB_abl\full_dataset\RSCityscapes\target\0805.png,0805
E:\UNSB_Expl\UNSB_HEADFIGURE_SIXDOMAIN_EXPANDED_20260824\data_views\aio\trainB\RSCityscapes__0897.png,213064,,RSCityscapes,104,,,trainB,66542c6b85cb06e37840caffef01fe7cf36b745ec6533a4ecf43540b67240254,E:\UNSB_Expl\UNSB_HEADFIGURE_SIXDOMAIN_EXPANDED_20260824\data_views\single\RSCityscapes\trainB\RSCityscapes__0897.png,E:\UNSB_abl\full_dataset\RSCityscapes\target\0897.png,0897
E:\UNSB_Expl\UNSB_HEADFIGURE_SIXDOMAIN_EXPANDED_20260824\data_views\aio\trainB\RSCityscapes__0188.png,222220,,RSCityscapes,105,,,trainB,ed8156df323b1f6f198f5b40f4347215c41e0736594111b0f0ad642df56e8937,E:\UNSB_Expl\UNSB_HEADFIGURE_SIXDOMAIN_EXPANDED_20260824\data_views\single\RSCityscapes\trainB\RSCityscapes__0188.png,E:\UNSB_abl\full_dataset\RSCityscapes\target\0188.png,0188
E:\UNSB_Expl\UNSB_HEADFIGURE_SIXDOMAIN_EXPANDED_20260824\data_views\aio\trainB\RSCityscapes__0867.png,213064,,RSCityscapes,106,,,trainB,66542c6b85cb06e37840caffef01fe7cf36b745ec6533a4ecf43540b67240254,E:\UNSB_Expl\UNSB_HEADFIGURE_SIXDOMAIN_EXPANDED_20260824\data_views\single\RSCityscapes\trainB\RSCityscapes__0867.png,E:\UNSB_abl\full_dataset\RSCityscapes\target\0867.png,0867
E:\UNSB_Expl\UNSB_HEADFIGURE_SIXDOMAIN_EXPANDED_20260824\data_views\aio\trainB\RSCityscapes__0569.png,242000,,RSCityscapes,107,,,trainB,26e637438072052f0d2e229eadf95a215cab702df1f04551bc0b883a0d40984a,E:\UNSB_Expl\UNSB_HEADFIGURE_SIXDOMAIN_EXPANDED_20260824\data_views\single\RSCityscapes\trainB\RSCityscapes__0569.png,E:\UNSB_abl\full_dataset\RSCityscapes\target\0569.png,0569
E:\UNSB_Expl\UNSB_HEADFIGURE_SIXDOMAIN_EXPANDED_20260824\data_views\aio\trainB\RSCityscapes__0984.png,209424,,RSCityscapes,108,,,trainB,d55bf30ba1757631b4cba14260c32c422fc53c939f7445118c18823a1d1c81e7,E:\UNSB_Expl\UNSB_HEADFIGURE_SIXDOMAIN_EXPANDED_20260824\data_views\single\RSCityscapes\trainB\RSCityscapes__0984.png,E:\UNSB_abl\full_dataset\RSCityscapes\target\0984.png,0984
E:\UNSB_Expl\UNSB_HEADFIGURE_SIXDOMAIN_EXPANDED_20260824\data_views\aio\trainB\RSCityscapes__0983.png,209424,,RSCityscapes,109,,,trainB,d55bf30ba1757631b4cba14260c32c422fc53c939f7445118c18823a1d1c81e7,E:\UNSB_Expl\UNSB_HEADFIGURE_SIXDOMAIN_EXPANDED_20260824\data_views\single\RSCityscapes\trainB\RSCityscapes__0983.png,E:\UNSB_abl\full_dataset\RSCityscapes\target\0983.png,0983
E:\UNSB_Expl\UNSB_HEADFIGURE_SIXDOMAIN_EXPANDED_20260824\data_views\aio\trainB\RSCityscapes__1150.png,185058,,RSCityscapes,110,,,trainB,f730fd39761eed371cec5519f831c68cd99b3c02d907e311e0ec2ed42521a63f,E:\UNSB_Expl\UNSB_HEADFIGURE_SIXDOMAIN_EXPANDED_20260824\data_views\single\RSCityscapes\trainB\RSCityscapes__1150.png,E:\UNSB_abl\full_dataset\RSCityscapes\target\1150.png,1150
E:\UNSB_Expl\UNSB_HEADFIGURE_SIXDOMAIN_EXPANDED_20260824\data_views\aio\trainB\RSCityscapes__1154.png,187740,,RSCityscapes,111,,,trainB,75bfe66943c6724c9c55fb528948755eef883a4dd8c2a957d87800ca6d4b6c24,E:\UNSB_Expl\UNSB_HEADFIGURE_SIXDOMAIN_EXPANDED_20260824\data_views\single\RSCityscapes\trainB\RSCityscapes__1154.png,E:\UNSB_abl\full_dataset\RSCityscapes\target\1154.png,1154
E:\UNSB_Expl\UNSB_HEADFIGURE_SIXDOMAIN_EXPANDED_20260824\data_views\aio\trainB\RSCityscapes__0691.png,216026,,RSCityscapes,112,,,trainB,6f2616a551e208884b919586f9e78e4f8b588fbc4ee780c36068801f7939949d,E:\UNSB_Expl\UNSB_HEADFIGURE_SIXDOMAIN_EXPANDED_20260824\data_views\single\RSCityscapes\trainB\RSCityscapes__0691.png,E:\UNSB_abl\full_dataset\RSCityscapes\target\0691.png,0691
E:\UNSB_Expl\UNSB_HEADFIGURE_SIXDOMAIN_EXPANDED_20260824\data_views\aio\trainB\RSCityscapes__1054.png,203552,,RSCityscapes,113,,,trainB,ab1520f3a08a6fdd37d694aa3c3bbdf7ec86460e2829588def6dbf0985888edd,E:\UNSB_Expl\UNSB_HEADFIGURE_SIXDOMAIN_EXPANDED_20260824\data_views\single\RSCityscapes\trainB\RSCityscapes__1054.png,E:\UNSB_abl\full_dataset\RSCityscapes\target\1054.png,1054
E:\UNSB_Expl\UNSB_HEADFIGURE_SIXDOMAIN_EXPANDED_20260824\data_views\aio\trainB\RSCityscapes__0069.png,193078,,RSCityscapes,114,,,trainB,912315b3722ade1c056a3489e29c251ba1be4acbb540ef859f8e4adbb1920b94,E:\UNSB_Expl\UNSB_HEADFIGURE_SIXDOMAIN_EXPANDED_20260824\data_views\single\RSCityscapes\trainB\RSCityscapes__0069.png,E:\UNSB_abl\full_dataset\RSCityscapes\target\0069.png,0069
E:\UNSB_Expl\UNSB_HEADFIGURE_SIXDOMAIN_EXPANDED_20260824\data_views\aio\trainB\RSCityscapes__0120.png,204556,,RSCityscapes,115,,,trainB,cbacc4c204a32c6877556d8b22fc18f2987c1825ab2bbe643930925da381026c,E:\UNSB_Expl\UNSB_HEADFIGURE_SIXDOMAIN_EXPANDED_20260824\data_views\single\RSCityscapes\trainB\RSCityscapes__0120.png,E:\UNSB_abl\full_dataset\RSCityscapes\target\0120.png,0120
E:\UNSB_Expl\UNSB_HEADFIGURE_SIXDOMAIN_EXPANDED_20260824\data_views\aio\trainB\RSCityscapes__1094.png,189690,,RSCityscapes,116,,,trainB,9713647dabf8ebcafec1f85e81b3479a18adb9bd9df742af2d5966a968163e8d,E:\UNSB_Expl\UNSB_HEADFIGURE_SIXDOMAIN_EXPANDED_20260824\data_views\single\RSCityscapes\trainB\RSCityscapes__1094.png,E:\UNSB_abl\full_dataset\RSCityscapes\target\1094.png,1094
E:\UNSB_Expl\UNSB_HEADFIGURE_SIXDOMAIN_EXPANDED_20260824\data_views\aio\trainB\RSCityscapes__0212.png,222220,,RSCityscapes,117,,,trainB,ed8156df323b1f6f198f5b40f4347215c41e0736594111b0f0ad642df56e8937,E:\UNSB_Expl\UNSB_HEADFIGURE_SIXDOMAIN_EXPANDED_20260824\data_views\single\RSCityscapes\trainB\RSCityscapes__0212.png,E:\UNSB_abl\full_dataset\RSCityscapes\target\0212.png,0212
E:\UNSB_Expl\UNSB_HEADFIGURE_SIXDOMAIN_EXPANDED_20260824\data_views\aio\trainB\RSCityscapes__0750.png,207134,,RSCityscapes,118,,,trainB,9e83a8c63e5bb3a86acc8d23a27fcffc6be3fa0ceb4dd6c9f0980f25f2b2673a,E:\UNSB_Expl\UNSB_HEADFIGURE_SIXDOMAIN_EXPANDED_20260824\data_views\single\RSCityscapes\trainB\RSCityscapes__0750.png,E:\UNSB_abl\full_dataset\RSCityscapes\target\0750.png,0750
E:\UNSB_Expl\UNSB_HEADFIGURE_SIXDOMAIN_EXPANDED_20260824\data_views\aio\trainB\RSCityscapes__0707.png,216026,,RSCityscapes,119,,,trainB,6f2616a551e208884b919586f9e78e4f8b588fbc4ee780c36068801f7939949d,E:\UNSB_Expl\UNSB_HEADFIGURE_SIXDOMAIN_EXPANDED_20260824\data_views\single\RSCityscapes\trainB\RSCityscapes__0707.png,E:\UNSB_abl\full_dataset\RSCityscapes\target\0707.png,0707
,293654,0763,RSCityscapes,0,False,True,expanded_internal_heldout,164cd84e0ac7d47a14f1f64ad12b9063072316e01768e19aad34bb65fb20bddd,,E:\UNSB_Expl\UNSB_HEADFIGURE_SIXDOMAIN_EXPANDED_20260824\data_views\heldoutA\RSCityscapes\RSCityscapes__0763.png,RSCityscapes__0763
,284526,1075,RSCityscapes,1,False,False,expanded_internal_heldout,652af02d1923483d0abf3b89d9754d506b595a57cb3c5ffb697fc769dd6c0e0c,,E:\UNSB_Expl\UNSB_HEADFIGURE_SIXDOMAIN_EXPANDED_20260824\data_views\heldoutA\RSCityscapes\RSCityscapes__1075.png,RSCityscapes__1075
,283432,0865,RSCityscapes,2,False,False,expanded_internal_heldout,383d8d4deb27a3c251fa0a9adbbd92164ca68788dab249a3ec30b21f2b348d20,,E:\UNSB_Expl\UNSB_HEADFIGURE_SIXDOMAIN_EXPANDED_20260824\data_views\heldoutA\RSCityscapes\RSCityscapes__0865.png,RSCityscapes__0865
,241692,0240,RSCityscapes,3,False,False,expanded_internal_heldout,a687844345585b70c5c4f6a4b58856822694bd2a9b53aa87bfa60d32536a0b64,,E:\UNSB_Expl\UNSB_HEADFIGURE_SIXDOMAIN_EXPANDED_20260824\data_views\heldoutA\RSCityscapes\RSCityscapes__0240.png,RSCityscapes__0240
,243752,1063,RSCityscapes,4,False,False,expanded_internal_heldout,93b464a5b960fd362b364fc9982da25a2059b1fd2592954e626d24e6906c9c40,,E:\UNSB_Expl\UNSB_HEADFIGURE_SIXDOMAIN_EXPANDED_20260824\data_views\heldoutA\RSCityscapes\RSCityscapes__1063.png,RSCityscapes__1063
,224205,0360,RSCityscapes,5,False,False,expanded_internal_heldout,e58dc8c9f5246ac3cf22923fe4fb36565af38c19597c265c2dc05de31c1457be,,E:\UNSB_Expl\UNSB_HEADFIGURE_SIXDOMAIN_EXPANDED_20260824\data_views\heldoutA\RSCityscapes\RSCityscapes__0360.png,RSCityscapes__0360
,246669,0293,RSCityscapes,6,False,False,expanded_internal_heldout,80123bbe91d65e860505796784d8df7d9138b06afad164d494832d15ddfd91c0,,E:\UNSB_Expl\UNSB_HEADFIGURE_SIXDOMAIN_EXPANDED_20260824\data_views\heldoutA\RSCityscapes\RSCityscapes__0293.png,RSCityscapes__0293
,282527,0444,RSCityscapes,7,False,False,expanded_internal_heldout,7c34969ca9a5ef6a4d48e3d6c78c5a48803d08199e3d62a9947381b0fbd6e8e6,,E:\UNSB_Expl\UNSB_HEADFIGURE_SIXDOMAIN_EXPANDED_20260824\data_views\heldoutA\RSCityscapes\RSCityscapes__0444.png,RSCityscapes__0444
,250816,0303,RSCityscapes,8,False,False,expanded_internal_heldout,f70b796038cf61bc057d9b135727599bc16fa8ee8f2b370433d3f04882189321,,E:\UNSB_Expl\UNSB_HEADFIGURE_SIXDOMAIN_EXPANDED_20260824\data_views\heldoutA\RSCityscapes\RSCityscapes__0303.png,RSCityscapes__0303
,260982,0850,RSCityscapes,9,False,False,expanded_internal_heldout,fdabc5bc5c617b2ef98bbf741236364cc6a06df0d95ad29a6080d94c12c79745,,E:\UNSB_Expl\UNSB_HEADFIGURE_SIXDOMAIN_EXPANDED_20260824\data_views\heldoutA\RSCityscapes\RSCityscapes__0850.png,RSCityscapes__0850
,252750,0504,RSCityscapes,10,False,False,expanded_internal_heldout,c34f1cd4e47271181415910058858fd406e6732062bc6d9463bdce1a782dffab,,E:\UNSB_Expl\UNSB_HEADFIGURE_SIXDOMAIN_EXPANDED_20260824\data_views\heldoutA\RSCityscapes\RSCityscapes__0504.png,RSCityscapes__0504
,250972,0747,RSCityscapes,11,False,False,expanded_internal_heldout,287cfdc86a1dbfe0975399206abe36dcb3be160248844b30c67235f6c4e708ad,,E:\UNSB_Expl\UNSB_HEADFIGURE_SIXDOMAIN_EXPANDED_20260824\data_views\heldoutA\RSCityscapes\RSCityscapes__0747.png,RSCityscapes__0747
,209578,1020,RSCityscapes,12,False,False,expanded_internal_heldout,6625743ece84b48fb62b45f4b18be7ea923d047e464d6cee2d1454de497dfa84,,E:\UNSB_Expl\UNSB_HEADFIGURE_SIXDOMAIN_EXPANDED_20260824\data_views\heldoutA\RSCityscapes\RSCityscapes__1020.png,RSCityscapes__1020
,191492,0065,RSCityscapes,13,False,False,expanded_internal_heldout,b5c2b2d6647e44c2625c2d3f1ec47aee4d8d0fec56e28b1135f00a2ea0f63704,,E:\UNSB_Expl\UNSB_HEADFIGURE_SIXDOMAIN_EXPANDED_20260824\data_views\heldoutA\RSCityscapes\RSCityscapes__0065.png,RSCityscapes__0065
,284888,0875,RSCityscapes,14,False,False,expanded_internal_heldout,c889a484bffde4c654b4039c909906a5a602cadfd9d31db46bb50d121754b44d,,E:\UNSB_Expl\UNSB_HEADFIGURE_SIXDOMAIN_EXPANDED_20260824\data_views\heldoutA\RSCityscapes\RSCityscapes__0875.png,RSCityscapes__0875
,254767,0140,RSCityscapes,15,False,False,expanded_internal_heldout,188946904e31df321d98369aba02728f1e494c3c5b3c0ba898fa76d84c126b5f,,E:\UNSB_Expl\UNSB_HEADFIGURE_SIXDOMAIN_EXPANDED_20260824\data_views\heldoutA\RSCityscapes\RSCityscapes__0140.png,RSCityscapes__0140
,261410,0797,RSCityscapes,16,False,False,expanded_internal_heldout,f01509dde9402ae393ed78ac20709ac7876285aae92d6bb9f342c3473a8fd89f,,E:\UNSB_Expl\UNSB_HEADFIGURE_SIXDOMAIN_EXPANDED_20260824\data_views\heldoutA\RSCityscapes\RSCityscapes__0797.png,RSCityscapes__0797
,278879,0978,RSCityscapes,17,False,False,expanded_internal_heldout,a29f52123cf019934fd11471a7a57b761581f732d7a739de898968f292d9146b,,E:\UNSB_Expl\UNSB_HEADFIGURE_SIXDOMAIN_EXPANDED_20260824\data_views\heldoutA\RSCityscapes\RSCityscapes__0978.png,RSCityscapes__0978
,279152,0234,RSCityscapes,18,False,False,expanded_internal_heldout,0a5501b19e6cfd3f17d48b83b65dfa89963c0601becefa730c9ef1822a35cb5c,,E:\UNSB_Expl\UNSB_HEADFIGURE_SIXDOMAIN_EXPANDED_20260824\data_views\heldoutA\RSCityscapes\RSCityscapes__0234.png,RSCityscapes__0234
,186986,1183,RSCityscapes,19,False,False,expanded_internal_heldout,4756e559875af3408bd2b0f30ee96e1822d1f0929f1cc03393b0369681b6bb96,,E:\UNSB_Expl\UNSB_HEADFIGURE_SIXDOMAIN_EXPANDED_20260824\data_views\heldoutA\RSCityscapes\RSCityscapes__1183.png,RSCityscapes__1183
,250111,0325,RSCityscapes,20,False,False,expanded_internal_heldout,1f268e617b9e7021e18aae738be1d4020e275ceb87bf953671d2af1c05488242,,E:\UNSB_Expl\UNSB_HEADFIGURE_SIXDOMAIN_EXPANDED_20260824\data_views\heldoutA\RSCityscapes\RSCityscapes__0325.png,RSCityscapes__0325
,241066,1178,RSCityscapes,21,False,False,expanded_internal_heldout,60bebf81a74078b5efe309518809afd3e35409ace5a57f3797de8b6a47ca3e06,,E:\UNSB_Expl\UNSB_HEADFIGURE_SIXDOMAIN_EXPANDED_20260824\data_views\heldoutA\RSCityscapes\RSCityscapes__1178.png,RSCityscapes__1178
,245887,0010,RSCityscapes,22,False,False,expanded_internal_heldout,d16bb7a66a52beee7a8acea4f3b9b47823529278e886445f8dc8ec1df06d59d3,,E:\UNSB_Expl\UNSB_HEADFIGURE_SIXDOMAIN_EXPANDED_20260824\data_views\heldoutA\RSCityscapes\RSCityscapes__0010.png,RSCityscapes__0010
,274525,0064,RSCityscapes,23,False,False,expanded_internal_heldout,6bcdc7563107a7a8b67e2fbcddf254e8ac20fc876b3da5497629451548ec1592,,E:\UNSB_Expl\UNSB_HEADFIGURE_SIXDOMAIN_EXPANDED_20260824\data_views\heldoutA\RSCityscapes\RSCityscapes__0064.png,RSCityscapes__0064
,282881,0840,RSCityscapes,24,False,False,expanded_internal_heldout,7de66ab4b8585059a3e20557909358ea75dcf6d4aafd8014a4d8894ebf1196bd,,E:\UNSB_Expl\UNSB_HEADFIGURE_SIXDOMAIN_EXPANDED_20260824\data_views\heldoutA\RSCityscapes\RSCityscapes__0840.png,RSCityscapes__0840
,245168,0328,RSCityscapes,25,False,False,expanded_internal_heldout,9274afde4aa92241bb28539d20d5f3b952036f060ffc11fd4a82aa290dfd5ecf,,E:\UNSB_Expl\UNSB_HEADFIGURE_SIXDOMAIN_EXPANDED_20260824\data_views\heldoutA\RSCityscapes\RSCityscapes__0328.png,RSCityscapes__0328
,230179,0533,RSCityscapes,26,False,False,expanded_internal_heldout,531bd95f6ebc7e96479fd80874d436243935008f482dc537789ced0b820dc123,,E:\UNSB_Expl\UNSB_HEADFIGURE_SIXDOMAIN_EXPANDED_20260824\data_views\heldoutA\RSCityscapes\RSCityscapes__0533.png,RSCityscapes__0533
,219633,0495,RSCityscapes,27,False,False,expanded_internal_heldout,8872b99c261e863ad9d30c7310fdd0e7fe130cd41365fab18754553a8dd247fb,,E:\UNSB_Expl\UNSB_HEADFIGURE_SIXDOMAIN_EXPANDED_20260824\data_views\heldoutA\RSCityscapes\RSCityscapes__0495.png,RSCityscapes__0495
,256482,0827,RSCityscapes,28,False,False,expanded_internal_heldout,7222f15b5ec6f58acaa77d9cf9256ba09448ff8998683e64ba527d29e7832a5a,,E:\UNSB_Expl\UNSB_HEADFIGURE_SIXDOMAIN_EXPANDED_20260824\data_views\heldoutA\RSCityscapes\RSCityscapes__0827.png,RSCityscapes__0827
,267373,0509,RSCityscapes,29,False,False,expanded_internal_heldout,b8e8dd9b620b1dc7e34411057e95822fd0c4e5bdfc87a7f1f1fded897f3bcaa4,,E:\UNSB_Expl\UNSB_HEADFIGURE_SIXDOMAIN_EXPANDED_20260824\data_views\heldoutA\RSCityscapes\RSCityscapes__0509.png,RSCityscapes__0509
,238069,0035,RSCityscapes,30,False,False,expanded_internal_heldout,bf2523d045f88d7e9d84a6ebbf2f1bb9065045cc29a241d4e16bd054c019dc1e,,E:\UNSB_Expl\UNSB_HEADFIGURE_SIXDOMAIN_EXPANDED_20260824\data_views\heldoutA\RSCityscapes\RSCityscapes__0035.png,RSCityscapes__0035
,264627,0555,RSCityscapes,31,False,False,expanded_internal_heldout,d16180a97a174c252e989baddc67106381cf2466ee5d2eacb6e57d0fb2c2590a,,E:\UNSB_Expl\UNSB_HEADFIGURE_SIXDOMAIN_EXPANDED_20260824\data_views\heldoutA\RSCityscapes\RSCityscapes__0555.png,RSCityscapes__0555
,253728,1096,RSCityscapes,32,False,False,expanded_internal_heldout,74b8b6d1188bc517f9c72596c5be47162d2a7063a6b475efee4e208f23db6adf,,E:\UNSB_Expl\UNSB_HEADFIGURE_SIXDOMAIN_EXPANDED_20260824\data_views\heldoutA\RSCityscapes\RSCityscapes__1096.png,RSCityscapes__1096
,272134,1034,RSCityscapes,33,False,False,expanded_internal_heldout,0a6979119326efd20f6dfb01032ed4f7a43cdb128a3eadf99241329fda547dbd,,E:\UNSB_Expl\UNSB_HEADFIGURE_SIXDOMAIN_EXPANDED_20260824\data_views\heldoutA\RSCityscapes\RSCityscapes__1034.png,RSCityscapes__1034
,264383,1012,RSCityscapes,34,False,False,expanded_internal_heldout,d9108a812a7b6f9e581749fb355f9cbba1f2db8aec5c37acd8aaab7b75f4b933,,E:\UNSB_Expl\UNSB_HEADFIGURE_SIXDOMAIN_EXPANDED_20260824\data_views\heldoutA\RSCityscapes\RSCityscapes__1012.png,RSCityscapes__1012
,293278,0362,RSCityscapes,35,False,False,expanded_internal_heldout,7a292f79ab4947cfec508c0570e06b7412b1d55aa2c8ba5b3af17ded8453070a,,E:\UNSB_Expl\UNSB_HEADFIGURE_SIXDOMAIN_EXPANDED_20260824\data_views\heldoutA\RSCityscapes\RSCityscapes__0362.png,RSCityscapes__0362
,277766,0316,RSCityscapes,36,False,False,expanded_internal_heldout,54bb55ec5ae34cd8b36e97443c97f279d096509471fa946dbe8decec7091530e,,E:\UNSB_Expl\UNSB_HEADFIGURE_SIXDOMAIN_EXPANDED_20260824\data_views\heldoutA\RSCityscapes\RSCityscapes__0316.png,RSCityscapes__0316
,236000,1037,RSCityscapes,37,False,False,expanded_internal_heldout,a1225bd9353aa710dd193c31757bd7a2b99dcee00c228d5226973bcf6afe49a7,,E:\UNSB_Expl\UNSB_HEADFIGURE_SIXDOMAIN_EXPANDED_20260824\data_views\heldoutA\RSCityscapes\RSCityscapes__1037.png,RSCityscapes__1037
,293527,0629,RSCityscapes,38,False,False,expanded_internal_heldout,cb9808a62873c4ae83c1b48bab26e78bfdd96d9b392f6f7f14b4fc9821fdab4a,,E:\UNSB_Expl\UNSB_HEADFIGURE_SIXDOMAIN_EXPANDED_20260824\data_views\heldoutA\RSCityscapes\RSCityscapes__0629.png,RSCityscapes__0629
,226905,0392,RSCityscapes,39,False,False,expanded_internal_heldout,1d119b702fdad8a92143523bb79f2dcedad00b227839e817cf086c3892e322de,,E:\UNSB_Expl\UNSB_HEADFIGURE_SIXDOMAIN_EXPANDED_20260824\data_views\heldoutA\RSCityscapes\RSCityscapes__0392.png,RSCityscapes__0392
,252351,0413,RSCityscapes,40,False,False,expanded_internal_heldout,bf6d5b86125b95d04b451728656d106364b52bbe3b04e9148d9d6cc142c032ac,,E:\UNSB_Expl\UNSB_HEADFIGURE_SIXDOMAIN_EXPANDED_20260824\data_views\heldoutA\RSCityscapes\RSCityscapes__0413.png,RSCityscapes__0413
,287520,1177,RSCityscapes,41,False,False,expanded_internal_heldout,bf7028be14fae0f03d9871c5fe93b0efb6e84f96423062752e16aead2957c9e2,,E:\UNSB_Expl\UNSB_HEADFIGURE_SIXDOMAIN_EXPANDED_20260824\data_views\heldoutA\RSCityscapes\RSCityscapes__1177.png,RSCityscapes__1177
,288178,0330,RSCityscapes,42,False,False,expanded_internal_heldout,18f37f407f51ae1e86b6dcc8492f6618b051079cda28b3a48329e5ba008af232,,E:\UNSB_Expl\UNSB_HEADFIGURE_SIXDOMAIN_EXPANDED_20260824\data_views\heldoutA\RSCityscapes\RSCityscapes__0330.png,RSCityscapes__0330
,265191,0899,RSCityscapes,43,False,False,expanded_internal_heldout,87153d3bff6e77437ce6dfd68382c82b13ac3b2eaa7a680f95ea71ae183c028d,,E:\UNSB_Expl\UNSB_HEADFIGURE_SIXDOMAIN_EXPANDED_20260824\data_views\heldoutA\RSCityscapes\RSCityscapes__0899.png,RSCityscapes__0899
,256242,0345,RSCityscapes,44,False,False,expanded_internal_heldout,36ea225ee37f5d6cb94b53e9cde289874f9c7e686fc4df3494b9e2ad261ec603,,E:\UNSB_Expl\UNSB_HEADFIGURE_SIXDOMAIN_EXPANDED_20260824\data_views\heldoutA\RSCityscapes\RSCityscapes__0345.png,RSCityscapes__0345
,256973,0094,RSCityscapes,45,False,False,expanded_internal_heldout,b28434276d64a71723f219fc027832e764afefacbe29b829ffc9f6a72eaf43c6,,E:\UNSB_Expl\UNSB_HEADFIGURE_SIXDOMAIN_EXPANDED_20260824\data_views\heldoutA\RSCityscapes\RSCityscapes__0094.png,RSCityscapes__0094
,271527,0296,RSCityscapes,46,False,False,expanded_internal_heldout,954c6468b1149b4084916c8ec50289a5d007c3d41af0c18f1057898a28098696,,E:\UNSB_Expl\UNSB_HEADFIGURE_SIXDOMAIN_EXPANDED_20260824\data_views\heldoutA\RSCityscapes\RSCityscapes__0296.png,RSCityscapes__0296
,300489,1105,RSCityscapes,47,False,False,expanded_internal_heldout,7c1fca33af33157491d7ad8a89e7944c3024a637362ea29dcf8b67143a2d2367,,E:\UNSB_Expl\UNSB_HEADFIGURE_SIXDOMAIN_EXPANDED_20260824\data_views\heldoutA\RSCityscapes\RSCityscapes__1105.png,RSCityscapes__1105
,254543,0202,RSCityscapes,48,False,False,expanded_internal_heldout,4f079085bdd0ce66ecbbd39641f3d6bf480044d619a1a6196548881b573abec4,,E:\UNSB_Expl\UNSB_HEADFIGURE_SIXDOMAIN_EXPANDED_20260824\data_views\heldoutA\RSCityscapes\RSCityscapes__0202.png,RSCityscapes__0202
,232715,0443,RSCityscapes,49,False,False,expanded_internal_heldout,2bff96d69d2136056578aff4685105a45e65523afc2ba3039ffc19ae5391a07c,,E:\UNSB_Expl\UNSB_HEADFIGURE_SIXDOMAIN_EXPANDED_20260824\data_views\heldoutA\RSCityscapes\RSCityscapes__0443.png,RSCityscapes__0443
,281405,0636,RSCityscapes,50,False,False,expanded_internal_heldout,110daf6f9ce1da9f2024b388f8b59079b6c53d64281aca5c9a1f330b539b6f18,,E:\UNSB_Expl\UNSB_HEADFIGURE_SIXDOMAIN_EXPANDED_20260824\data_views\heldoutA\RSCityscapes\RSCityscapes__0636.png,RSCityscapes__0636
,241408,0773,RSCityscapes,51,False,False,expanded_internal_heldout,58fc82a15fcd56fd00299d0dfc3fbdd230ca92cf3e648c4a4d71e2e39ad0bc9a,,E:\UNSB_Expl\UNSB_HEADFIGURE_SIXDOMAIN_EXPANDED_20260824\data_views\heldoutA\RSCityscapes\RSCityscapes__0773.png,RSCityscapes__0773
,296351,1110,RSCityscapes,52,False,False,expanded_internal_heldout,9ad671c8ef98670a18977026fa436a7a863f9544eeacf6cf30bdad05a2951064,,E:\UNSB_Expl\UNSB_HEADFIGURE_SIXDOMAIN_EXPANDED_20260824\data_views\heldoutA\RSCityscapes\RSCityscapes__1110.png,RSCityscapes__1110
,279944,0859,RSCityscapes,53,False,False,expanded_internal_heldout,4584bcd00119cc559c4b7e969dfe27012695dcc8d9f9288ae70add82cb7879c2,,E:\UNSB_Expl\UNSB_HEADFIGURE_SIXDOMAIN_EXPANDED_20260824\data_views\heldoutA\RSCityscapes\RSCityscapes__0859.png,RSCityscapes__0859
,263658,0775,RSCityscapes,54,False,False,expanded_internal_heldout,da6d31aec6341938cfc52eea5fa928a8c58097f3d014f979274b71cc77480053,,E:\UNSB_Expl\UNSB_HEADFIGURE_SIXDOMAIN_EXPANDED_20260824\data_views\heldoutA\RSCityscapes\RSCityscapes__0775.png,RSCityscapes__0775
,208454,0667,RSCityscapes,55,False,False,expanded_internal_heldout,dd269cc7808b426828bd220598f99764d0b862f3e3e5989e3b3dc192fd1e2e55,,E:\UNSB_Expl\UNSB_HEADFIGURE_SIXDOMAIN_EXPANDED_20260824\data_views\heldoutA\RSCityscapes\RSCityscapes__0667.png,RSCityscapes__0667
,256349,1120,RSCityscapes,56,False,False,expanded_internal_heldout,df88442d6359bab7c4b5c009220919c7bd403932742996068b1b4337cc37fedf,,E:\UNSB_Expl\UNSB_HEADFIGURE_SIXDOMAIN_EXPANDED_20260824\data_views\heldoutA\RSCityscapes\RSCityscapes__1120.png,RSCityscapes__1120
,256979,0500,RSCityscapes,57,False,False,expanded_internal_heldout,ce14d616c5091e52f9aca16dc25d48fb5f76dd2e1eb902482f5f08f497f6ab4a,,E:\UNSB_Expl\UNSB_HEADFIGURE_SIXDOMAIN_EXPANDED_20260824\data_views\heldoutA\RSCityscapes\RSCityscapes__0500.png,RSCityscapes__0500
,274340,0616,RSCityscapes,58,False,False,expanded_internal_heldout,861d909a50c11e219f6bbebd0a503b57065989eb4305f2cfe5e71e66ec6ebcac,,E:\UNSB_Expl\UNSB_HEADFIGURE_SIXDOMAIN_EXPANDED_20260824\data_views\heldoutA\RSCityscapes\RSCityscapes__0616.png,RSCityscapes__0616
,284920,0567,RSCityscapes,59,False,False,expanded_internal_heldout,56e50dbacc2802be24e9f970b9869bdcd9cb24946fd3001f2c2ce45a2bdf00f3,,E:\UNSB_Expl\UNSB_HEADFIGURE_SIXDOMAIN_EXPANDED_20260824\data_views\heldoutA\RSCityscapes\RSCityscapes__0567.png,RSCityscapes__0567
,250443,0857,RSCityscapes,60,False,False,expanded_internal_heldout,b3f72986d98665025fe4ddefff7ac7b5d5baaf87cb2cff5f732942b08df84910,,E:\UNSB_Expl\UNSB_HEADFIGURE_SIXDOMAIN_EXPANDED_20260824\data_views\heldoutA\RSCityscapes\RSCityscapes__0857.png,RSCityscapes__0857
,223302,0941,RSCityscapes,61,False,False,expanded_internal_heldout,71fd3740e267cdfd0b595d1672492c9a8ad6d85635d5e0f61d9d20662c93ba76,,E:\UNSB_Expl\UNSB_HEADFIGURE_SIXDOMAIN_EXPANDED_20260824\data_views\heldoutA\RSCityscapes\RSCityscapes__0941.png,RSCityscapes__0941
,261675,1043,RSCityscapes,62,False,False,expanded_internal_heldout,362ad9074ab8bb0bf63166847424a8fdbce6c873272440311991d434a61a7920,,E:\UNSB_Expl\UNSB_HEADFIGURE_SIXDOMAIN_EXPANDED_20260824\data_views\heldoutA\RSCityscapes\RSCityscapes__1043.png,RSCityscapes__1043
,276378,0331,RSCityscapes,63,False,False,expanded_internal_heldout,6f30d90b849fb3f6624b166359a3a2d14e8a3f4e2fab426322ebacd61154b664,,E:\UNSB_Expl\UNSB_HEADFIGURE_SIXDOMAIN_EXPANDED_20260824\data_views\heldoutA\RSCityscapes\RSCityscapes__0331.png,RSCityscapes__0331
,220876,0321,RSCityscapes,64,False,False,expanded_internal_heldout,2227c65de99c770f4f911bd9dc23b68a19ee4e45ac668f76c59e065b802c4e56,,E:\UNSB_Expl\UNSB_HEADFIGURE_SIXDOMAIN_EXPANDED_20260824\data_views\heldoutA\RSCityscapes\RSCityscapes__0321.png,RSCityscapes__0321
,238795,0361,RSCityscapes,65,False,False,expanded_internal_heldout,8bb0591e0996028ef94ca801134336845441bf5771fa1f7e96756a5834ae28fd,,E:\UNSB_Expl\UNSB_HEADFIGURE_SIXDOMAIN_EXPANDED_20260824\data_views\heldoutA\RSCityscapes\RSCityscapes__0361.png,RSCityscapes__0361
,272096,0606,RSCityscapes,66,False,False,expanded_internal_heldout,e43bc7ff68d45effdb48b71fb81496819959a646baf33562290fde2983d76451,,E:\UNSB_Expl\UNSB_HEADFIGURE_SIXDOMAIN_EXPANDED_20260824\data_views\heldoutA\RSCityscapes\RSCityscapes__0606.png,RSCityscapes__0606
,240371,0083,RSCityscapes,67,False,False,expanded_internal_heldout,fc9cc962c0758a30b8e294dbbcdc8dbc849897ef6b9a0194378336c971d1e872,,E:\UNSB_Expl\UNSB_HEADFIGURE_SIXDOMAIN_EXPANDED_20260824\data_views\heldoutA\RSCityscapes\RSCityscapes__0083.png,RSCityscapes__0083
,256931,0252,RSCityscapes,68,False,False,expanded_internal_heldout,7b65aba99897e4a23c4c223349263dbe8c6d1449f588d0b73a7ad21a94477d1f,,E:\UNSB_Expl\UNSB_HEADFIGURE_SIXDOMAIN_EXPANDED_20260824\data_views\heldoutA\RSCityscapes\RSCityscapes__0252.png,RSCityscapes__0252
,283930,0300,RSCityscapes,69,False,False,expanded_internal_heldout,85677e4bedbade1495b3ab28332627fcd17439db8be5b5e71e6aefa196c14cc1,,E:\UNSB_Expl\UNSB_HEADFIGURE_SIXDOMAIN_EXPANDED_20260824\data_views\heldoutA\RSCityscapes\RSCityscapes__0300.png,RSCityscapes__0300
,254915,1142,RSCityscapes,70,False,False,expanded_internal_heldout,de4ba37261a91c546b79b4160fb40fa8c63064e571a17aea36d1c31c7ee8727b,,E:\UNSB_Expl\UNSB_HEADFIGURE_SIXDOMAIN_EXPANDED_20260824\data_views\heldoutA\RSCityscapes\RSCityscapes__1142.png,RSCityscapes__1142
,199115,0154,RSCityscapes,71,False,False,expanded_internal_heldout,ca1fbe797b87371deaf9e54738939dda5242ff791a3dedc046e0a99a4d2a0f3c,,E:\UNSB_Expl\UNSB_HEADFIGURE_SIXDOMAIN_EXPANDED_20260824\data_views\heldoutA\RSCityscapes\RSCityscapes__0154.png,RSCityscapes__0154
,240410,0157,RSCityscapes,72,False,False,expanded_internal_heldout,2cfad022dc90745f473904910fbbe1085ad2b290a3c28aca0f9d74de195dc109,,E:\UNSB_Expl\UNSB_HEADFIGURE_SIXDOMAIN_EXPANDED_20260824\data_views\heldoutA\RSCityscapes\RSCityscapes__0157.png,RSCityscapes__0157
,258475,1091,RSCityscapes,73,False,False,expanded_internal_heldout,2b6f3fb262d3dc19cc56f71bd1a264c15f3c50af548ee2b19a4cbd2cec2d4063,,E:\UNSB_Expl\UNSB_HEADFIGURE_SIXDOMAIN_EXPANDED_20260824\data_views\heldoutA\RSCityscapes\RSCityscapes__1091.png,RSCityscapes__1091
,225820,0177,RSCityscapes,74,False,False,expanded_internal_heldout,2b8cc765000db374e4b6cafdbcb72e7dba8d0c90823cd2bbea3b9961c961060b,,E:\UNSB_Expl\UNSB_HEADFIGURE_SIXDOMAIN_EXPANDED_20260824\data_views\heldoutA\RSCityscapes\RSCityscapes__0177.png,RSCityscapes__0177
,233662,0180,RSCityscapes,75,False,False,expanded_internal_heldout,9ccb2e62d9ebf912e292f9eb807f05a0885776fb854a49277fd113a942ac4ead,,E:\UNSB_Expl\UNSB_HEADFIGURE_SIXDOMAIN_EXPANDED_20260824\data_views\heldoutA\RSCityscapes\RSCityscapes__0180.png,RSCityscapes__0180
,248974,0018,RSCityscapes,76,False,False,expanded_internal_heldout,516de7f5801d1577a12c5c66015a3a65b8dc53ff0b62d61960380ce6bd01ca6a,,E:\UNSB_Expl\UNSB_HEADFIGURE_SIXDOMAIN_EXPANDED_20260824\data_views\heldoutA\RSCityscapes\RSCityscapes__0018.png,RSCityscapes__0018
,246818,0277,RSCityscapes,77,False,False,expanded_internal_heldout,dd0ae4bd79a80a2ca5aa217cc8faf6c7a456fb32d00fc1cc816047c2fa4be309,,E:\UNSB_Expl\UNSB_HEADFIGURE_SIXDOMAIN_EXPANDED_20260824\data_views\heldoutA\RSCityscapes\RSCityscapes__0277.png,RSCityscapes__0277
,263735,0765,RSCityscapes,78,False,False,expanded_internal_heldout,6fbc655cba5006d9eaca5612384eac6c6723c808747e200e4bd328ec6327ed0c,,E:\UNSB_Expl\UNSB_HEADFIGURE_SIXDOMAIN_EXPANDED_20260824\data_views\heldoutA\RSCityscapes\RSCityscapes__0765.png,RSCityscapes__0765
,266381,0671,RSCityscapes,79,False,False,expanded_internal_heldout,6b2957a38936e005427ea7fd7b21e39c1e4836a8b36b9cee9626e45dbb3e9d12,,E:\UNSB_Expl\UNSB_HEADFIGURE_SIXDOMAIN_EXPANDED_20260824\data_views\heldoutA\RSCityscapes\RSCityscapes__0671.png,RSCityscapes__0671
E:\UNSB_Expl\UNSB_HEADFIGURE_SIXDOMAIN_EXPANDED_20260824\data_views\aio\trainA\SnowTrafficData__0516.png,299271,,SnowTrafficData,0,,,trainA,1fc12e2ca0c85d8e7e7c5d640bea45e72a07517510a79a1c5da1bb158cd8c96f,E:\UNSB_Expl\UNSB_HEADFIGURE_SIXDOMAIN_EXPANDED_20260824\data_views\single\SnowTrafficData\trainA\SnowTrafficData__0516.png,E:\UNSB_abl\full_dataset\SnowTrafficData\input\0516.png,0516
E:\UNSB_Expl\UNSB_HEADFIGURE_SIXDOMAIN_EXPANDED_20260824\data_views\aio\trainA\SnowTrafficData__0393.png,243961,,SnowTrafficData,1,,,trainA,1a0ca55dfee2ab0ebf9d13a78d65db534c5ef5e239879861a8297de181c40b88,E:\UNSB_Expl\UNSB_HEADFIGURE_SIXDOMAIN_EXPANDED_20260824\data_views\single\SnowTrafficData\trainA\SnowTrafficData__0393.png,E:\UNSB_abl\full_dataset\SnowTrafficData\input\0393.png,0393
E:\UNSB_Expl\UNSB_HEADFIGURE_SIXDOMAIN_EXPANDED_20260824\data_views\aio\trainA\SnowTrafficData__0273.png,216811,,SnowTrafficData,2,,,trainA,52662ad697ccb74a46ad1856d2d485f300c5ab1bb8d1036cf076dbf7789f0456,E:\UNSB_Expl\UNSB_HEADFIGURE_SIXDOMAIN_EXPANDED_20260824\data_views\single\SnowTrafficData\trainA\SnowTrafficData__0273.png,E:\UNSB_abl\full_dataset\SnowTrafficData\input\0273.png,0273
E:\UNSB_Expl\UNSB_HEADFIGURE_SIXDOMAIN_EXPANDED_20260824\data_views\aio\trainA\SnowTrafficData__0488.png,228600,,SnowTrafficData,3,,,trainA,6dba1e36bdfed6687f49296300a2d15a375be1c03b1d49da0cf863d780dfe4ae,E:\UNSB_Expl\UNSB_HEADFIGURE_SIXDOMAIN_EXPANDED_20260824\data_views\single\SnowTrafficData\trainA\SnowTrafficData__0488.png,E:\UNSB_abl\full_dataset\SnowTrafficData\input\0488.png,0488
E:\UNSB_Expl\UNSB_HEADFIGURE_SIXDOMAIN_EXPANDED_20260824\data_views\aio\trainA\SnowTrafficData__0145.png,216938,,SnowTrafficData,4,,,trainA,9e51014d28b711ec76d08c4cb401a3dfff581a17941332fa6416ec5830e23b53,E:\UNSB_Expl\UNSB_HEADFIGURE_SIXDOMAIN_EXPANDED_20260824\data_views\single\SnowTrafficData\trainA\SnowTrafficData__0145.png,E:\UNSB_abl\full_dataset\SnowTrafficData\input\0145.png,0145
E:\UNSB_Expl\UNSB_HEADFIGURE_SIXDOMAIN_EXPANDED_20260824\data_views\aio\trainA\SnowTrafficData__1151.png,1214263,,SnowTrafficData,5,,,trainA,432773ffb6b8b8943a166aeb24e2fee9d3164e333ec31af75e073c17dc7ea623,E:\UNSB_Expl\UNSB_HEADFIGURE_SIXDOMAIN_EXPANDED_20260824\data_views\single\SnowTrafficData\trainA\SnowTrafficData__1151.png,E:\UNSB_abl\full_dataset\SnowTrafficData\input\1151.png,1151
E:\UNSB_Expl\UNSB_HEADFIGURE_SIXDOMAIN_EXPANDED_20260824\data_views\aio\trainA\SnowTrafficData__0743.png,402283,,SnowTrafficData,6,,,trainA,128171801f7f5ecee538cac5660d0fe7256d3d50337a3416312eee40a5016200,E:\UNSB_Expl\UNSB_HEADFIGURE_SIXDOMAIN_EXPANDED_20260824\data_views\single\SnowTrafficData\trainA\SnowTrafficData__0743.png,E:\UNSB_abl\full_dataset\SnowTrafficData\input\0743.png,0743
E:\UNSB_Expl\UNSB_HEADFIGURE_SIXDOMAIN_EXPANDED_20260824\data_views\aio\trainA\SnowTrafficData__1259.png,217533,,SnowTrafficData,7,,,trainA,5d21077d50c63ec3fe0f175597ee4159639479c54b52aa6e902ba434f2aed99b,E:\UNSB_Expl\UNSB_HEADFIGURE_SIXDOMAIN_EXPANDED_20260824\data_views\single\SnowTrafficData\trainA\SnowTrafficData__1259.png,E:\UNSB_abl\full_dataset\SnowTrafficData\input\1259.png,1259
E:\UNSB_Expl\UNSB_HEADFIGURE_SIXDOMAIN_EXPANDED_20260824\data_views\aio\trainA\SnowTrafficData__0945.png,243178,,SnowTrafficData,8,,,trainA,1bcbdce3f80dd483eaac9548bdcd9b8150d77e582d4cce9ff0698037e4d3fc1c,E:\UNSB_Expl\UNSB_HEADFIGURE_SIXDOMAIN_EXPANDED_20260824\data_views\single\SnowTrafficData\trainA\SnowTrafficData__0945.png,E:\UNSB_abl\full_dataset\SnowTrafficData\input\0945.png,0945
E:\UNSB_Expl\UNSB_HEADFIGURE_SIXDOMAIN_EXPANDED_20260824\data_views\aio\trainA\SnowTrafficData__0377.png,217403,,SnowTrafficData,9,,,trainA,e84bba4144bcf9f82c119ede3d5521ab5da2f45924557681c2d3828361674eda,E:\UNSB_Expl\UNSB_HEADFIGURE_SIXDOMAIN_EXPANDED_20260824\data_views\single\SnowTrafficData\trainA\SnowTrafficData__0377.png,E:\UNSB_abl\full_dataset\SnowTrafficData\input\0377.png,0377
E:\UNSB_Expl\UNSB_HEADFIGURE_SIXDOMAIN_EXPANDED_20260824\data_views\aio\trainA\SnowTrafficData__0934.png,1198114,,SnowTrafficData,10,,,trainA,7687a42153910a044ff602d4652d78c815bdde9cc18481620bfc75285a48b08c,E:\UNSB_Expl\UNSB_HEADFIGURE_SIXDOMAIN_EXPANDED_20260824\data_views\single\SnowTrafficData\trainA\SnowTrafficData__0934.png,E:\UNSB_abl\full_dataset\SnowTrafficData\input\0934.png,0934
E:\UNSB_Expl\UNSB_HEADFIGURE_SIXDOMAIN_EXPANDED_20260824\data_views\aio\trainA\SnowTrafficData__0081.png,891585,,SnowTrafficData,11,,,trainA,379649c549c6b30350c2e972c05884fa2944832d20a61dfcabf2308cb527b0d0,E:\UNSB_Expl\UNSB_HEADFIGURE_SIXDOMAIN_EXPANDED_20260824\data_views\single\SnowTrafficData\trainA\SnowTrafficData__0081.png,E:\UNSB_abl\full_dataset\SnowTrafficData\input\0081.png,0081
E:\UNSB_Expl\UNSB_HEADFIGURE_SIXDOMAIN_EXPANDED_20260824\data_views\aio\trainA\SnowTrafficData__0034.png,236779,,SnowTrafficData,12,,,trainA,ab4ae0d139270cbcdb0120eec3a1d89030e40ed28d352c837df60e6a798307be,E:\UNSB_Expl\UNSB_HEADFIGURE_SIXDOMAIN_EXPANDED_20260824\data_views\single\SnowTrafficData\trainA\SnowTrafficData__0034.png,E:\UNSB_abl\full_dataset\SnowTrafficData\input\0034.png,0034
E:\UNSB_Expl\UNSB_HEADFIGURE_SIXDOMAIN_EXPANDED_20260824\data_views\aio\trainA\SnowTrafficData__1051.png,251683,,SnowTrafficData,13,,,trainA,8e1164d18b69e3e95233735ebc80468aacabccac0347af39366e897736453219,E:\UNSB_Expl\UNSB_HEADFIGURE_SIXDOMAIN_EXPANDED_20260824\data_views\single\SnowTrafficData\trainA\SnowTrafficData__1051.png,E:\UNSB_abl\full_dataset\SnowTrafficData\input\1051.png,1051
E:\UNSB_Expl\UNSB_HEADFIGURE_SIXDOMAIN_EXPANDED_20260824\data_views\aio\trainA\SnowTrafficData__1124.png,270039,,SnowTrafficData,14,,,trainA,2e6fd36bb6f9ff130341da1c5407eaf0357a6ce803d57f9deb81a03a48ecc909,E:\UNSB_Expl\UNSB_HEADFIGURE_SIXDOMAIN_EXPANDED_20260824\data_views\single\SnowTrafficData\trainA\SnowTrafficData__1124.png,E:\UNSB_abl\full_dataset\SnowTrafficData\input\1124.png,1124
E:\UNSB_Expl\UNSB_HEADFIGURE_SIXDOMAIN_EXPANDED_20260824\data_views\aio\trainA\SnowTrafficData__0810.png,248225,,SnowTrafficData,15,,,trainA,5310af2039b2e179a112a4571bcf00d12a0be30c9fa407ef70a61d99d8f91e6f,E:\UNSB_Expl\UNSB_HEADFIGURE_SIXDOMAIN_EXPANDED_20260824\data_views\single\SnowTrafficData\trainA\SnowTrafficData__0810.png,E:\UNSB_abl\full_dataset\SnowTrafficData\input\0810.png,0810
E:\UNSB_Expl\UNSB_HEADFIGURE_SIXDOMAIN_EXPANDED_20260824\data_views\aio\trainA\SnowTrafficData__0608.png,1216010,,SnowTrafficData,16,,,trainA,b80b6b78ba7ce5d65a28679d34862ae443122a78e9aa58af45a493d533c04625,E:\UNSB_Expl\UNSB_HEADFIGURE_SIXDOMAIN_EXPANDED_20260824\data_views\single\SnowTrafficData\trainA\SnowTrafficData__0608.png,E:\UNSB_abl\full_dataset\SnowTrafficData\input\0608.png,0608
E:\UNSB_Expl\UNSB_HEADFIGURE_SIXDOMAIN_EXPANDED_20260824\data_views\aio\trainA\SnowTrafficData__0687.png,241394,,SnowTrafficData,17,,,trainA,679abb1bda1cf74e09914ea731d04f676b24f75c27c8a0e3ac15bbe27405c67b,E:\UNSB_Expl\UNSB_HEADFIGURE_SIXDOMAIN_EXPANDED_20260824\data_views\single\SnowTrafficData\trainA\SnowTrafficData__0687.png,E:\UNSB_abl\full_dataset\SnowTrafficData\input\0687.png,0687
E:\UNSB_Expl\UNSB_HEADFIGURE_SIXDOMAIN_EXPANDED_20260824\data_views\aio\trainA\SnowTrafficData__0534.png,881185,,SnowTrafficData,18,,,trainA,0d854794137f5f5f04ea3045a64de89119b2d355340401661fd731b85d056e74,E:\UNSB_Expl\UNSB_HEADFIGURE_SIXDOMAIN_EXPANDED_20260824\data_views\single\SnowTrafficData\trainA\SnowTrafficData__0534.png,E:\UNSB_abl\full_dataset\SnowTrafficData\input\0534.png,0534
E:\UNSB_Expl\UNSB_HEADFIGURE_SIXDOMAIN_EXPANDED_20260824\data_views\aio\trainA\SnowTrafficData__0331.png,230077,,SnowTrafficData,19,,,trainA,14504c4d13e0fcb90de6bd3fe1ea500ea7b3c4fb36aee7602e10dc54c449e93c,E:\UNSB_Expl\UNSB_HEADFIGURE_SIXDOMAIN_EXPANDED_20260824\data_views\single\SnowTrafficData\trainA\SnowTrafficData__0331.png,E:\UNSB_abl\full_dataset\SnowTrafficData\input\0331.png,0331
E:\UNSB_Expl\UNSB_HEADFIGURE_SIXDOMAIN_EXPANDED_20260824\data_views\aio\trainA\SnowTrafficData__1055.png,242335,,SnowTrafficData,20,,,trainA,e94e310fb695538dc4e0819716f37b2db45030a88f6472acc145a14e3a8ec048,E:\UNSB_Expl\UNSB_HEADFIGURE_SIXDOMAIN_EXPANDED_20260824\data_views\single\SnowTrafficData\trainA\SnowTrafficData__1055.png,E:\UNSB_abl\full_dataset\SnowTrafficData\input\1055.png,1055
E:\UNSB_Expl\UNSB_HEADFIGURE_SIXDOMAIN_EXPANDED_20260824\data_views\aio\trainA\SnowTrafficData__0800.png,1219878,,SnowTrafficData,21,,,trainA,5e670f7b08934cd17fe0b3fe68d7682e982c00f164e2036d84b2a397ef2bc606,E:\UNSB_Expl\UNSB_HEADFIGURE_SIXDOMAIN_EXPANDED_20260824\data_views\single\SnowTrafficData\trainA\SnowTrafficData__0800.png,E:\UNSB_abl\full_dataset\SnowTrafficData\input\0800.png,0800
E:\UNSB_Expl\UNSB_HEADFIGURE_SIXDOMAIN_EXPANDED_20260824\data_views\aio\trainA\SnowTrafficData__0033.png,231775,,SnowTrafficData,22,,,trainA,ddb6f25a894d603a161d6a1709add1e41e20c777cba4ec89f840d5633e99dd61,E:\UNSB_Expl\UNSB_HEADFIGURE_SIXDOMAIN_EXPANDED_20260824\data_views\single\SnowTrafficData\trainA\SnowTrafficData__0033.png,E:\UNSB_abl\full_dataset\SnowTrafficData\input\0033.png,0033
E:\UNSB_Expl\UNSB_HEADFIGURE_SIXDOMAIN_EXPANDED_20260824\data_views\aio\trainA\SnowTrafficData__0960.png,299457,,SnowTrafficData,23,,,trainA,2299e1db7e3f31b9f7cdca0befd2e867168eb25d98771e721e9b3fb8dbe140aa,E:\UNSB_Expl\UNSB_HEADFIGURE_SIXDOMAIN_EXPANDED_20260824\data_views\single\SnowTrafficData\trainA\SnowTrafficData__0960.png,E:\UNSB_abl\full_dataset\SnowTrafficData\input\0960.png,0960
E:\UNSB_Expl\UNSB_HEADFIGURE_SIXDOMAIN_EXPANDED_20260824\data_views\aio\trainA\SnowTrafficData__0045.png,223767,,SnowTrafficData,24,,,trainA,6b9424c663c80ed5a238cda0c91f96ab3f737e195103b362ebbfbc5e9fe8f27a,E:\UNSB_Expl\UNSB_HEADFIGURE_SIXDOMAIN_EXPANDED_20260824\data_views\single\SnowTrafficData\trainA\SnowTrafficData__0045.png,E:\UNSB_abl\full_dataset\SnowTrafficData\input\0045.png,0045
E:\UNSB_Expl\UNSB_HEADFIGURE_SIXDOMAIN_EXPANDED_20260824\data_views\aio\trainA\SnowTrafficData__1231.png,223720,,SnowTrafficData,25,,,trainA,d0ac2d4e937acaf9623a9a645bf8203807e7635a6aa2569385542b37d94eb9e4,E:\UNSB_Expl\UNSB_HEADFIGURE_SIXDOMAIN_EXPANDED_20260824\data_views\single\SnowTrafficData\trainA\SnowTrafficData__1231.png,E:\UNSB_abl\full_dataset\SnowTrafficData\input\1231.png,1231
E:\UNSB_Expl\UNSB_HEADFIGURE_SIXDOMAIN_EXPANDED_20260824\data_views\aio\trainA\SnowTrafficData__1224.png,244489,,SnowTrafficData,26,,,trainA,35a9576c2c41dd42731041acc466da31ef84f50c9705b8ff698c8970516408b9,E:\UNSB_Expl\UNSB_HEADFIGURE_SIXDOMAIN_EXPANDED_20260824\data_views\single\SnowTrafficData\trainA\SnowTrafficData__1224.png,E:\UNSB_abl\full_dataset\SnowTrafficData\input\1224.png,1224
E:\UNSB_Expl\UNSB_HEADFIGURE_SIXDOMAIN_EXPANDED_20260824\data_views\aio\trainA\SnowTrafficData__0069.png,400584,,SnowTrafficData,27,,,trainA,373c121b61a7d986ad87f1342dd700bbde2bc43aadd0a7d5c2f1e5209cd4c680,E:\UNSB_Expl\UNSB_HEADFIGURE_SIXDOMAIN_EXPANDED_20260824\data_views\single\SnowTrafficData\trainA\SnowTrafficData__0069.png,E:\UNSB_abl\full_dataset\SnowTrafficData\input\0069.png,0069
E:\UNSB_Expl\UNSB_HEADFIGURE_SIXDOMAIN_EXPANDED_20260824\data_views\aio\trainA\SnowTrafficData__0603.png,225172,,SnowTrafficData,28,,,trainA,16e72623651fbb2de9131911e098d29112e0a776c707c710f4c24e3f08b3e21f,E:\UNSB_Expl\UNSB_HEADFIGURE_SIXDOMAIN_EXPANDED_20260824\data_views\single\SnowTrafficData\trainA\SnowTrafficData__0603.png,E:\UNSB_abl\full_dataset\SnowTrafficData\input\0603.png,0603
E:\UNSB_Expl\UNSB_HEADFIGURE_SIXDOMAIN_EXPANDED_20260824\data_views\aio\trainA\SnowTrafficData__0982.png,1218555,,SnowTrafficData,29,,,trainA,c7c9d9c62ab9cb1db531cadf0a8b4292f39cab0d65f37ebadadaa2a120f5a4bc,E:\UNSB_Expl\UNSB_HEADFIGURE_SIXDOMAIN_EXPANDED_20260824\data_views\single\SnowTrafficData\trainA\SnowTrafficData__0982.png,E:\UNSB_abl\full_dataset\SnowTrafficData\input\0982.png,0982
E:\UNSB_Expl\UNSB_HEADFIGURE_SIXDOMAIN_EXPANDED_20260824\data_views\aio\trainA\SnowTrafficData__1053.png,293965,,SnowTrafficData,30,,,trainA,0cbc3a6961ccfe5e5198e6edb8ec831637778ac81c390cda1e6c43e26c147e88,E:\UNSB_Expl\UNSB_HEADFIGURE_SIXDOMAIN_EXPANDED_20260824\data_views\single\SnowTrafficData\trainA\SnowTrafficData__1053.png,E:\UNSB_abl\full_dataset\SnowTrafficData\input\1053.png,1053
E:\UNSB_Expl\UNSB_HEADFIGURE_SIXDOMAIN_EXPANDED_20260824\data_views\aio\trainA\SnowTrafficData__0446.png,239783,,SnowTrafficData,31,,,trainA,12329d58297356eeb0c2dfba011c5f0fbd590247831455f5d71ccb5bda3a484d,E:\UNSB_Expl\UNSB_HEADFIGURE_SIXDOMAIN_EXPANDED_20260824\data_views\single\SnowTrafficData\trainA\SnowTrafficData__0446.png,E:\UNSB_abl\full_dataset\SnowTrafficData\input\0446.png,0446
E:\UNSB_Expl\UNSB_HEADFIGURE_SIXDOMAIN_EXPANDED_20260824\data_views\aio\trainA\SnowTrafficData__0101.png,241830,,SnowTrafficData,32,,,trainA,6ec801e07a698ed4cb1f198fda286cc47fd4847cf1bef97e287709ff825c8c81,E:\UNSB_Expl\UNSB_HEADFIGURE_SIXDOMAIN_EXPANDED_20260824\data_views\single\SnowTrafficData\trainA\SnowTrafficData__0101.png,E:\UNSB_abl\full_dataset\SnowTrafficData\input\0101.png,0101
E:\UNSB_Expl\UNSB_HEADFIGURE_SIXDOMAIN_EXPANDED_20260824\data_views\aio\trainA\SnowTrafficData__1260.png,240635,,SnowTrafficData,33,,,trainA,0247e12796d25f655b4ce25c13e0a23f8171eab99ca143964c5410d54d58d674,E:\UNSB_Expl\UNSB_HEADFIGURE_SIXDOMAIN_EXPANDED_20260824\data_views\single\SnowTrafficData\trainA\SnowTrafficData__1260.png,E:\UNSB_abl\full_dataset\SnowTrafficData\input\1260.png,1260
E:\UNSB_Expl\UNSB_HEADFIGURE_SIXDOMAIN_EXPANDED_20260824\data_views\aio\trainA\SnowTrafficData__0881.png,231566,,SnowTrafficData,34,,,trainA,64c8d2f6e82f3978912079d772cdef7d5de140ce3f92f185572cf5c1076a96ad,E:\UNSB_Expl\UNSB_HEADFIGURE_SIXDOMAIN_EXPANDED_20260824\data_views\single\SnowTrafficData\trainA\SnowTrafficData__0881.png,E:\UNSB_abl\full_dataset\SnowTrafficData\input\0881.png,0881
E:\UNSB_Expl\UNSB_HEADFIGURE_SIXDOMAIN_EXPANDED_20260824\data_views\aio\trainA\SnowTrafficData__0839.png,216555,,SnowTrafficData,35,,,trainA,86bd76269305190454d2b49cc1845f221608f63e7fe2333ad3d09822bdae98ac,E:\UNSB_Expl\UNSB_HEADFIGURE_SIXDOMAIN_EXPANDED_20260824\data_views\single\SnowTrafficData\trainA\SnowTrafficData__0839.png,E:\UNSB_abl\full_dataset\SnowTrafficData\input\0839.png,0839
E:\UNSB_Expl\UNSB_HEADFIGURE_SIXDOMAIN_EXPANDED_20260824\data_views\aio\trainA\SnowTrafficData__0757.png,218886,,SnowTrafficData,36,,,trainA,4848ad6de0bc08ef3bb8d6a2c6de9a212b8f7123c543143dce03228c9a48bfa3,E:\UNSB_Expl\UNSB_HEADFIGURE_SIXDOMAIN_EXPANDED_20260824\data_views\single\SnowTrafficData\trainA\SnowTrafficData__0757.png,E:\UNSB_abl\full_dataset\SnowTrafficData\input\0757.png,0757
E:\UNSB_Expl\UNSB_HEADFIGURE_SIXDOMAIN_EXPANDED_20260824\data_views\aio\trainA\SnowTrafficData__0384.png,276036,,SnowTrafficData,37,,,trainA,a15dd5ec83e60d40be0423ed7edf035dbbea5711d656f34670b2c9f10d4da0c2,E:\UNSB_Expl\UNSB_HEADFIGURE_SIXDOMAIN_EXPANDED_20260824\data_views\single\SnowTrafficData\trainA\SnowTrafficData__0384.png,E:\UNSB_abl\full_dataset\SnowTrafficData\input\0384.png,0384
E:\UNSB_Expl\UNSB_HEADFIGURE_SIXDOMAIN_EXPANDED_20260824\data_views\aio\trainA\SnowTrafficData__0722.png,295621,,SnowTrafficData,38,,,trainA,d32eae3fc20ec7062d234ba5b34b17d26d897e5f7295f01722900663863c34e7,E:\UNSB_Expl\UNSB_HEADFIGURE_SIXDOMAIN_EXPANDED_20260824\data_views\single\SnowTrafficData\trainA\SnowTrafficData__0722.png,E:\UNSB_abl\full_dataset\SnowTrafficData\input\0722.png,0722
E:\UNSB_Expl\UNSB_HEADFIGURE_SIXDOMAIN_EXPANDED_20260824\data_views\aio\trainA\SnowTrafficData__1090.png,242024,,SnowTrafficData,39,,,trainA,87fc7ef25f4e8704981b91628360354c5eb2405b925a2e7b9e3f962b3ee8e559,E:\UNSB_Expl\UNSB_HEADFIGURE_SIXDOMAIN_EXPANDED_20260824\data_views\single\SnowTrafficData\trainA\SnowTrafficData__1090.png,E:\UNSB_abl\full_dataset\SnowTrafficData\input\1090.png,1090
E:\UNSB_Expl\UNSB_HEADFIGURE_SIXDOMAIN_EXPANDED_20260824\data_views\aio\trainA\SnowTrafficData__0754.png,1212851,,SnowTrafficData,40,,,trainA,f8836fd97ecbef7f591ccc030996a7ffcf02a51081ec691773cc7b8facf5a4e7,E:\UNSB_Expl\UNSB_HEADFIGURE_SIXDOMAIN_EXPANDED_20260824\data_views\single\SnowTrafficData\trainA\SnowTrafficData__0754.png,E:\UNSB_abl\full_dataset\SnowTrafficData\input\0754.png,0754
E:\UNSB_Expl\UNSB_HEADFIGURE_SIXDOMAIN_EXPANDED_20260824\data_views\aio\trainA\SnowTrafficData__0675.png,307892,,SnowTrafficData,41,,,trainA,6a30c2c6463c324c8f78f28cc20c5d622074d59d3b27dc5414ea3e5dbc88aa39,E:\UNSB_Expl\UNSB_HEADFIGURE_SIXDOMAIN_EXPANDED_20260824\data_views\single\SnowTrafficData\trainA\SnowTrafficData__0675.png,E:\UNSB_abl\full_dataset\SnowTrafficData\input\0675.png,0675
E:\UNSB_Expl\UNSB_HEADFIGURE_SIXDOMAIN_EXPANDED_20260824\data_views\aio\trainA\SnowTrafficData__0789.png,224761,,SnowTrafficData,42,,,trainA,3e545ebbe7812b802fd8c7ec045967db52146765ae2e19e7ea09bbee1303840f,E:\UNSB_Expl\UNSB_HEADFIGURE_SIXDOMAIN_EXPANDED_20260824\data_views\single\SnowTrafficData\trainA\SnowTrafficData__0789.png,E:\UNSB_abl\full_dataset\SnowTrafficData\input\0789.png,0789
E:\UNSB_Expl\UNSB_HEADFIGURE_SIXDOMAIN_EXPANDED_20260824\data_views\aio\trainA\SnowTrafficData__0201.png,253407,,SnowTrafficData,43,,,trainA,3935e9e0a5d897ab4a159b54736e203e40b5c194f13ffc103f2d8165ec1049f9,E:\UNSB_Expl\UNSB_HEADFIGURE_SIXDOMAIN_EXPANDED_20260824\data_views\single\SnowTrafficData\trainA\SnowTrafficData__0201.png,E:\UNSB_abl\full_dataset\SnowTrafficData\input\0201.png,0201
E:\UNSB_Expl\UNSB_HEADFIGURE_SIXDOMAIN_EXPANDED_20260824\data_views\aio\trainA\SnowTrafficData__0573.png,291459,,SnowTrafficData,44,,,trainA,add6057e1a8b6038edf57ebed48523e18f8162ad45a21ca68cf89e70e7e522f4,E:\UNSB_Expl\UNSB_HEADFIGURE_SIXDOMAIN_EXPANDED_20260824\data_views\single\SnowTrafficData\trainA\SnowTrafficData__0573.png,E:\UNSB_abl\full_dataset\SnowTrafficData\input\0573.png,0573
E:\UNSB_Expl\UNSB_HEADFIGURE_SIXDOMAIN_EXPANDED_20260824\data_views\aio\trainA\SnowTrafficData__0099.png,224377,,SnowTrafficData,45,,,trainA,cc59d357047662b2924d818b1823b2e5985fa7f11277bfabd6035f45559b00bb,E:\UNSB_Expl\UNSB_HEADFIGURE_SIXDOMAIN_EXPANDED_20260824\data_views\single\SnowTrafficData\trainA\SnowTrafficData__0099.png,E:\UNSB_abl\full_dataset\SnowTrafficData\input\0099.png,0099
E:\UNSB_Expl\UNSB_HEADFIGURE_SIXDOMAIN_EXPANDED_20260824\data_views\aio\trainA\SnowTrafficData__0732.png,231163,,SnowTrafficData,46,,,trainA,55d4d4772e097a167c2d93c4ec6926e418ca63647be93fd29240b84dc5f64256,E:\UNSB_Expl\UNSB_HEADFIGURE_SIXDOMAIN_EXPANDED_20260824\data_views\single\SnowTrafficData\trainA\SnowTrafficData__0732.png,E:\UNSB_abl\full_dataset\SnowTrafficData\input\0732.png,0732
E:\UNSB_Expl\UNSB_HEADFIGURE_SIXDOMAIN_EXPANDED_20260824\data_views\aio\trainA\SnowTrafficData__1050.png,249173,,SnowTrafficData,47,,,trainA,fbf6084032f1a42bd37bfd1027fb5256cfb99e3bbcf3b8d1700b7075451a5e0d,E:\UNSB_Expl\UNSB_HEADFIGURE_SIXDOMAIN_EXPANDED_20260824\data_views\single\SnowTrafficData\trainA\SnowTrafficData__1050.png,E:\UNSB_abl\full_dataset\SnowTrafficData\input\1050.png,1050
E:\UNSB_Expl\UNSB_HEADFIGURE_SIXDOMAIN_EXPANDED_20260824\data_views\aio\trainA\SnowTrafficData__0919.png,221439,,SnowTrafficData,48,,,trainA,19b398f28609909237df6d4c15e23bc87967ca66cef8de020d64140ed3c3b201,E:\UNSB_Expl\UNSB_HEADFIGURE_SIXDOMAIN_EXPANDED_20260824\data_views\single\SnowTrafficData\trainA\SnowTrafficData__0919.png,E:\UNSB_abl\full_dataset\SnowTrafficData\input\0919.png,0919
E:\UNSB_Expl\UNSB_HEADFIGURE_SIXDOMAIN_EXPANDED_20260824\data_views\aio\trainA\SnowTrafficData__1106.png,303387,,SnowTrafficData,49,,,trainA,fa476127b9ce39175d8c324690ad7c0e8e48841d8a71c4672abbca69ea28fa64,E:\UNSB_Expl\UNSB_HEADFIGURE_SIXDOMAIN_EXPANDED_20260824\data_views\single\SnowTrafficData\trainA\SnowTrafficData__1106.png,E:\UNSB_abl\full_dataset\SnowTrafficData\input\1106.png,1106
E:\UNSB_Expl\UNSB_HEADFIGURE_SIXDOMAIN_EXPANDED_20260824\data_views\aio\trainA\SnowTrafficData__0299.png,401368,,SnowTrafficData,50,,,trainA,f58df6cdb41d8399f4b269a4af127a31b718bea6c67cec69b1d330a963cf6ffb,E:\UNSB_Expl\UNSB_HEADFIGURE_SIXDOMAIN_EXPANDED_20260824\data_views\single\SnowTrafficData\trainA\SnowTrafficData__0299.png,E:\UNSB_abl\full_dataset\SnowTrafficData\input\0299.png,0299
E:\UNSB_Expl\UNSB_HEADFIGURE_SIXDOMAIN_EXPANDED_20260824\data_views\aio\trainA\SnowTrafficData__1222.png,230294,,SnowTrafficData,51,,,trainA,d807bd8a23464009a6454fed8d5fc22cb74de1da5510f02261952971c8659b0f,E:\UNSB_Expl\UNSB_HEADFIGURE_SIXDOMAIN_EXPANDED_20260824\data_views\single\SnowTrafficData\trainA\SnowTrafficData__1222.png,E:\UNSB_abl\full_dataset\SnowTrafficData\input\1222.png,1222
E:\UNSB_Expl\UNSB_HEADFIGURE_SIXDOMAIN_EXPANDED_20260824\data_views\aio\trainA\SnowTrafficData__0899.png,260676,,SnowTrafficData,52,,,trainA,7ea10a7bee5252c491732f3a8bbf102c8366f6b852b8779e1878f933b30e9d34,E:\UNSB_Expl\UNSB_HEADFIGURE_SIXDOMAIN_EXPANDED_20260824\data_views\single\SnowTrafficData\trainA\SnowTrafficData__0899.png,E:\UNSB_abl\full_dataset\SnowTrafficData\input\0899.png,0899
E:\UNSB_Expl\UNSB_HEADFIGURE_SIXDOMAIN_EXPANDED_20260824\data_views\aio\trainA\SnowTrafficData__0984.png,878113,,SnowTrafficData,53,,,trainA,1a59cbd1b5268165c947cea298e2e4fb6f22ee682e146c9cbe1dbe9d710c592b,E:\UNSB_Expl\UNSB_HEADFIGURE_SIXDOMAIN_EXPANDED_20260824\data_views\single\SnowTrafficData\trainA\SnowTrafficData__0984.png,E:\UNSB_abl\full_dataset\SnowTrafficData\input\0984.png,0984
E:\UNSB_Expl\UNSB_HEADFIGURE_SIXDOMAIN_EXPANDED_20260824\data_views\aio\trainA\SnowTrafficData__0315.png,226413,,SnowTrafficData,54,,,trainA,c55c2ebbdf39882ec0892b1a2f3c1568f4b4e6de8c0dc640df9b7fe23eb08a80,E:\UNSB_Expl\UNSB_HEADFIGURE_SIXDOMAIN_EXPANDED_20260824\data_views\single\SnowTrafficData\trainA\SnowTrafficData__0315.png,E:\UNSB_abl\full_dataset\SnowTrafficData\input\0315.png,0315
E:\UNSB_Expl\UNSB_HEADFIGURE_SIXDOMAIN_EXPANDED_20260824\data_views\aio\trainA\SnowTrafficData__1234.png,222965,,SnowTrafficData,55,,,trainA,149ac2555e67c16f2703d3cb676614f19580cdfd797ab9e2a345918c3f019cac,E:\UNSB_Expl\UNSB_HEADFIGURE_SIXDOMAIN_EXPANDED_20260824\data_views\single\SnowTrafficData\trainA\SnowTrafficData__1234.png,E:\UNSB_abl\full_dataset\SnowTrafficData\input\1234.png,1234
E:\UNSB_Expl\UNSB_HEADFIGURE_SIXDOMAIN_EXPANDED_20260824\data_views\aio\trainA\SnowTrafficData__0626.png,296558,,SnowTrafficData,56,,,trainA,efab1b3d5b0d2ab22e0abfde9f9ca76030091077e2822de672c7e3f2e6e2283a,E:\UNSB_Expl\UNSB_HEADFIGURE_SIXDOMAIN_EXPANDED_20260824\data_views\single\SnowTrafficData\trainA\SnowTrafficData__0626.png,E:\UNSB_abl\full_dataset\SnowTrafficData\input\0626.png,0626
E:\UNSB_Expl\UNSB_HEADFIGURE_SIXDOMAIN_EXPANDED_20260824\data_views\aio\trainA\SnowTrafficData__0676.png,221383,,SnowTrafficData,57,,,trainA,754f076f89813e2768f48a1fde3ce87f39fb7001a230cd1a77a75353bfd96f88,E:\UNSB_Expl\UNSB_HEADFIGURE_SIXDOMAIN_EXPANDED_20260824\data_views\single\SnowTrafficData\trainA\SnowTrafficData__0676.png,E:\UNSB_abl\full_dataset\SnowTrafficData\input\0676.png,0676
E:\UNSB_Expl\UNSB_HEADFIGURE_SIXDOMAIN_EXPANDED_20260824\data_views\aio\trainA\SnowTrafficData__0812.png,907391,,SnowTrafficData,58,,,trainA,575d0f2b0b90cfc1c7df2593edbec1aabeae45302aec5af4c5f8c04099876101,E:\UNSB_Expl\UNSB_HEADFIGURE_SIXDOMAIN_EXPANDED_20260824\data_views\single\SnowTrafficData\trainA\SnowTrafficData__0812.png,E:\UNSB_abl\full_dataset\SnowTrafficData\input\0812.png,0812
E:\UNSB_Expl\UNSB_HEADFIGURE_SIXDOMAIN_EXPANDED_20260824\data_views\aio\trainA\SnowTrafficData__1004.png,244171,,SnowTrafficData,59,,,trainA,728fe19bd7b396b7734b830431de5a165bfca8d1da6d17760dfe083625c33358,E:\UNSB_Expl\UNSB_HEADFIGURE_SIXDOMAIN_EXPANDED_20260824\data_views\single\SnowTrafficData\trainA\SnowTrafficData__1004.png,E:\UNSB_abl\full_dataset\SnowTrafficData\input\1004.png,1004
E:\UNSB_Expl\UNSB_HEADFIGURE_SIXDOMAIN_EXPANDED_20260824\data_views\aio\trainA\SnowTrafficData__0495.png,241280,,SnowTrafficData,60,,,trainA,883cf354a0b838b3580295c10d2649e3ae1fbf827a8b9cbde9601d5adaffcf73,E:\UNSB_Expl\UNSB_HEADFIGURE_SIXDOMAIN_EXPANDED_20260824\data_views\single\SnowTrafficData\trainA\SnowTrafficData__0495.png,E:\UNSB_abl\full_dataset\SnowTrafficData\input\0495.png,0495
E:\UNSB_Expl\UNSB_HEADFIGURE_SIXDOMAIN_EXPANDED_20260824\data_views\aio\trainA\SnowTrafficData__0988.png,241387,,SnowTrafficData,61,,,trainA,57bb96b063f70d1bf8c9e5ac037dc89188653596ff0f914081133dedeb7047b8,E:\UNSB_Expl\UNSB_HEADFIGURE_SIXDOMAIN_EXPANDED_20260824\data_views\single\SnowTrafficData\trainA\SnowTrafficData__0988.png,E:\UNSB_abl\full_dataset\SnowTrafficData\input\0988.png,0988
E:\UNSB_Expl\UNSB_HEADFIGURE_SIXDOMAIN_EXPANDED_20260824\data_views\aio\trainA\SnowTrafficData__0689.png,261377,,SnowTrafficData,62,,,trainA,85b4622c103095a534396ddb2a5d9d70bed060355b52f0f754f16471a58ea740,E:\UNSB_Expl\UNSB_HEADFIGURE_SIXDOMAIN_EXPANDED_20260824\data_views\single\SnowTrafficData\trainA\SnowTrafficData__0689.png,E:\UNSB_abl\full_dataset\SnowTrafficData\input\0689.png,0689
E:\UNSB_Expl\UNSB_HEADFIGURE_SIXDOMAIN_EXPANDED_20260824\data_views\aio\trainA\SnowTrafficData__0154.png,219621,,SnowTrafficData,63,,,trainA,e2df4793e3e1fa84c69d199911369cbc3057fd7cd19aa55e9224b51155067ae0,E:\UNSB_Expl\UNSB_HEADFIGURE_SIXDOMAIN_EXPANDED_20260824\data_views\single\SnowTrafficData\trainA\SnowTrafficData__0154.png,E:\UNSB_abl\full_dataset\SnowTrafficData\input\0154.png,0154
E:\UNSB_Expl\UNSB_HEADFIGURE_SIXDOMAIN_EXPANDED_20260824\data_views\aio\trainA\SnowTrafficData__0439.png,277509,,SnowTrafficData,64,,,trainA,de050c1ffcc0b78515a167d891f39f91f6080f7ecb466382e803486b71300153,E:\UNSB_Expl\UNSB_HEADFIGURE_SIXDOMAIN_EXPANDED_20260824\data_views\single\SnowTrafficData\trainA\SnowTrafficData__0439.png,E:\UNSB_abl\full_dataset\SnowTrafficData\input\0439.png,0439
E:\UNSB_Expl\UNSB_HEADFIGURE_SIXDOMAIN_EXPANDED_20260824\data_views\aio\trainA\SnowTrafficData__0444.png,911236,,SnowTrafficData,65,,,trainA,f3725f2c8ebe1b745b05631d2a50ce9e4db714fec47a316a03062b63f3db9211,E:\UNSB_Expl\UNSB_HEADFIGURE_SIXDOMAIN_EXPANDED_20260824\data_views\single\SnowTrafficData\trainA\SnowTrafficData__0444.png,E:\UNSB_abl\full_dataset\SnowTrafficData\input\0444.png,0444
E:\UNSB_Expl\UNSB_HEADFIGURE_SIXDOMAIN_EXPANDED_20260824\data_views\aio\trainA\SnowTrafficData__1031.png,248598,,SnowTrafficData,66,,,trainA,c6eeb42cc0e032a2e52f52d9b5c82e62fc6b9bd00a6a6f42d2cfebdf4e0b8fb8,E:\UNSB_Expl\UNSB_HEADFIGURE_SIXDOMAIN_EXPANDED_20260824\data_views\single\SnowTrafficData\trainA\SnowTrafficData__1031.png,E:\UNSB_abl\full_dataset\SnowTrafficData\input\1031.png,1031
E:\UNSB_Expl\UNSB_HEADFIGURE_SIXDOMAIN_EXPANDED_20260824\data_views\aio\trainA\SnowTrafficData__0956.png,278113,,SnowTrafficData,67,,,trainA,ad9e4e114647b8b0f75bcdc482dc3173fd681795b22b08eda9bc3cc65b473304,E:\UNSB_Expl\UNSB_HEADFIGURE_SIXDOMAIN_EXPANDED_20260824\data_views\single\SnowTrafficData\trainA\SnowTrafficData__0956.png,E:\UNSB_abl\full_dataset\SnowTrafficData\input\0956.png,0956
E:\UNSB_Expl\UNSB_HEADFIGURE_SIXDOMAIN_EXPANDED_20260824\data_views\aio\trainA\SnowTrafficData__0723.png,243469,,SnowTrafficData,68,,,trainA,f7697378d65c6cd1c3ae9e70ee3db9b8e90d7d106a2d4e38c35b8050ec08cee1,E:\UNSB_Expl\UNSB_HEADFIGURE_SIXDOMAIN_EXPANDED_20260824\data_views\single\SnowTrafficData\trainA\SnowTrafficData__0723.png,E:\UNSB_abl\full_dataset\SnowTrafficData\input\0723.png,0723
E:\UNSB_Expl\UNSB_HEADFIGURE_SIXDOMAIN_EXPANDED_20260824\data_views\aio\trainA\SnowTrafficData__0486.png,1199171,,SnowTrafficData,69,,,trainA,9e4b6ad6defc642153dd0aec42c3731710e6d578012f39e2ef759543e21eb5c5,E:\UNSB_Expl\UNSB_HEADFIGURE_SIXDOMAIN_EXPANDED_20260824\data_views\single\SnowTrafficData\trainA\SnowTrafficData__0486.png,E:\UNSB_abl\full_dataset\SnowTrafficData\input\0486.png,0486
E:\UNSB_Expl\UNSB_HEADFIGURE_SIXDOMAIN_EXPANDED_20260824\data_views\aio\trainA\SnowTrafficData__0108.png,914842,,SnowTrafficData,70,,,trainA,ff66968dd20fbf20541d6b0ce9fea9ed1db500d4738aef22d3ad08f1a9b5f88d,E:\UNSB_Expl\UNSB_HEADFIGURE_SIXDOMAIN_EXPANDED_20260824\data_views\single\SnowTrafficData\trainA\SnowTrafficData__0108.png,E:\UNSB_abl\full_dataset\SnowTrafficData\input\0108.png,0108
E:\UNSB_Expl\UNSB_HEADFIGURE_SIXDOMAIN_EXPANDED_20260824\data_views\aio\trainA\SnowTrafficData__0229.png,231572,,SnowTrafficData,71,,,trainA,47f48cdd8029dd42463657d958f3bef6b5d7f09cc9a1405ded67bc015f830f54,E:\UNSB_Expl\UNSB_HEADFIGURE_SIXDOMAIN_EXPANDED_20260824\data_views\single\SnowTrafficData\trainA\SnowTrafficData__0229.png,E:\UNSB_abl\full_dataset\SnowTrafficData\input\0229.png,0229
E:\UNSB_Expl\UNSB_HEADFIGURE_SIXDOMAIN_EXPANDED_20260824\data_views\aio\trainA\SnowTrafficData__0571.png,218838,,SnowTrafficData,72,,,trainA,fc21826a00109ab16bf59716c0f2a71e97d36741e6078f6efbcaf060d222e6ea,E:\UNSB_Expl\UNSB_HEADFIGURE_SIXDOMAIN_EXPANDED_20260824\data_views\single\SnowTrafficData\trainA\SnowTrafficData__0571.png,E:\UNSB_abl\full_dataset\SnowTrafficData\input\0571.png,0571
E:\UNSB_Expl\UNSB_HEADFIGURE_SIXDOMAIN_EXPANDED_20260824\data_views\aio\trainA\SnowTrafficData__1088.png,295762,,SnowTrafficData,73,,,trainA,6fba8e7354895eb897fcd572e37af182f93c206d1220b4bf92ecb4d42f558e6c,E:\UNSB_Expl\UNSB_HEADFIGURE_SIXDOMAIN_EXPANDED_20260824\data_views\single\SnowTrafficData\trainA\SnowTrafficData__1088.png,E:\UNSB_abl\full_dataset\SnowTrafficData\input\1088.png,1088
E:\UNSB_Expl\UNSB_HEADFIGURE_SIXDOMAIN_EXPANDED_20260824\data_views\aio\trainA\SnowTrafficData__0231.png,228829,,SnowTrafficData,74,,,trainA,5d19848b6bebda7c2b0c93e8ca3f412ab20afc0c629c827511eeafa9e5af85c1,E:\UNSB_Expl\UNSB_HEADFIGURE_SIXDOMAIN_EXPANDED_20260824\data_views\single\SnowTrafficData\trainA\SnowTrafficData__0231.png,E:\UNSB_abl\full_dataset\SnowTrafficData\input\0231.png,0231
E:\UNSB_Expl\UNSB_HEADFIGURE_SIXDOMAIN_EXPANDED_20260824\data_views\aio\trainA\SnowTrafficData__0841.png,289213,,SnowTrafficData,75,,,trainA,eb143b6009d6768c4c1cc6c093ed65a2e6f9999690e6363a235f597461ebd7d9,E:\UNSB_Expl\UNSB_HEADFIGURE_SIXDOMAIN_EXPANDED_20260824\data_views\single\SnowTrafficData\trainA\SnowTrafficData__0841.png,E:\UNSB_abl\full_dataset\SnowTrafficData\input\0841.png,0841
E:\UNSB_Expl\UNSB_HEADFIGURE_SIXDOMAIN_EXPANDED_20260824\data_views\aio\trainA\SnowTrafficData__1027.png,401973,,SnowTrafficData,76,,,trainA,65c6f71c9b29a856993f6f1cb5de008aad6fe37ec90e7c0bdfac9358fadf502a,E:\UNSB_Expl\UNSB_HEADFIGURE_SIXDOMAIN_EXPANDED_20260824\data_views\single\SnowTrafficData\trainA\SnowTrafficData__1027.png,E:\UNSB_abl\full_dataset\SnowTrafficData\input\1027.png,1027
E:\UNSB_Expl\UNSB_HEADFIGURE_SIXDOMAIN_EXPANDED_20260824\data_views\aio\trainA\SnowTrafficData__0053.png,250512,,SnowTrafficData,77,,,trainA,4248162e0df11fe13ebb02b7c44428bf2e85e32f4ec574698777ead658602d60,E:\UNSB_Expl\UNSB_HEADFIGURE_SIXDOMAIN_EXPANDED_20260824\data_views\single\SnowTrafficData\trainA\SnowTrafficData__0053.png,E:\UNSB_abl\full_dataset\SnowTrafficData\input\0053.png,0053
E:\UNSB_Expl\UNSB_HEADFIGURE_SIXDOMAIN_EXPANDED_20260824\data_views\aio\trainA\SnowTrafficData__0654.png,224519,,SnowTrafficData,78,,,trainA,b972e9b03838c05358f7a709da4b7b48b2d1cf42677d088f4e720ccf4c33d8f8,E:\UNSB_Expl\UNSB_HEADFIGURE_SIXDOMAIN_EXPANDED_20260824\data_views\single\SnowTrafficData\trainA\SnowTrafficData__0654.png,E:\UNSB_abl\full_dataset\SnowTrafficData\input\0654.png,0654
E:\UNSB_Expl\UNSB_HEADFIGURE_SIXDOMAIN_EXPANDED_20260824\data_views\aio\trainA\SnowTrafficData__0974.png,226578,,SnowTrafficData,79,,,trainA,f9f0159f41c6e677fcb0a5aa91590ba74892e84a157de1ca5e014c8838310684,E:\UNSB_Expl\UNSB_HEADFIGURE_SIXDOMAIN_EXPANDED_20260824\data_views\single\SnowTrafficData\trainA\SnowTrafficData__0974.png,E:\UNSB_abl\full_dataset\SnowTrafficData\input\0974.png,0974
E:\UNSB_Expl\UNSB_HEADFIGURE_SIXDOMAIN_EXPANDED_20260824\data_views\aio\trainA\SnowTrafficData__0973.png,259421,,SnowTrafficData,80,,,trainA,a712ad6b40c544a73d3fee975f49f44e1a141947c0450cf6eccda996bdfcee19,E:\UNSB_Expl\UNSB_HEADFIGURE_SIXDOMAIN_EXPANDED_20260824\data_views\single\SnowTrafficData\trainA\SnowTrafficData__0973.png,E:\UNSB_abl\full_dataset\SnowTrafficData\input\0973.png,0973
E:\UNSB_Expl\UNSB_HEADFIGURE_SIXDOMAIN_EXPANDED_20260824\data_views\aio\trainA\SnowTrafficData__0775.png,298421,,SnowTrafficData,81,,,trainA,90fbc3e7db0ef998f29ee770714c5c17292b502b688df31b504f76a51b423a08,E:\UNSB_Expl\UNSB_HEADFIGURE_SIXDOMAIN_EXPANDED_20260824\data_views\single\SnowTrafficData\trainA\SnowTrafficData__0775.png,E:\UNSB_abl\full_dataset\SnowTrafficData\input\0775.png,0775
E:\UNSB_Expl\UNSB_HEADFIGURE_SIXDOMAIN_EXPANDED_20260824\data_views\aio\trainA\SnowTrafficData__1262.png,281467,,SnowTrafficData,82,,,trainA,37fb34225bbf13b3fa743e62c934d90ed5701dd0620800ca83b6d74ad26d2176,E:\UNSB_Expl\UNSB_HEADFIGURE_SIXDOMAIN_EXPANDED_20260824\data_views\single\SnowTrafficData\trainA\SnowTrafficData__1262.png,E:\UNSB_abl\full_dataset\SnowTrafficData\input\1262.png,1262
E:\UNSB_Expl\UNSB_HEADFIGURE_SIXDOMAIN_EXPANDED_20260824\data_views\aio\trainA\SnowTrafficData__0778.png,229345,,SnowTrafficData,83,,,trainA,073c70846315720fbb183513471f6f28a49a1cbc90dffc0d3a7cf1975b427e4a,E:\UNSB_Expl\UNSB_HEADFIGURE_SIXDOMAIN_EXPANDED_20260824\data_views\single\SnowTrafficData\trainA\SnowTrafficData__0778.png,E:\UNSB_abl\full_dataset\SnowTrafficData\input\0778.png,0778
E:\UNSB_Expl\UNSB_HEADFIGURE_SIXDOMAIN_EXPANDED_20260824\data_views\aio\trainA\SnowTrafficData__0197.png,246999,,SnowTrafficData,84,,,trainA,c5e62aacc7a1c1c7abc555a12b4b572300f5fdad83414f1bb7a08852e41e68ed,E:\UNSB_Expl\UNSB_HEADFIGURE_SIXDOMAIN_EXPANDED_20260824\data_views\single\SnowTrafficData\trainA\SnowTrafficData__0197.png,E:\UNSB_abl\full_dataset\SnowTrafficData\input\0197.png,0197
E:\UNSB_Expl\UNSB_HEADFIGURE_SIXDOMAIN_EXPANDED_20260824\data_views\aio\trainA\SnowTrafficData__0044.png,220581,,SnowTrafficData,85,,,trainA,cc8a51bf40cdec44195e4ef785683ca0843ac0f11c382916a9a39b81b6d43f10,E:\UNSB_Expl\UNSB_HEADFIGURE_SIXDOMAIN_EXPANDED_20260824\data_views\single\SnowTrafficData\trainA\SnowTrafficData__0044.png,E:\UNSB_abl\full_dataset\SnowTrafficData\input\0044.png,0044
E:\UNSB_Expl\UNSB_HEADFIGURE_SIXDOMAIN_EXPANDED_20260824\data_views\aio\trainA\SnowTrafficData__0080.png,224033,,SnowTrafficData,86,,,trainA,10e2c46ba9c7f4b98823b740b3b9ecb789428107144a6e01d3ad66fe05bde071,E:\UNSB_Expl\UNSB_HEADFIGURE_SIXDOMAIN_EXPANDED_20260824\data_views\single\SnowTrafficData\trainA\SnowTrafficData__0080.png,E:\UNSB_abl\full_dataset\SnowTrafficData\input\0080.png,0080
E:\UNSB_Expl\UNSB_HEADFIGURE_SIXDOMAIN_EXPANDED_20260824\data_views\aio\trainA\SnowTrafficData__1119.png,230540,,SnowTrafficData,87,,,trainA,bfca77e1c312b088189ea0c304434932c035671373a62324bde860404ff47abc,E:\UNSB_Expl\UNSB_HEADFIGURE_SIXDOMAIN_EXPANDED_20260824\data_views\single\SnowTrafficData\trainA\SnowTrafficData__1119.png,E:\UNSB_abl\full_dataset\SnowTrafficData\input\1119.png,1119
E:\UNSB_Expl\UNSB_HEADFIGURE_SIXDOMAIN_EXPANDED_20260824\data_views\aio\trainA\SnowTrafficData__0490.png,257279,,SnowTrafficData,88,,,trainA,25828af25ffd1efd1abed8e2ed6ff9ddc66f16e511bca10f99050c7dca181b26,E:\UNSB_Expl\UNSB_HEADFIGURE_SIXDOMAIN_EXPANDED_20260824\data_views\single\SnowTrafficData\trainA\SnowTrafficData__0490.png,E:\UNSB_abl\full_dataset\SnowTrafficData\input\0490.png,0490
E:\UNSB_Expl\UNSB_HEADFIGURE_SIXDOMAIN_EXPANDED_20260824\data_views\aio\trainA\SnowTrafficData__1218.png,295969,,SnowTrafficData,89,,,trainA,5bd49b43df323b22583382a02860fb9827d8e7095f78a80bdfeb7a0332df5345,E:\UNSB_Expl\UNSB_HEADFIGURE_SIXDOMAIN_EXPANDED_20260824\data_views\single\SnowTrafficData\trainA\SnowTrafficData__1218.png,E:\UNSB_abl\full_dataset\SnowTrafficData\input\1218.png,1218
E:\UNSB_Expl\UNSB_HEADFIGURE_SIXDOMAIN_EXPANDED_20260824\data_views\aio\trainA\SnowTrafficData__0581.png,223643,,SnowTrafficData,90,,,trainA,c4c6e0e7931549589d828a20bbde3f702f6c319dd4cb36b5e02bcfd421f132d5,E:\UNSB_Expl\UNSB_HEADFIGURE_SIXDOMAIN_EXPANDED_20260824\data_views\single\SnowTrafficData\trainA\SnowTrafficData__0581.png,E:\UNSB_abl\full_dataset\SnowTrafficData\input\0581.png,0581
E:\UNSB_Expl\UNSB_HEADFIGURE_SIXDOMAIN_EXPANDED_20260824\data_views\aio\trainA\SnowTrafficData__1118.png,266484,,SnowTrafficData,91,,,trainA,215fc427f5d590eccb726934f248d7459d09aa6fbbc1b4337a56b311a8e20795,E:\UNSB_Expl\UNSB_HEADFIGURE_SIXDOMAIN_EXPANDED_20260824\data_views\single\SnowTrafficData\trainA\SnowTrafficData__1118.png,E:\UNSB_abl\full_dataset\SnowTrafficData\input\1118.png,1118
E:\UNSB_Expl\UNSB_HEADFIGURE_SIXDOMAIN_EXPANDED_20260824\data_views\aio\trainA\SnowTrafficData__0815.png,285521,,SnowTrafficData,92,,,trainA,0bff7ad32b23341ebe4bc409e70f8201390311d5a937fa76a6f6effac3953a2c,E:\UNSB_Expl\UNSB_HEADFIGURE_SIXDOMAIN_EXPANDED_20260824\data_views\single\SnowTrafficData\trainA\SnowTrafficData__0815.png,E:\UNSB_abl\full_dataset\SnowTrafficData\input\0815.png,0815
E:\UNSB_Expl\UNSB_HEADFIGURE_SIXDOMAIN_EXPANDED_20260824\data_views\aio\trainA\SnowTrafficData__0599.png,289245,,SnowTrafficData,93,,,trainA,f63c80ca699fcd0d9a8884787e36fd534053bf51d4d3351f8e8568304e83b7e2,E:\UNSB_Expl\UNSB_HEADFIGURE_SIXDOMAIN_EXPANDED_20260824\data_views\single\SnowTrafficData\trainA\SnowTrafficData__0599.png,E:\UNSB_abl\full_dataset\SnowTrafficData\input\0599.png,0599
E:\UNSB_Expl\UNSB_HEADFIGURE_SIXDOMAIN_EXPANDED_20260824\data_views\aio\trainA\SnowTrafficData__0733.png,258572,,SnowTrafficData,94,,,trainA,821e2208ed77d0db612c36b643490865cc37e00fbeac30cd0df53987be03a222,E:\UNSB_Expl\UNSB_HEADFIGURE_SIXDOMAIN_EXPANDED_20260824\data_views\single\SnowTrafficData\trainA\SnowTrafficData__0733.png,E:\UNSB_abl\full_dataset\SnowTrafficData\input\0733.png,0733
E:\UNSB_Expl\UNSB_HEADFIGURE_SIXDOMAIN_EXPANDED_20260824\data_views\aio\trainA\SnowTrafficData__0430.png,402221,,SnowTrafficData,95,,,trainA,57caee3cb1aebb3b8c7f4a6e0464b20c26d0af90e627c4ce67a302d827b0a015,E:\UNSB_Expl\UNSB_HEADFIGURE_SIXDOMAIN_EXPANDED_20260824\data_views\single\SnowTrafficData\trainA\SnowTrafficData__0430.png,E:\UNSB_abl\full_dataset\SnowTrafficData\input\0430.png,0430
E:\UNSB_Expl\UNSB_HEADFIGURE_SIXDOMAIN_EXPANDED_20260824\data_views\aio\trainA\SnowTrafficData__0411.png,1205404,,SnowTrafficData,96,,,trainA,56c52dc77650f3622f2a438bcfbf278413fd59b13ee03f4ce76f637058636cc2,E:\UNSB_Expl\UNSB_HEADFIGURE_SIXDOMAIN_EXPANDED_20260824\data_views\single\SnowTrafficData\trainA\SnowTrafficData__0411.png,E:\UNSB_abl\full_dataset\SnowTrafficData\input\0411.png,0411
E:\UNSB_Expl\UNSB_HEADFIGURE_SIXDOMAIN_EXPANDED_20260824\data_views\aio\trainA\SnowTrafficData__0556.png,233162,,SnowTrafficData,97,,,trainA,de8f19e34cf1ed576f041402f0c45e9376a98868cd71a2b5be06fdacf14e5e20,E:\UNSB_Expl\UNSB_HEADFIGURE_SIXDOMAIN_EXPANDED_20260824\data_views\single\SnowTrafficData\trainA\SnowTrafficData__0556.png,E:\UNSB_abl\full_dataset\SnowTrafficData\input\0556.png,0556
E:\UNSB_Expl\UNSB_HEADFIGURE_SIXDOMAIN_EXPANDED_20260824\data_views\aio\trainA\SnowTrafficData__0941.png,242873,,SnowTrafficData,98,,,trainA,1631ca8461cf490e63d636750ceeb836e07597d84eff20610be2b5bcb729b43a,E:\UNSB_Expl\UNSB_HEADFIGURE_SIXDOMAIN_EXPANDED_20260824\data_views\single\SnowTrafficData\trainA\SnowTrafficData__0941.png,E:\UNSB_abl\full_dataset\SnowTrafficData\input\0941.png,0941
E:\UNSB_Expl\UNSB_HEADFIGURE_SIXDOMAIN_EXPANDED_20260824\data_views\aio\trainA\SnowTrafficData__0295.png,240435,,SnowTrafficData,99,,,trainA,beddb467642fbe8294480d84cb3986de3650b9bc2db31b8903fbf87d4d389db1,E:\UNSB_Expl\UNSB_HEADFIGURE_SIXDOMAIN_EXPANDED_20260824\data_views\single\SnowTrafficData\trainA\SnowTrafficData__0295.png,E:\UNSB_abl\full_dataset\SnowTrafficData\input\0295.png,0295
E:\UNSB_Expl\UNSB_HEADFIGURE_SIXDOMAIN_EXPANDED_20260824\data_views\aio\trainA\SnowTrafficData__0995.png,263408,,SnowTrafficData,100,,,trainA,e61ad90a234ad53f1f297f341dfc08966ed41a884306c4fc48386ea877d8e444,E:\UNSB_Expl\UNSB_HEADFIGURE_SIXDOMAIN_EXPANDED_20260824\data_views\single\SnowTrafficData\trainA\SnowTrafficData__0995.png,E:\UNSB_abl\full_dataset\SnowTrafficData\input\0995.png,0995
E:\UNSB_Expl\UNSB_HEADFIGURE_SIXDOMAIN_EXPANDED_20260824\data_views\aio\trainA\SnowTrafficData__0309.png,275187,,SnowTrafficData,101,,,trainA,96060bbc203837c2716dd00e69e2eeb741f40fcbd80493bccb8b0bc8ac2c1319,E:\UNSB_Expl\UNSB_HEADFIGURE_SIXDOMAIN_EXPANDED_20260824\data_views\single\SnowTrafficData\trainA\SnowTrafficData__0309.png,E:\UNSB_abl\full_dataset\SnowTrafficData\input\0309.png,0309
E:\UNSB_Expl\UNSB_HEADFIGURE_SIXDOMAIN_EXPANDED_20260824\data_views\aio\trainA\SnowTrafficData__1135.png,240110,,SnowTrafficData,102,,,trainA,b9ec37b3498c8930be2c60b4b2441c8ed9ed7c87e8dbe99c39b50061049903e5,E:\UNSB_Expl\UNSB_HEADFIGURE_SIXDOMAIN_EXPANDED_20260824\data_views\single\SnowTrafficData\trainA\SnowTrafficData__1135.png,E:\UNSB_abl\full_dataset\SnowTrafficData\input\1135.png,1135
E:\UNSB_Expl\UNSB_HEADFIGURE_SIXDOMAIN_EXPANDED_20260824\data_views\aio\trainA\SnowTrafficData__0338.png,1210912,,SnowTrafficData,103,,,trainA,9effc870b6bb1b146ffc389e1440c0259a0c94db26e1288b82c39dae4182117c,E:\UNSB_Expl\UNSB_HEADFIGURE_SIXDOMAIN_EXPANDED_20260824\data_views\single\SnowTrafficData\trainA\SnowTrafficData__0338.png,E:\UNSB_abl\full_dataset\SnowTrafficData\input\0338.png,0338
E:\UNSB_Expl\UNSB_HEADFIGURE_SIXDOMAIN_EXPANDED_20260824\data_views\aio\trainA\SnowTrafficData__0021.png,240391,,SnowTrafficData,104,,,trainA,29b8c9042262eb9c1abdccedc7521ed6deaf3f28720a3fc1eec699f42d6d8ed1,E:\UNSB_Expl\UNSB_HEADFIGURE_SIXDOMAIN_EXPANDED_20260824\data_views\single\SnowTrafficData\trainA\SnowTrafficData__0021.png,E:\UNSB_abl\full_dataset\SnowTrafficData\input\0021.png,0021
E:\UNSB_Expl\UNSB_HEADFIGURE_SIXDOMAIN_EXPANDED_20260824\data_views\aio\trainA\SnowTrafficData__1203.png,244011,,SnowTrafficData,105,,,trainA,fd3bf22908530c443e4c2ddb1c35b4619b96f54d484037e0e946239bb2d3b936,E:\UNSB_Expl\UNSB_HEADFIGURE_SIXDOMAIN_EXPANDED_20260824\data_views\single\SnowTrafficData\trainA\SnowTrafficData__1203.png,E:\UNSB_abl\full_dataset\SnowTrafficData\input\1203.png,1203
E:\UNSB_Expl\UNSB_HEADFIGURE_SIXDOMAIN_EXPANDED_20260824\data_views\aio\trainA\SnowTrafficData__0480.png,229033,,SnowTrafficData,106,,,trainA,c4786375eb6db0fb7d034c8b27e40e0ae6408057dcc78310d9bb8998ceeac4ba,E:\UNSB_Expl\UNSB_HEADFIGURE_SIXDOMAIN_EXPANDED_20260824\data_views\single\SnowTrafficData\trainA\SnowTrafficData__0480.png,E:\UNSB_abl\full_dataset\SnowTrafficData\input\0480.png,0480
E:\UNSB_Expl\UNSB_HEADFIGURE_SIXDOMAIN_EXPANDED_20260824\data_views\aio\trainA\SnowTrafficData__0729.png,313742,,SnowTrafficData,107,,,trainA,7bef2fb857242163baab787df1f99bcaffa5630e1a2a7c8dbd548e2bbe562836,E:\UNSB_Expl\UNSB_HEADFIGURE_SIXDOMAIN_EXPANDED_20260824\data_views\single\SnowTrafficData\trainA\SnowTrafficData__0729.png,E:\UNSB_abl\full_dataset\SnowTrafficData\input\0729.png,0729
E:\UNSB_Expl\UNSB_HEADFIGURE_SIXDOMAIN_EXPANDED_20260824\data_views\aio\trainA\SnowTrafficData__0656.png,1217430,,SnowTrafficData,108,,,trainA,e45e5038a78da0e6750f304b0c9730f1c943c82e2e47a92c2e1ea3eaa091d1b9,E:\UNSB_Expl\UNSB_HEADFIGURE_SIXDOMAIN_EXPANDED_20260824\data_views\single\SnowTrafficData\trainA\SnowTrafficData__0656.png,E:\UNSB_abl\full_dataset\SnowTrafficData\input\0656.png,0656
E:\UNSB_Expl\UNSB_HEADFIGURE_SIXDOMAIN_EXPANDED_20260824\data_views\aio\trainA\SnowTrafficData__1252.png,402528,,SnowTrafficData,109,,,trainA,5e0a787328aba2b514bca2a28cae2b20aa7e73d5604ea692382866b649241405,E:\UNSB_Expl\UNSB_HEADFIGURE_SIXDOMAIN_EXPANDED_20260824\data_views\single\SnowTrafficData\trainA\SnowTrafficData__1252.png,E:\UNSB_abl\full_dataset\SnowTrafficData\input\1252.png,1252
E:\UNSB_Expl\UNSB_HEADFIGURE_SIXDOMAIN_EXPANDED_20260824\data_views\aio\trainA\SnowTrafficData__0780.png,228474,,SnowTrafficData,110,,,trainA,579fc4d81b79aebb8072a6e2683dc65fea32e1bb3f5fb1cfdde73b0f96fae02d,E:\UNSB_Expl\UNSB_HEADFIGURE_SIXDOMAIN_EXPANDED_20260824\data_views\single\SnowTrafficData\trainA\SnowTrafficData__0780.png,E:\UNSB_abl\full_dataset\SnowTrafficData\input\0780.png,0780
E:\UNSB_Expl\UNSB_HEADFIGURE_SIXDOMAIN_EXPANDED_20260824\data_views\aio\trainA\SnowTrafficData__0886.png,906506,,SnowTrafficData,111,,,trainA,b55e55eec91f451266bdaf7befc0a082351d1533b7e7083494d401a8e6bab977,E:\UNSB_Expl\UNSB_HEADFIGURE_SIXDOMAIN_EXPANDED_20260824\data_views\single\SnowTrafficData\trainA\SnowTrafficData__0886.png,E:\UNSB_abl\full_dataset\SnowTrafficData\input\0886.png,0886
E:\UNSB_Expl\UNSB_HEADFIGURE_SIXDOMAIN_EXPANDED_20260824\data_views\aio\trainA\SnowTrafficData__0708.png,230621,,SnowTrafficData,112,,,trainA,d45beb02a946dcc39f3f237a81391b1ed7955d662b30c24e289a7a7f65e9dae0,E:\UNSB_Expl\UNSB_HEADFIGURE_SIXDOMAIN_EXPANDED_20260824\data_views\single\SnowTrafficData\trainA\SnowTrafficData__0708.png,E:\UNSB_abl\full_dataset\SnowTrafficData\input\0708.png,0708
E:\UNSB_Expl\UNSB_HEADFIGURE_SIXDOMAIN_EXPANDED_20260824\data_views\aio\trainA\SnowTrafficData__0621.png,295699,,SnowTrafficData,113,,,trainA,6473bd0f9e1b17f47d35c118effec598ff4fbe9de63ef92bd35f49debdec7900,E:\UNSB_Expl\UNSB_HEADFIGURE_SIXDOMAIN_EXPANDED_20260824\data_views\single\SnowTrafficData\trainA\SnowTrafficData__0621.png,E:\UNSB_abl\full_dataset\SnowTrafficData\input\0621.png,0621
E:\UNSB_Expl\UNSB_HEADFIGURE_SIXDOMAIN_EXPANDED_20260824\data_views\aio\trainA\SnowTrafficData__0975.png,233080,,SnowTrafficData,114,,,trainA,e1cbb3bf6e0ac93846f20f4ec6fa9c40ded0853e1ca58a60e5d142e936bacf46,E:\UNSB_Expl\UNSB_HEADFIGURE_SIXDOMAIN_EXPANDED_20260824\data_views\single\SnowTrafficData\trainA\SnowTrafficData__0975.png,E:\UNSB_abl\full_dataset\SnowTrafficData\input\0975.png,0975
E:\UNSB_Expl\UNSB_HEADFIGURE_SIXDOMAIN_EXPANDED_20260824\data_views\aio\trainA\SnowTrafficData__0059.png,227466,,SnowTrafficData,115,,,trainA,431efa9ab984daaa5a8ba0d119c16f391bf9df406438952d4acf0d2839067255,E:\UNSB_Expl\UNSB_HEADFIGURE_SIXDOMAIN_EXPANDED_20260824\data_views\single\SnowTrafficData\trainA\SnowTrafficData__0059.png,E:\UNSB_abl\full_dataset\SnowTrafficData\input\0059.png,0059
E:\UNSB_Expl\UNSB_HEADFIGURE_SIXDOMAIN_EXPANDED_20260824\data_views\aio\trainA\SnowTrafficData__0467.png,218865,,SnowTrafficData,116,,,trainA,51641bdb83b58ee970a40094d24155d7c3e2bd16b0bd25f9b139f921589da235,E:\UNSB_Expl\UNSB_HEADFIGURE_SIXDOMAIN_EXPANDED_20260824\data_views\single\SnowTrafficData\trainA\SnowTrafficData__0467.png,E:\UNSB_abl\full_dataset\SnowTrafficData\input\0467.png,0467
E:\UNSB_Expl\UNSB_HEADFIGURE_SIXDOMAIN_EXPANDED_20260824\data_views\aio\trainA\SnowTrafficData__0348.png,1213566,,SnowTrafficData,117,,,trainA,76f93e3a5012fcffd540de6ef5f05e287ce8743ac94629afe61a024112bd602f,E:\UNSB_Expl\UNSB_HEADFIGURE_SIXDOMAIN_EXPANDED_20260824\data_views\single\SnowTrafficData\trainA\SnowTrafficData__0348.png,E:\UNSB_abl\full_dataset\SnowTrafficData\input\0348.png,0348
E:\UNSB_Expl\UNSB_HEADFIGURE_SIXDOMAIN_EXPANDED_20260824\data_views\aio\trainA\SnowTrafficData__1074.png,244804,,SnowTrafficData,118,,,trainA,155927f6b98e3ebeb01b74dc4456411bfa480895e21a8fece4f14d2b659b7e22,E:\UNSB_Expl\UNSB_HEADFIGURE_SIXDOMAIN_EXPANDED_20260824\data_views\single\SnowTrafficData\trainA\SnowTrafficData__1074.png,E:\UNSB_abl\full_dataset\SnowTrafficData\input\1074.png,1074
E:\UNSB_Expl\UNSB_HEADFIGURE_SIXDOMAIN_EXPANDED_20260824\data_views\aio\trainA\SnowTrafficData__0546.png,249663,,SnowTrafficData,119,,,trainA,8bb0604e276209a3d796a4443de4dcc090956370ace6ce4f2396b055ca77bf57,E:\UNSB_Expl\UNSB_HEADFIGURE_SIXDOMAIN_EXPANDED_20260824\data_views\single\SnowTrafficData\trainA\SnowTrafficData__0546.png,E:\UNSB_abl\full_dataset\SnowTrafficData\input\0546.png,0546
E:\UNSB_Expl\UNSB_HEADFIGURE_SIXDOMAIN_EXPANDED_20260824\data_views\aio\trainB\SnowTrafficData__1028.png,828328,,SnowTrafficData,0,,,trainB,5c95f22eefff3193ab5379863a51f5892033f1a404dd0f0914ebbcf4c360971a,E:\UNSB_Expl\UNSB_HEADFIGURE_SIXDOMAIN_EXPANDED_20260824\data_views\single\SnowTrafficData\trainB\SnowTrafficData__1028.png,E:\UNSB_abl\full_dataset\SnowTrafficData\target\1028.png,1028
E:\UNSB_Expl\UNSB_HEADFIGURE_SIXDOMAIN_EXPANDED_20260824\data_views\aio\trainB\SnowTrafficData__0230.png,263835,,SnowTrafficData,1,,,trainB,a23eb93436175437490cda6219c00e3638def062220a1e1895b5694670a92592,E:\UNSB_Expl\UNSB_HEADFIGURE_SIXDOMAIN_EXPANDED_20260824\data_views\single\SnowTrafficData\trainB\SnowTrafficData__0230.png,E:\UNSB_abl\full_dataset\SnowTrafficData\target\0230.png,0230
E:\UNSB_Expl\UNSB_HEADFIGURE_SIXDOMAIN_EXPANDED_20260824\data_views\aio\trainB\SnowTrafficData__1061.png,255679,,SnowTrafficData,2,,,trainB,a3a1dc9839523eb87def752e58926a2bc74a5b22db7a531209f8411d3bc8e064,E:\UNSB_Expl\UNSB_HEADFIGURE_SIXDOMAIN_EXPANDED_20260824\data_views\single\SnowTrafficData\trainB\SnowTrafficData__1061.png,E:\UNSB_abl\full_dataset\SnowTrafficData\target\1061.png,1061
E:\UNSB_Expl\UNSB_HEADFIGURE_SIXDOMAIN_EXPANDED_20260824\data_views\aio\trainB\SnowTrafficData__0482.png,252058,,SnowTrafficData,3,,,trainB,277823031a9a61a555323af6d9b1765694d47f7a939a7c048412f9891c1becf4,E:\UNSB_Expl\UNSB_HEADFIGURE_SIXDOMAIN_EXPANDED_20260824\data_views\single\SnowTrafficData\trainB\SnowTrafficData__0482.png,E:\UNSB_abl\full_dataset\SnowTrafficData\target\0482.png,0482
E:\UNSB_Expl\UNSB_HEADFIGURE_SIXDOMAIN_EXPANDED_20260824\data_views\aio\trainB\SnowTrafficData__0280.png,251475,,SnowTrafficData,4,,,trainB,7ce4d0702ea6127feb781b9f7a62e26cd7827a732b73fd64cc38f7b72fdb9151,E:\UNSB_Expl\UNSB_HEADFIGURE_SIXDOMAIN_EXPANDED_20260824\data_views\single\SnowTrafficData\trainB\SnowTrafficData__0280.png,E:\UNSB_abl\full_dataset\SnowTrafficData\target\0280.png,0280
E:\UNSB_Expl\UNSB_HEADFIGURE_SIXDOMAIN_EXPANDED_20260824\data_views\aio\trainB\SnowTrafficData__0204.png,180134,,SnowTrafficData,5,,,trainB,4a3978f2c5f9fc9a11f463e506a16371733e1a04e3cca4b57f9689f1789dcbbb,E:\UNSB_Expl\UNSB_HEADFIGURE_SIXDOMAIN_EXPANDED_20260824\data_views\single\SnowTrafficData\trainB\SnowTrafficData__0204.png,E:\UNSB_abl\full_dataset\SnowTrafficData\target\0204.png,0204
E:\UNSB_Expl\UNSB_HEADFIGURE_SIXDOMAIN_EXPANDED_20260824\data_views\aio\trainB\SnowTrafficData__0655.png,277150,,SnowTrafficData,6,,,trainB,dfbcc159773da508356ff97bb8af231b4875281b3e6fb86b6cc7bc2c0207f0cc,E:\UNSB_Expl\UNSB_HEADFIGURE_SIXDOMAIN_EXPANDED_20260824\data_views\single\SnowTrafficData\trainB\SnowTrafficData__0655.png,E:\UNSB_abl\full_dataset\SnowTrafficData\target\0655.png,0655
E:\UNSB_Expl\UNSB_HEADFIGURE_SIXDOMAIN_EXPANDED_20260824\data_views\aio\trainB\SnowTrafficData__0070.png,266664,,SnowTrafficData,7,,,trainB,3c2588ab78a6923a0fbef3bb60c3da2aa722b08e236a3d29b08f0316e81b68f0,E:\UNSB_Expl\UNSB_HEADFIGURE_SIXDOMAIN_EXPANDED_20260824\data_views\single\SnowTrafficData\trainB\SnowTrafficData__0070.png,E:\UNSB_abl\full_dataset\SnowTrafficData\target\0070.png,0070
E:\UNSB_Expl\UNSB_HEADFIGURE_SIXDOMAIN_EXPANDED_20260824\data_views\aio\trainB\SnowTrafficData__0369.png,1159637,,SnowTrafficData,8,,,trainB,b9a66687a1f6fd8fba715352293f4dfb3c4dd4b05202158ad9a7de8b0e1c0e04,E:\UNSB_Expl\UNSB_HEADFIGURE_SIXDOMAIN_EXPANDED_20260824\data_views\single\SnowTrafficData\trainB\SnowTrafficData__0369.png,E:\UNSB_abl\full_dataset\SnowTrafficData\target\0369.png,0369
E:\UNSB_Expl\UNSB_HEADFIGURE_SIXDOMAIN_EXPANDED_20260824\data_views\aio\trainB\SnowTrafficData__0883.png,187463,,SnowTrafficData,9,,,trainB,6d627e8643520df692609802e49446e1d8157dcada36bfb22a68fed9fc0ee920,E:\UNSB_Expl\UNSB_HEADFIGURE_SIXDOMAIN_EXPANDED_20260824\data_views\single\SnowTrafficData\trainB\SnowTrafficData__0883.png,E:\UNSB_abl\full_dataset\SnowTrafficData\target\0883.png,0883
E:\UNSB_Expl\UNSB_HEADFIGURE_SIXDOMAIN_EXPANDED_20260824\data_views\aio\trainB\SnowTrafficData__1198.png,199220,,SnowTrafficData,10,,,trainB,689d7ff5972352e7bb0e0590824e81748d995b366f27261b4bce2f6a660d591d,E:\UNSB_Expl\UNSB_HEADFIGURE_SIXDOMAIN_EXPANDED_20260824\data_views\single\SnowTrafficData\trainB\SnowTrafficData__1198.png,E:\UNSB_abl\full_dataset\SnowTrafficData\target\1198.png,1198
E:\UNSB_Expl\UNSB_HEADFIGURE_SIXDOMAIN_EXPANDED_20260824\data_views\aio\trainB\SnowTrafficData__0181.png,177671,,SnowTrafficData,11,,,trainB,b747e351a8b0bb49d6aca46b1bd80243ccfc40329850aeb9130eeb8f0dfc274c,E:\UNSB_Expl\UNSB_HEADFIGURE_SIXDOMAIN_EXPANDED_20260824\data_views\single\SnowTrafficData\trainB\SnowTrafficData__0181.png,E:\UNSB_abl\full_dataset\SnowTrafficData\target\0181.png,0181
E:\UNSB_Expl\UNSB_HEADFIGURE_SIXDOMAIN_EXPANDED_20260824\data_views\aio\trainB\SnowTrafficData__0287.png,184046,,SnowTrafficData,12,,,trainB,17418c318c0e4c2234c1384eb05fdfa983a8f3ee0852aa6437ab70dec2814223,E:\UNSB_Expl\UNSB_HEADFIGURE_SIXDOMAIN_EXPANDED_20260824\data_views\single\SnowTrafficData\trainB\SnowTrafficData__0287.png,E:\UNSB_abl\full_dataset\SnowTrafficData\target\0287.png,0287
E:\UNSB_Expl\UNSB_HEADFIGURE_SIXDOMAIN_EXPANDED_20260824\data_views\aio\trainB\SnowTrafficData__1033.png,261485,,SnowTrafficData,13,,,trainB,c7a73325233f452992b20520622684574446abea32cb81872e5077e6f72247a4,E:\UNSB_Expl\UNSB_HEADFIGURE_SIXDOMAIN_EXPANDED_20260824\data_views\single\SnowTrafficData\trainB\SnowTrafficData__1033.png,E:\UNSB_abl\full_dataset\SnowTrafficData\target\1033.png,1033
E:\UNSB_Expl\UNSB_HEADFIGURE_SIXDOMAIN_EXPANDED_20260824\data_views\aio\trainB\SnowTrafficData__0134.png,184029,,SnowTrafficData,14,,,trainB,473a3e1e20a53ec36a179a13366628e541cb0a8a6a78e5e0e1b170173c0448a7,E:\UNSB_Expl\UNSB_HEADFIGURE_SIXDOMAIN_EXPANDED_20260824\data_views\single\SnowTrafficData\trainB\SnowTrafficData__0134.png,E:\UNSB_abl\full_dataset\SnowTrafficData\target\0134.png,0134
E:\UNSB_Expl\UNSB_HEADFIGURE_SIXDOMAIN_EXPANDED_20260824\data_views\aio\trainB\SnowTrafficData__1190.png,256972,,SnowTrafficData,15,,,trainB,d541a8244e019f59c1cfc2c82d7aabdfb7ef77d1933dee315d594406166cb477,E:\UNSB_Expl\UNSB_HEADFIGURE_SIXDOMAIN_EXPANDED_20260824\data_views\single\SnowTrafficData\trainB\SnowTrafficData__1190.png,E:\UNSB_abl\full_dataset\SnowTrafficData\target\1190.png,1190
E:\UNSB_Expl\UNSB_HEADFIGURE_SIXDOMAIN_EXPANDED_20260824\data_views\aio\trainB\SnowTrafficData__0961.png,819769,,SnowTrafficData,16,,,trainB,0d88fd3f89fd8858792edf6ee9371a1ab988d92b9a483d4f1fbd1ddb2130755c,E:\UNSB_Expl\UNSB_HEADFIGURE_SIXDOMAIN_EXPANDED_20260824\data_views\single\SnowTrafficData\trainB\SnowTrafficData__0961.png,E:\UNSB_abl\full_dataset\SnowTrafficData\target\0961.png,0961
E:\UNSB_Expl\UNSB_HEADFIGURE_SIXDOMAIN_EXPANDED_20260824\data_views\aio\trainB\SnowTrafficData__0140.png,182874,,SnowTrafficData,17,,,trainB,d03395433c56e5d7006a1327d25644eee9cdf92dd72c1c98e08c8249da3aad72,E:\UNSB_Expl\UNSB_HEADFIGURE_SIXDOMAIN_EXPANDED_20260824\data_views\single\SnowTrafficData\trainB\SnowTrafficData__0140.png,E:\UNSB_abl\full_dataset\SnowTrafficData\target\0140.png,0140
E:\UNSB_Expl\UNSB_HEADFIGURE_SIXDOMAIN_EXPANDED_20260824\data_views\aio\trainB\SnowTrafficData__0843.png,281367,,SnowTrafficData,18,,,trainB,1344c74f2bcae170a28a004657bf5bbb00ff5ab64e45fe8ec42da1eeb2c75a68,E:\UNSB_Expl\UNSB_HEADFIGURE_SIXDOMAIN_EXPANDED_20260824\data_views\single\SnowTrafficData\trainB\SnowTrafficData__0843.png,E:\UNSB_abl\full_dataset\SnowTrafficData\target\0843.png,0843
E:\UNSB_Expl\UNSB_HEADFIGURE_SIXDOMAIN_EXPANDED_20260824\data_views\aio\trainB\SnowTrafficData__0084.png,178568,,SnowTrafficData,19,,,trainB,1778fe3fcf4141cf130f26cec874fdf6ff379da946384b9a27768a422f68fc2e,E:\UNSB_Expl\UNSB_HEADFIGURE_SIXDOMAIN_EXPANDED_20260824\data_views\single\SnowTrafficData\trainB\SnowTrafficData__0084.png,E:\UNSB_abl\full_dataset\SnowTrafficData\target\0084.png,0084
E:\UNSB_Expl\UNSB_HEADFIGURE_SIXDOMAIN_EXPANDED_20260824\data_views\aio\trainB\SnowTrafficData__1024.png,255203,,SnowTrafficData,20,,,trainB,c742f4ce981795330a7755214906b0402b2be700eb8d656b289e20ffd82f6a50,E:\UNSB_Expl\UNSB_HEADFIGURE_SIXDOMAIN_EXPANDED_20260824\data_views\single\SnowTrafficData\trainB\SnowTrafficData__1024.png,E:\UNSB_abl\full_dataset\SnowTrafficData\target\1024.png,1024
E:\UNSB_Expl\UNSB_HEADFIGURE_SIXDOMAIN_EXPANDED_20260824\data_views\aio\trainB\SnowTrafficData__0613.png,249645,,SnowTrafficData,21,,,trainB,bff6ccb6f5165508aeb54b78f7234406dff14cd90446bef13b2baf42a341c22b,E:\UNSB_Expl\UNSB_HEADFIGURE_SIXDOMAIN_EXPANDED_20260824\data_views\single\SnowTrafficData\trainB\SnowTrafficData__0613.png,E:\UNSB_abl\full_dataset\SnowTrafficData\target\0613.png,0613
E:\UNSB_Expl\UNSB_HEADFIGURE_SIXDOMAIN_EXPANDED_20260824\data_views\aio\trainB\SnowTrafficData__0541.png,1169383,,SnowTrafficData,22,,,trainB,defe32d36e91e2f0afd0b404641aa2609e032986fb1017b990de1c40d4059c90,E:\UNSB_Expl\UNSB_HEADFIGURE_SIXDOMAIN_EXPANDED_20260824\data_views\single\SnowTrafficData\trainB\SnowTrafficData__0541.png,E:\UNSB_abl\full_dataset\SnowTrafficData\target\0541.png,0541
E:\UNSB_Expl\UNSB_HEADFIGURE_SIXDOMAIN_EXPANDED_20260824\data_views\aio\trainB\SnowTrafficData__0131.png,263623,,SnowTrafficData,23,,,trainB,12d92d85617eb3c2a87eab4d99b004d242429e508793b8a70f18ec7393476147,E:\UNSB_Expl\UNSB_HEADFIGURE_SIXDOMAIN_EXPANDED_20260824\data_views\single\SnowTrafficData\trainB\SnowTrafficData__0131.png,E:\UNSB_abl\full_dataset\SnowTrafficData\target\0131.png,0131
E:\UNSB_Expl\UNSB_HEADFIGURE_SIXDOMAIN_EXPANDED_20260824\data_views\aio\trainB\SnowTrafficData__0623.png,252158,,SnowTrafficData,24,,,trainB,fb7f5dc0c85d14edee1611c4d0e89acc4e3675940c48b3d6c3a5d3912dd59d2c,E:\UNSB_Expl\UNSB_HEADFIGURE_SIXDOMAIN_EXPANDED_20260824\data_views\single\SnowTrafficData\trainB\SnowTrafficData__0623.png,E:\UNSB_abl\full_dataset\SnowTrafficData\target\0623.png,0623
E:\UNSB_Expl\UNSB_HEADFIGURE_SIXDOMAIN_EXPANDED_20260824\data_views\aio\trainB\SnowTrafficData__0397.png,1167055,,SnowTrafficData,25,,,trainB,724f70fdaa8a9f3e35cc09da3a64408c1b0de42a7a19e1349b6b5bfa77901899,E:\UNSB_Expl\UNSB_HEADFIGURE_SIXDOMAIN_EXPANDED_20260824\data_views\single\SnowTrafficData\trainB\SnowTrafficData__0397.png,E:\UNSB_abl\full_dataset\SnowTrafficData\target\0397.png,0397
E:\UNSB_Expl\UNSB_HEADFIGURE_SIXDOMAIN_EXPANDED_20260824\data_views\aio\trainB\SnowTrafficData__0173.png,178395,,SnowTrafficData,26,,,trainB,a35ab5c095603ccbf4d3498307caf9d86f1a3cb0768c63982abb06f65663d211,E:\UNSB_Expl\UNSB_HEADFIGURE_SIXDOMAIN_EXPANDED_20260824\data_views\single\SnowTrafficData\trainB\SnowTrafficData__0173.png,E:\UNSB_abl\full_dataset\SnowTrafficData\target\0173.png,0173
E:\UNSB_Expl\UNSB_HEADFIGURE_SIXDOMAIN_EXPANDED_20260824\data_views\aio\trainB\SnowTrafficData__0155.png,812537,,SnowTrafficData,27,,,trainB,896844b5694bca4d96bc85b8ba8547825834886e8a013b3d255f46a794724a54,E:\UNSB_Expl\UNSB_HEADFIGURE_SIXDOMAIN_EXPANDED_20260824\data_views\single\SnowTrafficData\trainB\SnowTrafficData__0155.png,E:\UNSB_abl\full_dataset\SnowTrafficData\target\0155.png,0155
E:\UNSB_Expl\UNSB_HEADFIGURE_SIXDOMAIN_EXPANDED_20260824\data_views\aio\trainB\SnowTrafficData__0940.png,263646,,SnowTrafficData,28,,,trainB,07f03c78ac11b82ecdc586cbd69caaa94bb1dc2a9058362f8e1f7ce74002667d,E:\UNSB_Expl\UNSB_HEADFIGURE_SIXDOMAIN_EXPANDED_20260824\data_views\single\SnowTrafficData\trainB\SnowTrafficData__0940.png,E:\UNSB_abl\full_dataset\SnowTrafficData\target\0940.png,0940
E:\UNSB_Expl\UNSB_HEADFIGURE_SIXDOMAIN_EXPANDED_20260824\data_views\aio\trainB\SnowTrafficData__0466.png,256914,,SnowTrafficData,29,,,trainB,bf99b6a0fc976791d077118a5c7c711092be93bc7d63a1394eae9cace4b5bf49,E:\UNSB_Expl\UNSB_HEADFIGURE_SIXDOMAIN_EXPANDED_20260824\data_views\single\SnowTrafficData\trainB\SnowTrafficData__0466.png,E:\UNSB_abl\full_dataset\SnowTrafficData\target\0466.png,0466
E:\UNSB_Expl\UNSB_HEADFIGURE_SIXDOMAIN_EXPANDED_20260824\data_views\aio\trainB\SnowTrafficData__0054.png,177676,,SnowTrafficData,30,,,trainB,3d5c36e1516a7752fd92a6e4f10e6dc2d65c7f7451f650c5495a5be6c00ac6c7,E:\UNSB_Expl\UNSB_HEADFIGURE_SIXDOMAIN_EXPANDED_20260824\data_views\single\SnowTrafficData\trainB\SnowTrafficData__0054.png,E:\UNSB_abl\full_dataset\SnowTrafficData\target\0054.png,0054
E:\UNSB_Expl\UNSB_HEADFIGURE_SIXDOMAIN_EXPANDED_20260824\data_views\aio\trainB\SnowTrafficData__0289.png,262664,,SnowTrafficData,31,,,trainB,7caab39d67150cbf42e2fdc2cb4515e720b693e999caef30fd58fc1cb0dca471,E:\UNSB_Expl\UNSB_HEADFIGURE_SIXDOMAIN_EXPANDED_20260824\data_views\single\SnowTrafficData\trainB\SnowTrafficData__0289.png,E:\UNSB_abl\full_dataset\SnowTrafficData\target\0289.png,0289
E:\UNSB_Expl\UNSB_HEADFIGURE_SIXDOMAIN_EXPANDED_20260824\data_views\aio\trainB\SnowTrafficData__0401.png,197293,,SnowTrafficData,32,,,trainB,8f4929465dd61a9d53bcf834bc5ee5c88e858a901865f232c4756e388b23d95f,E:\UNSB_Expl\UNSB_HEADFIGURE_SIXDOMAIN_EXPANDED_20260824\data_views\single\SnowTrafficData\trainB\SnowTrafficData__0401.png,E:\UNSB_abl\full_dataset\SnowTrafficData\target\0401.png,0401
E:\UNSB_Expl\UNSB_HEADFIGURE_SIXDOMAIN_EXPANDED_20260824\data_views\aio\trainB\SnowTrafficData__1095.png,182213,,SnowTrafficData,33,,,trainB,bfe51fa89e0a260ea207d534674b85240bdc83f6fee9d333e156d9ba7200bdcb,E:\UNSB_Expl\UNSB_HEADFIGURE_SIXDOMAIN_EXPANDED_20260824\data_views\single\SnowTrafficData\trainB\SnowTrafficData__1095.png,E:\UNSB_abl\full_dataset\SnowTrafficData\target\1095.png,1095
E:\UNSB_Expl\UNSB_HEADFIGURE_SIXDOMAIN_EXPANDED_20260824\data_views\aio\trainB\SnowTrafficData__0068.png,196185,,SnowTrafficData,34,,,trainB,62702d7541f72538ad2a8e8d2e020733988cacfb799d386d38fc96e0d1f0de18,E:\UNSB_Expl\UNSB_HEADFIGURE_SIXDOMAIN_EXPANDED_20260824\data_views\single\SnowTrafficData\trainB\SnowTrafficData__0068.png,E:\UNSB_abl\full_dataset\SnowTrafficData\target\0068.png,0068
E:\UNSB_Expl\UNSB_HEADFIGURE_SIXDOMAIN_EXPANDED_20260824\data_views\aio\trainB\SnowTrafficData__0193.png,181123,,SnowTrafficData,35,,,trainB,a940d470264c41bff94ec6ce4b05001e861b9e6495070149abe443ddc3a9f2cb,E:\UNSB_Expl\UNSB_HEADFIGURE_SIXDOMAIN_EXPANDED_20260824\data_views\single\SnowTrafficData\trainB\SnowTrafficData__0193.png,E:\UNSB_abl\full_dataset\SnowTrafficData\target\0193.png,0193
E:\UNSB_Expl\UNSB_HEADFIGURE_SIXDOMAIN_EXPANDED_20260824\data_views\aio\trainB\SnowTrafficData__0087.png,196687,,SnowTrafficData,36,,,trainB,2d81c25b3b617f46e24dcefdca5ffe052adc69dc75a4347a16f067ff4ca77ad8,E:\UNSB_Expl\UNSB_HEADFIGURE_SIXDOMAIN_EXPANDED_20260824\data_views\single\SnowTrafficData\trainB\SnowTrafficData__0087.png,E:\UNSB_abl\full_dataset\SnowTrafficData\target\0087.png,0087
E:\UNSB_Expl\UNSB_HEADFIGURE_SIXDOMAIN_EXPANDED_20260824\data_views\aio\trainB\SnowTrafficData__1044.png,250746,,SnowTrafficData,37,,,trainB,384c706087f31d1c18e5729a1d1a95844214e59f19b5c139cf81a2eeb1cc26ee,E:\UNSB_Expl\UNSB_HEADFIGURE_SIXDOMAIN_EXPANDED_20260824\data_views\single\SnowTrafficData\trainB\SnowTrafficData__1044.png,E:\UNSB_abl\full_dataset\SnowTrafficData\target\1044.png,1044
E:\UNSB_Expl\UNSB_HEADFIGURE_SIXDOMAIN_EXPANDED_20260824\data_views\aio\trainB\SnowTrafficData__0478.png,251927,,SnowTrafficData,38,,,trainB,9abdaea32362444047b6c391f90d65127442520a25a948b04e93435601aea998,E:\UNSB_Expl\UNSB_HEADFIGURE_SIXDOMAIN_EXPANDED_20260824\data_views\single\SnowTrafficData\trainB\SnowTrafficData__0478.png,E:\UNSB_abl\full_dataset\SnowTrafficData\target\0478.png,0478
E:\UNSB_Expl\UNSB_HEADFIGURE_SIXDOMAIN_EXPANDED_20260824\data_views\aio\trainB\SnowTrafficData__1249.png,832303,,SnowTrafficData,39,,,trainB,484aba1cabbbc31e9db5f1a680b5e4636ab5ad32a790099329ba32256b5960f3,E:\UNSB_Expl\UNSB_HEADFIGURE_SIXDOMAIN_EXPANDED_20260824\data_views\single\SnowTrafficData\trainB\SnowTrafficData__1249.png,E:\UNSB_abl\full_dataset\SnowTrafficData\target\1249.png,1249
E:\UNSB_Expl\UNSB_HEADFIGURE_SIXDOMAIN_EXPANDED_20260824\data_views\aio\trainB\SnowTrafficData__0328.png,836322,,SnowTrafficData,40,,,trainB,6f8260dc4e7cb63e1512f81340688affac68b340758e43503230c4cb2105f5d1,E:\UNSB_Expl\UNSB_HEADFIGURE_SIXDOMAIN_EXPANDED_20260824\data_views\single\SnowTrafficData\trainB\SnowTrafficData__0328.png,E:\UNSB_abl\full_dataset\SnowTrafficData\target\0328.png,0328
E:\UNSB_Expl\UNSB_HEADFIGURE_SIXDOMAIN_EXPANDED_20260824\data_views\aio\trainB\SnowTrafficData__0688.png,203060,,SnowTrafficData,41,,,trainB,321f61b8e8692ea25525fdb0cc41d27860ef1bf6543d0988db404c7f47574b8b,E:\UNSB_Expl\UNSB_HEADFIGURE_SIXDOMAIN_EXPANDED_20260824\data_views\single\SnowTrafficData\trainB\SnowTrafficData__0688.png,E:\UNSB_abl\full_dataset\SnowTrafficData\target\0688.png,0688
E:\UNSB_Expl\UNSB_HEADFIGURE_SIXDOMAIN_EXPANDED_20260824\data_views\aio\trainB\SnowTrafficData__0317.png,258865,,SnowTrafficData,42,,,trainB,ecb8478f4d1209daf082c35aab27c330a675e715ef4cf9e145118643442ec0aa,E:\UNSB_Expl\UNSB_HEADFIGURE_SIXDOMAIN_EXPANDED_20260824\data_views\single\SnowTrafficData\trainB\SnowTrafficData__0317.png,E:\UNSB_abl\full_dataset\SnowTrafficData\target\0317.png,0317
E:\UNSB_Expl\UNSB_HEADFIGURE_SIXDOMAIN_EXPANDED_20260824\data_views\aio\trainB\SnowTrafficData__0090.png,1176960,,SnowTrafficData,43,,,trainB,3ef893ccb3168be4719c16093adb2afbbda49815411c95fedc432501810bae10,E:\UNSB_Expl\UNSB_HEADFIGURE_SIXDOMAIN_EXPANDED_20260824\data_views\single\SnowTrafficData\trainB\SnowTrafficData__0090.png,E:\UNSB_abl\full_dataset\SnowTrafficData\target\0090.png,0090
E:\UNSB_Expl\UNSB_HEADFIGURE_SIXDOMAIN_EXPANDED_20260824\data_views\aio\trainB\SnowTrafficData__0450.png,374355,,SnowTrafficData,44,,,trainB,36d4672c7b9421eec980c26dcb195c57769443deb246424c47745af6bf049b4d,E:\UNSB_Expl\UNSB_HEADFIGURE_SIXDOMAIN_EXPANDED_20260824\data_views\single\SnowTrafficData\trainB\SnowTrafficData__0450.png,E:\UNSB_abl\full_dataset\SnowTrafficData\target\0450.png,0450
E:\UNSB_Expl\UNSB_HEADFIGURE_SIXDOMAIN_EXPANDED_20260824\data_views\aio\trainB\SnowTrafficData__0191.png,253476,,SnowTrafficData,45,,,trainB,c23f9d6dc4af6ffca928005810a44640de4a40f10e51fee7a05fc3d54dec5e14,E:\UNSB_Expl\UNSB_HEADFIGURE_SIXDOMAIN_EXPANDED_20260824\data_views\single\SnowTrafficData\trainB\SnowTrafficData__0191.png,E:\UNSB_abl\full_dataset\SnowTrafficData\target\0191.png,0191
E:\UNSB_Expl\UNSB_HEADFIGURE_SIXDOMAIN_EXPANDED_20260824\data_views\aio\trainB\SnowTrafficData__0777.png,1173354,,SnowTrafficData,46,,,trainB,d051e55c2c66c9e6ea06f51efb8974e0e23e637d3e32d5ad3e5d1f016b51f669,E:\UNSB_Expl\UNSB_HEADFIGURE_SIXDOMAIN_EXPANDED_20260824\data_views\single\SnowTrafficData\trainB\SnowTrafficData__0777.png,E:\UNSB_abl\full_dataset\SnowTrafficData\target\0777.png,0777
E:\UNSB_Expl\UNSB_HEADFIGURE_SIXDOMAIN_EXPANDED_20260824\data_views\aio\trainB\SnowTrafficData__0410.png,179701,,SnowTrafficData,47,,,trainB,6106f9feb25d0ad8b8059775b5d3086658d779977d14d5dcd699016cd01e2a2b,E:\UNSB_Expl\UNSB_HEADFIGURE_SIXDOMAIN_EXPANDED_20260824\data_views\single\SnowTrafficData\trainB\SnowTrafficData__0410.png,E:\UNSB_abl\full_dataset\SnowTrafficData\target\0410.png,0410
E:\UNSB_Expl\UNSB_HEADFIGURE_SIXDOMAIN_EXPANDED_20260824\data_views\aio\trainB\SnowTrafficData__0493.png,178989,,SnowTrafficData,48,,,trainB,7e3c9804296c5cc6e849e0dd9a8aafe61ca4383f179c26c7a3ed3ad50cefb3ce,E:\UNSB_Expl\UNSB_HEADFIGURE_SIXDOMAIN_EXPANDED_20260824\data_views\single\SnowTrafficData\trainB\SnowTrafficData__0493.png,E:\UNSB_abl\full_dataset\SnowTrafficData\target\0493.png,0493
E:\UNSB_Expl\UNSB_HEADFIGURE_SIXDOMAIN_EXPANDED_20260824\data_views\aio\trainB\SnowTrafficData__0585.png,251271,,SnowTrafficData,49,,,trainB,5311f14bbfd5cdd9b46db2d0cd49694819b87e2ec2c137f9a77a3a940a2cb0fd,E:\UNSB_Expl\UNSB_HEADFIGURE_SIXDOMAIN_EXPANDED_20260824\data_views\single\SnowTrafficData\trainB\SnowTrafficData__0585.png,E:\UNSB_abl\full_dataset\SnowTrafficData\target\0585.png,0585
E:\UNSB_Expl\UNSB_HEADFIGURE_SIXDOMAIN_EXPANDED_20260824\data_views\aio\trainB\SnowTrafficData__0630.png,266083,,SnowTrafficData,50,,,trainB,79ba9216d46b12d15561ce500ce3996a47ec063076820c403e5a7342b44281ce,E:\UNSB_Expl\UNSB_HEADFIGURE_SIXDOMAIN_EXPANDED_20260824\data_views\single\SnowTrafficData\trainB\SnowTrafficData__0630.png,E:\UNSB_abl\full_dataset\SnowTrafficData\target\0630.png,0630
E:\UNSB_Expl\UNSB_HEADFIGURE_SIXDOMAIN_EXPANDED_20260824\data_views\aio\trainB\SnowTrafficData__0549.png,251816,,SnowTrafficData,51,,,trainB,e688f15dac010d083e7cd7eee56c32cdb8d545ebec8b8e3741cb8766547828d4,E:\UNSB_Expl\UNSB_HEADFIGURE_SIXDOMAIN_EXPANDED_20260824\data_views\single\SnowTrafficData\trainB\SnowTrafficData__0549.png,E:\UNSB_abl\full_dataset\SnowTrafficData\target\0549.png,0549
E:\UNSB_Expl\UNSB_HEADFIGURE_SIXDOMAIN_EXPANDED_20260824\data_views\aio\trainB\SnowTrafficData__1265.png,263479,,SnowTrafficData,52,,,trainB,c5bf2e183c93f80267af2444614c69280db1851174bd34d4b3455a8a16f856b7,E:\UNSB_Expl\UNSB_HEADFIGURE_SIXDOMAIN_EXPANDED_20260824\data_views\single\SnowTrafficData\trainB\SnowTrafficData__1265.png,E:\UNSB_abl\full_dataset\SnowTrafficData\target\1265.png,1265
E:\UNSB_Expl\UNSB_HEADFIGURE_SIXDOMAIN_EXPANDED_20260824\data_views\aio\trainB\SnowTrafficData__1179.png,265439,,SnowTrafficData,53,,,trainB,e643e094ad8acbb56fe22890448ec4a3bf91b8bcc367a09dbce488734a3f6cd5,E:\UNSB_Expl\UNSB_HEADFIGURE_SIXDOMAIN_EXPANDED_20260824\data_views\single\SnowTrafficData\trainB\SnowTrafficData__1179.png,E:\UNSB_abl\full_dataset\SnowTrafficData\target\1179.png,1179
E:\UNSB_Expl\UNSB_HEADFIGURE_SIXDOMAIN_EXPANDED_20260824\data_views\aio\trainB\SnowTrafficData__1086.png,199873,,SnowTrafficData,54,,,trainB,fc9ecf533b3d058178009e98b007ec3998c66bf2ff294d47888e7ce8222736e6,E:\UNSB_Expl\UNSB_HEADFIGURE_SIXDOMAIN_EXPANDED_20260824\data_views\single\SnowTrafficData\trainB\SnowTrafficData__1086.png,E:\UNSB_abl\full_dataset\SnowTrafficData\target\1086.png,1086
E:\UNSB_Expl\UNSB_HEADFIGURE_SIXDOMAIN_EXPANDED_20260824\data_views\aio\trainB\SnowTrafficData__0026.png,188822,,SnowTrafficData,55,,,trainB,9db5e0a9e676c73a5c9870480bc3379a86484b24cc157856ab6219c8556e6a52,E:\UNSB_Expl\UNSB_HEADFIGURE_SIXDOMAIN_EXPANDED_20260824\data_views\single\SnowTrafficData\trainB\SnowTrafficData__0026.png,E:\UNSB_abl\full_dataset\SnowTrafficData\target\0026.png,0026
E:\UNSB_Expl\UNSB_HEADFIGURE_SIXDOMAIN_EXPANDED_20260824\data_views\aio\trainB\SnowTrafficData__1174.png,1171151,,SnowTrafficData,56,,,trainB,5520ab177e8997d60b590048373c3fcfc60c536021378551dbe8702901c2c50d,E:\UNSB_Expl\UNSB_HEADFIGURE_SIXDOMAIN_EXPANDED_20260824\data_views\single\SnowTrafficData\trainB\SnowTrafficData__1174.png,E:\UNSB_abl\full_dataset\SnowTrafficData\target\1174.png,1174
E:\UNSB_Expl\UNSB_HEADFIGURE_SIXDOMAIN_EXPANDED_20260824\data_views\aio\trainB\SnowTrafficData__0433.png,184462,,SnowTrafficData,57,,,trainB,05e2108c926acbe147d31418da6cafb0939c550e2a52fc186067f606f4a13b89,E:\UNSB_Expl\UNSB_HEADFIGURE_SIXDOMAIN_EXPANDED_20260824\data_views\single\SnowTrafficData\trainB\SnowTrafficData__0433.png,E:\UNSB_abl\full_dataset\SnowTrafficData\target\0433.png,0433
E:\UNSB_Expl\UNSB_HEADFIGURE_SIXDOMAIN_EXPANDED_20260824\data_views\aio\trainB\SnowTrafficData__0151.png,263009,,SnowTrafficData,58,,,trainB,8ca349d7776303c31368a57613fd5b8310f2138d3d03e27a5f5ff02c94ed1665,E:\UNSB_Expl\UNSB_HEADFIGURE_SIXDOMAIN_EXPANDED_20260824\data_views\single\SnowTrafficData\trainB\SnowTrafficData__0151.png,E:\UNSB_abl\full_dataset\SnowTrafficData\target\0151.png,0151
E:\UNSB_Expl\UNSB_HEADFIGURE_SIXDOMAIN_EXPANDED_20260824\data_views\aio\trainB\SnowTrafficData__1167.png,166460,,SnowTrafficData,59,,,trainB,77de66e5e6ba106122cf24ef68dd7ffb8acb13eb29ac53e3caca1aa3e312c4dd,E:\UNSB_Expl\UNSB_HEADFIGURE_SIXDOMAIN_EXPANDED_20260824\data_views\single\SnowTrafficData\trainB\SnowTrafficData__1167.png,E:\UNSB_abl\full_dataset\SnowTrafficData\target\1167.png,1167
E:\UNSB_Expl\UNSB_HEADFIGURE_SIXDOMAIN_EXPANDED_20260824\data_views\aio\trainB\SnowTrafficData__0318.png,182273,,SnowTrafficData,60,,,trainB,e463958fac4834f91936ec58e0244a2863d9903c1f4787e4db4953c8fc848244,E:\UNSB_Expl\UNSB_HEADFIGURE_SIXDOMAIN_EXPANDED_20260824\data_views\single\SnowTrafficData\trainB\SnowTrafficData__0318.png,E:\UNSB_abl\full_dataset\SnowTrafficData\target\0318.png,0318
E:\UNSB_Expl\UNSB_HEADFIGURE_SIXDOMAIN_EXPANDED_20260824\data_views\aio\trainB\SnowTrafficData__0659.png,200796,,SnowTrafficData,61,,,trainB,c87f222a4189b18a1586b195279ed24c3e136f157e5ee9be0b16a870dfb660fc,E:\UNSB_Expl\UNSB_HEADFIGURE_SIXDOMAIN_EXPANDED_20260824\data_views\single\SnowTrafficData\trainB\SnowTrafficData__0659.png,E:\UNSB_abl\full_dataset\SnowTrafficData\target\0659.png,0659
E:\UNSB_Expl\UNSB_HEADFIGURE_SIXDOMAIN_EXPANDED_20260824\data_views\aio\trainB\SnowTrafficData__0904.png,262249,,SnowTrafficData,62,,,trainB,8b97ccf084343cd6e7cccd30f2390ce58e3c062200adca8080740d10ed14697c,E:\UNSB_Expl\UNSB_HEADFIGURE_SIXDOMAIN_EXPANDED_20260824\data_views\single\SnowTrafficData\trainB\SnowTrafficData__0904.png,E:\UNSB_abl\full_dataset\SnowTrafficData\target\0904.png,0904
E:\UNSB_Expl\UNSB_HEADFIGURE_SIXDOMAIN_EXPANDED_20260824\data_views\aio\trainB\SnowTrafficData__0139.png,841330,,SnowTrafficData,63,,,trainB,05425e5fd9c9d18693fcf2683b15d3a66e64f8ef0961b080220dac2afb946860,E:\UNSB_Expl\UNSB_HEADFIGURE_SIXDOMAIN_EXPANDED_20260824\data_views\single\SnowTrafficData\trainB\SnowTrafficData__0139.png,E:\UNSB_abl\full_dataset\SnowTrafficData\target\0139.png,0139
E:\UNSB_Expl\UNSB_HEADFIGURE_SIXDOMAIN_EXPANDED_20260824\data_views\aio\trainB\SnowTrafficData__0035.png,282469,,SnowTrafficData,64,,,trainB,38463526976c7fcc8d773b40d5616f03dc8be8a5ea3619ad0041f192d0ffdf26,E:\UNSB_Expl\UNSB_HEADFIGURE_SIXDOMAIN_EXPANDED_20260824\data_views\single\SnowTrafficData\trainB\SnowTrafficData__0035.png,E:\UNSB_abl\full_dataset\SnowTrafficData\target\0035.png,0035
E:\UNSB_Expl\UNSB_HEADFIGURE_SIXDOMAIN_EXPANDED_20260824\data_views\aio\trainB\SnowTrafficData__0156.png,241712,,SnowTrafficData,65,,,trainB,354e8dc220158ee14d598f0d95f0ac2e896e1d653520a226f9e4dc28b4f98a90,E:\UNSB_Expl\UNSB_HEADFIGURE_SIXDOMAIN_EXPANDED_20260824\data_views\single\SnowTrafficData\trainB\SnowTrafficData__0156.png,E:\UNSB_abl\full_dataset\SnowTrafficData\target\0156.png,0156
E:\UNSB_Expl\UNSB_HEADFIGURE_SIXDOMAIN_EXPANDED_20260824\data_views\aio\trainB\SnowTrafficData__0372.png,252428,,SnowTrafficData,66,,,trainB,1838d514abfe01dd7aca4ca471d91ada61ec87c7387f7c9cbafb926b4407ce07,E:\UNSB_Expl\UNSB_HEADFIGURE_SIXDOMAIN_EXPANDED_20260824\data_views\single\SnowTrafficData\trainB\SnowTrafficData__0372.png,E:\UNSB_abl\full_dataset\SnowTrafficData\target\0372.png,0372
E:\UNSB_Expl\UNSB_HEADFIGURE_SIXDOMAIN_EXPANDED_20260824\data_views\aio\trainB\SnowTrafficData__0329.png,252094,,SnowTrafficData,67,,,trainB,ac42139c73ea9b7066c44e85f4be807ea49d65ed7632e111e20f6cc228eaebfb,E:\UNSB_Expl\UNSB_HEADFIGURE_SIXDOMAIN_EXPANDED_20260824\data_views\single\SnowTrafficData\trainB\SnowTrafficData__0329.png,E:\UNSB_abl\full_dataset\SnowTrafficData\target\0329.png,0329
E:\UNSB_Expl\UNSB_HEADFIGURE_SIXDOMAIN_EXPANDED_20260824\data_views\aio\trainB\SnowTrafficData__0641.png,249395,,SnowTrafficData,68,,,trainB,be8a3da7a18d299b2f887ac541df20ee25bcbb594b219527f6a39c58f0fa22e9,E:\UNSB_Expl\UNSB_HEADFIGURE_SIXDOMAIN_EXPANDED_20260824\data_views\single\SnowTrafficData\trainB\SnowTrafficData__0641.png,E:\UNSB_abl\full_dataset\SnowTrafficData\target\0641.png,0641
E:\UNSB_Expl\UNSB_HEADFIGURE_SIXDOMAIN_EXPANDED_20260824\data_views\aio\trainB\SnowTrafficData__0502.png,814094,,SnowTrafficData,69,,,trainB,b239edfbba7eb72607a2d2158c475cacc235120dc124c706170694da1f991916,E:\UNSB_Expl\UNSB_HEADFIGURE_SIXDOMAIN_EXPANDED_20260824\data_views\single\SnowTrafficData\trainB\SnowTrafficData__0502.png,E:\UNSB_abl\full_dataset\SnowTrafficData\target\0502.png,0502
E:\UNSB_Expl\UNSB_HEADFIGURE_SIXDOMAIN_EXPANDED_20260824\data_views\aio\trainB\SnowTrafficData__0764.png,796619,,SnowTrafficData,70,,,trainB,b58ae7169686c18edf1e4180a447c80e330f82c33b8b2146df48bc8cc7f789ec,E:\UNSB_Expl\UNSB_HEADFIGURE_SIXDOMAIN_EXPANDED_20260824\data_views\single\SnowTrafficData\trainB\SnowTrafficData__0764.png,E:\UNSB_abl\full_dataset\SnowTrafficData\target\0764.png,0764
E:\UNSB_Expl\UNSB_HEADFIGURE_SIXDOMAIN_EXPANDED_20260824\data_views\aio\trainB\SnowTrafficData__0049.png,272701,,SnowTrafficData,71,,,trainB,8d881a5745080ae397aa9df9c54f76fae00776a9302267716bfb3c528c37d684,E:\UNSB_Expl\UNSB_HEADFIGURE_SIXDOMAIN_EXPANDED_20260824\data_views\single\SnowTrafficData\trainB\SnowTrafficData__0049.png,E:\UNSB_abl\full_dataset\SnowTrafficData\target\0049.png,0049
E:\UNSB_Expl\UNSB_HEADFIGURE_SIXDOMAIN_EXPANDED_20260824\data_views\aio\trainB\SnowTrafficData__0308.png,181027,,SnowTrafficData,72,,,trainB,50397f7f999916d9b8f741afd251219c4a20496d7da2123773530cff9b627394,E:\UNSB_Expl\UNSB_HEADFIGURE_SIXDOMAIN_EXPANDED_20260824\data_views\single\SnowTrafficData\trainB\SnowTrafficData__0308.png,E:\UNSB_abl\full_dataset\SnowTrafficData\target\0308.png,0308
E:\UNSB_Expl\UNSB_HEADFIGURE_SIXDOMAIN_EXPANDED_20260824\data_views\aio\trainB\SnowTrafficData__0606.png,245356,,SnowTrafficData,73,,,trainB,3f53525465c23bd807a24e1f9f9f96d003f30e2125ca888f942a438e803cc908,E:\UNSB_Expl\UNSB_HEADFIGURE_SIXDOMAIN_EXPANDED_20260824\data_views\single\SnowTrafficData\trainB\SnowTrafficData__0606.png,E:\UNSB_abl\full_dataset\SnowTrafficData\target\0606.png,0606
E:\UNSB_Expl\UNSB_HEADFIGURE_SIXDOMAIN_EXPANDED_20260824\data_views\aio\trainB\SnowTrafficData__1195.png,200547,,SnowTrafficData,74,,,trainB,2c49c05afe3c96dbe8356527c729a875025727aa29bb5968ac53c33f520a18b3,E:\UNSB_Expl\UNSB_HEADFIGURE_SIXDOMAIN_EXPANDED_20260824\data_views\single\SnowTrafficData\trainB\SnowTrafficData__1195.png,E:\UNSB_abl\full_dataset\SnowTrafficData\target\1195.png,1195
E:\UNSB_Expl\UNSB_HEADFIGURE_SIXDOMAIN_EXPANDED_20260824\data_views\aio\trainB\SnowTrafficData__0721.png,249280,,SnowTrafficData,75,,,trainB,378ce85cfa8db321f350ec9ee3ffc57df1935b1db32d99b89eec1a7018e8907d,E:\UNSB_Expl\UNSB_HEADFIGURE_SIXDOMAIN_EXPANDED_20260824\data_views\single\SnowTrafficData\trainB\SnowTrafficData__0721.png,E:\UNSB_abl\full_dataset\SnowTrafficData\target\0721.png,0721
E:\UNSB_Expl\UNSB_HEADFIGURE_SIXDOMAIN_EXPANDED_20260824\data_views\aio\trainB\SnowTrafficData__0731.png,161960,,SnowTrafficData,76,,,trainB,f42daf52792496099cfbd34a296260709449bc7c37554a938de779fe649dcbd1,E:\UNSB_Expl\UNSB_HEADFIGURE_SIXDOMAIN_EXPANDED_20260824\data_views\single\SnowTrafficData\trainB\SnowTrafficData__0731.png,E:\UNSB_abl\full_dataset\SnowTrafficData\target\0731.png,0731
E:\UNSB_Expl\UNSB_HEADFIGURE_SIXDOMAIN_EXPANDED_20260824\data_views\aio\trainB\SnowTrafficData__0908.png,194555,,SnowTrafficData,77,,,trainB,85eb3ab641f4164dc419af089753424f71eddb12cbae8fac54f61ca5ed4a2424,E:\UNSB_Expl\UNSB_HEADFIGURE_SIXDOMAIN_EXPANDED_20260824\data_views\single\SnowTrafficData\trainB\SnowTrafficData__0908.png,E:\UNSB_abl\full_dataset\SnowTrafficData\target\0908.png,0908
E:\UNSB_Expl\UNSB_HEADFIGURE_SIXDOMAIN_EXPANDED_20260824\data_views\aio\trainB\SnowTrafficData__0736.png,265593,,SnowTrafficData,78,,,trainB,56a4fd4ba100ff805aaa4b2a5f2f8a13e65e35ea86c23c117253e7aafab3aa63,E:\UNSB_Expl\UNSB_HEADFIGURE_SIXDOMAIN_EXPANDED_20260824\data_views\single\SnowTrafficData\trainB\SnowTrafficData__0736.png,E:\UNSB_abl\full_dataset\SnowTrafficData\target\0736.png,0736
E:\UNSB_Expl\UNSB_HEADFIGURE_SIXDOMAIN_EXPANDED_20260824\data_views\aio\trainB\SnowTrafficData__0379.png,189092,,SnowTrafficData,79,,,trainB,60104c14502d5f51afc011bba51155c0a36faaae94c37c8efa8209ec2df48faa,E:\UNSB_Expl\UNSB_HEADFIGURE_SIXDOMAIN_EXPANDED_20260824\data_views\single\SnowTrafficData\trainB\SnowTrafficData__0379.png,E:\UNSB_abl\full_dataset\SnowTrafficData\target\0379.png,0379
E:\UNSB_Expl\UNSB_HEADFIGURE_SIXDOMAIN_EXPANDED_20260824\data_views\aio\trainB\SnowTrafficData__0251.png,187116,,SnowTrafficData,80,,,trainB,51b0a2ecd9408ed7e0bece1f42a933b5de2ea1b1c587b543ff3c4b3c7ae282e3,E:\UNSB_Expl\UNSB_HEADFIGURE_SIXDOMAIN_EXPANDED_20260824\data_views\single\SnowTrafficData\trainB\SnowTrafficData__0251.png,E:\UNSB_abl\full_dataset\SnowTrafficData\target\0251.png,0251
E:\UNSB_Expl\UNSB_HEADFIGURE_SIXDOMAIN_EXPANDED_20260824\data_views\aio\trainB\SnowTrafficData__0589.png,193419,,SnowTrafficData,81,,,trainB,903096ce1dfeb09d932ae715ad3295c8d18c6cf9f26b0254888df168785d1004,E:\UNSB_Expl\UNSB_HEADFIGURE_SIXDOMAIN_EXPANDED_20260824\data_views\single\SnowTrafficData\trainB\SnowTrafficData__0589.png,E:\UNSB_abl\full_dataset\SnowTrafficData\target\0589.png,0589
E:\UNSB_Expl\UNSB_HEADFIGURE_SIXDOMAIN_EXPANDED_20260824\data_views\aio\trainB\SnowTrafficData__0618.png,265112,,SnowTrafficData,82,,,trainB,0de217f8bdb15f51bedb930140e48cb81ea1f11dc94cf23ebd0be8787c9fc4e2,E:\UNSB_Expl\UNSB_HEADFIGURE_SIXDOMAIN_EXPANDED_20260824\data_views\single\SnowTrafficData\trainB\SnowTrafficData__0618.png,E:\UNSB_abl\full_dataset\SnowTrafficData\target\0618.png,0618
E:\UNSB_Expl\UNSB_HEADFIGURE_SIXDOMAIN_EXPANDED_20260824\data_views\aio\trainB\SnowTrafficData__0083.png,808892,,SnowTrafficData,83,,,trainB,23f7f02b82f3fcfd2da59c6f78555b5e6cc8c307b63f943bbad887facca71fdf,E:\UNSB_Expl\UNSB_HEADFIGURE_SIXDOMAIN_EXPANDED_20260824\data_views\single\SnowTrafficData\trainB\SnowTrafficData__0083.png,E:\UNSB_abl\full_dataset\SnowTrafficData\target\0083.png,0083
E:\UNSB_Expl\UNSB_HEADFIGURE_SIXDOMAIN_EXPANDED_20260824\data_views\aio\trainB\SnowTrafficData__0170.png,819924,,SnowTrafficData,84,,,trainB,da46eef2c79c502924861856f0e515306793f02a654bdfbc47ee39d0a731c182,E:\UNSB_Expl\UNSB_HEADFIGURE_SIXDOMAIN_EXPANDED_20260824\data_views\single\SnowTrafficData\trainB\SnowTrafficData__0170.png,E:\UNSB_abl\full_dataset\SnowTrafficData\target\0170.png,0170
E:\UNSB_Expl\UNSB_HEADFIGURE_SIXDOMAIN_EXPANDED_20260824\data_views\aio\trainB\SnowTrafficData__0567.png,1162635,,SnowTrafficData,85,,,trainB,d14aa2e0f07dd00a97f814456a1d2dd315544fe6ceaedbfbb260f00b9f7e519f,E:\UNSB_Expl\UNSB_HEADFIGURE_SIXDOMAIN_EXPANDED_20260824\data_views\single\SnowTrafficData\trainB\SnowTrafficData__0567.png,E:\UNSB_abl\full_dataset\SnowTrafficData\target\0567.png,0567
E:\UNSB_Expl\UNSB_HEADFIGURE_SIXDOMAIN_EXPANDED_20260824\data_views\aio\trainB\SnowTrafficData__1214.png,186265,,SnowTrafficData,86,,,trainB,f572d140353b2f3d02a34ffeec2e12d0e833489b5c4c6ae90252928ae35b8add,E:\UNSB_Expl\UNSB_HEADFIGURE_SIXDOMAIN_EXPANDED_20260824\data_views\single\SnowTrafficData\trainB\SnowTrafficData__1214.png,E:\UNSB_abl\full_dataset\SnowTrafficData\target\1214.png,1214
E:\UNSB_Expl\UNSB_HEADFIGURE_SIXDOMAIN_EXPANDED_20260824\data_views\aio\trainB\SnowTrafficData__0760.png,194771,,SnowTrafficData,87,,,trainB,bacb020ee4ee5be8be53d595709af0051299e033bf1c38b58ac1662506cc6f27,E:\UNSB_Expl\UNSB_HEADFIGURE_SIXDOMAIN_EXPANDED_20260824\data_views\single\SnowTrafficData\trainB\SnowTrafficData__0760.png,E:\UNSB_abl\full_dataset\SnowTrafficData\target\0760.png,0760
E:\UNSB_Expl\UNSB_HEADFIGURE_SIXDOMAIN_EXPANDED_20260824\data_views\aio\trainB\SnowTrafficData__0294.png,838920,,SnowTrafficData,88,,,trainB,11daab7a9f1a177305157aa31de499d04b63fa742356c437a83c0ef42ab3c60d,E:\UNSB_Expl\UNSB_HEADFIGURE_SIXDOMAIN_EXPANDED_20260824\data_views\single\SnowTrafficData\trainB\SnowTrafficData__0294.png,E:\UNSB_abl\full_dataset\SnowTrafficData\target\0294.png,0294
E:\UNSB_Expl\UNSB_HEADFIGURE_SIXDOMAIN_EXPANDED_20260824\data_views\aio\trainB\SnowTrafficData__0017.png,262468,,SnowTrafficData,89,,,trainB,1db246bd0eadba1c1e6c81665c5d30b396bfd6a0e4db82d534669a6fd1bba8ea,E:\UNSB_Expl\UNSB_HEADFIGURE_SIXDOMAIN_EXPANDED_20260824\data_views\single\SnowTrafficData\trainB\SnowTrafficData__0017.png,E:\UNSB_abl\full_dataset\SnowTrafficData\target\0017.png,0017
E:\UNSB_Expl\UNSB_HEADFIGURE_SIXDOMAIN_EXPANDED_20260824\data_views\aio\trainB\SnowTrafficData__0375.png,256450,,SnowTrafficData,90,,,trainB,38f3d104cf7950e604b7d390acb58e2aca7ff21563dd655de44edfa4f24d0f43,E:\UNSB_Expl\UNSB_HEADFIGURE_SIXDOMAIN_EXPANDED_20260824\data_views\single\SnowTrafficData\trainB\SnowTrafficData__0375.png,E:\UNSB_abl\full_dataset\SnowTrafficData\target\0375.png,0375
E:\UNSB_Expl\UNSB_HEADFIGURE_SIXDOMAIN_EXPANDED_20260824\data_views\aio\trainB\SnowTrafficData__0344.png,197694,,SnowTrafficData,91,,,trainB,2a90206832eb1b9934c56627ee39495aa43e83722ac8f88d8058ccd789be387b,E:\UNSB_Expl\UNSB_HEADFIGURE_SIXDOMAIN_EXPANDED_20260824\data_views\single\SnowTrafficData\trainB\SnowTrafficData__0344.png,E:\UNSB_abl\full_dataset\SnowTrafficData\target\0344.png,0344
E:\UNSB_Expl\UNSB_HEADFIGURE_SIXDOMAIN_EXPANDED_20260824\data_views\aio\trainB\SnowTrafficData__0667.png,822902,,SnowTrafficData,92,,,trainB,f0ad8524b5245b4cd74f0a1360c8e73084e70ea93e0bf0c592b63877ab3ca8b0,E:\UNSB_Expl\UNSB_HEADFIGURE_SIXDOMAIN_EXPANDED_20260824\data_views\single\SnowTrafficData\trainB\SnowTrafficData__0667.png,E:\UNSB_abl\full_dataset\SnowTrafficData\target\0667.png,0667
E:\UNSB_Expl\UNSB_HEADFIGURE_SIXDOMAIN_EXPANDED_20260824\data_views\aio\trainB\SnowTrafficData__0343.png,258984,,SnowTrafficData,93,,,trainB,73ea756e20f6a02dacd41446d9e742b5ef59d3fe4abfedf120a98ea40c6299de,E:\UNSB_Expl\UNSB_HEADFIGURE_SIXDOMAIN_EXPANDED_20260824\data_views\single\SnowTrafficData\trainB\SnowTrafficData__0343.png,E:\UNSB_abl\full_dataset\SnowTrafficData\target\0343.png,0343
E:\UNSB_Expl\UNSB_HEADFIGURE_SIXDOMAIN_EXPANDED_20260824\data_views\aio\trainB\SnowTrafficData__1225.png,173793,,SnowTrafficData,94,,,trainB,0512dd47f0e85ee3931632bae1e242ff69b38356a2357acd6a6b76c85e92177c,E:\UNSB_Expl\UNSB_HEADFIGURE_SIXDOMAIN_EXPANDED_20260824\data_views\single\SnowTrafficData\trainB\SnowTrafficData__1225.png,E:\UNSB_abl\full_dataset\SnowTrafficData\target\1225.png,1225
E:\UNSB_Expl\UNSB_HEADFIGURE_SIXDOMAIN_EXPANDED_20260824\data_views\aio\trainB\SnowTrafficData__0649.png,260445,,SnowTrafficData,95,,,trainB,d041f4d91d1f5b8dea237a3dc25e0bcd1b0a81bec2e60a9cf7ff4334b8cee6e0,E:\UNSB_Expl\UNSB_HEADFIGURE_SIXDOMAIN_EXPANDED_20260824\data_views\single\SnowTrafficData\trainB\SnowTrafficData__0649.png,E:\UNSB_abl\full_dataset\SnowTrafficData\target\0649.png,0649
E:\UNSB_Expl\UNSB_HEADFIGURE_SIXDOMAIN_EXPANDED_20260824\data_views\aio\trainB\SnowTrafficData__1147.png,196551,,SnowTrafficData,96,,,trainB,ee45c25092ff1d72122835d0f7945dd6f0512fad4623edcb3018d458a65db671,E:\UNSB_Expl\UNSB_HEADFIGURE_SIXDOMAIN_EXPANDED_20260824\data_views\single\SnowTrafficData\trainB\SnowTrafficData__1147.png,E:\UNSB_abl\full_dataset\SnowTrafficData\target\1147.png,1147
E:\UNSB_Expl\UNSB_HEADFIGURE_SIXDOMAIN_EXPANDED_20260824\data_views\aio\trainB\SnowTrafficData__0359.png,184040,,SnowTrafficData,97,,,trainB,596a6b761d5587d3e0d0e021059ecb3b7cd62337348f7a0cf490d4f33dc97150,E:\UNSB_Expl\UNSB_HEADFIGURE_SIXDOMAIN_EXPANDED_20260824\data_views\single\SnowTrafficData\trainB\SnowTrafficData__0359.png,E:\UNSB_abl\full_dataset\SnowTrafficData\target\0359.png,0359
E:\UNSB_Expl\UNSB_HEADFIGURE_SIXDOMAIN_EXPANDED_20260824\data_views\aio\trainB\SnowTrafficData__1186.png,257060,,SnowTrafficData,98,,,trainB,bd110c181da9ee89fc37508890b7178a64b220acb7c2330b5569b62959e9289e,E:\UNSB_Expl\UNSB_HEADFIGURE_SIXDOMAIN_EXPANDED_20260824\data_views\single\SnowTrafficData\trainB\SnowTrafficData__1186.png,E:\UNSB_abl\full_dataset\SnowTrafficData\target\1186.png,1186
E:\UNSB_Expl\UNSB_HEADFIGURE_SIXDOMAIN_EXPANDED_20260824\data_views\aio\trainB\SnowTrafficData__0334.png,246312,,SnowTrafficData,99,,,trainB,369955442ae3557bba8fc726cb7ae03588a660d674c3ab512801be4a77970f05,E:\UNSB_Expl\UNSB_HEADFIGURE_SIXDOMAIN_EXPANDED_20260824\data_views\single\SnowTrafficData\trainB\SnowTrafficData__0334.png,E:\UNSB_abl\full_dataset\SnowTrafficData\target\0334.png,0334
E:\UNSB_Expl\UNSB_HEADFIGURE_SIXDOMAIN_EXPANDED_20260824\data_views\aio\trainB\SnowTrafficData__0345.png,371436,,SnowTrafficData,100,,,trainB,449d1590f25e1675c4cc14365aa344885c765fda50e0f4161520aa5c33002502,E:\UNSB_Expl\UNSB_HEADFIGURE_SIXDOMAIN_EXPANDED_20260824\data_views\single\SnowTrafficData\trainB\SnowTrafficData__0345.png,E:\UNSB_abl\full_dataset\SnowTrafficData\target\0345.png,0345
E:\UNSB_Expl\UNSB_HEADFIGURE_SIXDOMAIN_EXPANDED_20260824\data_views\aio\trainB\SnowTrafficData__0879.png,370363,,SnowTrafficData,101,,,trainB,05a8907673e35488dc864688194b7cc605efba916bca9ed3c605f46eeefb72f0,E:\UNSB_Expl\UNSB_HEADFIGURE_SIXDOMAIN_EXPANDED_20260824\data_views\single\SnowTrafficData\trainB\SnowTrafficData__0879.png,E:\UNSB_abl\full_dataset\SnowTrafficData\target\0879.png,0879
E:\UNSB_Expl\UNSB_HEADFIGURE_SIXDOMAIN_EXPANDED_20260824\data_views\aio\trainB\SnowTrafficData__0692.png,186241,,SnowTrafficData,102,,,trainB,3c63e06520fe0923662a292b0433c9e006a0376ade556879dd8815072a3da9b2,E:\UNSB_Expl\UNSB_HEADFIGURE_SIXDOMAIN_EXPANDED_20260824\data_views\single\SnowTrafficData\trainB\SnowTrafficData__0692.png,E:\UNSB_abl\full_dataset\SnowTrafficData\target\0692.png,0692
E:\UNSB_Expl\UNSB_HEADFIGURE_SIXDOMAIN_EXPANDED_20260824\data_views\aio\trainB\SnowTrafficData__0195.png,195973,,SnowTrafficData,103,,,trainB,34af069ab9f3806cfe87c22df6436b61e4b1abaab35d6c12c28750369cbc1b62,E:\UNSB_Expl\UNSB_HEADFIGURE_SIXDOMAIN_EXPANDED_20260824\data_views\single\SnowTrafficData\trainB\SnowTrafficData__0195.png,E:\UNSB_abl\full_dataset\SnowTrafficData\target\0195.png,0195
E:\UNSB_Expl\UNSB_HEADFIGURE_SIXDOMAIN_EXPANDED_20260824\data_views\aio\trainB\SnowTrafficData__0206.png,157494,,SnowTrafficData,104,,,trainB,f342096d6b40c1833ad9f5f53e0c9ba008404c1b13580f6fc7f4fb4dc8bcb5e3,E:\UNSB_Expl\UNSB_HEADFIGURE_SIXDOMAIN_EXPANDED_20260824\data_views\single\SnowTrafficData\trainB\SnowTrafficData__0206.png,E:\UNSB_abl\full_dataset\SnowTrafficData\target\0206.png,0206
E:\UNSB_Expl\UNSB_HEADFIGURE_SIXDOMAIN_EXPANDED_20260824\data_views\aio\trainB\SnowTrafficData__0169.png,258845,,SnowTrafficData,105,,,trainB,04feaed3c53275d3a970a14212730f45ab491d784325f78afc137308e9224644,E:\UNSB_Expl\UNSB_HEADFIGURE_SIXDOMAIN_EXPANDED_20260824\data_views\single\SnowTrafficData\trainB\SnowTrafficData__0169.png,E:\UNSB_abl\full_dataset\SnowTrafficData\target\0169.png,0169
E:\UNSB_Expl\UNSB_HEADFIGURE_SIXDOMAIN_EXPANDED_20260824\data_views\aio\trainB\SnowTrafficData__0627.png,180660,,SnowTrafficData,106,,,trainB,de0997c7c945e30bdcf3c28e7fecfd24140e80906467c25512f06f1f0e7e840a,E:\UNSB_Expl\UNSB_HEADFIGURE_SIXDOMAIN_EXPANDED_20260824\data_views\single\SnowTrafficData\trainB\SnowTrafficData__0627.png,E:\UNSB_abl\full_dataset\SnowTrafficData\target\0627.png,0627
E:\UNSB_Expl\UNSB_HEADFIGURE_SIXDOMAIN_EXPANDED_20260824\data_views\aio\trainB\SnowTrafficData__0179.png,184460,,SnowTrafficData,107,,,trainB,28ae76f44a6d5ad8f0875ac8c7c37be6d3f7dd6dda96165bfff5c1e64ecd2a24,E:\UNSB_Expl\UNSB_HEADFIGURE_SIXDOMAIN_EXPANDED_20260824\data_views\single\SnowTrafficData\trainB\SnowTrafficData__0179.png,E:\UNSB_abl\full_dataset\SnowTrafficData\target\0179.png,0179
E:\UNSB_Expl\UNSB_HEADFIGURE_SIXDOMAIN_EXPANDED_20260824\data_views\aio\trainB\SnowTrafficData__0605.png,203915,,SnowTrafficData,108,,,trainB,1971b8df1187830cbe186cd1f2dca55ac533bb0f6a1970e15d52940aa2802ba6,E:\UNSB_Expl\UNSB_HEADFIGURE_SIXDOMAIN_EXPANDED_20260824\data_views\single\SnowTrafficData\trainB\SnowTrafficData__0605.png,E:\UNSB_abl\full_dataset\SnowTrafficData\target\0605.png,0605
E:\UNSB_Expl\UNSB_HEADFIGURE_SIXDOMAIN_EXPANDED_20260824\data_views\aio\trainB\SnowTrafficData__1094.png,255880,,SnowTrafficData,109,,,trainB,4214fd86705968c6484fa8d4770f10713a91ed5dfdc80495483111fccff9e5b5,E:\UNSB_Expl\UNSB_HEADFIGURE_SIXDOMAIN_EXPANDED_20260824\data_views\single\SnowTrafficData\trainB\SnowTrafficData__1094.png,E:\UNSB_abl\full_dataset\SnowTrafficData\target\1094.png,1094
E:\UNSB_Expl\UNSB_HEADFIGURE_SIXDOMAIN_EXPANDED_20260824\data_views\aio\trainB\SnowTrafficData__0703.png,256740,,SnowTrafficData,110,,,trainB,7681217e267236ffb667b3b17392963a17bae24d883d782a89781ed6ebf80d17,E:\UNSB_Expl\UNSB_HEADFIGURE_SIXDOMAIN_EXPANDED_20260824\data_views\single\SnowTrafficData\trainB\SnowTrafficData__0703.png,E:\UNSB_abl\full_dataset\SnowTrafficData\target\0703.png,0703
E:\UNSB_Expl\UNSB_HEADFIGURE_SIXDOMAIN_EXPANDED_20260824\data_views\aio\trainB\SnowTrafficData__0429.png,264209,,SnowTrafficData,111,,,trainB,7d056ddf484459abe7f0f0c48f4845654b5a658aea1d7af6c963cac4f1d0596f,E:\UNSB_Expl\UNSB_HEADFIGURE_SIXDOMAIN_EXPANDED_20260824\data_views\single\SnowTrafficData\trainB\SnowTrafficData__0429.png,E:\UNSB_abl\full_dataset\SnowTrafficData\target\0429.png,0429
E:\UNSB_Expl\UNSB_HEADFIGURE_SIXDOMAIN_EXPANDED_20260824\data_views\aio\trainB\SnowTrafficData__0805.png,1154346,,SnowTrafficData,112,,,trainB,f3c0fa08321de7ef082347ad17a67a083ee8058b05b41af963912471f491edc1,E:\UNSB_Expl\UNSB_HEADFIGURE_SIXDOMAIN_EXPANDED_20260824\data_views\single\SnowTrafficData\trainB\SnowTrafficData__0805.png,E:\UNSB_abl\full_dataset\SnowTrafficData\target\0805.png,0805
E:\UNSB_Expl\UNSB_HEADFIGURE_SIXDOMAIN_EXPANDED_20260824\data_views\aio\trainB\SnowTrafficData__0500.png,245720,,SnowTrafficData,113,,,trainB,2537f76351216b5e9b7a976914aa87fda746112d94b27d98e86dddc26c22f885,E:\UNSB_Expl\UNSB_HEADFIGURE_SIXDOMAIN_EXPANDED_20260824\data_views\single\SnowTrafficData\trainB\SnowTrafficData__0500.png,E:\UNSB_abl\full_dataset\SnowTrafficData\target\0500.png,0500
E:\UNSB_Expl\UNSB_HEADFIGURE_SIXDOMAIN_EXPANDED_20260824\data_views\aio\trainB\SnowTrafficData__0969.png,249026,,SnowTrafficData,114,,,trainB,606cdb9c6952f6cafa0f56a158fb8edca95755abaa0c983c037748777e0e37ec,E:\UNSB_Expl\UNSB_HEADFIGURE_SIXDOMAIN_EXPANDED_20260824\data_views\single\SnowTrafficData\trainB\SnowTrafficData__0969.png,E:\UNSB_abl\full_dataset\SnowTrafficData\target\0969.png,0969
E:\UNSB_Expl\UNSB_HEADFIGURE_SIXDOMAIN_EXPANDED_20260824\data_views\aio\trainB\SnowTrafficData__0890.png,260663,,SnowTrafficData,115,,,trainB,2cae04f5d22846da25fe00d6290825137d7dd6f20ca8c712cc8ad31e35bfd1f0,E:\UNSB_Expl\UNSB_HEADFIGURE_SIXDOMAIN_EXPANDED_20260824\data_views\single\SnowTrafficData\trainB\SnowTrafficData__0890.png,E:\UNSB_abl\full_dataset\SnowTrafficData\target\0890.png,0890
E:\UNSB_Expl\UNSB_HEADFIGURE_SIXDOMAIN_EXPANDED_20260824\data_views\aio\trainB\SnowTrafficData__0475.png,265604,,SnowTrafficData,116,,,trainB,6c63422889d7ab2af3f888d43aef99bd2de9a141504de99b1095198b906af310,E:\UNSB_Expl\UNSB_HEADFIGURE_SIXDOMAIN_EXPANDED_20260824\data_views\single\SnowTrafficData\trainB\SnowTrafficData__0475.png,E:\UNSB_abl\full_dataset\SnowTrafficData\target\0475.png,0475
E:\UNSB_Expl\UNSB_HEADFIGURE_SIXDOMAIN_EXPANDED_20260824\data_views\aio\trainB\SnowTrafficData__0521.png,256504,,SnowTrafficData,117,,,trainB,b5f07e74205e3452a846656b77c135772476a3b9dc85736ae82b5d285811a330,E:\UNSB_Expl\UNSB_HEADFIGURE_SIXDOMAIN_EXPANDED_20260824\data_views\single\SnowTrafficData\trainB\SnowTrafficData__0521.png,E:\UNSB_abl\full_dataset\SnowTrafficData\target\0521.png,0521
E:\UNSB_Expl\UNSB_HEADFIGURE_SIXDOMAIN_EXPANDED_20260824\data_views\aio\trainB\SnowTrafficData__0968.png,272101,,SnowTrafficData,118,,,trainB,6e0720faa73a0b8832ed86038b7ebe87580032d6902d009cb0ce247986e9de98,E:\UNSB_Expl\UNSB_HEADFIGURE_SIXDOMAIN_EXPANDED_20260824\data_views\single\SnowTrafficData\trainB\SnowTrafficData__0968.png,E:\UNSB_abl\full_dataset\SnowTrafficData\target\0968.png,0968
E:\UNSB_Expl\UNSB_HEADFIGURE_SIXDOMAIN_EXPANDED_20260824\data_views\aio\trainB\SnowTrafficData__0018.png,168585,,SnowTrafficData,119,,,trainB,519a15251f657ccbb203e6e2aa300f51c9e3253a9bd099ad30492a1863e9adbf,E:\UNSB_Expl\UNSB_HEADFIGURE_SIXDOMAIN_EXPANDED_20260824\data_views\single\SnowTrafficData\trainB\SnowTrafficData__0018.png,E:\UNSB_abl\full_dataset\SnowTrafficData\target\0018.png,0018
,260843,0264,SnowTrafficData,0,False,True,expanded_internal_heldout,915aa7a3e1f32c86c89c3934770b08581f007fd0ef66fd48e79fa50f193d7e76,,E:\UNSB_Expl\UNSB_HEADFIGURE_SIXDOMAIN_EXPANDED_20260824\data_views\heldoutA\SnowTrafficData\SnowTrafficData__0264.png,SnowTrafficData__0264
,252906,0736,SnowTrafficData,1,False,False,expanded_internal_heldout,4b2de32f2b37e2b45017df22e287b520c6d7f9a450a87b5f5e6fb44cc25fa114,,E:\UNSB_Expl\UNSB_HEADFIGURE_SIXDOMAIN_EXPANDED_20260824\data_views\heldoutA\SnowTrafficData\SnowTrafficData__0736.png,SnowTrafficData__0736
,1226392,1042,SnowTrafficData,2,False,False,expanded_internal_heldout,418efde3ac852f94dbd2b3740f65d285d7a967ca3d4b3623e15350cdd79fccef,,E:\UNSB_Expl\UNSB_HEADFIGURE_SIXDOMAIN_EXPANDED_20260824\data_views\heldoutA\SnowTrafficData\SnowTrafficData__1042.png,SnowTrafficData__1042
,241619,1085,SnowTrafficData,3,False,False,expanded_internal_heldout,2068ab755fe88baa0a3820c651042cc20c91d6582f90d464fc7a2c39c4d2cfd9,,E:\UNSB_Expl\UNSB_HEADFIGURE_SIXDOMAIN_EXPANDED_20260824\data_views\heldoutA\SnowTrafficData\SnowTrafficData__1085.png,SnowTrafficData__1085
,213367,1158,SnowTrafficData,4,False,False,expanded_internal_heldout,18e6316ce8adf954ed0557fe8106a14da63f1cfd2b53e42d859925d88d3e5fc5,,E:\UNSB_Expl\UNSB_HEADFIGURE_SIXDOMAIN_EXPANDED_20260824\data_views\heldoutA\SnowTrafficData\SnowTrafficData__1158.png,SnowTrafficData__1158
,223783,1081,SnowTrafficData,5,False,False,expanded_internal_heldout,4eca16bd7f69baf5e2df2b1d2563d4e53726caa796bac2ef536115faf2cd56a0,,E:\UNSB_Expl\UNSB_HEADFIGURE_SIXDOMAIN_EXPANDED_20260824\data_views\heldoutA\SnowTrafficData\SnowTrafficData__1081.png,SnowTrafficData__1081
,231452,0340,SnowTrafficData,6,False,False,expanded_internal_heldout,956c8ae4b8558a745679486f4965c32f0b8a0bf3e7232904f66b3e1c65e5a480,,E:\UNSB_Expl\UNSB_HEADFIGURE_SIXDOMAIN_EXPANDED_20260824\data_views\heldoutA\SnowTrafficData\SnowTrafficData__0340.png,SnowTrafficData__0340
,257125,1117,SnowTrafficData,7,False,False,expanded_internal_heldout,695393ef56b51f7b19b4db7448e7e56bea7a2a21a1dfdb2caad445d93be4a7a0,,E:\UNSB_Expl\UNSB_HEADFIGURE_SIXDOMAIN_EXPANDED_20260824\data_views\heldoutA\SnowTrafficData\SnowTrafficData__1117.png,SnowTrafficData__1117
,244208,0398,SnowTrafficData,8,False,False,expanded_internal_heldout,d0fa04e8791a7296c47aec60a5b27975747b7685ed65f2b141d2bab9f5585c76,,E:\UNSB_Expl\UNSB_HEADFIGURE_SIXDOMAIN_EXPANDED_20260824\data_views\heldoutA\SnowTrafficData\SnowTrafficData__0398.png,SnowTrafficData__0398
,248365,0842,SnowTrafficData,9,False,False,expanded_internal_heldout,679c86f29826bcf4ee04c701fc3d75cdab7e0fce7c71ccfb885728f1e6ec05be,,E:\UNSB_Expl\UNSB_HEADFIGURE_SIXDOMAIN_EXPANDED_20260824\data_views\heldoutA\SnowTrafficData\SnowTrafficData__0842.png,SnowTrafficData__0842
,295234,1207,SnowTrafficData,10,False,False,expanded_internal_heldout,e521be8c6968ca180697964d2f205b6ca3508310a3ea940ea1084cd06b9faced,,E:\UNSB_Expl\UNSB_HEADFIGURE_SIXDOMAIN_EXPANDED_20260824\data_views\heldoutA\SnowTrafficData\SnowTrafficData__1207.png,SnowTrafficData__1207
,225280,0023,SnowTrafficData,11,False,False,expanded_internal_heldout,2b2747c93874757086abbf7f2be68ce554e0a80525256f583b2598596abdb0d6,,E:\UNSB_Expl\UNSB_HEADFIGURE_SIXDOMAIN_EXPANDED_20260824\data_views\heldoutA\SnowTrafficData\SnowTrafficData__0023.png,SnowTrafficData__0023
,247184,1180,SnowTrafficData,12,False,False,expanded_internal_heldout,ed99988de69a3b2a9ea0d66d27e9f904652d3aa46be2301489b14e8c867912df,,E:\UNSB_Expl\UNSB_HEADFIGURE_SIXDOMAIN_EXPANDED_20260824\data_views\heldoutA\SnowTrafficData\SnowTrafficData__1180.png,SnowTrafficData__1180
,403752,1230,SnowTrafficData,13,False,False,expanded_internal_heldout,d334e21c1ecbd3167e522e4bd4028abac7b5f7349d582c4c6925cb706ada150b,,E:\UNSB_Expl\UNSB_HEADFIGURE_SIXDOMAIN_EXPANDED_20260824\data_views\heldoutA\SnowTrafficData\SnowTrafficData__1230.png,SnowTrafficData__1230
,292348,0701,SnowTrafficData,14,False,False,expanded_internal_heldout,9dfb8c63c7bfcbdf01c66eb355d8c4cb818a0feb1b06909a407bd8df8b4722a9,,E:\UNSB_Expl\UNSB_HEADFIGURE_SIXDOMAIN_EXPANDED_20260824\data_views\heldoutA\SnowTrafficData\SnowTrafficData__0701.png,SnowTrafficData__0701
,225382,0612,SnowTrafficData,15,False,False,expanded_internal_heldout,5d14bb0d7c85557bed3355c55fc6c40f08e52e6d88e1c96f87d56a8694b37665,,E:\UNSB_Expl\UNSB_HEADFIGURE_SIXDOMAIN_EXPANDED_20260824\data_views\heldoutA\SnowTrafficData\SnowTrafficData__0612.png,SnowTrafficData__0612
,218523,1091,SnowTrafficData,16,False,False,expanded_internal_heldout,1283ab1c473512c56c37ea32cf4cef92641863f2c25f0a8ce71338dd7325077b,,E:\UNSB_Expl\UNSB_HEADFIGURE_SIXDOMAIN_EXPANDED_20260824\data_views\heldoutA\SnowTrafficData\SnowTrafficData__1091.png,SnowTrafficData__1091
,307472,0207,SnowTrafficData,17,False,False,expanded_internal_heldout,5c5c1de32ea3a9420ed6168d1d446c1c75ffd14f026f406008da936c7cf31193,,E:\UNSB_Expl\UNSB_HEADFIGURE_SIXDOMAIN_EXPANDED_20260824\data_views\heldoutA\SnowTrafficData\SnowTrafficData__0207.png,SnowTrafficData__0207
,317003,0111,SnowTrafficData,18,False,False,expanded_internal_heldout,ec3819a226df8cd213991ef851e3d71707188c293a79ad582563143d6af03494,,E:\UNSB_Expl\UNSB_HEADFIGURE_SIXDOMAIN_EXPANDED_20260824\data_views\heldoutA\SnowTrafficData\SnowTrafficData__0111.png,SnowTrafficData__0111
,223627,0637,SnowTrafficData,19,False,False,expanded_internal_heldout,6922daa5fbb093dde7e06238e5c1393db75c067255e7612d0b1eb735600d5a25,,E:\UNSB_Expl\UNSB_HEADFIGURE_SIXDOMAIN_EXPANDED_20260824\data_views\heldoutA\SnowTrafficData\SnowTrafficData__0637.png,SnowTrafficData__0637
,225434,0712,SnowTrafficData,20,False,False,expanded_internal_heldout,3d386cb25975d5fafb8b75364245341b15efb4f5f6cf1650cd164d49b8cbbc1c,,E:\UNSB_Expl\UNSB_HEADFIGURE_SIXDOMAIN_EXPANDED_20260824\data_views\heldoutA\SnowTrafficData\SnowTrafficData__0712.png,SnowTrafficData__0712
,250294,0431,SnowTrafficData,21,False,False,expanded_internal_heldout,85859dc70f747d4dbd63011f381a27200ce40efd82cbf2b3bb86592c157dfa01,,E:\UNSB_Expl\UNSB_HEADFIGURE_SIXDOMAIN_EXPANDED_20260824\data_views\heldoutA\SnowTrafficData\SnowTrafficData__0431.png,SnowTrafficData__0431
,308573,0570,SnowTrafficData,22,False,False,expanded_internal_heldout,fa5f9f75ba56660247a0bc31bc2247719a91ec68b679145decfba7a2dba83293,,E:\UNSB_Expl\UNSB_HEADFIGURE_SIXDOMAIN_EXPANDED_20260824\data_views\heldoutA\SnowTrafficData\SnowTrafficData__0570.png,SnowTrafficData__0570
,234193,1254,SnowTrafficData,23,False,False,expanded_internal_heldout,82f007e01e25276464ed0194cd9ee54a04c1ad42f52267426fbb0204b39ecd24,,E:\UNSB_Expl\UNSB_HEADFIGURE_SIXDOMAIN_EXPANDED_20260824\data_views\heldoutA\SnowTrafficData\SnowTrafficData__1254.png,SnowTrafficData__1254
,243321,0521,SnowTrafficData,24,False,False,expanded_internal_heldout,47f5fe438fb516b746735d2ec2ef696427b86374f7cc84b02d97c7ef3b1506cb,,E:\UNSB_Expl\UNSB_HEADFIGURE_SIXDOMAIN_EXPANDED_20260824\data_views\heldoutA\SnowTrafficData\SnowTrafficData__0521.png,SnowTrafficData__0521
,885912,0114,SnowTrafficData,25,False,False,expanded_internal_heldout,86164b9b7b0b728706c168a58007813c8a67234d9d67edadc5cbc8b613b4874a,,E:\UNSB_Expl\UNSB_HEADFIGURE_SIXDOMAIN_EXPANDED_20260824\data_views\heldoutA\SnowTrafficData\SnowTrafficData__0114.png,SnowTrafficData__0114
,888844,1077,SnowTrafficData,26,False,False,expanded_internal_heldout,cbb65dc4a0873d152baf359c82c45e31d3b7d2c64cf199c2506cf3dec897cd72,,E:\UNSB_Expl\UNSB_HEADFIGURE_SIXDOMAIN_EXPANDED_20260824\data_views\heldoutA\SnowTrafficData\SnowTrafficData__1077.png,SnowTrafficData__1077
,294485,0247,SnowTrafficData,27,False,False,expanded_internal_heldout,6eca2d4272f247cb891e3602c17e2615bf897a8e61f9b2c8bac47a661806eda4,,E:\UNSB_Expl\UNSB_HEADFIGURE_SIXDOMAIN_EXPANDED_20260824\data_views\heldoutA\SnowTrafficData\SnowTrafficData__0247.png,SnowTrafficData__0247
,306376,0360,SnowTrafficData,28,False,False,expanded_internal_heldout,27039a1b66ce97218f8d9e2ba8189e6fade6e410bfa095c8e158e2c04c963c58,,E:\UNSB_Expl\UNSB_HEADFIGURE_SIXDOMAIN_EXPANDED_20260824\data_views\heldoutA\SnowTrafficData\SnowTrafficData__0360.png,SnowTrafficData__0360
,225870,0409,SnowTrafficData,29,False,False,expanded_internal_heldout,651efe2507d9f8292af311b2ed7e9d00303beb05c63810194cbd56aaa63804b6,,E:\UNSB_Expl\UNSB_HEADFIGURE_SIXDOMAIN_EXPANDED_20260824\data_views\heldoutA\SnowTrafficData\SnowTrafficData__0409.png,SnowTrafficData__0409
,311013,0869,SnowTrafficData,30,False,False,expanded_internal_heldout,d3fbe6ee62da4dc8a9e864684eb9fe1714b66ad700b80065754480b353a85b7e,,E:\UNSB_Expl\UNSB_HEADFIGURE_SIXDOMAIN_EXPANDED_20260824\data_views\heldoutA\SnowTrafficData\SnowTrafficData__0869.png,SnowTrafficData__0869
,308839,1159,SnowTrafficData,31,False,False,expanded_internal_heldout,d368fb81771fae75dde5f2f68de686e7e07cda2c1c39ef04f12b280c361f2b79,,E:\UNSB_Expl\UNSB_HEADFIGURE_SIXDOMAIN_EXPANDED_20260824\data_views\heldoutA\SnowTrafficData\SnowTrafficData__1159.png,SnowTrafficData__1159
,227197,0809,SnowTrafficData,32,False,False,expanded_internal_heldout,38d2fad219cd4111f5637bb4fb1ba9e2f9246623cb99b333e180a7612f0d93b9,,E:\UNSB_Expl\UNSB_HEADFIGURE_SIXDOMAIN_EXPANDED_20260824\data_views\heldoutA\SnowTrafficData\SnowTrafficData__0809.png,SnowTrafficData__0809
,259717,0465,SnowTrafficData,33,False,False,expanded_internal_heldout,72f5a2955bc9126925b0919ecd60d7142ce4e7806ff426a9737645869c4916e8,,E:\UNSB_Expl\UNSB_HEADFIGURE_SIXDOMAIN_EXPANDED_20260824\data_views\heldoutA\SnowTrafficData\SnowTrafficData__0465.png,SnowTrafficData__0465
,256659,0392,SnowTrafficData,34,False,False,expanded_internal_heldout,07780be993e8833a84ff89e3d793e8998a0ab7de3982abe3a4585509712e5c96,,E:\UNSB_Expl\UNSB_HEADFIGURE_SIXDOMAIN_EXPANDED_20260824\data_views\heldoutA\SnowTrafficData\SnowTrafficData__0392.png,SnowTrafficData__0392
,235808,0141,SnowTrafficData,35,False,False,expanded_internal_heldout,10b3d049531dfba13e49ead696bbdcdded20b6a461589ec9bface699810506ab,,E:\UNSB_Expl\UNSB_HEADFIGURE_SIXDOMAIN_EXPANDED_20260824\data_views\heldoutA\SnowTrafficData\SnowTrafficData__0141.png,SnowTrafficData__0141
,241042,1108,SnowTrafficData,36,False,False,expanded_internal_heldout,cdb5267bcc9f94c8f4bc488d916dc064b60065d0df5a9cff63a9f7b4bd9f97ae,,E:\UNSB_Expl\UNSB_HEADFIGURE_SIXDOMAIN_EXPANDED_20260824\data_views\heldoutA\SnowTrafficData\SnowTrafficData__1108.png,SnowTrafficData__1108
,248259,1122,SnowTrafficData,37,False,False,expanded_internal_heldout,12b02844ecfc9079d9ad43e322aa5e3ff28f9dfcd18259b1143dbfe029ed24b6,,E:\UNSB_Expl\UNSB_HEADFIGURE_SIXDOMAIN_EXPANDED_20260824\data_views\heldoutA\SnowTrafficData\SnowTrafficData__1122.png,SnowTrafficData__1122
,293102,0408,SnowTrafficData,38,False,False,expanded_internal_heldout,0d9c6481ab8a64c58359d9a081d4e781e7554c19bfb9cac42cce10677a91f237,,E:\UNSB_Expl\UNSB_HEADFIGURE_SIXDOMAIN_EXPANDED_20260824\data_views\heldoutA\SnowTrafficData\SnowTrafficData__0408.png,SnowTrafficData__0408
,230675,0657,SnowTrafficData,39,False,False,expanded_internal_heldout,4837a463bc7fe670454dd37fa01a05b719888d3d56b8382a36a68148ee61fb2a,,E:\UNSB_Expl\UNSB_HEADFIGURE_SIXDOMAIN_EXPANDED_20260824\data_views\heldoutA\SnowTrafficData\SnowTrafficData__0657.png,SnowTrafficData__0657
,290554,1002,SnowTrafficData,40,False,False,expanded_internal_heldout,15ce04c50fdc63b42a121d6610567d20f44f536ca4ea7f876f062fff2f235497,,E:\UNSB_Expl\UNSB_HEADFIGURE_SIXDOMAIN_EXPANDED_20260824\data_views\heldoutA\SnowTrafficData\SnowTrafficData__1002.png,SnowTrafficData__1002
,278281,0512,SnowTrafficData,41,False,False,expanded_internal_heldout,8267fa85439e782e7c4a1a3df8033578695879c12626cf7a3127d96b0805131e,,E:\UNSB_Expl\UNSB_HEADFIGURE_SIXDOMAIN_EXPANDED_20260824\data_views\heldoutA\SnowTrafficData\SnowTrafficData__0512.png,SnowTrafficData__0512
,242979,0067,SnowTrafficData,42,False,False,expanded_internal_heldout,5515c5eed8d74fd49844c6dd7f2fa3259e9c64ef4e48cdb65079a3f40c0eff34,,E:\UNSB_Expl\UNSB_HEADFIGURE_SIXDOMAIN_EXPANDED_20260824\data_views\heldoutA\SnowTrafficData\SnowTrafficData__0067.png,SnowTrafficData__0067
,225087,0174,SnowTrafficData,43,False,False,expanded_internal_heldout,aeabc10070896c39e6a94ac860c4c8b023e297f62cebecd6f22deb438575dd03,,E:\UNSB_Expl\UNSB_HEADFIGURE_SIXDOMAIN_EXPANDED_20260824\data_views\heldoutA\SnowTrafficData\SnowTrafficData__0174.png,SnowTrafficData__0174
,230155,0555,SnowTrafficData,44,False,False,expanded_internal_heldout,7bc43eb557b5942eb23e7973d82dac8d9eec98c195333f079a7bc78ec473142d,,E:\UNSB_Expl\UNSB_HEADFIGURE_SIXDOMAIN_EXPANDED_20260824\data_views\heldoutA\SnowTrafficData\SnowTrafficData__0555.png,SnowTrafficData__0555
,277617,0996,SnowTrafficData,45,False,False,expanded_internal_heldout,f3c5bf4e31d9167b163594518a79c4b096b6e35feba789c8679186d489c90803,,E:\UNSB_Expl\UNSB_HEADFIGURE_SIXDOMAIN_EXPANDED_20260824\data_views\heldoutA\SnowTrafficData\SnowTrafficData__0996.png,SnowTrafficData__0996
,213670,0130,SnowTrafficData,46,False,False,expanded_internal_heldout,c64b757d7821f1b48f9ec586d26a31dde85214b4f1c53b85af051161112068e2,,E:\UNSB_Expl\UNSB_HEADFIGURE_SIXDOMAIN_EXPANDED_20260824\data_views\heldoutA\SnowTrafficData\SnowTrafficData__0130.png,SnowTrafficData__0130
,298918,0892,SnowTrafficData,47,False,False,expanded_internal_heldout,f59fada728a21ce6bebbd920e8d2548cf6f0073ffcd40d1d8ff2a9b285963d9f,,E:\UNSB_Expl\UNSB_HEADFIGURE_SIXDOMAIN_EXPANDED_20260824\data_views\heldoutA\SnowTrafficData\SnowTrafficData__0892.png,SnowTrafficData__0892
,260898,0182,SnowTrafficData,48,False,False,expanded_internal_heldout,2d636027bc6d63a87773bd5e46ce8bf1788b3c07fefd78036361ad7f3c568afc,,E:\UNSB_Expl\UNSB_HEADFIGURE_SIXDOMAIN_EXPANDED_20260824\data_views\heldoutA\SnowTrafficData\SnowTrafficData__0182.png,SnowTrafficData__0182
,1217311,0631,SnowTrafficData,49,False,False,expanded_internal_heldout,73d053343c81a0cd722b11b0d797dad8d34948598521b5f86f111162256916dc,,E:\UNSB_Expl\UNSB_HEADFIGURE_SIXDOMAIN_EXPANDED_20260824\data_views\heldoutA\SnowTrafficData\SnowTrafficData__0631.png,SnowTrafficData__0631
,267209,1021,SnowTrafficData,50,False,False,expanded_internal_heldout,74525ac848a88a0014cbd2ec552385ac17ad8cc73afcaf9d5a9bd575345f6b4b,,E:\UNSB_Expl\UNSB_HEADFIGURE_SIXDOMAIN_EXPANDED_20260824\data_views\heldoutA\SnowTrafficData\SnowTrafficData__1021.png,SnowTrafficData__1021
,301143,0719,SnowTrafficData,51,False,False,expanded_internal_heldout,25f36c5848f5acff06bf308d42bb01d16508917fd09a7295125a30cb7c1310e1,,E:\UNSB_Expl\UNSB_HEADFIGURE_SIXDOMAIN_EXPANDED_20260824\data_views\heldoutA\SnowTrafficData\SnowTrafficData__0719.png,SnowTrafficData__0719
,241190,0947,SnowTrafficData,52,False,False,expanded_internal_heldout,4d7d29bc3c564e631c6687e9daf06dbf5c3f5a566d888ab3ca41396672e09100,,E:\UNSB_Expl\UNSB_HEADFIGURE_SIXDOMAIN_EXPANDED_20260824\data_views\heldoutA\SnowTrafficData\SnowTrafficData__0947.png,SnowTrafficData__0947
,401976,1101,SnowTrafficData,53,False,False,expanded_internal_heldout,449b52ada5b6b32e5b302dd0b6148c62d972e6d90139d2739cf609f0fa1f08f7,,E:\UNSB_Expl\UNSB_HEADFIGURE_SIXDOMAIN_EXPANDED_20260824\data_views\heldoutA\SnowTrafficData\SnowTrafficData__1101.png,SnowTrafficData__1101
,264951,0924,SnowTrafficData,54,False,False,expanded_internal_heldout,42cf7b14d680c53ec87d1c908dcdf381106a37c95b4254b3c97cdfbab8f63bb5,,E:\UNSB_Expl\UNSB_HEADFIGURE_SIXDOMAIN_EXPANDED_20260824\data_views\heldoutA\SnowTrafficData\SnowTrafficData__0924.png,SnowTrafficData__0924
,250099,0958,SnowTrafficData,55,False,False,expanded_internal_heldout,11cbf5a34feb682e01965caca85708853ac13355faaabbb02f82aa165c1488ad,,E:\UNSB_Expl\UNSB_HEADFIGURE_SIXDOMAIN_EXPANDED_20260824\data_views\heldoutA\SnowTrafficData\SnowTrafficData__0958.png,SnowTrafficData__0958
,240690,0372,SnowTrafficData,56,False,False,expanded_internal_heldout,23c900f2fe1d297a38b8332a999d162458d537c670bf0fe1613e14bba141b170,,E:\UNSB_Expl\UNSB_HEADFIGURE_SIXDOMAIN_EXPANDED_20260824\data_views\heldoutA\SnowTrafficData\SnowTrafficData__0372.png,SnowTrafficData__0372
,234564,0341,SnowTrafficData,57,False,False,expanded_internal_heldout,9a1f35ce1c58df9ea131d6a4a05100e55d0180e2b855d838d6b01e3e8402ccef,,E:\UNSB_Expl\UNSB_HEADFIGURE_SIXDOMAIN_EXPANDED_20260824\data_views\heldoutA\SnowTrafficData\SnowTrafficData__0341.png,SnowTrafficData__0341
,1206740,0369,SnowTrafficData,58,False,False,expanded_internal_heldout,eca8920aab4551d04e9be5d1035f5c2cf11415f0df31dd5ba92414d222735639,,E:\UNSB_Expl\UNSB_HEADFIGURE_SIXDOMAIN_EXPANDED_20260824\data_views\heldoutA\SnowTrafficData\SnowTrafficData__0369.png,SnowTrafficData__0369
,890694,0005,SnowTrafficData,59,False,False,expanded_internal_heldout,c9c04e4369562ba179c0c3f1c1eb06cbd5b4cbae5a89b895529bcdda70827d53,,E:\UNSB_Expl\UNSB_HEADFIGURE_SIXDOMAIN_EXPANDED_20260824\data_views\heldoutA\SnowTrafficData\SnowTrafficData__0005.png,SnowTrafficData__0005
,217896,0771,SnowTrafficData,60,False,False,expanded_internal_heldout,c75ef79c5b3807b2d575bffbfd88613968c3dc0b3f27b88682ced0db86bb53dd,,E:\UNSB_Expl\UNSB_HEADFIGURE_SIXDOMAIN_EXPANDED_20260824\data_views\heldoutA\SnowTrafficData\SnowTrafficData__0771.png,SnowTrafficData__0771
,218248,0765,SnowTrafficData,61,False,False,expanded_internal_heldout,a3667b0f27805fe511b590d39b0d40e55f2278faa62a7c4d70592403c9ebd5b6,,E:\UNSB_Expl\UNSB_HEADFIGURE_SIXDOMAIN_EXPANDED_20260824\data_views\heldoutA\SnowTrafficData\SnowTrafficData__0765.png,SnowTrafficData__0765
,290033,0739,SnowTrafficData,62,False,False,expanded_internal_heldout,46e3045e9bf5bf47bb1acd8b2d343169c5151cdb9d71f07d7d3e6246a4564d11,,E:\UNSB_Expl\UNSB_HEADFIGURE_SIXDOMAIN_EXPANDED_20260824\data_views\heldoutA\SnowTrafficData\SnowTrafficData__0739.png,SnowTrafficData__0739
,1227389,0875,SnowTrafficData,63,False,False,expanded_internal_heldout,ce5524bcbae97ec494730de07febac7be7026d80da27f65a91fb95dd4e6c6c81,,E:\UNSB_Expl\UNSB_HEADFIGURE_SIXDOMAIN_EXPANDED_20260824\data_views\heldoutA\SnowTrafficData\SnowTrafficData__0875.png,SnowTrafficData__0875
,1213089,0910,SnowTrafficData,64,False,False,expanded_internal_heldout,1526a83c187e825c4e0d8fa67567ec8257e2183ae264213435056befc6632874,,E:\UNSB_Expl\UNSB_HEADFIGURE_SIXDOMAIN_EXPANDED_20260824\data_views\heldoutA\SnowTrafficData\SnowTrafficData__0910.png,SnowTrafficData__0910
,278056,1070,SnowTrafficData,65,False,False,expanded_internal_heldout,933bffedac046842865c5fc60009da73efd5840836f4e485dcdcc31d7c09c700,,E:\UNSB_Expl\UNSB_HEADFIGURE_SIXDOMAIN_EXPANDED_20260824\data_views\heldoutA\SnowTrafficData\SnowTrafficData__1070.png,SnowTrafficData__1070
,1209670,0138,SnowTrafficData,66,False,False,expanded_internal_heldout,cd7d362d47e6b873adba6afbda21faa8bc9436b842001fffcf5678cf72919fe5,,E:\UNSB_Expl\UNSB_HEADFIGURE_SIXDOMAIN_EXPANDED_20260824\data_views\heldoutA\SnowTrafficData\SnowTrafficData__0138.png,SnowTrafficData__0138
,323382,0918,SnowTrafficData,67,False,False,expanded_internal_heldout,7bec3b0b055803369b9373edd28ad1b3a5f6bd6d7f4cfa75e8d3a96e0f021322,,E:\UNSB_Expl\UNSB_HEADFIGURE_SIXDOMAIN_EXPANDED_20260824\data_views\heldoutA\SnowTrafficData\SnowTrafficData__0918.png,SnowTrafficData__0918
,307238,0282,SnowTrafficData,68,False,False,expanded_internal_heldout,6eb38a48baefb98a67a416a38c9b419cb6cd905e906820ed38710e10283ecbb6,,E:\UNSB_Expl\UNSB_HEADFIGURE_SIXDOMAIN_EXPANDED_20260824\data_views\heldoutA\SnowTrafficData\SnowTrafficData__0282.png,SnowTrafficData__0282
,240533,1229,SnowTrafficData,69,False,False,expanded_internal_heldout,39fbd8132241316788dd542ce69c1b01b8db2f6f440a4611c2d00aec821eb1ca,,E:\UNSB_Expl\UNSB_HEADFIGURE_SIXDOMAIN_EXPANDED_20260824\data_views\heldoutA\SnowTrafficData\SnowTrafficData__1229.png,SnowTrafficData__1229
,243990,0245,SnowTrafficData,70,False,False,expanded_internal_heldout,e2796e6d02d9818846f0d4b47f5332d8513f6e6f49ce82e41bcfa05f41e8c495,,E:\UNSB_Expl\UNSB_HEADFIGURE_SIXDOMAIN_EXPANDED_20260824\data_views\heldoutA\SnowTrafficData\SnowTrafficData__0245.png,SnowTrafficData__0245
,1211130,0215,SnowTrafficData,71,False,False,expanded_internal_heldout,5cad94bf977626d72cd12c95869f4d0e99dbe316b426adb2bb7df3b38d13cd1b,,E:\UNSB_Expl\UNSB_HEADFIGURE_SIXDOMAIN_EXPANDED_20260824\data_views\heldoutA\SnowTrafficData\SnowTrafficData__0215.png,SnowTrafficData__0215
,225834,0351,SnowTrafficData,72,False,False,expanded_internal_heldout,a6f8e94fb098d170e660e5baee77364e745823e635716b7e3a13b486bf0427b8,,E:\UNSB_Expl\UNSB_HEADFIGURE_SIXDOMAIN_EXPANDED_20260824\data_views\heldoutA\SnowTrafficData\SnowTrafficData__0351.png,SnowTrafficData__0351
,1206143,0805,SnowTrafficData,73,False,False,expanded_internal_heldout,93e64d1b4342f0d8c06d21a5f211720701ed422335c1ff00bfcdc5bdf7ec4386,,E:\UNSB_Expl\UNSB_HEADFIGURE_SIXDOMAIN_EXPANDED_20260824\data_views\heldoutA\SnowTrafficData\SnowTrafficData__0805.png,SnowTrafficData__0805
,248064,0959,SnowTrafficData,74,False,False,expanded_internal_heldout,5659cb18e032d223663e969b657a78e2db8b7545c4e87a16269b8235c18c4ad9,,E:\UNSB_Expl\UNSB_HEADFIGURE_SIXDOMAIN_EXPANDED_20260824\data_views\heldoutA\SnowTrafficData\SnowTrafficData__0959.png,SnowTrafficData__0959
,238299,0179,SnowTrafficData,75,False,False,expanded_internal_heldout,e948a93869dc3a394183084d60bbd9ffdc5cd1855b861b4378766a013a9fd06e,,E:\UNSB_Expl\UNSB_HEADFIGURE_SIXDOMAIN_EXPANDED_20260824\data_views\heldoutA\SnowTrafficData\SnowTrafficData__0179.png,SnowTrafficData__0179
,402968,0576,SnowTrafficData,76,False,False,expanded_internal_heldout,bd7c579fd5578dd62972839666a4a8c0fc05138cc0d97b5e72e8dcb5bff48ae6,,E:\UNSB_Expl\UNSB_HEADFIGURE_SIXDOMAIN_EXPANDED_20260824\data_views\heldoutA\SnowTrafficData\SnowTrafficData__0576.png,SnowTrafficData__0576
,229889,0106,SnowTrafficData,77,False,False,expanded_internal_heldout,53d9ef1d5358a73ef2970b9a43b37ae7d8047f07659acca9ed5f4935ed8e659d,,E:\UNSB_Expl\UNSB_HEADFIGURE_SIXDOMAIN_EXPANDED_20260824\data_views\heldoutA\SnowTrafficData\SnowTrafficData__0106.png,SnowTrafficData__0106
,311465,0454,SnowTrafficData,78,False,False,expanded_internal_heldout,5ace5327514ec0d54fd6b31f2b1a8f5b75244e450c463a130e7aad74604c75a3,,E:\UNSB_Expl\UNSB_HEADFIGURE_SIXDOMAIN_EXPANDED_20260824\data_views\heldoutA\SnowTrafficData\SnowTrafficData__0454.png,SnowTrafficData__0454
,293152,0482,SnowTrafficData,79,False,False,expanded_internal_heldout,0115241d2a859071592ab019c4d4a39d0dc430539b236419ec9e0a2c3a46ce72,,E:\UNSB_Expl\UNSB_HEADFIGURE_SIXDOMAIN_EXPANDED_20260824\data_views\heldoutA\SnowTrafficData\SnowTrafficData__0482.png,SnowTrafficData__0482
