bridge_time_index,draw,crossfit_sync_regret
1,0,0.020215739913883923
1,1,0.01955145553085345
1,2,0.02004815878043913
1,3,0.021738624337964817
1,4,0.01886805024466776
1,5,0.02051934048594471
1,6,0.018210184912151397
1,7,0.019485688661944563
1,8,0.019193870010004815
1,9,0.019797797243147727
1,10,0.020451835209038673
1,11,0.019840859385936327
1,12,0.019728080914497303
1,13,0.02042256110511222
1,14,0.01966508124278478
1,15,0.019751773729032803
1,16,0.020269454956005992
1,17,0.019048720616047194
1,18,0.02099816307426833
1,19,0.01958047467542372
1,20,0.020169511008730212
1,21,0.01926562404333272
1,22,0.020395999712130474
1,23,0.02030157783013461
1,24,0.019855590218779542
1,25,0.01949156667855852
1,26,0.020059085975230186
1,27,0.017937324484480984
1,28,0.020937145886426284
1,29,0.021665468072130937
1,30,0.0191516153818576
1,31,0.020192884401054375
1,32,0.019284053929881605
1,33,0.020367979221066698
1,34,0.02064207838021381
1,35,0.02040259595017952
1,36,0.02023475417591618
1,37,0.020284353558227292
1,38,0.01897750925589854
1,39,0.02017150103219784
1,40,0.019192784134187704
1,41,0.019739581349967606
1,42,0.020893579284102844
1,43,0.02114546720365812
1,44,0.021455834455190975
1,45,0.01900641177176227
1,46,0.018429332952057453
1,47,0.020291610174726003
1,48,0.020363679613595392
1,49,0.018236862955817338
1,50,0.019429016210942198
1,51,0.01953717422162204
1,52,0.02027475121765775
1,53,0.019462535286117303
1,54,0.021181939152632834
1,55,0.020374384207653282
1,56,0.019669934669360862
1,57,0.019549031712863926
1,58,0.019734857398317988
1,59,0.02054034776698985
1,60,0.020095841861996793
1,61,0.019689820991136694
1,62,0.019835673947076343
1,63,0.019668416602820035
1,64,0.01995322780406915
1,65,0.021403040495765652
1,66,0.01947093445743996
1,67,0.019570723904120676
1,68,0.019865077841226098
1,69,0.019834608903134335
1,70,0.01876442926643254
1,71,0.01929390149237052
1,72,0.020819025984398377
1,73,0.020010169727748408
1,74,0.01952030714392616
1,75,0.020575039427377116
1,76,0.020758489526582862
1,77,0.02059702280688389
1,78,0.02058059382589496
1,79,0.0208962381945471
1,80,0.019344318573088704
1,81,0.018558207927781442
1,82,0.021503282607205385
1,83,0.02059996839492936
1,84,0.019689351304310158
1,85,0.019842507203357066
1,86,0.02045857650514772
1,87,0.02020495936889158
1,88,0.02028704704092952
1,89,0.019692724904001986
1,90,0.020472389555987434
1,91,0.020707844528228454
1,92,0.019967989079890683
1,93,0.02027552051015868
1,94,0.02037410189227439
1,95,0.01950501850907003
1,96,0.02048568549498058
1,97,0.020603254591094713
1,98,0.020627572751149525
1,99,0.020774408056343733
1,100,0.019438987375125543
1,101,0.020639605104436787
1,102,0.019623550107752092
1,103,0.020470801196238873
1,104,0.020748427352338058
1,105,0.021072668365895556
1,106,0.01914863813650854
1,107,0.020275329830482282
1,108,0.020709975122461657
1,109,0.018495659135627042
1,110,0.019027762896323457
1,111,0.020117606571292534
1,112,0.02046168301445561
1,113,0.018959319768740303
1,114,0.02109579510147778
1,115,0.0187408591765924
1,116,0.020166337494334424
1,117,0.019635742113387065
1,118,0.02032638325942701
1,119,0.021573827481433033
1,120,0.019248418169711658
1,121,0.020724747967976822
1,122,0.020904918872412036
1,123,0.01885878243003045
1,124,0.02005299517557768
1,125,0.019794658865941252
1,126,0.017865089508911944
1,127,0.019780578508693622
1,128,0.020520148459735137
1,129,0.020140009272725207
1,130,0.019117831677377708
1,131,0.020274698738596022
1,132,0.01959453877906749
1,133,0.01924729539743326
1,134,0.020142700960080178
1,135,0.01988675997673274
1,136,0.01973714519166978
1,137,0.01942635363078567
1,138,0.019928274084060976
1,139,0.021426882419994114
1,140,0.01954831720295075
1,141,0.021161411870150765
1,142,0.021250375594535808
1,143,0.019186580565197085
1,144,0.01960610346748489
1,145,0.01975707260012619
1,146,0.019991590504274476
1,147,0.020357367947025636
1,148,0.020180283449403768
1,149,0.02203515827059821
1,150,0.019353231008262185
1,151,0.02137649017525312
1,152,0.019920095349289957
1,153,0.019414764441581803
1,154,0.02055032841998256
1,155,0.020365073074089798
1,156,0.020343464235855233
1,157,0.01919033456249756
1,158,0.019409791823387357
1,159,0.02011930110663525
1,160,0.019332294952996442
1,161,0.0213680305802391
1,162,0.019894624331294835
1,163,0.021333351916803234
1,164,0.021582267523304638
1,165,0.019151444828499783
1,166,0.020142066601974828
1,167,0.020039100413540015
1,168,0.020371373017231895
1,169,0.0200254918144333
1,170,0.021117689240847615
1,171,0.020082655714328188
1,172,0.01984049377812114
1,173,0.019933417308130783
1,174,0.019477513901001598
1,175,0.02069221848791675
1,176,0.01880026761560397
1,177,0.019663634557386133
1,178,0.01821561137406423
1,179,0.018876949088370187
1,180,0.020478339621623525
1,181,0.020586865053805227
1,182,0.021410411701680922
1,183,0.02063263839336631
1,184,0.019768655460695873
1,185,0.020604427265360273
1,186,0.018376724289230786
1,187,0.020830799500053017
1,188,0.021071168246638464
1,189,0.01962230256443707
1,190,0.020055013204900468
1,191,0.02053032405616874
1,192,0.02052282178886742
1,193,0.020678198896532617
1,194,0.020445980225895968
1,195,0.019543488215655287
1,196,0.019532152932599873
1,197,0.020495874950219994
1,198,0.02077654495192158
1,199,0.020138476308479338
1,200,0.02123529050809243
1,201,0.02047329804274614
1,202,0.01903195396549297
1,203,0.019816937913554617
1,204,0.01957454170363664
1,205,0.02073927258274772
1,206,0.01954487785956598
1,207,0.020359453346715208
1,208,0.020636635754099356
1,209,0.020110866454212603
1,210,0.02083517115967551
1,211,0.02069909734442201
1,212,0.019040346403537408
1,213,0.020050572834604336
1,214,0.01942992574946772
1,215,0.019257552883287996
1,216,0.019128454827620694
1,217,0.02078184041697573
1,218,0.020018801461524162
1,219,0.019692890020315323
1,220,0.020818115377533343
1,221,0.020500205166831906
1,222,0.018263327022821674
1,223,0.02021780497773025
1,224,0.020799015354852724
1,225,0.020605790328944013
1,226,0.01997027475714132
1,227,0.020435492199746837
1,228,0.019213199165557093
1,229,0.020369110867314685
1,230,0.02057540174496735
1,231,0.019009265530305935
1,232,0.01920940505862659
1,233,0.020521052586223956
1,234,0.019876434499829104
1,235,0.019473904507263974
1,236,0.01887435755653836
1,237,0.019692515083176293
1,238,0.020670130691803044
1,239,0.018828626331347065
1,240,0.020648340425614684
1,241,0.0206325554200036
1,242,0.02119157743408538
1,243,0.01886641634946182
1,244,0.021010240424185183
1,245,0.02009512724451885
1,246,0.02108833435466294
1,247,0.02071444633961531
1,248,0.020201055546517653
1,249,0.01738627152039055
1,250,0.01913196034907814
1,251,0.01939582306035793
1,252,0.01981149437145081
1,253,0.020903339680075933
1,254,0.022796310304220663
1,255,0.020457642032119545
1,256,0.020686799854013928
1,257,0.020025336083005264
1,258,0.020764612121156188
1,259,0.019183772130763038
1,260,0.020623679250139502
1,261,0.020404640638028732
1,262,0.021207319900396527
1,263,0.020632355777274188
1,264,0.019180214520827216
1,265,0.02080148994949716
1,266,0.019824632932366432
1,267,0.02046769653639777
1,268,0.01910593500998957
1,269,0.021277512500455984
1,270,0.019469627506061234
1,271,0.019926298701839897
1,272,0.02150732087082015
1,273,0.01953683353850216
1,274,0.01892932083050496
1,275,0.020006861582228478
1,276,0.0204899465661239
1,277,0.02052774655908934
1,278,0.018641973323595098
1,279,0.02102740360538601
1,280,0.020492266008385194
1,281,0.01991634662566461
1,282,0.020332645549744684
1,283,0.020425323237673574
1,284,0.02031529970082389
1,285,0.020684951624821705
1,286,0.020699306560084278
1,287,0.018527430980237392
1,288,0.018732351267435766
1,289,0.01943888249654786
1,290,0.020795731761158353
1,291,0.02017981662523278
1,292,0.02054410951830037
1,293,0.020011000774612122
1,294,0.01968498009586304
1,295,0.01876714329410748
1,296,0.0199640510252777
1,297,0.019639195328515244
1,298,0.02117234473819307
1,299,0.020427885421180486
1,300,0.019460295716721025
1,301,0.021071194980352297
1,302,0.02125918140728981
1,303,0.019789441668265583
1,304,0.02031063193056296
1,305,0.01903724744681631
1,306,0.021754234138262874
1,307,0.02054723984960762
1,308,0.02124588722887005
1,309,0.021844089088587745
1,310,0.020477817740944534
1,311,0.01986871377350694
1,312,0.019855222764354436
1,313,0.01993592105001157
1,314,0.019850646399519004
1,315,0.019153747165621356
1,316,0.02060718325558249
1,317,0.01928095957724417
1,318,0.02035513649837688
1,319,0.019289769296759466
1,320,0.019789263417021818
1,321,0.020573457510123305
1,322,0.019947161377188993
1,323,0.018798927093902365
1,324,0.020347596966634494
1,325,0.020574726430890308
1,326,0.02065012092210914
1,327,0.020388307584795835
1,328,0.01912052750505955
1,329,0.020466057819638308
1,330,0.02086331702265723
1,331,0.02031894947495493
1,332,0.021041694774049335
1,333,0.018872413245565035
1,334,0.019298588021410882
1,335,0.019462104388246974
1,336,0.018496727544198066
1,337,0.019218889181753566
1,338,0.021369843960609633
1,339,0.019664346664484158
1,340,0.02117200672694709
1,341,0.01969654075945946
1,342,0.020079194026255704
1,343,0.020285720537678822
1,344,0.018898243367614406
1,345,0.02065362958869218
1,346,0.01952510978262128
1,347,0.019583226553840243
1,348,0.019577212330352322
1,349,0.019939949435992862
1,350,0.020346928363838973
1,351,0.021658251187763933
1,352,0.0219972992786852
1,353,0.019574668126988142
1,354,0.02083230020134995
1,355,0.0207676045460853
1,356,0.02202707374807041
1,357,0.020960430350831557
1,358,0.019907027354986107
1,359,0.02032378235100488
1,360,0.020369244404607443
1,361,0.019524444933308027
1,362,0.019577684911417915
1,363,0.019544004667678496
1,364,0.020199520430396953
1,365,0.020541529445871284
1,366,0.01998851935022183
1,367,0.019491494365643593
1,368,0.019658717270262808
1,369,0.020107930305134764
1,370,0.020184417443771408
1,371,0.020071775676862587
1,372,0.019066955251823555
1,373,0.021086501863249393
1,374,0.02040166536128311
1,375,0.0204460186523364
1,376,0.01991919597917875
1,377,0.020673697222904606
1,378,0.020173618866782553
1,379,0.019241648214143373
1,380,0.019977306251209085
1,381,0.02053352189802311
1,382,0.01941587854587695
1,383,0.020587479471419878
1,384,0.01957830815275617
1,385,0.018789413641806803
1,386,0.019576500301325083
1,387,0.019825877940339257
1,388,0.020170369201130918
1,389,0.020527027596419185
1,390,0.020520232914177833
1,391,0.02026179846639584
1,392,0.019972905907477103
1,393,0.0200952276987189
1,394,0.019483622664810067
1,395,0.020990119428213088
1,396,0.019895678652371022
1,397,0.017608457579459755
1,398,0.02105785490920778
1,399,0.02054636142295298
1,400,0.019622658475712453
1,401,0.019583503000076514
1,402,0.019819855933268432
1,403,0.020977797438410717
1,404,0.021126741020676947
1,405,0.0206265912940046
1,406,0.019655477418896034
1,407,0.019502637667264344
1,408,0.01972720884465039
1,409,0.02030426256838912
1,410,0.021446262628735235
1,411,0.01993707617563837
1,412,0.020060824281404686
1,413,0.020368413454377315
1,414,0.020167968174338025
1,415,0.020274599540342053
1,416,0.019369870083066672
1,417,0.017076516334459408
1,418,0.02019152054425313
1,419,0.021686961235951707
1,420,0.01929972180223945
1,421,0.019209338746950647
1,422,0.020538030488835513
1,423,0.020544926263581068
1,424,0.020367220364754756
1,425,0.019669319969738273
1,426,0.019960787461937576
1,427,0.02020383768378189
1,428,0.019676141840129988
1,429,0.020917221965845553
1,430,0.022404321227107126
1,431,0.020497578037355607
1,432,0.0193416904123657
1,433,0.019707968949249425
1,434,0.019428131063741038
1,435,0.020085270895392505
1,436,0.02050458012892497
1,437,0.019734774499394318
1,438,0.01922586548110432
1,439,0.02013581077609936
1,440,0.0201483515040415
1,441,0.020147061754041223
1,442,0.020495767551832914
1,443,0.019684596451272632
1,444,0.019666174754782356
1,445,0.019128910660474334
1,446,0.020865422325531208
1,447,0.019385616434808583
1,448,0.02078864787855038
1,449,0.01882643683834138
1,450,0.018646163541893728
1,451,0.019370899791844053
1,452,0.01961166860321917
1,453,0.02099348546212278
1,454,0.020846187601889884
1,455,0.020946007688465416
1,456,0.020104328122917615
1,457,0.02005753700140227
1,458,0.020669224153272898
1,459,0.01865493128972479
1,460,0.019844019526056952
1,461,0.019834461431342158
1,462,0.0193625284128159
1,463,0.018899701338642435
1,464,0.018592165281407183
1,465,0.020214518120661273
1,466,0.02001536004494384
1,467,0.02030426807468086
1,468,0.01994119965687908
1,469,0.019141436693941846
1,470,0.01978471214967582
1,471,0.020609976931317314
1,472,0.020183360966669096
1,473,0.021453158290037282
1,474,0.02008003525963005
1,475,0.019898584789144278
1,476,0.01910363111069829
1,477,0.019375440638812934
1,478,0.02047394636493126
1,479,0.018733283536808313
1,480,0.02102990280981346
1,481,0.020962623434543155
1,482,0.020887271227494304
1,483,0.020489978400054367
1,484,0.021452527555195732
1,485,0.02142806673231165
1,486,0.019704039377602848
1,487,0.021541557996406658
1,488,0.02033076521289572
1,489,0.02201194470717389
1,490,0.01976534446303834
1,491,0.018024130048998954
1,492,0.020108721937961337
1,493,0.019174645652912933
1,494,0.020251986135282393
1,495,0.020433311852868653
1,496,0.019714365746425173
1,497,0.02154526727641633
1,498,0.020443885455461778
1,499,0.01985775834089015
1,500,0.021465092663985493
1,501,0.019517842849716655
1,502,0.019580717391471453
1,503,0.020050958493378155
1,504,0.020827282691264555
1,505,0.0200558566765684
1,506,0.019753730486083993
1,507,0.020283174401762413
1,508,0.021512513504979753
1,509,0.02139828937059215
1,510,0.020175469413285914
1,511,0.01935100774878807
1,512,0.020271966731213644
1,513,0.02186351497678853
1,514,0.02064875887338279
1,515,0.019101472274536724
1,516,0.02081395525207116
1,517,0.02121896915339802
1,518,0.018555752030237727
1,519,0.020497682221608377
1,520,0.02049487469747335
1,521,0.019344223681035312
1,522,0.020400571681019705
1,523,0.01985664442364468
1,524,0.020047505811955562
1,525,0.020792916188100894
1,526,0.02005731871240261
1,527,0.01900335556662119
1,528,0.020459674129847196
1,529,0.019331927621470384
1,530,0.020471732975797952
1,531,0.020253645104412455
1,532,0.018860274382651376
1,533,0.020697381578224944
1,534,0.021431482212792636
1,535,0.019178157817406925
1,536,0.018937608698946517
1,537,0.019863760544347662
1,538,0.020598140727170224
1,539,0.020474578646242424
1,540,0.021240799386476685
1,541,0.01937061810382169
1,542,0.021691387190974357
1,543,0.020266908946394043
1,544,0.019786722161590987
1,545,0.021447184339340508
1,546,0.02079348253219091
1,547,0.02027555836782907
1,548,0.02059055449492776
1,549,0.021255619407463483
1,550,0.018932702190245097
1,551,0.01981222796107397
1,552,0.02107110607901556
1,553,0.018374674957469788
1,554,0.01955799354380715
1,555,0.020102538667285758
1,556,0.020968893007833483
1,557,0.01983466774801895
1,558,0.020029826560514254
1,559,0.019016951867484193
1,560,0.02109150725461222
1,561,0.019234870073298542
1,562,0.019401961792028594
1,563,0.020749979401041098
1,564,0.0200416916232058
1,565,0.019561794275666507
1,566,0.019943035120218503
1,567,0.02080854322687791
1,568,0.020482681817094655
1,569,0.020061736396333744
1,570,0.021138264262334824
1,571,0.019954040503068718
1,572,0.021038789248853287
1,573,0.020602589686971373
1,574,0.020884651314215286
1,575,0.019305080133723295
1,576,0.019773968610326254
1,577,0.020089139764836176
1,578,0.02175223922184336
1,579,0.019426109354926592
1,580,0.01976974436675936
1,581,0.021273736942545446
1,582,0.018978347456842407
1,583,0.019522763097395916
1,584,0.021119716678369038
1,585,0.019243716049542017
1,586,0.0193684260560416
1,587,0.01897262723364022
1,588,0.019579867432258622
1,589,0.020307469719876115
1,590,0.0196845946329067
1,591,0.02210071840695141
1,592,0.018783148881655422
1,593,0.019350314291235723
1,594,0.019685652198711927
1,595,0.01952951259841758
1,596,0.02083212630216892
1,597,0.019849589035944627
1,598,0.020429260536081312
1,599,0.020999982260460223
1,600,0.020145545074840704
1,601,0.020680686364773427
1,602,0.019747742131004865
1,603,0.019615918393150827
1,604,0.020399400290904292
1,605,0.01838366823554119
1,606,0.02007704656369042
1,607,0.018891599753340597
1,608,0.018753920453323632
1,609,0.02083866530956424
1,610,0.019726694223087624
1,611,0.02024130073864866
1,612,0.019836631778681512
1,613,0.021363072877272137
1,614,0.020653503672892527
1,615,0.01859740428685257
1,616,0.020031396823911564
1,617,0.02014985094300787
1,618,0.020076708524580125
1,619,0.01995913743608626
1,620,0.019475670807065575
1,621,0.02064913530933486
1,622,0.020227584813608732
1,623,0.019319141862517538
1,624,0.021356050922083078
1,625,0.019946237903054147
1,626,0.01981253194110619
1,627,0.021061369736198488
1,628,0.020127956436297053
1,629,0.020492043378510006
1,630,0.0203529637665311
1,631,0.021068012764443454
1,632,0.01905244554840581
1,633,0.020255256129028374
1,634,0.020575901423945362
1,635,0.019797158907754676
1,636,0.02102881811333036
1,637,0.019623010864226475
1,638,0.019277863075717074
1,639,0.019765408539335182
1,640,0.020062816799780666
1,641,0.01998734252850828
1,642,0.020483495651250128
1,643,0.019609226414898005
1,644,0.019577933753221418
1,645,0.021139278984945303
1,646,0.021901366898310487
1,647,0.020952676390423374
1,648,0.0196230262849737
1,649,0.021732308670825772
1,650,0.019968008544944963
1,651,0.020472937123878963
1,652,0.019291493009907085
1,653,0.020762705742454066
1,654,0.019869723549691565
1,655,0.02194371249885695
1,656,0.02079300319289528
1,657,0.02086649576324373
1,658,0.01967509872427425
1,659,0.01898301470489595
1,660,0.02086664951397309
1,661,0.020545122455206042
1,662,0.019033814950457466
1,663,0.020510828753474628
1,664,0.019865781647581366
1,665,0.020676013487148374
1,666,0.019074320213814337
1,667,0.02002517737871432
1,668,0.02034690054770271
1,669,0.01950042837935524
1,670,0.02023824317200033
1,671,0.02091669621877511
1,672,0.01991267150011495
1,673,0.019067857813153802
1,674,0.020483562704840086
1,675,0.019486266657004606
1,676,0.018755477456722472
1,677,0.02158176873901314
1,678,0.019428793274274454
1,679,0.02009383091659499
1,680,0.019358902872976348
1,681,0.020383604739538052
1,682,0.019332771123520706
1,683,0.019270619707554424
1,684,0.020652525970475358
1,685,0.019344532390526303
1,686,0.020218730250087847
1,687,0.0211536387182797
1,688,0.020996580281251842
1,689,0.020388673611183416
1,690,0.020796667092156242
1,691,0.019852211225081986
1,692,0.019504725292073345
1,693,0.02058411817688741
1,694,0.020921451230261637
1,695,0.020177697993017284
1,696,0.021724016342359136
1,697,0.02087142852507398
1,698,0.01885988522779045
1,699,0.01989913370125893
1,700,0.02065397774782966
1,701,0.0189294019428107
1,702,0.020929390777039748
1,703,0.01878464061594869
1,704,0.020494917009723185
1,705,0.018923326764637816
1,706,0.020070641352177825
1,707,0.019412048222809855
1,708,0.01949420108849012
1,709,0.0207393174494961
1,710,0.020413392501896825
1,711,0.019552246749661443
1,712,0.020689582167933804
1,713,0.020138264710567944
1,714,0.020146304384697302
1,715,0.021070358802842148
1,716,0.019492597749870836
1,717,0.019868928626230128
1,718,0.01909060146423964
1,719,0.020462847977178778
1,720,0.021201379802574832
1,721,0.02090923213301879
1,722,0.020283107753223454
1,723,0.019902386083573823
1,724,0.019393513637311097
1,725,0.020491000609431945
1,726,0.020887596139665232
1,727,0.020079584506066606
1,728,0.02162220944361253
1,729,0.020000975931480473
1,730,0.019785137457709195
1,731,0.021006601155348015
1,732,0.019633875984118938
1,733,0.018455398880923703
1,734,0.020521337197536023
1,735,0.02140324683315417
1,736,0.019656807406529923
1,737,0.020928446833008898
1,738,0.021603739135877553
1,739,0.0207514030714842
1,740,0.020655767460581842
1,741,0.021414944121571494
1,742,0.02018113576841525
1,743,0.01937486617671
1,744,0.02015276483899096
1,745,0.019358212564277284
1,746,0.018647083313709015
1,747,0.01996103804154171
1,748,0.020493891567373062
1,749,0.020533634841703754
1,750,0.021109526507356455
1,751,0.02111866066924138
1,752,0.019619864200644148
1,753,0.019641626250465092
1,754,0.020679078962107387
1,755,0.020378208461610068
1,756,0.02036659841704289
1,757,0.02133166335854371
1,758,0.019792327135170824
1,759,0.021170024866589254
1,760,0.020618662419596014
1,761,0.02030811894071387
1,762,0.019580911023567907
1,763,0.020003155316099388
1,764,0.02150507201282274
1,765,0.020674441723633693
1,766,0.020083500465780568
1,767,0.019207959883360427
1,768,0.0192594157190554
1,769,0.021430967543627878
1,770,0.01954337536392204
1,771,0.021261921114271266
1,772,0.02047055099677293
1,773,0.019299076709703274
1,774,0.018976639446156133
1,775,0.01977119759426607
1,776,0.019484826022693674
1,777,0.020138551827765836
1,778,0.019688003252281
1,779,0.019868037233239884
1,780,0.020774475792892537
1,781,0.020271873045657793
1,782,0.02064300255416851
1,783,0.02002057894920135
1,784,0.0212537202160452
1,785,0.019410408755503736
1,786,0.019144853140644364
1,787,0.021261605143672396
1,788,0.019576118956984922
1,789,0.01971997855758535
1,790,0.02050666719916527
1,791,0.018581574838773953
1,792,0.020422224553612544
1,793,0.019052301947805873
1,794,0.021250748324120553
1,795,0.020572535209706894
1,796,0.02008381802496702
1,797,0.01967490996898545
1,798,0.020500591815085657
1,799,0.02127563306599123
1,800,0.019355769172915795
1,801,0.02073369516182682
1,802,0.020106785160854474
1,803,0.020274899936001907
1,804,0.021196548922465325
1,805,0.020963026820027708
1,806,0.019661253348875904
1,807,0.018913315345814575
1,808,0.020962780897566258
1,809,0.019493352074978657
1,810,0.020073130676567935
1,811,0.019949639280540558
1,812,0.019986564691357126
1,813,0.019654427202753417
1,814,0.021069985807107172
1,815,0.020502278698479728
1,816,0.020836042780325387
1,817,0.018867144733936417
1,818,0.01937065726352519
1,819,0.02034957959146747
1,820,0.019854057275050383
1,821,0.020388318347242463
1,822,0.020204285131276204
1,823,0.019281186900338212
1,824,0.021420525409526436
1,825,0.02014476538953777
1,826,0.020889266726004996
1,827,0.01958637441722085
1,828,0.019989296095693585
1,829,0.018947183494156205
1,830,0.02123227210376884
1,831,0.02059230382274976
1,832,0.02094306028411726
1,833,0.020070033732889358
1,834,0.019257019312433097
1,835,0.019753080033129058
1,836,0.02110084488100829
1,837,0.021380609650013125
1,838,0.0201237412825557
1,839,0.02067688951203063
1,840,0.01988579883589731
1,841,0.01984526896482427
1,842,0.019886351703500133
1,843,0.01918096290757106
1,844,0.020793236451656896
1,845,0.020165314456364315
1,846,0.020564138352783614
1,847,0.0189545516269289
1,848,0.019704071884417976
1,849,0.01994260048159524
1,850,0.02013510155256691
1,851,0.021257743769943643
1,852,0.020641573740442336
1,853,0.018292368943845196
1,854,0.021823972575346632
1,855,0.01961702383257889
1,856,0.019810107810586206
1,857,0.01931889090189184
1,858,0.019785599427843
1,859,0.02022982186856138
1,860,0.02096279474760331
1,861,0.019214847896494212
1,862,0.020115937623510754
1,863,0.019823303527729128
1,864,0.020590583850567244
1,865,0.020674371563383375
1,866,0.020404361842867393
1,867,0.019532653775580257
1,868,0.01926450202069658
1,869,0.019583957910456227
1,870,0.020394879726641342
1,871,0.020323310635070434
1,872,0.020435674088970523
1,873,0.01935854112561469
1,874,0.020209353787448498
1,875,0.01968496027828751
1,876,0.019680784733039944
1,877,0.019139139428531408
1,878,0.020083497350530784
1,879,0.018859957023160828
1,880,0.019488753334526748
1,881,0.021130142225149886
1,882,0.019808768612063016
1,883,0.020497454310409224
1,884,0.01871129851385622
1,885,0.019754654242471806
1,886,0.019387914467288568
1,887,0.01842955704804333
1,888,0.018723445491588553
1,889,0.020501281113565455
1,890,0.02052377473824131
1,891,0.020069915643236205
1,892,0.019863262222798946
1,893,0.019650835877177305
1,894,0.01789798442848756
1,895,0.019945064513506524
1,896,0.02024088425885718
1,897,0.01843448443501846
1,898,0.02051665800284743
1,899,0.020484909542464454
1,900,0.020329974697103237
1,901,0.02003629918594185
1,902,0.01971185415572858
1,903,0.020707297089348625
1,904,0.019269840619720077
1,905,0.021400554932210256
1,906,0.020423935012932187
1,907,0.02059954361277231
1,908,0.020514297229939676
1,909,0.019946154856284776
1,910,0.019136331866360812
1,911,0.020083465696552703
1,912,0.020729104405424383
1,913,0.018588780194101793
1,914,0.020814963438816416
1,915,0.0194195846421208
1,916,0.020453887017666882
1,917,0.019894155110985728
1,918,0.019580687472182848
1,919,0.02070374108516855
1,920,0.02007227695884518
1,921,0.020146824880946598
1,922,0.021047448727264922
1,923,0.019236816907001544
1,924,0.021595039063438987
1,925,0.02024729662980027
1,926,0.020957581810901682
1,927,0.020351800371467634
1,928,0.019278114885303066
1,929,0.01946741136992097
1,930,0.020213115861994042
1,931,0.019487404430857544
1,932,0.020865500730234254
1,933,0.02026430824307161
1,934,0.020874073040989316
1,935,0.020949219662062202
1,936,0.019026459765955378
1,937,0.020014623882299173
1,938,0.018829612574634915
1,939,0.02014749516951628
1,940,0.0196190209102836
1,941,0.02049210876551846
1,942,0.020988984984696354
1,943,0.021560928046760814
1,944,0.018562841076543022
1,945,0.020493978627507816
1,946,0.018779622401559753
1,947,0.01975227441682677
1,948,0.02114613499341994
1,949,0.019850930741948897
1,950,0.020340139587405635
1,951,0.019944437817176214
1,952,0.0198142764086277
1,953,0.019747563284615632
1,954,0.020905061574505678
1,955,0.02031215391327813
1,956,0.01990653131613424
1,957,0.020429481409406584
1,958,0.01972789493248577
1,959,0.018878139860871297
1,960,0.021811228050205727
1,961,0.018974833809595113
1,962,0.01856664161773627
1,963,0.020440906915690667
1,964,0.021097258015338415
1,965,0.019341834265695034
1,966,0.019816202786727157
1,967,0.020279183142589037
1,968,0.019833071437969658
1,969,0.02106557544771054
1,970,0.02144043187162935
1,971,0.021174776138178735
1,972,0.02029505227540613
1,973,0.019718987090966946
1,974,0.02095821576412385
1,975,0.020267380618224345
1,976,0.018530530157444592
1,977,0.02056341030407674
1,978,0.01995335885512285
1,979,0.020023862418781617
1,980,0.01941038238335453
1,981,0.02124999308623297
1,982,0.021318730116650444
1,983,0.020078184723541764
1,984,0.020518141696242435
1,985,0.019151074223654523
1,986,0.021905093730099464
1,987,0.019564632355945286
1,988,0.018847807341605814
1,989,0.02004345631914788
1,990,0.020280264572026637
1,991,0.020361376629690776
1,992,0.020679275523106354
1,993,0.020554168133211436
1,994,0.020492354022379786
1,995,0.018910768720402867
1,996,0.019120816653938888
1,997,0.019818417526735247
1,998,0.019297621422083817
1,999,0.020187755452258725
1,1000,0.019402974015517247
1,1001,0.01960762137521813
1,1002,0.01851915899623217
1,1003,0.019852795030648882
1,1004,0.019472873681742234
1,1005,0.020501489226042464
1,1006,0.018529084047064086
1,1007,0.019160814137806233
1,1008,0.02102184022493081
1,1009,0.020143947718640427
1,1010,0.019680790942119216
1,1011,0.020027534529080158
1,1012,0.019430295339366337
1,1013,0.02062707257854344
1,1014,0.02150324002273545
1,1015,0.020314150215367404
1,1016,0.020338445811814918
1,1017,0.019606160833199823
1,1018,0.019348216233503215
1,1019,0.020733659961414793
1,1020,0.020664973767390193
1,1021,0.02036615838008585
1,1022,0.01973586679923502
1,1023,0.020817040804712982
1,1024,0.0213938902832319
1,1025,0.020536569887421283
1,1026,0.019054942296305635
1,1027,0.019340440458644657
1,1028,0.019496143909728373
1,1029,0.020419348643791302
1,1030,0.02069689783883961
1,1031,0.019891155811108476
1,1032,0.019464275232762177
1,1033,0.019562708978220923
1,1034,0.019737458602839455
1,1035,0.021260575525756154
1,1036,0.02008638632272237
1,1037,0.020675609005988766
1,1038,0.01898561308019588
1,1039,0.019722988701239483
1,1040,0.01926162748975268
1,1041,0.020446652675047746
1,1042,0.020267756392957362
1,1043,0.02022353054143332
1,1044,0.018745010806447252
1,1045,0.02131781944097111
1,1046,0.02050155251825782
1,1047,0.020480573443194098
1,1048,0.02125039756446225
1,1049,0.01976911928599335
1,1050,0.01997408730678066
1,1051,0.019913013935091466
1,1052,0.020975088827546794
1,1053,0.019175080155584067
1,1054,0.02000336320962268
1,1055,0.019707718238031153
1,1056,0.01959367711559656
1,1057,0.019733571931666225
1,1058,0.019591362816913614
1,1059,0.01938191929452891
1,1060,0.020847984151233154
1,1061,0.020660616839246814
1,1062,0.019904680539513393
1,1063,0.019790374647095675
1,1064,0.019477076228339076
1,1065,0.01998494451937192
1,1066,0.01951470797164291
1,1067,0.01929265789196471
1,1068,0.018663119019107315
1,1069,0.020500313139335306
1,1070,0.020669414941299178
1,1071,0.020509616526690023
1,1072,0.020142230994498387
1,1073,0.019804471546375334
1,1074,0.0204935302282851
1,1075,0.019768552480702358
1,1076,0.020520038926654625
1,1077,0.020824855021672115
1,1078,0.019886122037172445
1,1079,0.01941237728135732
1,1080,0.020470454670133646
1,1081,0.019962128804699646
1,1082,0.0196722031813008
1,1083,0.02106598358331548
1,1084,0.021342116289900858
1,1085,0.019525701345323686
1,1086,0.020609956864113616
1,1087,0.01972065743492757
1,1088,0.019649765513153845
1,1089,0.020396017817735455
1,1090,0.02026316131274046
1,1091,0.01910388702258713
1,1092,0.021449392512598347
1,1093,0.019570072598120096
1,1094,0.021210375216908328
1,1095,0.019336419994315093
1,1096,0.01986806247037778
1,1097,0.01906695445925437
1,1098,0.019674062158810155
1,1099,0.020604217643984686
1,1100,0.019180969185019808
1,1101,0.019873115435423888
1,1102,0.020798095532257532
1,1103,0.019197183546999095
1,1104,0.01971457546328026
1,1105,0.020085269387522357
1,1106,0.02035171307359505
1,1107,0.019670407053685435
1,1108,0.020480301684286183
1,1109,0.019321495100891758
1,1110,0.01943778175971796
1,1111,0.01988068963788055
1,1112,0.019731766996202972
1,1113,0.02029520608180815
1,1114,0.020439836092387403
1,1115,0.020085253911388826
1,1116,0.02017082048304913
1,1117,0.019855157098400293
1,1118,0.018894110088910152
1,1119,0.020443003830986805
1,1120,0.01823922394684309
1,1121,0.019717215374464747
1,1122,0.02187252126347426
1,1123,0.020471711872242098
1,1124,0.019189241433483276
1,1125,0.021355479383944432
1,1126,0.02181940571510652
1,1127,0.021271143143283766
1,1128,0.021071337209240787
1,1129,0.01895331001261362
1,1130,0.019558882671414732
1,1131,0.021608768646379044
1,1132,0.01895799194745655
1,1133,0.019870339353057317
1,1134,0.02089811015272681
1,1135,0.019222710824343247
1,1136,0.021475618100787148
1,1137,0.020062461579533526
1,1138,0.02003438937126213
1,1139,0.019493480372424574
1,1140,0.020348058918970152
1,1141,0.019205784242427724
1,1142,0.01884950871258904
1,1143,0.018946150763696202
1,1144,0.019775194087590695
1,1145,0.02069358059579793
1,1146,0.02047148592586376
1,1147,0.021584498413741066
1,1148,0.021531398056002165
1,1149,0.020997275184451342
1,1150,0.021200845225519575
1,1151,0.01989686648622702
1,1152,0.020308680242489722
1,1153,0.01892971622996471
1,1154,0.02042617126258892
1,1155,0.019517693545671587
1,1156,0.019476064046817742
1,1157,0.020398190040397533
1,1158,0.019487933338154437
1,1159,0.019704523565586423
1,1160,0.020106082188253462
1,1161,0.020129801234513547
1,1162,0.019691582831498532
1,1163,0.020643130665932628
1,1164,0.02078600650276796
1,1165,0.02020865757489494
1,1166,0.02038305569046854
1,1167,0.020562164019760285
1,1168,0.019660153411601475
1,1169,0.020026821814455985
1,1170,0.01951147444732802
1,1171,0.019632254801268106
1,1172,0.019560011529660967
1,1173,0.01968403931574399
1,1174,0.01995903497062631
1,1175,0.01894588347126664
1,1176,0.019891349911646403
1,1177,0.020121500527395263
1,1178,0.02020685011701903
1,1179,0.020631983716072434
1,1180,0.02055020916937336
1,1181,0.020161724908893664
1,1182,0.019382320559353995
1,1183,0.019824432036359814
1,1184,0.021204169133772804
1,1185,0.020554282750173233
1,1186,0.02009178792543016
1,1187,0.02023152072084962
1,1188,0.019250973358209293
1,1189,0.018498561581508168
1,1190,0.01859085098539148
1,1191,0.020242966921361533
1,1192,0.021404580372980635
1,1193,0.01978470851699209
1,1194,0.018945692218504707
1,1195,0.019308962362999674
1,1196,0.02054092769918492
1,1197,0.01984629022358485
1,1198,0.020492011485062283
1,1199,0.020128139128909872
1,1200,0.020093005918265704
1,1201,0.020174038958887773
1,1202,0.020538340274658753
1,1203,0.018524436581809956
1,1204,0.021252286178818285
1,1205,0.0202902137840021
1,1206,0.020879495806912184
1,1207,0.018820686146136946
1,1208,0.019592515166671116
1,1209,0.02085853440847209
1,1210,0.0199528448775732
1,1211,0.02138647061692076
1,1212,0.01919992305458281
1,1213,0.021687761683473823
1,1214,0.02100716902292558
1,1215,0.01931451141305524
1,1216,0.020390964835592034
1,1217,0.019968429090281868
1,1218,0.020378100674200234
1,1219,0.019480439942618492
1,1220,0.02040100524170846
1,1221,0.01892452567281851
1,1222,0.020235726250962115
1,1223,0.020473856966228964
1,1224,0.020369878500135743
1,1225,0.0194249771127335
1,1226,0.019494603393285334
1,1227,0.020406996487072396
1,1228,0.01918004816805211
1,1229,0.018891030428049658
1,1230,0.020468800335973158
1,1231,0.020403635773609336
1,1232,0.018527196391708554
1,1233,0.020770252843588466
1,1234,0.020852394827543048
1,1235,0.01963558091574743
1,1236,0.020569567978888526
1,1237,0.020275608217493662
1,1238,0.0198861873859634
1,1239,0.019471691722629757
1,1240,0.02030432454297437
1,1241,0.01964731680466935
1,1242,0.02026155055176891
1,1243,0.020347685997042234
1,1244,0.020140981690244492
1,1245,0.01977331387119383
1,1246,0.020426277705387342
1,1247,0.021702700878117265
1,1248,0.01987403197410012
1,1249,0.023207138571528323
1,1250,0.019466733471282964
1,1251,0.019771540290750293
1,1252,0.019644457293686964
1,1253,0.020790915911975853
1,1254,0.020369147817992924
1,1255,0.019783198438942735
1,1256,0.020117346086228127
1,1257,0.020100541026306356
1,1258,0.019706722336157154
1,1259,0.01985828627302174
1,1260,0.019339372767921966
1,1261,0.018654708997700827
1,1262,0.02179236189818284
1,1263,0.02037673268633875
1,1264,0.019345143474489408
1,1265,0.018702254628434018
1,1266,0.020618836710597974
1,1267,0.02127147760685208
1,1268,0.019104693283666197
1,1269,0.02003546084658037
1,1270,0.02108060758185008
1,1271,0.019749598103022122
1,1272,0.02036871114794864
1,1273,0.020435902730177213
1,1274,0.019923677655021163
1,1275,0.021067590346786663
1,1276,0.018561579788046442
1,1277,0.02034335852315441
1,1278,0.020434403269764204
1,1279,0.02058041169520713
1,1280,0.020640554824326966
1,1281,0.02033001984839516
1,1282,0.01961061124171523
1,1283,0.021568866463670993
1,1284,0.01950211587555748
1,1285,0.020005524314001124
1,1286,0.02068919815610946
1,1287,0.020706104386737815
1,1288,0.021242960971652708
1,1289,0.02058577759819932
1,1290,0.02002743914740719
1,1291,0.02035419755839257
1,1292,0.019632934826251947
1,1293,0.01887135021193877
1,1294,0.020407257538417628
1,1295,0.019831977864288242
1,1296,0.020621283559236567
1,1297,0.021172834543495986
1,1298,0.01998395740272247
1,1299,0.019773809142874462
1,1300,0.02020324254699745
1,1301,0.0219706378935457
1,1302,0.019883142577118516
1,1303,0.01962040457614543
1,1304,0.01893996224935938
1,1305,0.019470716286931585
1,1306,0.02086262214840251
1,1307,0.02042674745282121
1,1308,0.020161784943176733
1,1309,0.018817111958259834
1,1310,0.02056736040451929
1,1311,0.018086321646021253
1,1312,0.020901104394770987
1,1313,0.019808092949654594
1,1314,0.01982070707587764
1,1315,0.020925664343354567
1,1316,0.02061972240007348
1,1317,0.020053469273890536
1,1318,0.019284191178236525
1,1319,0.02150706178434104
1,1320,0.01944066964699669
1,1321,0.021376764765256333
1,1322,0.020992079174270328
1,1323,0.01928510901771636
1,1324,0.019841837313579035
1,1325,0.021046983946281312
1,1326,0.019557564862445434
1,1327,0.020285017240016055
1,1328,0.02037845009019184
1,1329,0.019748514549194397
1,1330,0.01839144405392774
1,1331,0.019344529023245714
1,1332,0.022437339352157137
1,1333,0.01998809306703035
1,1334,0.020794761305311677
1,1335,0.01943538306426301
1,1336,0.020502561147088306
1,1337,0.021165091046930314
1,1338,0.02169176516780884
1,1339,0.018192652217666642
1,1340,0.020607151386581004
1,1341,0.020262109781024634
1,1342,0.020294051051118457
1,1343,0.019684008936533447
1,1344,0.02042194797729949
1,1345,0.019939379782720788
1,1346,0.019550088565122397
1,1347,0.01954810577132798
1,1348,0.019940002079966386
1,1349,0.019806931872602806
1,1350,0.02002118644527626
1,1351,0.020066497600454064
1,1352,0.017835712728029727
1,1353,0.019457526687814513
1,1354,0.020159292902874756
1,1355,0.019658672200135483
1,1356,0.020164486559198214
1,1357,0.021257442540878035
1,1358,0.019752449936787313
1,1359,0.01966594630543739
1,1360,0.01972045421948767
1,1361,0.021311200709312566
1,1362,0.021449934251583907
1,1363,0.02100877449226631
1,1364,0.019292210411595217
1,1365,0.020143579636484395
1,1366,0.02035745876376616
1,1367,0.02042971469600357
1,1368,0.02045494589977267
1,1369,0.019921279446688256
1,1370,0.02090791929756919
1,1371,0.019313644918055192
1,1372,0.020001595176259046
1,1373,0.019976745174520166
1,1374,0.02071493545466931
1,1375,0.01915189351933026
1,1376,0.0195337481658965
1,1377,0.019402095063179
1,1378,0.02028680677929211
1,1379,0.02136228639835101
1,1380,0.02015113120417015
1,1381,0.020227680503813805
1,1382,0.02115084138674041
1,1383,0.020819053539500334
1,1384,0.019344197652781503
1,1385,0.018588608678846083
1,1386,0.01971279251619243
1,1387,0.020093289769157165
1,1388,0.019834807781826284
1,1389,0.019783827670220366
1,1390,0.019966055542574596
1,1391,0.019574976247861038
1,1392,0.01941625327488907
1,1393,0.01979393169803706
1,1394,0.02002996538326314
1,1395,0.020743898720152424
1,1396,0.020483600358381527
1,1397,0.02019805655885743
1,1398,0.02075286979743923
1,1399,0.01979718149396668
1,1400,0.021717242337569168
1,1401,0.01802358999160381
1,1402,0.019323210190056565
1,1403,0.019566720081139126
1,1404,0.020099398055235477
1,1405,0.019531495245772284
1,1406,0.018527956511886056
1,1407,0.019692398548269735
1,1408,0.019870820751060756
1,1409,0.02047134439710863
1,1410,0.019765684179042082
1,1411,0.02032463261730898
1,1412,0.020486450693224346
1,1413,0.019987333289432276
1,1414,0.01934978652982192
1,1415,0.017803016641446442
1,1416,0.020610946364423535
1,1417,0.020017623778113097
1,1418,0.022005419109997315
1,1419,0.02027583002043629
1,1420,0.01900270033444709
1,1421,0.020635773149017163
1,1422,0.018952807345164868
1,1423,0.018946055562896566
1,1424,0.020300162598023943
1,1425,0.01919493304540902
1,1426,0.02128209553483375
1,1427,0.020048714035261105
1,1428,0.020217502212008114
1,1429,0.01832192166847923
1,1430,0.02012930364226284
1,1431,0.020317388931965746
1,1432,0.020340980325413007
1,1433,0.0199703965256
1,1434,0.019315141089974317
1,1435,0.019824690599036535
1,1436,0.01933361544787043
1,1437,0.021226782586993887
1,1438,0.020375225259139044
1,1439,0.02056895353665538
1,1440,0.019645514758543533
1,1441,0.019487477907613904
1,1442,0.01948754472094789
1,1443,0.02045127847810838
1,1444,0.019528530403513017
1,1445,0.020976689654749036
1,1446,0.019181575816062214
1,1447,0.020625803384526877
1,1448,0.019485245686672995
1,1449,0.02282666707663658
1,1450,0.02160831860765483
1,1451,0.021008419197805616
1,1452,0.02074516750872446
1,1453,0.020009694576729613
1,1454,0.020613549535175055
1,1455,0.020752618853950293
1,1456,0.02060818148214637
1,1457,0.02008649366451825
1,1458,0.019430874588160146
1,1459,0.019463251596144208
1,1460,0.019013801009951856
1,1461,0.02107435352639701
1,1462,0.02026675293269719
1,1463,0.01951432893545731
1,1464,0.019268329648168703
1,1465,0.020410985782032418
1,1466,0.02070900360510346
1,1467,0.02073109193367047
1,1468,0.02021707281650886
1,1469,0.019709747238983045
1,1470,0.021496259627130213
1,1471,0.019497280190645287
1,1472,0.02053413801124945
1,1473,0.019492613602140548
1,1474,0.019513575544728833
1,1475,0.01991325827611375
1,1476,0.019686377883721205
1,1477,0.020440070921079564
1,1478,0.020620899196272816
1,1479,0.020102420338901018
1,1480,0.020803139317047626
1,1481,0.019978568834306158
1,1482,0.01921868161080764
1,1483,0.02132186878990074
1,1484,0.01964089763166244
1,1485,0.021271453699183523
1,1486,0.019506703959508275
1,1487,0.019927405602969486
1,1488,0.01944066584719576
1,1489,0.02056879600947421
1,1490,0.01874535064751488
1,1491,0.02030607173043651
1,1492,0.019333324126960042
1,1493,0.019397627852162324
1,1494,0.019629624399517414
1,1495,0.01898653423006384
1,1496,0.02092386898993444
1,1497,0.0209906778157606
1,1498,0.01984341881769185
1,1499,0.020616156303143948
1,1500,0.018794158351555162
1,1501,0.02011669682979304
1,1502,0.02126330349572562
1,1503,0.020206865089266817
1,1504,0.019510468385694056
1,1505,0.019338449924472423
1,1506,0.02041477283151127
1,1507,0.01929576549722117
1,1508,0.020711446937837583
1,1509,0.01922033880445299
1,1510,0.019525915678249222
1,1511,0.019323131688568484
1,1512,0.019938179356067107
1,1513,0.01981677766097258
1,1514,0.02005456019683444
1,1515,0.021519029762517124
1,1516,0.019877099251917
1,1517,0.01918827667983999
1,1518,0.021107802821599037
1,1519,0.020780350696080013
1,1520,0.019944343405847085
1,1521,0.019940606014413175
1,1522,0.020205727568154707
1,1523,0.020002565068689113
1,1524,0.02042780670092276
1,1525,0.01976800519470109
1,1526,0.018261160661661054
1,1527,0.01979974483193186
1,1528,0.019622739324809294
1,1529,0.02095624845620249
1,1530,0.02055182533993269
1,1531,0.019711656629704605
1,1532,0.02016525785091166
1,1533,0.019785090269620168
1,1534,0.020159721222524976
1,1535,0.020936157236588798
1,1536,0.0193766856926889
1,1537,0.019993975532976774
1,1538,0.02085675422605091
1,1539,0.01983579342717733
1,1540,0.019574954663042078
1,1541,0.020822987435530738
1,1542,0.02144786725144238
1,1543,0.021658193377370478
1,1544,0.019632836586225416
1,1545,0.021357208376791937
1,1546,0.020699526603238306
1,1547,0.019960490526055
1,1548,0.019415027485483457
1,1549,0.019213173185451512
1,1550,0.020023637918798794
1,1551,0.020046811610581732
1,1552,0.01891038298895762
1,1553,0.020337955421553155
1,1554,0.01974078885244598
1,1555,0.019658503171998746
1,1556,0.022673328723929204
1,1557,0.020648727722156212
1,1558,0.020674188459233703
1,1559,0.01938326605886823
1,1560,0.020235809237940335
1,1561,0.0204505095880556
1,1562,0.017900445644652808
1,1563,0.019585001210898758
1,1564,0.019126248965009796
1,1565,0.01922248629166071
1,1566,0.02043484827242377
1,1567,0.019789834914652738
1,1568,0.01928353410401706
1,1569,0.020045597135808602
1,1570,0.02006646167139627
1,1571,0.019799766698638827
1,1572,0.020536808317750604
1,1573,0.021162245297052604
1,1574,0.02004209945041584
1,1575,0.021535028113141202
1,1576,0.022256062764109685
1,1577,0.020893241837364268
1,1578,0.018774761583627397
1,1579,0.020027379037834886
1,1580,0.01937834505531549
1,1581,0.01931277970900527
1,1582,0.02152815834730265
1,1583,0.020008389561372828
1,1584,0.019685429522051188
1,1585,0.019621387898871797
1,1586,0.019456056443026896
1,1587,0.01979062703725232
1,1588,0.02046888912395453
1,1589,0.020469671958053846
1,1590,0.020109445034308723
1,1591,0.020614985364484386
1,1592,0.01971831854697464
1,1593,0.020139712576465317
1,1594,0.019439486814147786
1,1595,0.021337844351322428
1,1596,0.019844398250110012
1,1597,0.019553996798600665
1,1598,0.020185415461550064
1,1599,0.019380334405008394
1,1600,0.0195958058479428
1,1601,0.020248982009764438
1,1602,0.02020175358585338
1,1603,0.01947124778122274
1,1604,0.0200799816826354
1,1605,0.018571647700051697
1,1606,0.019895708112720595
1,1607,0.018265134566855724
1,1608,0.020561525125835603
1,1609,0.020039387688897535
1,1610,0.021479963932638884
1,1611,0.020549383378853234
1,1612,0.020459297792214025
1,1613,0.020190344083879274
1,1614,0.01967330680861364
1,1615,0.019245934752277153
1,1616,0.01972813935310366
1,1617,0.02027929320043689
1,1618,0.019392006953052092
1,1619,0.019349731723697614
1,1620,0.019591150604660566
1,1621,0.019637217970799817
1,1622,0.02007205192773632
1,1623,0.019630497025601133
1,1624,0.020459064492679795
1,1625,0.01903775090037982
1,1626,0.019191193466012637
1,1627,0.020204628142532793
1,1628,0.020771885404688762
1,1629,0.01985281801576302
1,1630,0.018089733129582303
1,1631,0.02005599721620264
1,1632,0.018082124433360967
1,1633,0.01918752083062332
1,1634,0.019471421541999517
1,1635,0.020084616752772493
1,1636,0.020262292915161694
1,1637,0.01946141410134836
1,1638,0.02036655042666511
1,1639,0.019096795036831486
1,1640,0.01947549670206613
1,1641,0.01985641696071983
1,1642,0.018537460990833098
1,1643,0.02006965650647449
1,1644,0.020188008553920667
1,1645,0.01974916479933136
1,1646,0.021974056258229926
1,1647,0.019471927826663453
1,1648,0.02054400482611745
1,1649,0.019570150874495606
1,1650,0.0215383478424155
1,1651,0.01898756361923248
1,1652,0.020384422258689947
1,1653,0.020092618516836018
1,1654,0.019925246880355543
1,1655,0.020282622501131144
1,1656,0.020466238057270613
1,1657,0.021756063797467074
1,1658,0.019810030695078102
1,1659,0.02088064614779757
1,1660,0.019398475891546217
1,1661,0.01899162854746936
1,1662,0.021102402732660192
1,1663,0.020284504778999315
1,1664,0.02129628757863913
1,1665,0.02019135859749859
1,1666,0.018468203218627396
1,1667,0.02015922631873984
1,1668,0.020096021637865617
1,1669,0.020534351164535076
1,1670,0.019846605440079105
1,1671,0.020354121149056756
1,1672,0.020511879384412686
1,1673,0.019929802354735383
1,1674,0.020407706261612795
1,1675,0.01929496350637991
1,1676,0.01991541304623722
1,1677,0.018984065764653134
1,1678,0.019897739169058185
1,1679,0.020120223867119102
1,1680,0.01983566376475809
1,1681,0.01945725448050368
1,1682,0.019648742462422045
1,1683,0.019089037282808256
1,1684,0.021653864251962404
1,1685,0.019916678444168872
1,1686,0.018985613711608892
1,1687,0.020066314068647822
1,1688,0.021004123140634778
1,1689,0.020868929437457124
1,1690,0.019825293816385606
1,1691,0.020103133389707907
1,1692,0.01988311604936466
1,1693,0.019809144256164205
1,1694,0.019597268601110576
1,1695,0.020363544219516312
1,1696,0.019843494463319504
1,1697,0.019864635780397353
1,1698,0.019596499339589363
1,1699,0.02004458753075085
1,1700,0.021364596006748587
1,1701,0.018552330031811167
1,1702,0.019323223582707286
1,1703,0.019917607094882033
1,1704,0.02072407847068151
1,1705,0.018841289499405875
1,1706,0.019507946208571745
1,1707,0.020039106573323008
1,1708,0.02067840339332748
1,1709,0.020723899574547355
1,1710,0.020279458707396694
1,1711,0.020333360075855015
1,1712,0.020247420201758837
1,1713,0.020227126331070357
1,1714,0.020522938073296814
1,1715,0.02090981752004521
1,1716,0.01949864440229608
1,1717,0.02054066762116117
1,1718,0.020770781178677464
1,1719,0.02025632929567935
1,1720,0.019517926814631773
1,1721,0.019826203819515203
1,1722,0.019664816620264678
1,1723,0.019934961148683518
1,1724,0.02176101095893283
1,1725,0.020560828780514375
1,1726,0.020920109343487477
1,1727,0.02057745239700356
1,1728,0.01944379494874227
1,1729,0.020049499661548578
1,1730,0.020102308579698358
1,1731,0.019820200489316406
1,1732,0.020487470909638546
1,1733,0.018768196523200043
1,1734,0.020645167130795603
1,1735,0.02092632219742019
1,1736,0.019408570874845057
1,1737,0.020077155919367054
1,1738,0.020616769556922373
1,1739,0.02031508358202284
1,1740,0.019929845662086488
1,1741,0.020718209647174624
1,1742,0.020536884360146414
1,1743,0.019210264020927934
1,1744,0.021279246951869054
1,1745,0.02001232800296277
1,1746,0.019909649664519368
1,1747,0.020409763012748296
1,1748,0.019687334319038
1,1749,0.019689829402146985
1,1750,0.01957603170934209
1,1751,0.01978488620359898
1,1752,0.019269622623060315
1,1753,0.02038759242185216
1,1754,0.018151309226021404
1,1755,0.02042443253302869
1,1756,0.020509610169704904
1,1757,0.019897592323135323
1,1758,0.01815146353483132
1,1759,0.01941011139907175
1,1760,0.02218652043509792
1,1761,0.02016242012252521
1,1762,0.020329880049578506
1,1763,0.021261021305413113
1,1764,0.02043821398967793
1,1765,0.020294149632256595
1,1766,0.021160223909628944
1,1767,0.02117168305522994
1,1768,0.01909001035667653
1,1769,0.020162227024673154
1,1770,0.019621833630076777
1,1771,0.021033508394114497
1,1772,0.020006430628853916
1,1773,0.019934993474744638
1,1774,0.020588915474645267
1,1775,0.01931596911691177
1,1776,0.020192883933479826
1,1777,0.019383693492514363
1,1778,0.019568348792539974
1,1779,0.019773337094182154
1,1780,0.02140817601492953
1,1781,0.021729739123213895
1,1782,0.019327756542796785
1,1783,0.02052406558082081
1,1784,0.01994189999982716
1,1785,0.01959447109044545
1,1786,0.01920102398972783
1,1787,0.019867003567773902
1,1788,0.019926479553353513
1,1789,0.020387905194286737
1,1790,0.020372781896696817
1,1791,0.020472678263619717
1,1792,0.019638095935320007
1,1793,0.01991705453185796
1,1794,0.019644446539033338
1,1795,0.01938703117298565
1,1796,0.020340599443161304
1,1797,0.018958415363827877
1,1798,0.020946996012843527
1,1799,0.020897927452220594
1,1800,0.020575952260896712
1,1801,0.01974258639291211
1,1802,0.02082808715104911
1,1803,0.019689445400390467
1,1804,0.019514712588891706
1,1805,0.0198760700876748
1,1806,0.020356639046572655
1,1807,0.020011533244896365
1,1808,0.020942445082865774
1,1809,0.02037632143948658
1,1810,0.019381690877308382
1,1811,0.020825587146172192
1,1812,0.019249889340833926
1,1813,0.01970550687151999
1,1814,0.020184799487057075
1,1815,0.021191164920996732
1,1816,0.02206518447772678
1,1817,0.02137390592347729
1,1818,0.019942249576599135
1,1819,0.020658952810124927
1,1820,0.02112489578881782
1,1821,0.021584410608280546
1,1822,0.019865594402605446
1,1823,0.019990084855363677
1,1824,0.017587418681695822
1,1825,0.02029307979607307
1,1826,0.020045242290074875
1,1827,0.01922639690734988
1,1828,0.018911936980466424
1,1829,0.021070985069624053
1,1830,0.020797986628989403
1,1831,0.020269005096237257
1,1832,0.01985422335710384
1,1833,0.02114021198094292
1,1834,0.02143624130871516
1,1835,0.01950361963392273
1,1836,0.0207253158489163
1,1837,0.019996946798508577
1,1838,0.01934114595504046
1,1839,0.02130807739660544
1,1840,0.020079673235871096
1,1841,0.020347638174276015
1,1842,0.02081701700208884
1,1843,0.021562359101188033
1,1844,0.020334767953376773
1,1845,0.01886646506765624
1,1846,0.020800454278886642
1,1847,0.020814507579843145
1,1848,0.020570439880952775
1,1849,0.020916469220461125
1,1850,0.02044585209850766
1,1851,0.019851871725407356
1,1852,0.02036221697461931
1,1853,0.019386217537161552
1,1854,0.020147673924819247
1,1855,0.020715639046765075
1,1856,0.020815805683813172
1,1857,0.020876553812835968
1,1858,0.019693290864141108
1,1859,0.020645858513231103
1,1860,0.02069360583152203
1,1861,0.020941268754002974
1,1862,0.020704743754726113
1,1863,0.019033314956380446
1,1864,0.02059500118753195
1,1865,0.020489947328657155
1,1866,0.020051289740839345
1,1867,0.021056263551527756
1,1868,0.02041225928369422
1,1869,0.018562774996396497
1,1870,0.019270764988869604
1,1871,0.020171531805011775
1,1872,0.019354315153806884
1,1873,0.019956960009115114
1,1874,0.021534333969033547
1,1875,0.02004604702511957
1,1876,0.018476158959698105
1,1877,0.020742348181543396
1,1878,0.01992681312794505
1,1879,0.020177178113795022
1,1880,0.020409345610820598
1,1881,0.019976715397261133
1,1882,0.019774029964460184
1,1883,0.021249035476494954
1,1884,0.02035951976644235
1,1885,0.019098267992512987
1,1886,0.020204717075188956
1,1887,0.019749568548895882
1,1888,0.020223394255427997
1,1889,0.019475131948052466
1,1890,0.02116195312648082
1,1891,0.020450357766526202
1,1892,0.019893429818787705
1,1893,0.019462177437563812
1,1894,0.02117474600533247
1,1895,0.021316810336445693
1,1896,0.019404129133836507
1,1897,0.018880209717614626
1,1898,0.02058949351380482
1,1899,0.0205278489847485
1,1900,0.020590987328498126
1,1901,0.0204517707860999
1,1902,0.020140751329339675
1,1903,0.020250966147007023
1,1904,0.021268033463660057
1,1905,0.02043983330298926
1,1906,0.01871102081406108
1,1907,0.01965036422294851
1,1908,0.020790516161107577
1,1909,0.019970869119635016
1,1910,0.019947209283498003
1,1911,0.02016717252297321
1,1912,0.02007925091063636
1,1913,0.020871865789175967
1,1914,0.020105591814968387
1,1915,0.01991618087557236
1,1916,0.01937268128089455
1,1917,0.02000400945387409
1,1918,0.019030873385080343
1,1919,0.020962878897504745
1,1920,0.0212896096884687
1,1921,0.019978901875982825
1,1922,0.020275705914421464
1,1923,0.019393440425804445
1,1924,0.020138666728820823
1,1925,0.01979738418943597
1,1926,0.019377365613005296
1,1927,0.018743474359414335
1,1928,0.021444715631675892
1,1929,0.02071330526393755
1,1930,0.02094467781883601
1,1931,0.019842538143022777
1,1932,0.02002303837789293
1,1933,0.020686316113724033
1,1934,0.021014395884117697
1,1935,0.019704811537274023
1,1936,0.019823794280601315
1,1937,0.01956618528059678
1,1938,0.019791271652066896
1,1939,0.020807808978402533
1,1940,0.019808857930043642
1,1941,0.019973031371051043
1,1942,0.020281612370942864
1,1943,0.02158272925944289
1,1944,0.019839825232813926
1,1945,0.020983272358028476
1,1946,0.020909695862618084
1,1947,0.020097211786232857
1,1948,0.020552721727409892
1,1949,0.020436561222724723
1,1950,0.019647749678870802
1,1951,0.019310189334530523
1,1952,0.02144445395388442
1,1953,0.020075843962450806
1,1954,0.01927839308757522
1,1955,0.01994745712227887
1,1956,0.018378943278764635
1,1957,0.020500664974881334
1,1958,0.021491964450627038
1,1959,0.020061804934191543
1,1960,0.01926870651440636
1,1961,0.019416016621258955
1,1962,0.019702082456415314
1,1963,0.020687050978482103
1,1964,0.020218403295476518
1,1965,0.019708946920084645
1,1966,0.019947358751415793
1,1967,0.02080009362856193
1,1968,0.019521933170240976
1,1969,0.0198295752496393
1,1970,0.01983545005194622
1,1971,0.02050239689180586
1,1972,0.019645108805583598
1,1973,0.018904143036736144
1,1974,0.018971993489432324
1,1975,0.01989847764374278
1,1976,0.020591298250056685
1,1977,0.020459159552533964
1,1978,0.018984830618342066
1,1979,0.01983866570214324
1,1980,0.019746943499516615
1,1981,0.02053891782776857
1,1982,0.019022003565643337
1,1983,0.019873664362330668
1,1984,0.01956510112993791
1,1985,0.019465453603281068
1,1986,0.019619415788268254
1,1987,0.020266649544098476
1,1988,0.02037948106926486
1,1989,0.020065711936394306
1,1990,0.020750617551152865
1,1991,0.019932346615911093
1,1992,0.01920209679078937
1,1993,0.019507568638217048
1,1994,0.02012594929643288
1,1995,0.020773944084729056
1,1996,0.018898730174034165
1,1997,0.020761573918968337
1,1998,0.019500733697722383
1,1999,0.020635780862467906
1,2000,0.019751257208998094
1,2001,0.020088888651223522
1,2002,0.020945198708018642
1,2003,0.01960401261439872
1,2004,0.018338546405536834
1,2005,0.020501856245861188
1,2006,0.021373504934972875
1,2007,0.020209047711651683
1,2008,0.020063368149917892
1,2009,0.020125654244742514
1,2010,0.019407566731379295
1,2011,0.019618281367470757
1,2012,0.019013317556851463
1,2013,0.021130803254615565
1,2014,0.02031104074367654
1,2015,0.020546309922311736
1,2016,0.02102610526960752
1,2017,0.018577265754990885
1,2018,0.020140126554775747
1,2019,0.01904908037608601
1,2020,0.020709043127577396
1,2021,0.01989497342098441
1,2022,0.021031373942639417
1,2023,0.020084718000073613
1,2024,0.019023286891405537
1,2025,0.020434677889322437
1,2026,0.020163107196572595
1,2027,0.019968822576667832
1,2028,0.02080832926117813
1,2029,0.019477595154333827
1,2030,0.02081859515266086
1,2031,0.01868117456711157
1,2032,0.02050283680107801
1,2033,0.021184899205628924
1,2034,0.01959266764242879
1,2035,0.020872191616466695
1,2036,0.01987363967593
1,2037,0.020178914497910674
1,2038,0.02003045480763128
1,2039,0.018713547749513216
1,2040,0.019560601083016986
1,2041,0.019354442861603167
1,2042,0.020479015747737823
1,2043,0.02044694940088636
1,2044,0.02033300036897815
1,2045,0.021479268188565475
1,2046,0.02086595110551807
1,2047,0.020597776787501305
1,2048,0.019738170088263427
1,2049,0.02115699130000505
1,2050,0.019257754015462026
1,2051,0.02055910200452781
1,2052,0.021561584539896327
1,2053,0.019780953261991942
1,2054,0.02097547075193912
1,2055,0.019353596482100225
1,2056,0.01869204434588854
1,2057,0.019678198716567678
1,2058,0.020518781171543172
1,2059,0.019626553371476053
1,2060,0.019032340842932396
1,2061,0.02053256985534837
1,2062,0.019385806364465442
1,2063,0.019504406317743018
1,2064,0.020612116385490965
1,2065,0.020635521057493337
1,2066,0.020561726103045724
1,2067,0.02018306166660385
1,2068,0.02129802317679096
1,2069,0.019116911334979173
1,2070,0.019952709786628203
1,2071,0.019395012937953694
1,2072,0.020026028353549583
1,2073,0.021384469934566257
1,2074,0.021310516777554158
1,2075,0.019502410379605855
1,2076,0.020372305740354764
1,2077,0.01993697414039824
1,2078,0.019193185697177827
1,2079,0.020197026206808275
1,2080,0.020425188229948602
1,2081,0.020989199126873553
1,2082,0.01953286732211356
1,2083,0.019611165557627156
1,2084,0.021043683294898422
1,2085,0.018680080242951102
1,2086,0.0207256360901777
1,2087,0.020834046514722093
1,2088,0.020660512763099038
1,2089,0.020479996232090247
1,2090,0.019834180058178056
1,2091,0.019282360922684188
1,2092,0.020632955039439852
1,2093,0.02038390593262597
1,2094,0.020236918761054826
1,2095,0.021492060075328664
1,2096,0.01876800567922626
1,2097,0.01936387664309378
1,2098,0.01972972746943001
1,2099,0.019996529680865897
1,2100,0.020042421209375785
1,2101,0.020760469604987525
1,2102,0.019064730416609034
1,2103,0.019703957694769042
1,2104,0.020901477331895683
1,2105,0.02087313595159967
1,2106,0.01922472088741276
1,2107,0.019024296411221216
1,2108,0.020753239202764177
1,2109,0.019539066217159267
1,2110,0.02039507916798743
1,2111,0.0186156914383739
1,2112,0.02109859466864301
1,2113,0.019865974382551378
1,2114,0.02047243256810837
1,2115,0.019938470436425458
1,2116,0.019245930114036743
1,2117,0.019185913360778205
1,2118,0.019799567099106723
1,2119,0.020056730650163616
1,2120,0.0207692017825729
1,2121,0.01998894391873618
1,2122,0.021022049970424433
1,2123,0.020087460574310382
1,2124,0.020687516491729896
1,2125,0.02050214551914836
1,2126,0.02033646282912565
1,2127,0.020126330732610002
1,2128,0.01980619892492543
1,2129,0.020183458330184558
1,2130,0.021510767042606432
1,2131,0.019921012215540487
1,2132,0.019417645922816622
1,2133,0.021196973721555587
1,2134,0.020740118346573216
1,2135,0.01932367435213912
1,2136,0.019669748441409726
1,2137,0.020371172637552126
1,2138,0.02029717178522781
1,2139,0.019983249490449537
1,2140,0.021886432118028692
1,2141,0.019718700238463893
1,2142,0.02122537188770864
1,2143,0.01824649435607995
1,2144,0.02011806070601084
1,2145,0.020164215679110375
1,2146,0.020163515245607836
1,2147,0.020343168981089746
1,2148,0.0196574626522083
1,2149,0.019858421403274377
1,2150,0.019189846358630348
1,2151,0.02079827110669245
1,2152,0.01954483225695271
1,2153,0.019710754079698967
1,2154,0.020990590171328663
1,2155,0.019791932122733828
1,2156,0.01838001669117684
1,2157,0.01975278506877555
1,2158,0.021198809812881275
1,2159,0.020049100777655007
1,2160,0.02123082088275507
1,2161,0.020649421009737896
1,2162,0.019835590736302363
1,2163,0.01904401073794219
1,2164,0.01916285964709674
1,2165,0.019998861050762644
1,2166,0.020054334016804887
1,2167,0.020445651060122663
1,2168,0.020762330583022733
1,2169,0.019880319918912058
1,2170,0.019521074622359136
1,2171,0.01937777889799185
1,2172,0.021897072248384164
1,2173,0.0214342180900171
1,2174,0.019575880070483217
1,2175,0.018996685514005008
1,2176,0.019034542675001667
1,2177,0.020870451206400492
1,2178,0.018565603981794205
1,2179,0.02056253907702869
1,2180,0.019492599727085603
1,2181,0.019282467638104612
1,2182,0.020953132918546776
1,2183,0.021660071629034394
1,2184,0.020410716580613077
1,2185,0.02130431114709394
1,2186,0.021205872090993522
1,2187,0.020412334684095295
1,2188,0.020931648662728054
1,2189,0.020154265304115297
1,2190,0.021095533570649444
1,2191,0.020585797357984555
1,2192,0.019990833261219604
1,2193,0.02101697456807564
1,2194,0.0200021475465663
1,2195,0.02232247078132833
1,2196,0.020738033316182094
1,2197,0.019735916020613763
1,2198,0.020279493506266903
1,2199,0.020172059554140292
1,2200,0.018814607688672918
1,2201,0.020709024458039935
1,2202,0.019160293175473884
1,2203,0.019550879403001025
1,2204,0.02042261347575328
1,2205,0.0185400875569675
1,2206,0.02208505298033327
1,2207,0.01947280988911392
1,2208,0.01951090142471022
1,2209,0.02091390553701435
1,2210,0.021129270861101678
1,2211,0.019778939393476035
1,2212,0.01969026408344935
1,2213,0.018381602755771713
1,2214,0.01975472286400651
1,2215,0.018832109264467822
1,2216,0.019700071456950415
1,2217,0.020000206877160056
1,2218,0.020583285123425322
1,2219,0.020329275197481955
1,2220,0.01985741593882238
1,2221,0.01920270789676886
1,2222,0.020028225786015662
1,2223,0.019415669253143666
1,2224,0.02017665582208884
1,2225,0.018747361828401574
1,2226,0.020015248039036888
1,2227,0.020998957492761944
1,2228,0.02057957888154673
1,2229,0.02117103085761991
1,2230,0.020976335250568644
1,2231,0.020030495453811543
1,2232,0.021680801500786984
1,2233,0.021218395752869334
1,2234,0.018771289459821282
1,2235,0.020642798244510513
1,2236,0.02001933712239395
1,2237,0.016689026380309852
1,2238,0.02011561159198254
1,2239,0.02011105157597766
1,2240,0.019780432757035966
1,2241,0.019772300608927165
1,2242,0.019410491239431657
1,2243,0.020529788370716142
1,2244,0.02029687313864481
1,2245,0.01889229719192499
1,2246,0.020071893693881727
1,2247,0.01870564845661341
1,2248,0.02014899236063574
1,2249,0.018850832953994073
1,2250,0.02067141949234699
1,2251,0.021144663390805323
1,2252,0.02059947584267969
1,2253,0.019888731080427102
1,2254,0.020063066568773796
1,2255,0.018488112229209704
1,2256,0.02099229384010041
1,2257,0.02008806541557834
1,2258,0.020080739871046496
1,2259,0.01992481447221867
1,2260,0.019384556814455216
1,2261,0.02019817344193753
1,2262,0.01948259450012693
1,2263,0.02006252055534277
1,2264,0.021506731895927066
1,2265,0.01936035059886202
1,2266,0.019590902474684188
1,2267,0.02118671485934955
1,2268,0.020190403760388654
1,2269,0.02000790984090779
1,2270,0.020002648601219895
1,2271,0.019485128583141522
1,2272,0.019190902817775368
1,2273,0.020189410399738796
1,2274,0.020572698034531836
1,2275,0.019603842943970325
1,2276,0.019438693369193932
1,2277,0.020196287270038468
1,2278,0.020057680591291756
1,2279,0.019696386184576913
1,2280,0.02006798872834499
1,2281,0.02069964308909099
1,2282,0.020729587157410908
1,2283,0.02159469432132352
1,2284,0.019212914073467684
1,2285,0.019650953460433603
1,2286,0.020046373407765408
1,2287,0.01987067333556341
1,2288,0.01970849037631057
1,2289,0.021930665958992613
1,2290,0.01934733373701727
1,2291,0.021004744685057097
1,2292,0.018916982900768108
1,2293,0.019021814043867647
1,2294,0.020665291356833423
1,2295,0.02152034103474899
1,2296,0.019826415667491156
1,2297,0.020357726517112387
1,2298,0.020044030118363
1,2299,0.020689369753851255
1,2300,0.020472262441965233
1,2301,0.01803436998264722
1,2302,0.02012372051903432
1,2303,0.018773024828687753
1,2304,0.019124867299560554
1,2305,0.02015988542543091
1,2306,0.021275714568312547
1,2307,0.0201786849093806
1,2308,0.020163379401428594
1,2309,0.020257869078469673
1,2310,0.01981925671461171
1,2311,0.018086665249490437
1,2312,0.019072853020030974
1,2313,0.019978400359704808
1,2314,0.02028497740162665
1,2315,0.01919515177855351
1,2316,0.020323864208437636
1,2317,0.021245641576389623
1,2318,0.02025955923494342
1,2319,0.02109815292812919
1,2320,0.01949319124632772
1,2321,0.019823032948018193
1,2322,0.020063386679268522
1,2323,0.021191821001257424
1,2324,0.01895255709774796
1,2325,0.018158144810896018
1,2326,0.020911964360085702
1,2327,0.02096657951663693
1,2328,0.019182216942064765
1,2329,0.020725720685707057
1,2330,0.0200225997056527
1,2331,0.019551255657305245
1,2332,0.019156143364242945
1,2333,0.019224951716441983
1,2334,0.019479833587712225
1,2335,0.021228925094147966
1,2336,0.018537254961722358
1,2337,0.018137920026809484
1,2338,0.0201880791478959
1,2339,0.021574597034880193
1,2340,0.019364800473768002
1,2341,0.020636351782094973
1,2342,0.019154129644574067
1,2343,0.020131806689626892
1,2344,0.02054776378203908
1,2345,0.019425930910020147
1,2346,0.020153301800836087
1,2347,0.019493408859067436
1,2348,0.01960715898225129
1,2349,0.020311757258988646
1,2350,0.019969135828884533
1,2351,0.019485084356849907
1,2352,0.021177243322283597
1,2353,0.019336935869362176
1,2354,0.020213921617810438
1,2355,0.020167617339123704
1,2356,0.02050515951355324
1,2357,0.020666982425533966
1,2358,0.02119209112772678
1,2359,0.01953687933893719
1,2360,0.02181632900384649
1,2361,0.02109483261069923
1,2362,0.02119196041528304
1,2363,0.01965854508030403
1,2364,0.02097382290376477
1,2365,0.02011263223336582
1,2366,0.019354947682340366
1,2367,0.020143186336588726
1,2368,0.02044048761145883
1,2369,0.02164352558642742
1,2370,0.019783486866746525
1,2371,0.020474349051728184
1,2372,0.02086469091921435
1,2373,0.01862574803996714
1,2374,0.02128182190200323
1,2375,0.01898193378399759
1,2376,0.021469969188520798
1,2377,0.020605040597144176
1,2378,0.019953754983569574
1,2379,0.01920615133042783
1,2380,0.019078918472994918
1,2381,0.021623708889480665
1,2382,0.02037422426003683
1,2383,0.019509261623990994
1,2384,0.01972544098332486
1,2385,0.02086196437604153
1,2386,0.019162955560322482
1,2387,0.019530991373180293
1,2388,0.02020679298069928
1,2389,0.020717536540341704
1,2390,0.019461974266573177
1,2391,0.019570322411425384
1,2392,0.019827642989565433
1,2393,0.019808477690756585
1,2394,0.01987986262757242
1,2395,0.02157694921935104
1,2396,0.019018346947030286
1,2397,0.020375362296281008
1,2398,0.020041265219501787
1,2399,0.01964077581501578
1,2400,0.021320686488037643
1,2401,0.018886789352122235
1,2402,0.01946280539186382
1,2403,0.01970487047032161
1,2404,0.019648011148362392
1,2405,0.019300275219381668
1,2406,0.018337600727023447
1,2407,0.020822248084014176
1,2408,0.019679158338435605
1,2409,0.019900189558400342
1,2410,0.019117489366201296
1,2411,0.019816513411347606
1,2412,0.020310612631230764
1,2413,0.020096164575696594
1,2414,0.019854246453481068
1,2415,0.02050018191809008
1,2416,0.019786799963078795
1,2417,0.02044880641256828
1,2418,0.019510758546469685
1,2419,0.019276176900624234
1,2420,0.02036865475302037
1,2421,0.01987534520015181
1,2422,0.020523914305328864
1,2423,0.02091469600312784
1,2424,0.019773537225444858
1,2425,0.019841631674870085
1,2426,0.021325439292148335
1,2427,0.01959515282577932
1,2428,0.02019813720298406
1,2429,0.01973004268256325
1,2430,0.02071719336377954
1,2431,0.020672057681061853
1,2432,0.02045692692023706
1,2433,0.020880789357005946
1,2434,0.018793568952979553
1,2435,0.019577561267724624
1,2436,0.020284728881471634
1,2437,0.019077700589304476
1,2438,0.0185841362678525
1,2439,0.0206975267266946
1,2440,0.022174213018961244
1,2441,0.019525681850978187
1,2442,0.018883118470484333
1,2443,0.02062944766138873
1,2444,0.02109272451003869
1,2445,0.019639710074120183
1,2446,0.019285170687582974
1,2447,0.020629599964198036
1,2448,0.019188803450301616
1,2449,0.020090294624753667
1,2450,0.01912831372140876
1,2451,0.018880273076078962
1,2452,0.018960206297115194
1,2453,0.019206647209733384
1,2454,0.01869742819799419
1,2455,0.019427061708239893
1,2456,0.01881569843163534
1,2457,0.020496073342803272
1,2458,0.019804609764461436
1,2459,0.02060928863036884
1,2460,0.021206511275410945
1,2461,0.01909597990429472
1,2462,0.020976414435423796
1,2463,0.0201350791452961
1,2464,0.021419687736589352
1,2465,0.020338473120060364
1,2466,0.020874167614276577
1,2467,0.019734016895067315
1,2468,0.020477553022393156
1,2469,0.020064844447579746
1,2470,0.018674478511938254
1,2471,0.020297574364479504
1,2472,0.019640719373839093
1,2473,0.01978994745822468
1,2474,0.02045015673892585
1,2475,0.017884297233747532
1,2476,0.019818917293422413
1,2477,0.020796070814416628
1,2478,0.019285625441919127
1,2479,0.020158343376633105
1,2480,0.019715528747739627
1,2481,0.021562787959214458
1,2482,0.019949398034095917
1,2483,0.01957493477930538
1,2484,0.020660698238384786
1,2485,0.02092778374577948
1,2486,0.01916479372418613
1,2487,0.02050480032642484
1,2488,0.020026356329982283
1,2489,0.019319334953340622
1,2490,0.01941473598941736
1,2491,0.020715861996860502
1,2492,0.019252127944104632
1,2493,0.020231614522462315
1,2494,0.019002613421769846
1,2495,0.020358491653188527
1,2496,0.020097622993618655
1,2497,0.019517029474840342
1,2498,0.0197386398970324
1,2499,0.020320335470487713
1,2500,0.02045170231935481
1,2501,0.01914680107922796
1,2502,0.021120493770518455
1,2503,0.019772978058883613
1,2504,0.02000157627279168
1,2505,0.021240770888379088
1,2506,0.02091818147553327
1,2507,0.02059568772793936
1,2508,0.02060107738905104
1,2509,0.021835912042206848
1,2510,0.021786084966944036
1,2511,0.019417538287638182
1,2512,0.01962580060021266
1,2513,0.020352863803236195
1,2514,0.02051079296979571
1,2515,0.021681029911623174
1,2516,0.021746651494591557
1,2517,0.019697276343883477
1,2518,0.021608702980181915
1,2519,0.0194579846323959
1,2520,0.018451816043131775
1,2521,0.021129779965799098
1,2522,0.01883833583929973
1,2523,0.019559256809783394
1,2524,0.021084068370742743
1,2525,0.019733387152705322
1,2526,0.019570813082354192
1,2527,0.02010858994451109
1,2528,0.019542739531668563
1,2529,0.02030525691348441
1,2530,0.017896083383172955
1,2531,0.02036175586605161
1,2532,0.020368387061703224
1,2533,0.018887439657630765
1,2534,0.020444205583735
1,2535,0.019473908062085696
1,2536,0.02096107711517022
1,2537,0.019160187956075676
1,2538,0.019701353240126857
1,2539,0.021260430346428896
1,2540,0.02040289179017971
1,2541,0.01995579045424123
1,2542,0.019530545807027885
1,2543,0.019627970729763335
1,2544,0.02133605670187415
1,2545,0.020788754188709457
1,2546,0.020429822977834564
1,2547,0.01899535840124116
1,2548,0.020618611578643593
1,2549,0.019073117529201763
1,2550,0.019940636455103616
1,2551,0.02000357398875049
1,2552,0.018553540253184463
1,2553,0.01924621782460913
1,2554,0.01897918560757358
1,2555,0.019562080880105723
1,2556,0.02135649737023027
1,2557,0.01979412958812972
1,2558,0.019673566080329528
1,2559,0.019249725879875213
1,2560,0.01970123315260696
1,2561,0.018756365146920858
1,2562,0.019751561217834328
1,2563,0.019898327041945996
1,2564,0.020814200054098193
1,2565,0.01897508734740414
1,2566,0.019439481407571794
1,2567,0.01935988426871492
1,2568,0.01884343489281603
1,2569,0.019085443947731286
1,2570,0.02083087612853625
1,2571,0.02008149474508752
1,2572,0.02084190403266689
1,2573,0.019642975259458524
1,2574,0.020075087589552138
1,2575,0.0204522408166732
1,2576,0.019900612256596374
1,2577,0.0202958864964558
1,2578,0.019774411002869002
1,2579,0.01957498371314625
1,2580,0.020381088946169666
1,2581,0.020711552376438024
1,2582,0.019978101397793217
1,2583,0.02031412816844615
1,2584,0.021087290065044423
1,2585,0.020609761884018325
1,2586,0.02014230805622873
1,2587,0.02012040269909512
1,2588,0.020950714215424215
1,2589,0.021860631076418613
1,2590,0.01989952046137648
1,2591,0.020731293148659048
1,2592,0.01933382161500397
1,2593,0.01913808682509169
1,2594,0.019047331361163943
1,2595,0.020286097429915464
1,2596,0.019509051804059548
1,2597,0.020503102981405383
1,2598,0.021516663365342775
1,2599,0.020507787176351728
1,2600,0.019516207049928482
1,2601,0.01924430650155376
1,2602,0.021222778471084103
1,2603,0.019029008561538805
1,2604,0.02084219313395837
1,2605,0.0200511086993457
1,2606,0.019584532352112043
1,2607,0.021228951576818856
1,2608,0.019794651752924327
1,2609,0.020675089102553355
1,2610,0.019946794935752417
1,2611,0.021576213528661337
1,2612,0.02051486498495136
1,2613,0.02049488444210816
1,2614,0.02032888676036921
1,2615,0.019777509599012234
1,2616,0.02051143173616095
1,2617,0.021113752714778163
1,2618,0.020138855025389302
1,2619,0.0187662732646059
1,2620,0.020680228654382005
1,2621,0.019614616260853267
1,2622,0.020830557273071034
1,2623,0.021155337217733678
1,2624,0.02041816971194504
1,2625,0.02086381268098983
1,2626,0.019762155644715496
1,2627,0.020480791411165718
1,2628,0.021504075663870952
1,2629,0.020291327275414692
1,2630,0.020538908278602316
1,2631,0.01978922032791962
1,2632,0.020532147720103838
1,2633,0.019967430970101747
1,2634,0.020343923494100743
1,2635,0.01885758330343126
1,2636,0.021592549592405145
1,2637,0.01920776711025225
1,2638,0.01925008365295727
1,2639,0.020453297170510514
1,2640,0.020069894254694496
1,2641,0.01946356248215624
1,2642,0.019230768915037232
1,2643,0.019488439289693352
1,2644,0.020920383044040047
1,2645,0.019366323635094444
1,2646,0.01930504591084053
1,2647,0.02051719663631842
1,2648,0.020427503995676635
1,2649,0.020604104615360327
1,2650,0.01979815339530833
1,2651,0.020382201132167772
1,2652,0.02023958684711743
1,2653,0.01875578635994832
1,2654,0.020954068229610028
1,2655,0.02025198676118216
1,2656,0.02079450890300982
1,2657,0.021399295249663015
1,2658,0.02025756506806783
1,2659,0.019193246929683064
1,2660,0.01975127348165841
1,2661,0.02057252613844373
1,2662,0.01914584075095353
1,2663,0.02084174695867398
1,2664,0.0194770339407536
1,2665,0.020481637418858323
1,2666,0.020495288690330835
1,2667,0.020011033306992665
1,2668,0.01928374489630127
1,2669,0.0195409226155196
1,2670,0.020004632599392877
1,2671,0.01901372576067228
1,2672,0.02036545995841338
1,2673,0.0196552231798523
1,2674,0.020590188100130833
1,2675,0.019494968118621555
1,2676,0.019245790955561077
1,2677,0.021558947323138872
1,2678,0.01921602273363318
1,2679,0.01967803440102898
1,2680,0.020120725119845785
1,2681,0.01975854440716886
1,2682,0.019466802548134255
1,2683,0.019839996206819987
1,2684,0.020191388287833404
1,2685,0.01931822227423654
1,2686,0.021436456981644116
1,2687,0.019750012182514636
1,2688,0.0196189928020262
1,2689,0.020665550918796415
1,2690,0.020188461052318918
1,2691,0.019848487240958355
1,2692,0.02064347140759577
1,2693,0.020832970558851825
1,2694,0.01995920453902451
1,2695,0.020919748217954504
1,2696,0.0210785120922112
1,2697,0.020309466601025842
1,2698,0.019460453945687635
1,2699,0.020273786918416827
1,2700,0.020784382446905978
1,2701,0.020291664974910185
1,2702,0.01931047220802159
1,2703,0.02023813008663523
1,2704,0.020380932488815156
1,2705,0.020163177836947013
1,2706,0.0199109326137499
1,2707,0.019723202619599523
1,2708,0.02074035964874197
1,2709,0.018904009766536948
1,2710,0.018720157212582158
1,2711,0.019672966399690368
1,2712,0.020680338270879697
1,2713,0.020871552746540872
1,2714,0.019042944761094315
1,2715,0.019582121340048896
1,2716,0.021199196270600643
1,2717,0.01975692777956943
1,2718,0.01989496851087298
1,2719,0.019204135546707673
1,2720,0.020422357658630985
1,2721,0.020519091494890094
1,2722,0.019592754380931478
1,2723,0.020227774762866576
1,2724,0.019315101801493904
1,2725,0.01882484090093087
1,2726,0.022769971662977173
1,2727,0.019437525580481407
1,2728,0.019506066720521558
1,2729,0.020430974381392797
1,2730,0.02063570986271662
1,2731,0.01968005298374865
1,2732,0.01929639854799187
1,2733,0.020098549459582175
1,2734,0.018863319840908308
1,2735,0.019568525269188706
1,2736,0.020437753456616897
1,2737,0.019509708372966943
1,2738,0.01997963695586799
1,2739,0.02003296806442833
1,2740,0.01921701268247074
1,2741,0.020674158560682058
1,2742,0.019834108040424434
1,2743,0.021273144880002707
1,2744,0.020211022043503446
1,2745,0.020819123937438525
1,2746,0.020065735438859967
1,2747,0.020123639332196807
1,2748,0.020342221673662886
1,2749,0.019063719954574038
1,2750,0.01973156988044469
1,2751,0.020462941536190084
1,2752,0.02054369098970783
1,2753,0.021020812115465363
1,2754,0.019033607882360568
1,2755,0.020545832441609683
1,2756,0.02092488207209923
1,2757,0.02013034203571353
1,2758,0.020657325232846035
1,2759,0.02028557966504002
1,2760,0.020566890511498962
1,2761,0.019868660261438135
1,2762,0.020507615587481893
1,2763,0.019569667833799882
1,2764,0.021309164946346045
1,2765,0.020538183442584994
1,2766,0.018985399912088457
1,2767,0.020783783736120373
1,2768,0.02039918903249138
1,2769,0.021681083980408678
1,2770,0.021760736316869613
1,2771,0.01956856326415205
1,2772,0.01887406997739782
1,2773,0.020308856490962167
1,2774,0.02105126902752418
1,2775,0.01973448070947333
1,2776,0.02026546797447174
1,2777,0.01984018033230857
1,2778,0.01985363507014887
1,2779,0.021122157975494632
1,2780,0.019785334979160768
1,2781,0.021061647331913208
1,2782,0.019939649794859342
1,2783,0.020493735385407007
1,2784,0.019904251065857265
1,2785,0.02039684867780671
1,2786,0.01943322620078644
1,2787,0.019362572576514553
1,2788,0.019587608472403737
1,2789,0.01977752351331798
1,2790,0.018937530052531928
1,2791,0.019380223345151555
1,2792,0.02035745898691043
1,2793,0.01992320485406644
1,2794,0.020137658821812118
1,2795,0.01938280248116115
1,2796,0.01973492342178298
1,2797,0.020378113768941216
1,2798,0.020475256711294337
1,2799,0.020053536366543077
1,2800,0.021250209713292972
1,2801,0.019135010401861188
1,2802,0.01920493421125549
1,2803,0.01982914240866934
1,2804,0.01933094906741153
1,2805,0.020640209619950545
1,2806,0.019572602398272555
1,2807,0.02071985633523614
1,2808,0.01927293138575473
1,2809,0.020273536659137233
1,2810,0.020641845943368462
1,2811,0.019438757115952002
1,2812,0.021016670687521406
1,2813,0.019911835499420032
1,2814,0.018891640137969627
1,2815,0.020329325990411706
1,2816,0.020588271672838145
1,2817,0.021219459765760076
1,2818,0.020081507121311622
1,2819,0.019307475673757336
1,2820,0.020500487193428545
1,2821,0.020622983512963322
1,2822,0.021259546450860256
1,2823,0.018971450817742944
1,2824,0.02069521547426836
1,2825,0.020433792752463212
1,2826,0.01977294312787476
1,2827,0.02072053316960441
1,2828,0.02054721998303237
1,2829,0.021579169731235
1,2830,0.02018557320562359
1,2831,0.019483648845076005
1,2832,0.01935044707230848
1,2833,0.020646248033800583
1,2834,0.019480631903082943
1,2835,0.01830823923534031
1,2836,0.02103985910959429
1,2837,0.019456662282010432
1,2838,0.020464060138367074
1,2839,0.019834955390527254
1,2840,0.02066169442378083
1,2841,0.019564709825990508
1,2842,0.02158856619345927
1,2843,0.01900130139053573
1,2844,0.019651478135363876
1,2845,0.020912321255324325
1,2846,0.019766700689763567
1,2847,0.018991975424512853
1,2848,0.018838097560542767
1,2849,0.018969469769293538
1,2850,0.020071151257528425
1,2851,0.01962689724517207
1,2852,0.019655655421262495
1,2853,0.020714426508603202
1,2854,0.019029018058173364
1,2855,0.021108866121789235
1,2856,0.01990413683093877
1,2857,0.019848904148456314
1,2858,0.01930896227750761
1,2859,0.02051562485344079
1,2860,0.020106755019984074
1,2861,0.0202838217594522
1,2862,0.019247142000911883
1,2863,0.021985158169475078
1,2864,0.019397810998488803
1,2865,0.0184019130775621
1,2866,0.020749690200844006
1,2867,0.019237202448772552
1,2868,0.01852728454343559
1,2869,0.019671086682863773
1,2870,0.02080091814489353
1,2871,0.019290604573841286
1,2872,0.020802810384339378
1,2873,0.019484162595905647
1,2874,0.02143621902027758
1,2875,0.020562931392682397
1,2876,0.019571976496714726
1,2877,0.018495330131327155
1,2878,0.019222423672496457
1,2879,0.020825250258926734
1,2880,0.018637558379812187
1,2881,0.019577225938120783
1,2882,0.021815677436282554
1,2883,0.019768336679374745
1,2884,0.02056694040182824
1,2885,0.020084536444550966
1,2886,0.020895680895687562
1,2887,0.019280238468450214
1,2888,0.019725981304261772
1,2889,0.020216221470765055
1,2890,0.020799880689614022
1,2891,0.01980855371143946
1,2892,0.018967375717228247
1,2893,0.021209492800223318
1,2894,0.021172383228130028
1,2895,0.01877779823986955
1,2896,0.02059620760745586
1,2897,0.020118639299336674
1,2898,0.019756063216505318
1,2899,0.020407558913253455
1,2900,0.019374283845014793
1,2901,0.0206713870167874
1,2902,0.020586310040458255
1,2903,0.019608775077859127
1,2904,0.02034216763643162
1,2905,0.020057796041666343
1,2906,0.020506231110095235
1,2907,0.020537948917621444
1,2908,0.01999734634541662
1,2909,0.019986463514872124
1,2910,0.01885718717379897
1,2911,0.020076762963252576
1,2912,0.020495469653127762
1,2913,0.02043495926213187
1,2914,0.020103777989070686
1,2915,0.02107152484452951
1,2916,0.020266895801998232
1,2917,0.019735044150611364
1,2918,0.019973163135745677
1,2919,0.021080230419129892
1,2920,0.020018607584594103
1,2921,0.019698760344614246
1,2922,0.019614126168691726
1,2923,0.019786620754085073
1,2924,0.02152379321268873
1,2925,0.019655724952611104
1,2926,0.019651267165336286
1,2927,0.019546663483909498
1,2928,0.021073453332625836
1,2929,0.018794666886104913
1,2930,0.019907413179112172
1,2931,0.01965954139712017
1,2932,0.019665113093992617
1,2933,0.01943924723379853
1,2934,0.02188872432414767
1,2935,0.019590030254569173
1,2936,0.020997492417641973
1,2937,0.020105352712046377
1,2938,0.021663229353746972
1,2939,0.02120829812085015
1,2940,0.020413218587720553
1,2941,0.02084882105020194
1,2942,0.02003520733573763
1,2943,0.020242086758675424
1,2944,0.0197736189715319
1,2945,0.01896317970185683
1,2946,0.018895108278609997
1,2947,0.02062956441607663
1,2948,0.020166759526389386
1,2949,0.02064610740225954
1,2950,0.020717167465920543
1,2951,0.022012599523612047
1,2952,0.019219703167077436
1,2953,0.01998206562404723
1,2954,0.020154788285641167
1,2955,0.021207801483226207
1,2956,0.02130536818454945
1,2957,0.019412877434325442
1,2958,0.020767173476195746
1,2959,0.02084716770033587
1,2960,0.02041728339922117
1,2961,0.019980296308478834
1,2962,0.02127073314756191
1,2963,0.020780154123224367
1,2964,0.020961224629923548
1,2965,0.021226035622875467
1,2966,0.019562281833211282
1,2967,0.019227418486372088
1,2968,0.019371975927656836
1,2969,0.019532056967159494
1,2970,0.019603149431378437
1,2971,0.019996496851047398
1,2972,0.021598833859500805
1,2973,0.01941498259761022
1,2974,0.019485333071403942
1,2975,0.019604144681920063
1,2976,0.01914397148024652
1,2977,0.02081677603824106
1,2978,0.020697001319520864
1,2979,0.019621636231571832
1,2980,0.019922471217611912
1,2981,0.019761310758113416
1,2982,0.018406557536420596
1,2983,0.019761512247323594
1,2984,0.020738697771681972
1,2985,0.020148324669757578
1,2986,0.020491894233571277
1,2987,0.020432035262221353
1,2988,0.021411153548252928
1,2989,0.020458247904527885
1,2990,0.019898921224589233
1,2991,0.019092984591253123
1,2992,0.02042538214247713
1,2993,0.01901198433976368
1,2994,0.018604354435198943
1,2995,0.021370289211226533
1,2996,0.019486586838676583
1,2997,0.020837247663747005
1,2998,0.01954500989124233
1,2999,0.021029873208835
1,3000,0.020978100384447113
1,3001,0.021500325328867916
1,3002,0.021692185970693823
1,3003,0.020292007301767164
1,3004,0.01981360672971996
1,3005,0.01967685119441594
1,3006,0.020789322040426706
1,3007,0.021045727910688757
1,3008,0.018461293158863298
1,3009,0.021340660877347605
1,3010,0.019757448160909147
1,3011,0.018329966458124763
1,3012,0.02013365866365831
1,3013,0.01871864829032009
1,3014,0.018923454440109302
1,3015,0.019069124568569514
1,3016,0.02105876626387458
1,3017,0.0205025190635764
1,3018,0.020544090349020837
1,3019,0.02049608082492432
1,3020,0.020708025259350626
1,3021,0.021158246380034846
1,3022,0.020507361489110816
1,3023,0.019511704227328844
1,3024,0.020352961381707158
1,3025,0.020109048186217206
1,3026,0.019754518566104797
1,3027,0.019938937998952924
1,3028,0.02088404613169938
1,3029,0.020352078010776
1,3030,0.02031652050496573
1,3031,0.020803463585686292
1,3032,0.019634917036231093
1,3033,0.020425896595287634
1,3034,0.01945166080199887
1,3035,0.0204855997115947
1,3036,0.019179463232672653
1,3037,0.019186586895549987
1,3038,0.019678849877751727
1,3039,0.021275739055868104
1,3040,0.01895665649049647
1,3041,0.020089013614794208
1,3042,0.019655521141721848
1,3043,0.019744528950203045
1,3044,0.019834767809982258
1,3045,0.02082893888654242
1,3046,0.020247043918622778
1,3047,0.01979570010359435
1,3048,0.02136845379989227
1,3049,0.020991013572521502
1,3050,0.02088997902743529
1,3051,0.02104808814141368
1,3052,0.01859680670619965
1,3053,0.01959290782227
1,3054,0.020639742318983103
1,3055,0.019504250793660024
1,3056,0.02028609218522304
1,3057,0.02063008575198999
1,3058,0.020611847118272523
1,3059,0.019166781991824616
1,3060,0.02040345816053953
1,3061,0.019713310242698418
1,3062,0.02082086270462814
1,3063,0.020436779205214594
1,3064,0.020999684975243404
1,3065,0.019302318496003206
1,3066,0.020165693888483622
1,3067,0.018311856095129884
1,3068,0.019506519536560032
1,3069,0.018531410542454656
1,3070,0.020132523941835054
1,3071,0.01893765861612186
1,3072,0.018955710511819306
1,3073,0.019373232569411272
1,3074,0.018693775471402812
1,3075,0.0201482409087417
1,3076,0.020160466146934012
1,3077,0.02093183370031297
1,3078,0.020057482644754585
1,3079,0.020624255194735503
1,3080,0.019420014380620975
1,3081,0.02034177713084899
1,3082,0.01982425942784307
1,3083,0.020333955117776515
1,3084,0.020806445564705952
1,3085,0.019750916185739046
1,3086,0.020755206545979572
1,3087,0.0196661738718079
1,3088,0.02000876653907035
1,3089,0.02014710712172056
1,3090,0.020404746408604683
1,3091,0.019858752325032328
1,3092,0.017847120281340938
1,3093,0.021197127359958306
1,3094,0.020183239985202366
1,3095,0.020492106408754998
1,3096,0.019423110419599477
1,3097,0.019616457852395117
1,3098,0.020251976215179827
1,3099,0.01976779451212288
1,3100,0.021813539420729333
1,3101,0.0216930824085461
1,3102,0.021087541841749862
1,3103,0.019900233792547965
1,3104,0.0185348796537918
1,3105,0.02017540163317304
1,3106,0.020784340715713414
1,3107,0.020332805909867385
1,3108,0.019780874769474766
1,3109,0.019913636454536362
1,3110,0.01953876230639907
1,3111,0.020269632640606067
1,3112,0.020265584161162017
1,3113,0.01991634788290656
1,3114,0.01984894728982508
1,3115,0.020463501188665
1,3116,0.02108207685899745
1,3117,0.019577120551830942
1,3118,0.0208192632938396
1,3119,0.019862902348701982
1,3120,0.020094602978044437
1,3121,0.020534489462108726
1,3122,0.020213924332533776
1,3123,0.020605308694474047
1,3124,0.020265299077817687
1,3125,0.02001193464737317
1,3126,0.020361575612293886
1,3127,0.019736449934869952
1,3128,0.020149801964245817
1,3129,0.018735816634749224
1,3130,0.019418036051481215
1,3131,0.020658586912851575
1,3132,0.019987207748890904
1,3133,0.01984625231855583
1,3134,0.020539747039027428
1,3135,0.019982062764475585
1,3136,0.020338786418679335
1,3137,0.01887486588087488
1,3138,0.019862041190169728
1,3139,0.019516970397249162
1,3140,0.02079544568435893
1,3141,0.019278766397689284
1,3142,0.019537291701201814
1,3143,0.02059450009707613
1,3144,0.01950284542921382
1,3145,0.020639967743867026
1,3146,0.020684337937597285
1,3147,0.020754798416776216
1,3148,0.02214686162763589
1,3149,0.020338120513991666
1,3150,0.019764578555777738
1,3151,0.020077259351267748
1,3152,0.02046623632624292
1,3153,0.02063173791484838
1,3154,0.019968335582137037
1,3155,0.020228200205087046
1,3156,0.019553071182815112
1,3157,0.02050695110655757
1,3158,0.022412771331983328
1,3159,0.019485798680408437
1,3160,0.020619131613571717
1,3161,0.01866669084130346
1,3162,0.019318790300967444
1,3163,0.02082729585524598
1,3164,0.02046595157712213
1,3165,0.020299472296199553
1,3166,0.02023197833877544
1,3167,0.021773872079348704
1,3168,0.020873804750837
1,3169,0.0205949071970573
1,3170,0.020070282620205753
1,3171,0.02015817255701526
1,3172,0.019082966350941224
1,3173,0.020138444083250006
1,3174,0.02030625033914071
1,3175,0.020730991504815024
1,3176,0.020134317361475456
1,3177,0.0207740632445045
1,3178,0.02051028787947836
1,3179,0.020588186093514173
1,3180,0.018861898900362425
1,3181,0.020074887167385112
1,3182,0.019249969340173912
1,3183,0.020804960562105974
1,3184,0.020585112949812245
1,3185,0.019629714215802844
1,3186,0.01944539653116017
1,3187,0.02037611907667219
1,3188,0.019778428139449588
1,3189,0.021674288826820032
1,3190,0.020854610547340946
1,3191,0.02005795685048038
1,3192,0.020181901347745577
1,3193,0.019838691589796537
1,3194,0.02161117471435936
1,3195,0.020360369448498023
1,3196,0.020531280046211325
1,3197,0.02064927451651893
1,3198,0.020453245076876347
1,3199,0.019326576979275294
1,3200,0.019156576542973893
1,3201,0.021679087600881792
1,3202,0.020307741962037013
1,3203,0.019480623175031988
1,3204,0.020284665403676884
1,3205,0.018963476248966264
1,3206,0.02022968843998227
1,3207,0.020703334429093872
1,3208,0.021108048164638262
1,3209,0.019943350656650632
1,3210,0.020773774579465512
1,3211,0.02041040836489956
1,3212,0.01968392098130883
1,3213,0.021687693878389258
1,3214,0.020635075066412382
1,3215,0.021054500679206164
1,3216,0.021019140223568166
1,3217,0.020062212657818896
1,3218,0.02019242857963414
1,3219,0.020909478107288552
1,3220,0.019469725680162375
1,3221,0.020346306544108232
1,3222,0.020709970536097997
1,3223,0.020728797629276163
1,3224,0.019739659078849413
1,3225,0.020159676943428385
1,3226,0.019928115703988284
1,3227,0.019161507236836385
1,3228,0.02070539360513188
1,3229,0.019760319328290796
1,3230,0.018122277281525153
1,3231,0.01926025135077739
1,3232,0.02129779042724156
1,3233,0.020215162074158997
1,3234,0.019829039223899017
1,3235,0.019760877283897176
1,3236,0.02070463509277247
1,3237,0.020609017301389122
1,3238,0.020029961766117037
1,3239,0.02088516100211385
1,3240,0.020735019620754427
1,3241,0.020124300314172183
1,3242,0.019829206473240702
1,3243,0.02053980636079835
1,3244,0.01971909242300159
1,3245,0.021234198134023875
1,3246,0.020870530000670153
1,3247,0.020416453761783707
1,3248,0.01958674483377463
1,3249,0.02054414617371298
1,3250,0.020095688122295247
1,3251,0.01933385234130789
1,3252,0.018112234195427995
1,3253,0.018724631573665978
1,3254,0.0207375456382576
1,3255,0.019437738329552524
1,3256,0.018861018054655735
1,3257,0.02141844658456492
1,3258,0.020099174252695997
1,3259,0.021473276912802708
1,3260,0.02103342065051464
1,3261,0.01955219344379593
1,3262,0.021102753710125263
1,3263,0.019883315386667245
1,3264,0.020042530634623686
1,3265,0.0196997509235966
1,3266,0.018777689978961655
1,3267,0.020501321840509474
1,3268,0.020350342241697354
1,3269,0.02073602533730966
1,3270,0.0207626443228415
1,3271,0.021181754040731606
1,3272,0.019801395260299472
1,3273,0.02022307856838691
1,3274,0.020444236213306568
1,3275,0.018718111209373094
1,3276,0.019708177474709727
1,3277,0.019428039161282874
1,3278,0.01946125629858673
1,3279,0.020353903765199906
1,3280,0.01912723609833487
1,3281,0.02090030737052535
1,3282,0.01957650613279753
1,3283,0.01909301552530894
1,3284,0.021431610314235863
1,3285,0.01963442143084659
1,3286,0.019152288817946145
1,3287,0.019628335193128284
1,3288,0.019432682003505113
1,3289,0.019462270314423293
1,3290,0.01888117697200184
1,3291,0.019761388214560263
1,3292,0.019557205769925288
1,3293,0.0203054105461036
1,3294,0.02015538845388843
1,3295,0.018977356325840508
1,3296,0.020353575879575005
1,3297,0.01977828665401896
1,3298,0.02036758267602635
1,3299,0.020448911886171192
1,3300,0.020125956356529317
1,3301,0.02051868065678439
1,3302,0.02015596831346421
1,3303,0.021446858057381956
1,3304,0.0202861198676388
1,3305,0.020411877118746393
1,3306,0.02158224553809555
1,3307,0.02191825294785954
1,3308,0.020531148124110138
1,3309,0.02107552487192504
1,3310,0.018573084238910315
1,3311,0.02035758103659643
1,3312,0.018577984206696468
1,3313,0.01950525595803389
1,3314,0.019896579968342074
1,3315,0.019431666360924995
1,3316,0.02053202910654692
1,3317,0.019217991968644117
1,3318,0.01933488229263656
1,3319,0.019290139069568307
1,3320,0.019792766877103414
1,3321,0.020307657441159428
1,3322,0.02022479395419949
1,3323,0.019845087081299496
1,3324,0.020758645227237638
1,3325,0.021100013351311373
1,3326,0.020810505899392123
1,3327,0.01964364950852158
1,3328,0.019635128462558424
1,3329,0.019137373552702324
1,3330,0.020343778169251165
1,3331,0.02056654490854656
1,3332,0.021302050923352866
1,3333,0.021045690689450957
1,3334,0.02117359419422581
1,3335,0.019275240800142215
1,3336,0.019999360963201956
1,3337,0.019907801347157736
1,3338,0.019064638410180475
1,3339,0.019361778478055466
1,3340,0.02032316341241226
1,3341,0.01980203122385551
1,3342,0.020258901025900677
1,3343,0.02027935024336158
1,3344,0.01936852529866447
1,3345,0.020664391408397004
1,3346,0.020213336929095573
1,3347,0.019977655650528236
1,3348,0.020434716552390837
1,3349,0.02015555555415853
1,3350,0.01970192308771158
1,3351,0.020894359886167935
1,3352,0.019727095759255086
1,3353,0.01925201951237623
1,3354,0.02007232266601353
1,3355,0.019539057461824504
1,3356,0.020743106753779283
1,3357,0.02155740513212648
1,3358,0.01995421135512523
1,3359,0.01916435167268406
1,3360,0.019175339483168328
1,3361,0.02107266004944174
1,3362,0.019111887375184235
1,3363,0.0209952622892841
1,3364,0.019406918604547466
1,3365,0.020661962302939797
1,3366,0.01912241247482137
1,3367,0.01893846466657385
1,3368,0.020167998901196072
1,3369,0.018873833239142757
1,3370,0.020639347361527633
1,3371,0.019637719911592195
1,3372,0.019859138055115994
1,3373,0.02139455835690777
1,3374,0.02018879272177266
1,3375,0.019864844522804587
1,3376,0.019250808541784063
1,3377,0.020916004313376674
1,3378,0.01980343530536548
1,3379,0.019898020147147928
1,3380,0.019913726796944798
1,3381,0.020912048471853264
1,3382,0.020013247489138127
1,3383,0.020902951433004056
1,3384,0.021142585437278785
1,3385,0.019445332366821142
1,3386,0.020065615858115168
1,3387,0.02055247047471906
1,3388,0.020524307807884164
1,3389,0.02086546450182765
1,3390,0.018867705074089292
1,3391,0.020377260659772786
1,3392,0.020904069024008976
1,3393,0.01883741475492579
1,3394,0.019061397439501738
1,3395,0.021130249325831147
1,3396,0.02005611813889898
1,3397,0.018956413809472963
1,3398,0.019902686698844183
1,3399,0.0207303425121495
1,3400,0.020536652676702998
1,3401,0.01891047358222777
1,3402,0.02111721585399673
1,3403,0.02030835537297018
1,3404,0.017953466466189463
1,3405,0.020271245574970665
1,3406,0.0206472943294019
1,3407,0.020658421582254657
1,3408,0.018864819674473492
1,3409,0.018691707001900235
1,3410,0.019790727105394954
1,3411,0.020111757329089104
1,3412,0.0187381196802434
1,3413,0.02034697332437116
1,3414,0.019807264015190233
1,3415,0.0204743706604785
1,3416,0.019617618353205742
1,3417,0.020872545959087895
1,3418,0.019971171997121204
1,3419,0.0196887446543118
1,3420,0.020020138027893288
1,3421,0.020389055600579936
1,3422,0.01994036228563694
1,3423,0.021264057369060008
1,3424,0.021125931564764545
1,3425,0.020086742888673813
1,3426,0.02127624994357853
1,3427,0.018803691486131768
1,3428,0.02026202342318229
1,3429,0.019470239726830364
1,3430,0.018623828637326607
1,3431,0.020650521937350553
1,3432,0.02022719585142358
1,3433,0.019019024819614344
1,3434,0.021666199402234562
1,3435,0.02173821642345332
1,3436,0.01977617031000545
1,3437,0.01992921248653162
1,3438,0.021815094045027465
1,3439,0.020868479682674083
1,3440,0.02016722549850044
1,3441,0.020376158506968167
1,3442,0.020503817685602988
1,3443,0.021954527895537066
1,3444,0.020224661644909565
1,3445,0.01994263880653067
1,3446,0.01931361118406309
1,3447,0.020383551417356215
1,3448,0.02014705035958744
1,3449,0.020061467402728118
1,3450,0.01947361923014034
1,3451,0.019868168251463595
1,3452,0.019763030590109906
1,3453,0.019651438695660144
1,3454,0.020645528071575804
1,3455,0.019055599012073175
1,3456,0.01956895269864693
1,3457,0.020456531438598668
1,3458,0.019912275189841712
1,3459,0.020323802854133797
1,3460,0.02062511589719492
1,3461,0.018563661041008046
1,3462,0.021009882423024335
1,3463,0.01974462513508751
1,3464,0.018848036467915035
1,3465,0.019349157869719864
1,3466,0.02093734632739029
1,3467,0.020196732804326576
1,3468,0.020764417462838625
1,3469,0.02112310689994501
1,3470,0.022044347957535727
1,3471,0.01953668162996684
1,3472,0.019060661633051385
1,3473,0.0209941346361505
1,3474,0.01883910327264825
1,3475,0.02053784660183729
1,3476,0.020135550311139176
1,3477,0.020075874702710834
1,3478,0.019186627763631548
1,3479,0.021448079665732162
1,3480,0.02034785903686284
1,3481,0.019697878404457164
1,3482,0.020523160959079367
1,3483,0.02108311079527719
1,3484,0.019125063433144143
1,3485,0.020410143846995056
1,3486,0.018947293702621795
1,3487,0.021116149753222874
1,3488,0.01999903564399316
1,3489,0.020268983053164737
1,3490,0.017006895479136305
1,3491,0.018876638437631
1,3492,0.02003710805892037
1,3493,0.01976262178048908
1,3494,0.01977640484166252
1,3495,0.01989259617033993
1,3496,0.019589160750731294
1,3497,0.019269006316372236
1,3498,0.019262989828901334
1,3499,0.019519049989109225
1,3500,0.020062870274904724
1,3501,0.020845390911110446
1,3502,0.02077651227051776
1,3503,0.019342670762313097
1,3504,0.019899990347813683
1,3505,0.02003807625366569
1,3506,0.02037285821944417
1,3507,0.021364330562808703
1,3508,0.020131374768820234
1,3509,0.020630415134427624
1,3510,0.019672192413841442
1,3511,0.02052984669939058
1,3512,0.019549089228387082
1,3513,0.021593291791621668
1,3514,0.020516830903159016
1,3515,0.021335304539482167
1,3516,0.020510926447217134
1,3517,0.0197511890348722
1,3518,0.020594922580875565
1,3519,0.019022605995654206
1,3520,0.019158858704852334
1,3521,0.02105513191906276
1,3522,0.02127572843510477
1,3523,0.02127377616643784
1,3524,0.02018982546540866
1,3525,0.01978938607658173
1,3526,0.0201939859159431
1,3527,0.020342709071050017
1,3528,0.01802654899119331
1,3529,0.01985370558567571
1,3530,0.020000791923339863
1,3531,0.02029787952400191
1,3532,0.019731731723109307
1,3533,0.02144028604921794
1,3534,0.019817851623754056
1,3535,0.02028893471639556
1,3536,0.019148038663343362
1,3537,0.02048348572520366
1,3538,0.01974105360423467
1,3539,0.019909773640248294
1,3540,0.020705447532952174
1,3541,0.02027891318328423
1,3542,0.019527965613802236
1,3543,0.019755267648359606
1,3544,0.01972281374677985
1,3545,0.021515224136569894
1,3546,0.019565238000720173
1,3547,0.020578692465749948
1,3548,0.01839224364074331
1,3549,0.019647166565639418
1,3550,0.020801466378152503
1,3551,0.02058428013189583
1,3552,0.017844869067506642
1,3553,0.020175293892080007
1,3554,0.019110662657411025
1,3555,0.019871348645616235
1,3556,0.0188387850493343
1,3557,0.019317277790370638
1,3558,0.020822584725201116
1,3559,0.02013805772381723
1,3560,0.01960712474073769
1,3561,0.01886222549142547
1,3562,0.02058444765888847
1,3563,0.020856725542903947
1,3564,0.020658654276196325
1,3565,0.019606755754873032
1,3566,0.019120071128938945
1,3567,0.018630397665992424
1,3568,0.01948315682478322
1,3569,0.02024869190150606
1,3570,0.019322639800633742
1,3571,0.019345590698659664
1,3572,0.01949353475151343
1,3573,0.018889459514940456
1,3574,0.019573403389530782
1,3575,0.021466510744061678
1,3576,0.021045999345533584
1,3577,0.020334920493823704
1,3578,0.019306763494402673
1,3579,0.019336848046884868
1,3580,0.021469607471083157
1,3581,0.020193208270290284
1,3582,0.01996268236716762
1,3583,0.01959137371889866
1,3584,0.02063351632125569
1,3585,0.020387821086234364
1,3586,0.02085963230784269
1,3587,0.019604666959790913
1,3588,0.020533998569583798
1,3589,0.021257924610712953
1,3590,0.020552367544366675
1,3591,0.02006523949907967
1,3592,0.020993921028734444
1,3593,0.020121426053392
1,3594,0.018946305866765892
1,3595,0.019465826243826385
1,3596,0.020019035884477596
1,3597,0.019977774095974486
1,3598,0.019559957655607193
1,3599,0.018710521722756387
1,3600,0.01933670624307179
1,3601,0.01942088415967391
1,3602,0.019773144990174147
1,3603,0.020609464887941065
1,3604,0.020505505262124364
1,3605,0.019508583472842952
1,3606,0.019584133088530364
1,3607,0.020927784202327382
1,3608,0.02017815720522132
1,3609,0.019117124203440684
1,3610,0.01953734606488007
1,3611,0.018870710610384527
1,3612,0.02177541990887627
1,3613,0.01994372619523822
1,3614,0.0221429700374635
1,3615,0.02112397127508873
1,3616,0.020610013849768027
1,3617,0.020332814054189054
1,3618,0.020350666401206925
1,3619,0.019811701616913157
1,3620,0.020241839434616604
1,3621,0.01833560778283085
1,3622,0.020675370524287407
1,3623,0.01993359153288424
1,3624,0.019971250883122293
1,3625,0.02010562475025576
1,3626,0.021234265502345206
1,3627,0.019706983548811403
1,3628,0.02049095993108486
1,3629,0.019855068279202453
1,3630,0.020032992269206386
1,3631,0.020532250009619966
1,3632,0.020443912717552627
1,3633,0.020045145511194715
1,3634,0.0191760876784612
1,3635,0.021006488206270203
1,3636,0.020013654718419583
1,3637,0.020481450643872193
1,3638,0.02255932164058619
1,3639,0.020318565222729738
1,3640,0.019624289286092524
1,3641,0.020331679499670855
1,3642,0.021033510561534314
1,3643,0.0204765332926499
1,3644,0.02034268962866962
1,3645,0.019917702190531492
1,3646,0.021535392806146237
1,3647,0.020100548131517196
1,3648,0.020372064609234807
1,3649,0.020490326486217004
1,3650,0.019764069442813306
1,3651,0.02033344150704373
1,3652,0.01845568905649306
1,3653,0.018889300775151913
1,3654,0.02029612580682664
1,3655,0.019127310049897067
1,3656,0.020472165117372855
1,3657,0.019244612986518847
1,3658,0.019880725697538643
1,3659,0.01904269337313501
1,3660,0.020225778867648214
1,3661,0.02079515048294673
1,3662,0.01942666704847632
1,3663,0.020811123632552123
1,3664,0.020669118746329533
1,3665,0.019655704111029428
1,3666,0.02015724045323919
1,3667,0.020168326252351453
1,3668,0.02198448681026144
1,3669,0.01918971824451904
1,3670,0.02065064977603742
1,3671,0.020307143290547364
1,3672,0.020251744224280537
1,3673,0.020347867337432827
1,3674,0.019388051420341692
1,3675,0.020360348585472397
1,3676,0.02020203235747883
1,3677,0.020970400597991063
1,3678,0.020038775526863995
1,3679,0.0201739302159494
1,3680,0.019862122435860666
1,3681,0.021161203812697316
1,3682,0.019917943916937506
1,3683,0.020340781051389176
1,3684,0.019598327621386944
1,3685,0.019230615587895124
1,3686,0.02041190521844199
1,3687,0.020786608653860898
1,3688,0.019627317704443346
1,3689,0.02151470621495558
1,3690,0.020430073595737005
1,3691,0.01966142842159394
1,3692,0.020300078392175406
1,3693,0.01960847217133221
1,3694,0.020413794582277472
1,3695,0.02039430679898196
1,3696,0.018626790060848167
1,3697,0.019643890051540283
1,3698,0.01983810226199895
1,3699,0.019299658592766566
1,3700,0.02046382488840647
1,3701,0.02065435467595214
1,3702,0.020986037860482035
1,3703,0.020190035355258828
1,3704,0.018731412621413555
1,3705,0.020294855475972012
1,3706,0.020663515711762035
1,3707,0.019442630265141883
1,3708,0.019388671358146255
1,3709,0.021303452334640722
1,3710,0.019858219480652473
1,3711,0.02016751241617674
1,3712,0.020365581010890747
1,3713,0.020564750918825068
1,3714,0.01952884205887057
1,3715,0.02043647620279825
1,3716,0.01910395593936241
1,3717,0.018684345421120695
1,3718,0.019676201978004685
1,3719,0.020492853045700633
1,3720,0.020037249299158785
1,3721,0.020756425472111394
1,3722,0.020432152015685736
1,3723,0.02037301255396112
1,3724,0.01962256458803349
1,3725,0.020375990255859868
1,3726,0.019927439327342672
1,3727,0.02013061143313596
1,3728,0.020804469818846157
1,3729,0.018223046693183937
1,3730,0.019056155892649074
1,3731,0.020363050118007108
1,3732,0.02033536964481172
1,3733,0.02049630270219083
1,3734,0.01982769370804337
1,3735,0.020560287836615884
1,3736,0.01934645428839551
1,3737,0.021744925173949516
1,3738,0.018804821323064883
1,3739,0.02073167256989029
1,3740,0.019113835807069535
1,3741,0.019330542032211115
1,3742,0.020547313246285535
1,3743,0.021028063737940816
1,3744,0.01974473221308921
1,3745,0.0206043756930957
1,3746,0.019656360185918473
1,3747,0.019541605377292468
1,3748,0.020289595789206607
1,3749,0.019331754731892196
1,3750,0.021791244149455727
1,3751,0.021829569443615814
1,3752,0.01895244935564496
1,3753,0.0192765701158016
1,3754,0.021187331549648605
1,3755,0.020761210905486785
1,3756,0.01947509092047867
1,3757,0.019338747484621454
1,3758,0.020085452377309326
1,3759,0.020172543340961153
1,3760,0.019711783550745272
1,3761,0.021569815638401418
1,3762,0.019438504378715776
1,3763,0.01961091273133403
1,3764,0.019699264987755667
1,3765,0.019532141738441266
1,3766,0.020301981133054054
1,3767,0.020568000099834814
1,3768,0.019780315444112087
1,3769,0.022080506407557255
1,3770,0.018798923060867567
1,3771,0.019547370135393056
1,3772,0.02176775502929563
1,3773,0.01960565185217966
1,3774,0.019517499015023674
1,3775,0.017403739523662472
1,3776,0.01930629170035766
1,3777,0.01967303107223766
1,3778,0.019988426425587073
1,3779,0.01936432744073101
1,3780,0.02125384452664859
1,3781,0.020515682580902795
1,3782,0.020116830108709353
1,3783,0.019856839297311232
1,3784,0.02066663154433848
1,3785,0.019352064611895446
1,3786,0.019627290369766678
1,3787,0.020386367120520867
1,3788,0.017887857629379205
1,3789,0.019416792317591428
1,3790,0.020996308435683037
1,3791,0.019219274307480296
1,3792,0.02054123684272215
1,3793,0.02043136937749924
1,3794,0.02001012225311484
1,3795,0.019722636872129436
1,3796,0.019463948809029446
1,3797,0.01927588213576847
1,3798,0.019535079798742274
1,3799,0.02012175623644343
1,3800,0.020028386864209463
1,3801,0.01970864934162603
1,3802,0.020441817740824857
1,3803,0.020154879658483366
1,3804,0.019362087777530634
1,3805,0.021844740608065228
1,3806,0.019956171276225877
1,3807,0.019665111749756787
1,3808,0.019483080149021777
1,3809,0.02091736156114049
1,3810,0.019686010029456642
1,3811,0.019326799570656472
1,3812,0.018901968176183323
1,3813,0.019918966526438552
1,3814,0.020276697756070043
1,3815,0.019821719935651412
1,3816,0.01936342810587619
1,3817,0.01941384371752494
1,3818,0.020409272269078824
1,3819,0.020254917026045167
1,3820,0.020548300707059576
1,3821,0.019233491299280318
1,3822,0.01946125257254525
1,3823,0.020915436595829343
1,3824,0.02020162829596025
1,3825,0.019223684568160752
1,3826,0.021633259214746375
1,3827,0.019765210502044713
1,3828,0.02059266259945857
1,3829,0.020463181579042426
1,3830,0.020572564390306757
1,3831,0.019088454974478485
1,3832,0.020093138731438007
1,3833,0.020952799001305863
1,3834,0.020937093577066097
1,3835,0.020291322418603437
1,3836,0.019448295087028614
1,3837,0.02053890523423399
1,3838,0.019967828178523522
1,3839,0.020637667661542302
1,3840,0.019398225541952085
1,3841,0.02028840920385098
1,3842,0.019286368694578403
1,3843,0.020753179674753913
1,3844,0.021034750373072914
1,3845,0.019277291098189535
1,3846,0.01993856169701163
1,3847,0.020200997662338432
1,3848,0.02181249273499665
1,3849,0.018443124919795145
1,3850,0.01960590866406429
1,3851,0.01950695960699168
1,3852,0.019386277130629407
1,3853,0.019814553173204796
1,3854,0.0197084294765747
1,3855,0.01996497413499342
1,3856,0.02045452323930824
1,3857,0.020333843130140285
1,3858,0.020135980706613245
1,3859,0.019914578279953635
1,3860,0.020862062058021557
1,3861,0.02033100151904652
1,3862,0.018897849916923944
1,3863,0.0197578091002789
1,3864,0.02141642606649093
1,3865,0.01966921550823365
1,3866,0.02027778402409579
1,3867,0.019501555074094745
1,3868,0.020508708069469524
1,3869,0.020708770379432813
1,3870,0.021849784665876865
1,3871,0.018971221811290084
1,3872,0.019503680126094384
1,3873,0.019585267470271686
1,3874,0.019833522684577144
1,3875,0.019135490000394707
1,3876,0.020500841470693306
1,3877,0.021161663234785928
1,3878,0.019748146064671106
1,3879,0.020823802256282203
1,3880,0.019675472272433464
1,3881,0.019576279941829883
1,3882,0.02044326210049716
1,3883,0.019448330257948742
1,3884,0.0208155204656409
1,3885,0.020405268967808494
1,3886,0.019441390047589862
1,3887,0.0192931523802916
1,3888,0.019245191736279584
1,3889,0.020859861933414648
1,3890,0.02108903023318316
1,3891,0.02070107255371497
1,3892,0.01914363721972565
1,3893,0.020734071719177894
1,3894,0.02034723147643965
1,3895,0.020514173125869083
1,3896,0.020853255130269293
1,3897,0.019163325536249918
1,3898,0.018704285534250364
1,3899,0.019488899652113083
1,3900,0.019304171657933876
1,3901,0.018948724869540173
1,3902,0.019693027483627272
1,3903,0.020647415323851333
1,3904,0.020300669788222533
1,3905,0.02026649572371794
1,3906,0.020412299669529854
1,3907,0.02125120030221421
1,3908,0.020925425882760973
1,3909,0.020094437714705194
1,3910,0.02151643278186551
1,3911,0.020601264071418542
1,3912,0.020205306225955302
1,3913,0.020331493306688053
1,3914,0.02050363722061208
1,3915,0.021082551017252777
1,3916,0.02141956496673882
1,3917,0.020001485197349882
1,3918,0.02082412895957116
1,3919,0.02009076526303891
1,3920,0.019179653271012356
1,3921,0.021018525300606532
1,3922,0.02061770963253555
1,3923,0.01913647311061906
1,3924,0.020920017259931544
1,3925,0.019937709484747757
1,3926,0.020766251125813557
1,3927,0.02071897105195201
1,3928,0.018595742165466705
1,3929,0.0179182692888038
1,3930,0.019779951919837616
1,3931,0.019325109344988812
1,3932,0.02026293727282109
1,3933,0.019390317328905136
1,3934,0.02068618009761433
1,3935,0.019298729886415213
1,3936,0.02040037220337716
1,3937,0.021336475939711688
1,3938,0.02022547342143913
1,3939,0.019415304692016824
1,3940,0.021187459378616755
1,3941,0.019898250398868687
1,3942,0.019599791656148415
1,3943,0.02116418207570343
1,3944,0.019259876080253632
1,3945,0.020317672390010994
1,3946,0.020129875084175002
1,3947,0.0199776857292009
1,3948,0.018035469840367503
1,3949,0.020687128082831522
1,3950,0.020467660951712593
1,3951,0.021287901077569314
1,3952,0.019781560233155315
1,3953,0.01954359528242459
1,3954,0.020522545700638873
1,3955,0.020510196202899622
1,3956,0.019933932961154543
1,3957,0.02039677248142247
1,3958,0.020149536180688193
1,3959,0.01929454910296148
1,3960,0.019220720916860435
1,3961,0.01971073028388788
1,3962,0.019366037092367793
1,3963,0.01882862382458673
1,3964,0.020518456940293178
1,3965,0.019777978460552525
1,3966,0.019070979848883073
1,3967,0.019361291333840444
1,3968,0.020383993918634446
1,3969,0.019000369472050218
1,3970,0.020239889050053275
1,3971,0.01991451332858087
1,3972,0.02060127287768664
1,3973,0.021043068222702837
1,3974,0.018951981134075035
1,3975,0.019697897344854165
1,3976,0.019295894813111968
1,3977,0.020513604190781343
1,3978,0.01973670771385354
1,3979,0.020070757781718285
1,3980,0.0197397921011981
1,3981,0.021141134651275317
1,3982,0.020208792985452726
1,3983,0.019909835036549334
1,3984,0.01891425029394478
1,3985,0.019635621606255267
1,3986,0.019938220126331677
1,3987,0.020243794997729356
1,3988,0.020242686340901057
1,3989,0.02077183000979148
1,3990,0.021080512712389116
1,3991,0.019028504777244586
1,3992,0.02075731535610031
1,3993,0.01997387106016427
1,3994,0.018617377793406664
1,3995,0.020587861521905535
1,3996,0.019736019695296262
1,3997,0.019952111800909528
1,3998,0.02102960054954689
1,3999,0.019755898200922956
1,4000,0.019626570835012336
1,4001,0.02115922073469186
1,4002,0.02061467902560622
1,4003,0.01839849281053642
1,4004,0.019899636805966247
1,4005,0.020205059041110418
1,4006,0.020644016345055003
1,4007,0.01977666367496199
1,4008,0.02103430984004499
1,4009,0.018458257598754066
1,4010,0.020585521937714474
1,4011,0.019561757438850722
1,4012,0.019472316912494268
1,4013,0.020094021250146327
1,4014,0.02015736875847887
1,4015,0.019895331974663855
1,4016,0.020773320520069204
1,4017,0.020868504555980858
1,4018,0.020355962412223084
1,4019,0.019847454115054626
1,4020,0.021058689720725794
1,4021,0.02040557150219183
1,4022,0.019867035438668353
1,4023,0.018312841388061427
1,4024,0.020707608646803797
1,4025,0.01901359560253153
1,4026,0.020594291292496365
1,4027,0.020132341710651393
1,4028,0.02054680771865155
1,4029,0.020311001617013786
1,4030,0.019616396967387248
1,4031,0.019155501430773277
1,4032,0.020622918014167248
1,4033,0.019994397221380366
1,4034,0.02055886730112174
1,4035,0.021252854714929086
1,4036,0.020048851906670734
1,4037,0.01998411755928575
1,4038,0.02031087195415259
1,4039,0.01986144711302072
1,4040,0.019712805743568082
1,4041,0.01985911745655576
1,4042,0.020192931394126704
1,4043,0.02063721384942378
1,4044,0.020963188320026638
1,4045,0.018509450067599992
1,4046,0.019964904813336508
1,4047,0.020430877597276322
1,4048,0.019792665058039657
1,4049,0.020154558336603543
1,4050,0.020821743038859933
1,4051,0.018888155528553056
1,4052,0.01991968332612115
1,4053,0.02117402886423575
1,4054,0.019693501775640578
1,4055,0.019957914166263597
1,4056,0.02053772966223148
1,4057,0.019869377559956273
1,4058,0.02075974987487327
1,4059,0.0201746666418874
1,4060,0.019263859300970895
1,4061,0.019263937028761915
1,4062,0.019106073252212096
1,4063,0.018381774417382393
1,4064,0.020683997054666534
1,4065,0.019617826517201852
1,4066,0.0211911454438648
1,4067,0.020003892234574175
1,4068,0.0196221693331691
1,4069,0.020625393301924783
1,4070,0.020311289568183784
1,4071,0.01912920509665735
1,4072,0.020563447587448536
1,4073,0.019554469511542202
1,4074,0.019925345974929183
1,4075,0.019885369189429552
1,4076,0.020951413761572602
1,4077,0.020998485029606707
1,4078,0.019272474745340662
1,4079,0.020694992756690952
1,4080,0.020138586713321565
1,4081,0.019974607903032616
1,4082,0.020330460581928934
1,4083,0.020478248714822
1,4084,0.018914421347126478
1,4085,0.020643458740142444
1,4086,0.0200300972237669
1,4087,0.019337992832874577
1,4088,0.019906303969199297
1,4089,0.020114134971574528
1,4090,0.020273595571993253
1,4091,0.020180744438636575
1,4092,0.01925517118952165
1,4093,0.02129391459734592
1,4094,0.019990900601830015
1,4095,0.02061807725275188
1,4096,0.019254918942200654
1,4097,0.019640325601484498
1,4098,0.019185198357569117
1,4099,0.020117143167130928
1,4100,0.020807937981756317
1,4101,0.019806655717060206
1,4102,0.019672481798093007
1,4103,0.020663386106718855
1,4104,0.01987516190180105
1,4105,0.01869222716966058
1,4106,0.02088770811167237
1,4107,0.020373308700217186
1,4108,0.020108344287587954
1,4109,0.02064878036931012
1,4110,0.018995069501063826
1,4111,0.019036562212295733
1,4112,0.01961022224762479
1,4113,0.018783948355333018
1,4114,0.019448221177105013
1,4115,0.01946366327274736
1,4116,0.02063747489443098
1,4117,0.020725403637549756
1,4118,0.018895747589545705
1,4119,0.020686872153541588
1,4120,0.020082713174544683
1,4121,0.020782764985822346
1,4122,0.01961721905896831
1,4123,0.0211398221247129
1,4124,0.020378995660850392
1,4125,0.019389830575257852
1,4126,0.019091802637335044
1,4127,0.020719488780017076
1,4128,0.020365710001828317
1,4129,0.01975498682396333
1,4130,0.020364101372012805
1,4131,0.019812872732970825
1,4132,0.020006458325029137
1,4133,0.019533852924412006
1,4134,0.019225122661430144
1,4135,0.019657265862862632
1,4136,0.01950695825427452
1,4137,0.01968402829508401
1,4138,0.0195727890869966
1,4139,0.019136249333364042
1,4140,0.01963166833921398
1,4141,0.01948037992444168
1,4142,0.02162015032738948
1,4143,0.02034879265068314
1,4144,0.021455409720980912
1,4145,0.01982115322514128
1,4146,0.020968192712953315
1,4147,0.0203374826650446
1,4148,0.020263729361785696
1,4149,0.019739917869042455
1,4150,0.020894272508770313
1,4151,0.019603588403291485
1,4152,0.019987425022615996
1,4153,0.019088664785666527
1,4154,0.019930563022005077
1,4155,0.02002141952331748
1,4156,0.021878128360432653
1,4157,0.02127870151700867
1,4158,0.01991175190274899
1,4159,0.019403267060332102
1,4160,0.019760005831562094
1,4161,0.02137400614676524
1,4162,0.02105371667013789
1,4163,0.0213104729139649
1,4164,0.019755280949865492
1,4165,0.019991410579671794
1,4166,0.019449676738655147
1,4167,0.019576399653124344
1,4168,0.02016526711177883
1,4169,0.020181436267651467
1,4170,0.019515149667001647
1,4171,0.02042782125597078
1,4172,0.020142913141822576
1,4173,0.01887627860317587
1,4174,0.0187455006827139
1,4175,0.01921327863261234
1,4176,0.019061967451545456
1,4177,0.01953149881342427
1,4178,0.020341346873666972
1,4179,0.018639867587625345
1,4180,0.019518940099371808
1,4181,0.020304812743302116
1,4182,0.02031357132004855
1,4183,0.02025574371505721
1,4184,0.019452880578920955
1,4185,0.01965435600284875
1,4186,0.021474755276683452
1,4187,0.02041474232651202
1,4188,0.0201054156914212
1,4189,0.020735015003553108
1,4190,0.020332656438882053
1,4191,0.021050473738144043
1,4192,0.020858318274101336
1,4193,0.021313469020082878
1,4194,0.018981604637681303
1,4195,0.020458242034508033
1,4196,0.019995189429614015
1,4197,0.01853617679699672
1,4198,0.0198273040559924
1,4199,0.02006854206902654
1,4200,0.01956454310192936
1,4201,0.020600248239623965
1,4202,0.0198077639333807
1,4203,0.01976021747551144
1,4204,0.019831815282630314
1,4205,0.01981324718321102
1,4206,0.01938617205092991
1,4207,0.020694724423465125
1,4208,0.01969933546157725
1,4209,0.020792827610663905
1,4210,0.01948172083228676
1,4211,0.01973442578251536
1,4212,0.020657027088870152
1,4213,0.021170337822400128
1,4214,0.020834960364996324
1,4215,0.02000117160689133
1,4216,0.020955389079531345
1,4217,0.02002918718914503
1,4218,0.020161127892886568
1,4219,0.021121317468073664
1,4220,0.020318553917511584
1,4221,0.020605651816991474
1,4222,0.020730513369424993
1,4223,0.02065762614249051
1,4224,0.019696880563551806
1,4225,0.019397565779498763
1,4226,0.020469769260651954
1,4227,0.02032407579577084
1,4228,0.019963279815876433
1,4229,0.0205999881735762
1,4230,0.01994763095392155
1,4231,0.019517449728920545
1,4232,0.02007054844386417
1,4233,0.020746573278825623
1,4234,0.020760689251682205
1,4235,0.020660016576067464
1,4236,0.021293157799532867
1,4237,0.01841982753505416
1,4238,0.02004512600349089
1,4239,0.020181089053856533
1,4240,0.018723361976290084
1,4241,0.02021823356092595
1,4242,0.021270290689660687
1,4243,0.01977484007806485
1,4244,0.020791272980755584
1,4245,0.020461622442601857
1,4246,0.018185383037316205
1,4247,0.02056823254999292
1,4248,0.01905928853821191
1,4249,0.019804133813574626
1,4250,0.01934508590007965
1,4251,0.019818489421579204
1,4252,0.0188558865244313
1,4253,0.020224980187964006
1,4254,0.019549854470765717
1,4255,0.02065249540057002
1,4256,0.02061142961965153
1,4257,0.020255020149025353
1,4258,0.018696457991790927
1,4259,0.021066706445976458
1,4260,0.02110812005515324
1,4261,0.020188440786331547
1,4262,0.020412649310456533
1,4263,0.02041776519482961
1,4264,0.01946869897019486
1,4265,0.01994883145554231
1,4266,0.020536840259859575
1,4267,0.020759170130055245
1,4268,0.020072858657716904
1,4269,0.020722500230949622
1,4270,0.020491298031460114
1,4271,0.01964113297121092
1,4272,0.018800351021537026
1,4273,0.019110834305496056
1,4274,0.02039454653945817
1,4275,0.020902223806555903
1,4276,0.019909689442345915
1,4277,0.020201980252311673
1,4278,0.01869167366541515
1,4279,0.01966835154420935
1,4280,0.021097407165155985
1,4281,0.019963973784446386
1,4282,0.019662509250956098
1,4283,0.02118872213213334
1,4284,0.020781014941699306
1,4285,0.020152428547335594
1,4286,0.019754741024719833
1,4287,0.01903543578418178
1,4288,0.01834087998721694
1,4289,0.0207652312825224
1,4290,0.020467706865923745
1,4291,0.02118291207387087
1,4292,0.021057580174418042
1,4293,0.019655567404355413
1,4294,0.020664585502162842
1,4295,0.01904021669410468
1,4296,0.0200468712155133
1,4297,0.020264621805452052
1,4298,0.0199541137532153
1,4299,0.018485766573062435
1,4300,0.020516342960695173
1,4301,0.02031609480773366
1,4302,0.020114543924204968
1,4303,0.020566332000629975
1,4304,0.020141062892690766
1,4305,0.019797213428759907
1,4306,0.019657509137199054
1,4307,0.018982950836963965
1,4308,0.019344703930985276
1,4309,0.019281745229615104
1,4310,0.019778212979526165
1,4311,0.020248005139350458
1,4312,0.02024765758453009
1,4313,0.020741650419323476
1,4314,0.0207568254778108
1,4315,0.021175790445533943
1,4316,0.021140239768073953
1,4317,0.01988632177948511
1,4318,0.02060687036569426
1,4319,0.02024803344796733
1,4320,0.020778084418075417
1,4321,0.019665350197098096
1,4322,0.02018955077960134
1,4323,0.019635606366901318
1,4324,0.019805456734041632
1,4325,0.01876926823870066
1,4326,0.020454004180528965
1,4327,0.01946586285863488
1,4328,0.02013323288187983
1,4329,0.019736972214468473
1,4330,0.019068630026667394
1,4331,0.019695443125358245
1,4332,0.021827363589045096
1,4333,0.01913166307147946
1,4334,0.021084815669962547
1,4335,0.019364350576173896
1,4336,0.02000102792318058
1,4337,0.0204724027440485
1,4338,0.018890769553296213
1,4339,0.020295337956966055
1,4340,0.019124027452401087
1,4341,0.01922974003652343
1,4342,0.020081931538636532
1,4343,0.019573317255708156
1,4344,0.020666660941373306
1,4345,0.018542721707065613
1,4346,0.020243267933715847
1,4347,0.019284486421841454
1,4348,0.01927269019146587
1,4349,0.019236728551723654
1,4350,0.020158521938089084
1,4351,0.018750890812731163
1,4352,0.01883755463423455
1,4353,0.02026026370334903
1,4354,0.019136886154171393
1,4355,0.02097114586494428
1,4356,0.01974954183417243
1,4357,0.020513468649735807
1,4358,0.020148223087875294
1,4359,0.02029959181545441
1,4360,0.018881453924897387
1,4361,0.020827069111337262
1,4362,0.021310317990533317
1,4363,0.021009081230856357
1,4364,0.020337809870543178
1,4365,0.01934206418455142
1,4366,0.0202435695729626
1,4367,0.019500284018770207
1,4368,0.019765944732059
1,4369,0.020695580635447585
1,4370,0.020666713105403692
1,4371,0.02134005075692969
1,4372,0.019689169215707177
1,4373,0.019854556810693893
1,4374,0.020563918141129782
1,4375,0.019004294191068725
1,4376,0.01945148230642413
1,4377,0.020033056570648782
1,4378,0.019591895290802443
1,4379,0.02145468519628109
1,4380,0.019173194968198293
1,4381,0.020591804252324524
1,4382,0.019508976101509708
1,4383,0.02152336943275358
1,4384,0.019830396551309887
1,4385,0.019352207802365125
1,4386,0.019632811108362565
1,4387,0.01901387652887007
1,4388,0.019413985278791002
1,4389,0.021499037646028396
1,4390,0.019881746238589796
1,4391,0.019658371410655837
1,4392,0.01825302962761471
1,4393,0.01999297627705682
1,4394,0.019706168608168536
1,4395,0.019856488589163713
1,4396,0.020052418912929245
1,4397,0.020288782408800655
1,4398,0.020136135125904203
1,4399,0.020281405600558276
1,4400,0.019059057666466993
1,4401,0.020327076826232287
1,4402,0.020484615187986038
1,4403,0.019930321505920424
1,4404,0.019331493579010015
1,4405,0.02051327230831106
1,4406,0.020604162374042643
1,4407,0.019389671416747904
1,4408,0.02042920862525154
1,4409,0.02063556174325281
1,4410,0.02076735001388415
1,4411,0.01941283558131179
1,4412,0.021949388243952067
1,4413,0.020538501996719524
1,4414,0.019817430245043732
1,4415,0.02024423548475893
1,4416,0.020336204366956302
1,4417,0.01988904712711363
1,4418,0.02075290709319252
1,4419,0.020426138278867488
1,4420,0.020813994047952585
1,4421,0.02022098093407455
1,4422,0.01924247007943552
1,4423,0.020023048934543763
1,4424,0.021095668847168115
1,4425,0.019844428624717463
1,4426,0.019763551780753893
1,4427,0.020830950295864525
1,4428,0.019606438487909692
1,4429,0.018810744275915992
1,4430,0.018870802006962086
1,4431,0.02121795920887636
1,4432,0.020216242366777375
1,4433,0.01944841849109982
1,4434,0.0203755403526619
1,4435,0.020592530701462147
1,4436,0.019305687124094834
1,4437,0.02048624380509081
1,4438,0.019026971492766595
1,4439,0.01965343830923764
1,4440,0.021255450725463292
1,4441,0.019844402386477788
1,4442,0.020342697370576705
1,4443,0.01922925778201711
1,4444,0.01881536224356035
1,4445,0.01924212667735701
1,4446,0.021093772757292767
1,4447,0.018886249421218665
1,4448,0.019433314076917046
1,4449,0.020168393482046496
1,4450,0.020191783810348644
1,4451,0.02024551005381704
1,4452,0.02105794618338192
1,4453,0.021061723346350963
1,4454,0.01913649318801872
1,4455,0.020748427784101738
1,4456,0.021492216493408826
1,4457,0.019680096406048304
1,4458,0.020058689803521604
1,4459,0.02122878140394323
1,4460,0.021531953751714444
1,4461,0.01933395935292799
1,4462,0.020614798934454125
1,4463,0.02035614786553085
1,4464,0.020563932607812096
1,4465,0.01957446204777862
1,4466,0.018227233270262495
1,4467,0.01959526461009894
1,4468,0.020307925719701726
1,4469,0.020942820273235508
1,4470,0.01844063867344869
1,4471,0.019526201653977917
1,4472,0.0205411982061294
1,4473,0.020883364597847565
1,4474,0.019844512615327683
1,4475,0.02086527659332815
1,4476,0.021479451256295506
1,4477,0.019273289311004495
1,4478,0.018931666410867867
1,4479,0.02015799460725369
1,4480,0.02086338213169257
1,4481,0.0213187419623163
1,4482,0.019762893524726835
1,4483,0.019118920164102816
1,4484,0.019440739166638268
1,4485,0.02014022393051652
1,4486,0.01938005448157598
1,4487,0.02105862780530665
1,4488,0.01993427921800554
1,4489,0.019875531229225907
1,4490,0.020164602318307516
1,4491,0.01984437333632665
1,4492,0.020622891256476424
1,4493,0.01989640530497649
1,4494,0.018872374434436946
1,4495,0.01967184807994952
1,4496,0.021239315314749135
1,4497,0.02039303437634099
1,4498,0.02067386591949819
1,4499,0.0194747413921419
1,4500,0.02111280915291486
1,4501,0.02149731263829757
1,4502,0.020802779783942373
1,4503,0.020690974463498154
1,4504,0.01988836443814761
1,4505,0.020155824867038753
1,4506,0.019307273782318578
1,4507,0.020095768112776014
1,4508,0.019648895984297084
1,4509,0.019382102616741777
1,4510,0.01906665069958662
1,4511,0.01896119963711521
1,4512,0.020722490153859272
1,4513,0.02040174150684328
1,4514,0.02064085539412053
1,4515,0.019879315176188166
1,4516,0.02011378928849739
1,4517,0.02025360975086407
1,4518,0.019383522021184495
1,4519,0.02001370664760831
1,4520,0.020461232768647673
1,4521,0.018566458537606266
1,4522,0.020698758460161157
1,4523,0.02100573789013969
1,4524,0.01948292220385273
1,4525,0.01995470027757611
1,4526,0.020399995374146693
1,4527,0.019810609604839997
1,4528,0.0203554842016639
1,4529,0.018333511101843437
1,4530,0.01993649256373756
1,4531,0.019932477385019732
1,4532,0.01930557747694292
1,4533,0.020983053795368672
1,4534,0.020385409169211794
1,4535,0.019646265468625596
1,4536,0.020669234533318523
1,4537,0.01918219097878533
1,4538,0.020180485233046646
1,4539,0.020633698819210466
1,4540,0.019408751775949556
1,4541,0.01954722345527202
1,4542,0.020635353758587587
1,4543,0.02044463422184849
1,4544,0.0218767452610813
1,4545,0.02007702864845468
1,4546,0.020315848951388906
1,4547,0.021241586155878595
1,4548,0.020377492850746397
1,4549,0.021232105314416567
1,4550,0.02114749644932649
1,4551,0.020272560183482655
1,4552,0.021106188839895335
1,4553,0.02038882988328415
1,4554,0.019403690772574898
1,4555,0.02029968136461945
1,4556,0.019545475549532777
1,4557,0.01922800663444349
1,4558,0.019897838898914055
1,4559,0.020469109584894615
1,4560,0.02012761315479025
1,4561,0.019655794039995653
1,4562,0.022287127036439563
1,4563,0.02099299043557599
1,4564,0.02045405033055161
1,4565,0.019850937604218095
1,4566,0.01987142161019785
1,4567,0.020212356684679727
1,4568,0.01988310374251552
1,4569,0.020042086664006312
1,4570,0.020621590516534376
1,4571,0.022104809020792805
1,4572,0.0203143307260328
1,4573,0.02093355589996197
1,4574,0.01948511714447888
1,4575,0.01948673273619795
1,4576,0.019792895208030688
1,4577,0.01926588145489945
1,4578,0.019953823991873
1,4579,0.020422329523333498
1,4580,0.020955196089605416
1,4581,0.021279080442197746
1,4582,0.020172527443194064
1,4583,0.020413637368514186
1,4584,0.01976009162033214
1,4585,0.019837505115456545
1,4586,0.019759714903672582
1,4587,0.01981553333165541
1,4588,0.020220816003928836
1,4589,0.02235856570473958
1,4590,0.021142190594968923
1,4591,0.02060245815529354
1,4592,0.020801043964955447
1,4593,0.02052956016005828
1,4594,0.01954235788212242
1,4595,0.019657794313865145
1,4596,0.020669293079231498
1,4597,0.021237550286953066
1,4598,0.01983262154124852
1,4599,0.021142669092107606
1,4600,0.020715050345950833
1,4601,0.02054793838045647
1,4602,0.019952761443714634
1,4603,0.020335938885291182
1,4604,0.019463087722877023
1,4605,0.020694255051252483
1,4606,0.019814316275876293
1,4607,0.019616690414331023
1,4608,0.02077999542331614
1,4609,0.020417415794988635
1,4610,0.020118550048007656
1,4611,0.019639783087832156
1,4612,0.02025102979914308
1,4613,0.02046149416971001
1,4614,0.01988749729868199
1,4615,0.020193536153135013
1,4616,0.018119126598231776
1,4617,0.019686814146292236
1,4618,0.020863318169032596
1,4619,0.019405959392379483
1,4620,0.01869395147482212
1,4621,0.02005300284003136
1,4622,0.019524271872953667
1,4623,0.020394043452858873
1,4624,0.01971792782084648
1,4625,0.019645068748688807
1,4626,0.02121223740238364
1,4627,0.019912288383637265
1,4628,0.0195388972937344
1,4629,0.019550886211609796
1,4630,0.01976852376867686
1,4631,0.018797159592450884
1,4632,0.020261525345507084
1,4633,0.020212004598827635
1,4634,0.0216302060645328
1,4635,0.01986622273334307
1,4636,0.020858862772769594
1,4637,0.019713930642983764
1,4638,0.020642537511721567
1,4639,0.01951091235012598
1,4640,0.01959276632704002
1,4641,0.02098824948729772
1,4642,0.021322034599426526
1,4643,0.019951177782368146
1,4644,0.01901032685172681
1,4645,0.02005677029750701
1,4646,0.02127104148858434
1,4647,0.01997442074395141
1,4648,0.020878323334549684
1,4649,0.01970081957212445
1,4650,0.020330482423140256
1,4651,0.021340597666004296
1,4652,0.0188629435967889
1,4653,0.019537740282673268
1,4654,0.018250857377623757
1,4655,0.02099605054579982
1,4656,0.018930222951557055
1,4657,0.021126684198597184
1,4658,0.020628019228366018
1,4659,0.019885515155127258
1,4660,0.018692500438865004
1,4661,0.019314665849837393
1,4662,0.020265715605679663
1,4663,0.020235665950997437
1,4664,0.021670775781422225
1,4665,0.020564390771977657
1,4666,0.019188363427825133
1,4667,0.020427306224363687
1,4668,0.0208827711210693
1,4669,0.019844527229272244
1,4670,0.019759665096172954
1,4671,0.020604291774126
1,4672,0.020156850460829944
1,4673,0.019292730933618402
1,4674,0.020579185359301085
1,4675,0.01913515655824274
1,4676,0.02009727400587401
1,4677,0.019274841613895036
1,4678,0.019507187607652503
1,4679,0.01975968826892312
1,4680,0.019216489764717435
1,4681,0.017839880529415198
1,4682,0.020452637965895318
1,4683,0.02184713408846842
1,4684,0.020144930867007926
1,4685,0.019520842878252304
1,4686,0.021339984163698644
1,4687,0.02099577202543021
1,4688,0.020472087744354956
1,4689,0.01959539211431028
1,4690,0.020345124070035827
1,4691,0.019812431168136493
1,4692,0.02095743386855352
1,4693,0.02007353134363959
1,4694,0.02010926509382708
1,4695,0.020134920839993565
1,4696,0.02037761638207024
1,4697,0.019654896208284308
1,4698,0.021028787801916495
1,4699,0.02078012087761106
1,4700,0.01907890449183638
1,4701,0.020768757820224065
1,4702,0.02164260049191452
1,4703,0.02040947315034933
1,4704,0.020518424434152267
1,4705,0.019711398264335687
1,4706,0.01939243882373795
1,4707,0.019854791070586793
1,4708,0.01980415760147333
1,4709,0.02253154356368277
1,4710,0.020547582781919066
1,4711,0.021172772643652974
1,4712,0.01992366615283799
1,4713,0.02032595853425532
1,4714,0.020568585274401915
1,4715,0.020391850474281707
1,4716,0.02003418860114675
1,4717,0.020611741276341914
1,4718,0.01987066177250722
1,4719,0.0202900997530561
1,4720,0.01989956127450122
1,4721,0.019036238227312513
1,4722,0.020694510586838317
1,4723,0.020095819394725156
1,4724,0.019950587719385536
1,4725,0.01984744499689645
1,4726,0.018538678805750487
1,4727,0.02000100213505445
1,4728,0.019134332533300887
1,4729,0.020146929854922644
1,4730,0.01971348221233515
1,4731,0.019695694287151382
1,4732,0.019122141498820532
1,4733,0.020131302890964035
1,4734,0.01963697044073932
1,4735,0.020750132137728732
1,4736,0.021410307506800175
1,4737,0.019579185760641223
1,4738,0.01910515730400903
1,4739,0.01935214402046019
1,4740,0.021029925452382813
1,4741,0.01926857775634037
1,4742,0.019676701829584715
1,4743,0.01946273540543945
1,4744,0.021688070098836554
1,4745,0.018956332468951627
1,4746,0.01945237911829712
1,4747,0.019529981635456543
1,4748,0.02073514780396303
1,4749,0.020716705851340216
1,4750,0.019207100245085526
1,4751,0.020256465956164992
1,4752,0.020504530375084103
1,4753,0.02013899862192714
1,4754,0.019317597446193144
1,4755,0.019163665332934978
1,4756,0.019056963751995604
1,4757,0.0211786040638393
1,4758,0.020882540350880496
1,4759,0.019937125861765336
1,4760,0.0195059415104738
1,4761,0.020566322934957772
1,4762,0.02094881192886462
1,4763,0.019790496353065273
1,4764,0.019298166279513047
1,4765,0.019778106630762637
1,4766,0.020249473281389242
1,4767,0.019921048296143235
1,4768,0.019661245779125387
1,4769,0.01999576920203525
1,4770,0.02064437579875178
1,4771,0.020282456989611463
1,4772,0.02041166695702912
1,4773,0.020561163183791205
1,4774,0.01981936474912317
1,4775,0.021086672767794034
1,4776,0.01911742146547777
1,4777,0.02092340755881093
1,4778,0.01984523264263913
1,4779,0.020350982329837796
1,4780,0.021000332958024972
1,4781,0.019814730839760004
1,4782,0.021508775952927595
1,4783,0.019742342639971763
1,4784,0.01848675554801969
1,4785,0.019513541503049587
1,4786,0.019349512326972337
1,4787,0.01905631680138432
1,4788,0.01982463813357635
1,4789,0.02164682669269741
1,4790,0.021356466321312394
1,4791,0.020461294310927716
1,4792,0.020396772760622812
1,4793,0.01891254343129386
1,4794,0.019101068231106185
1,4795,0.01827419388656679
1,4796,0.0183459814100191
1,4797,0.01892540867436836
1,4798,0.01924023834842655
1,4799,0.019363981346624204
1,4800,0.021478126436544665
1,4801,0.019958927346169178
1,4802,0.020403347407335213
1,4803,0.021056483212210163
1,4804,0.020889556480446048
1,4805,0.019397077705806832
1,4806,0.022139038529069854
1,4807,0.02062874877249689
1,4808,0.020029385260317785
1,4809,0.02069052091903534
1,4810,0.021434083811857064
1,4811,0.019870878011480745
1,4812,0.019846302297154485
1,4813,0.019021740285537613
1,4814,0.020989884977873952
1,4815,0.02116544852809102
1,4816,0.019930032210370142
1,4817,0.019025325085409283
1,4818,0.020671172417373054
1,4819,0.020627664806983952
1,4820,0.020170763787521404
1,4821,0.020511278090329477
1,4822,0.019339248748212187
1,4823,0.018660484213449097
1,4824,0.02053228838347763
1,4825,0.021386492442046195
1,4826,0.020354003556349493
1,4827,0.019949325116273068
1,4828,0.02010020904410115
1,4829,0.01928439031777029
1,4830,0.020125993263951366
1,4831,0.01941775020858721
1,4832,0.02037378872805329
1,4833,0.020452028082734962
1,4834,0.02033434914790294
1,4835,0.020700945747290478
1,4836,0.02096173873238848
1,4837,0.021515019891063008
1,4838,0.020158587344377525
1,4839,0.02108941263324991
1,4840,0.020242762532243695
1,4841,0.020409976744487954
1,4842,0.01981666621646754
1,4843,0.0187223921103432
1,4844,0.01998513796157813
1,4845,0.020341329871061402
1,4846,0.020939206046303838
1,4847,0.021038940768142778
1,4848,0.01979062002004151
1,4849,0.019045324644633557
1,4850,0.019831689672978443
1,4851,0.019463000908646447
1,4852,0.019713199553092874
1,4853,0.02064492045580378
1,4854,0.019806699711110876
1,4855,0.020196746475816384
1,4856,0.021474667071191722
1,4857,0.019465891469527107
1,4858,0.019300041219325707
1,4859,0.019431746294917455
1,4860,0.019247687904557255
1,4861,0.02092288004076255
1,4862,0.01948605350406994
1,4863,0.019838911837765708
1,4864,0.020179378720229898
1,4865,0.019268872072054296
1,4866,0.020224128659287573
1,4867,0.02057884446619211
1,4868,0.02078004361877107
1,4869,0.01921748850437126
1,4870,0.020207257130923962
1,4871,0.019275165510766985
1,4872,0.020887305090798544
1,4873,0.01985604889798157
1,4874,0.020247059337834435
1,4875,0.020530201222184102
1,4876,0.02153922441851733
1,4877,0.02025591435205486
1,4878,0.019244240876542237
1,4879,0.020140756934899997
1,4880,0.019960697632763653
1,4881,0.019419603018576943
1,4882,0.020877880720796733
1,4883,0.020318785668528978
1,4884,0.021673295007897626
1,4885,0.021114639608552643
1,4886,0.01951911053302448
1,4887,0.021520868767271675
1,4888,0.01920396251202094
1,4889,0.019143609289607275
1,4890,0.019197285025427637
1,4891,0.02068489581195437
1,4892,0.020552280876473313
1,4893,0.01991174916392481
1,4894,0.01989880934731471
1,4895,0.020203372030051917
1,4896,0.020136052332777536
1,4897,0.019072831230794934
1,4898,0.019101650551833133
1,4899,0.02047672155447186
1,4900,0.020642342897136696
1,4901,0.02082191969972502
1,4902,0.018864174419502572
1,4903,0.018519665919680673
1,4904,0.018740157555662235
1,4905,0.020473641278453986
1,4906,0.020147378332980085
1,4907,0.019776499126925622
1,4908,0.020066280676070355
1,4909,0.020622563148856996
1,4910,0.020194914286214744
1,4911,0.02039491113163598
1,4912,0.018827419816207246
1,4913,0.0189577543776265
1,4914,0.019783266747071183
1,4915,0.02068850921131618
1,4916,0.020710056837411922
1,4917,0.02006256244274501
1,4918,0.019399759315116397
1,4919,0.01941413288344086
1,4920,0.020283986513496867
1,4921,0.019890432586745523
1,4922,0.02028510083447539
1,4923,0.020964460521734767
1,4924,0.01929454760861715
1,4925,0.021834459949191618
1,4926,0.019835817366712777
1,4927,0.01964251879867621
1,4928,0.01978492574472966
1,4929,0.019524092477389454
1,4930,0.020453094089101804
1,4931,0.020524353251055512
1,4932,0.018505981257379532
1,4933,0.019324386733389074
1,4934,0.020624800212822852
1,4935,0.020183218600887134
1,4936,0.020739982503394226
1,4937,0.021343900659037334
1,4938,0.020055031606937973
1,4939,0.020731389663612477
1,4940,0.019748783442751435
1,4941,0.021731782490221552
1,4942,0.019520806119484008
1,4943,0.020477463053812362
1,4944,0.020838226803671017
1,4945,0.02097787596025798
1,4946,0.021152050474831614
1,4947,0.020508403794955197
1,4948,0.02158466098536226
1,4949,0.020460547992877092
1,4950,0.019381706260037237
1,4951,0.01981398706226772
1,4952,0.019007842020047735
1,4953,0.019639324466555506
1,4954,0.02057893659042701
1,4955,0.020706858709521433
1,4956,0.020309362782676553
1,4957,0.020403943343443372
1,4958,0.02011527722593379
1,4959,0.02058743141218423
1,4960,0.020315077430606204
1,4961,0.020480369414414067
1,4962,0.01869019413353524
1,4963,0.020586569053449445
1,4964,0.021105703548316274
1,4965,0.0191543787008719
1,4966,0.020609435722538753
1,4967,0.02033094601354262
1,4968,0.018918612704191765
1,4969,0.020604838802400164
1,4970,0.0190656243460456
1,4971,0.020797819882058546
1,4972,0.02011504811540145
1,4973,0.020254453986685343
1,4974,0.018745211703591055
1,4975,0.019070219174514593
1,4976,0.020335784450377002
1,4977,0.020833516500756422
1,4978,0.0195629477458651
1,4979,0.020592261228226685
1,4980,0.019687450780282043
1,4981,0.02145876482012769
1,4982,0.01949842975127118
1,4983,0.02086603632889118
1,4984,0.020040835482846544
1,4985,0.02136152652707039
1,4986,0.02044820626761872
1,4987,0.02014389536362439
1,4988,0.020099504708981267
1,4989,0.018494510193380474
1,4990,0.019696564877446813
1,4991,0.01933757239779796
1,4992,0.02000813353460118
1,4993,0.01939603486243605
1,4994,0.01882814457783948
1,4995,0.02082232253180139
1,4996,0.01917675527970589
1,4997,0.020195227371148223
1,4998,0.020549810206271505
1,4999,0.018736259289574834
2,0,0.037105619939345885
2,1,0.03742399715585073
2,2,0.03688234991396314
2,3,0.036689407664319725
2,4,0.03741055613999763
2,5,0.03682542537666699
2,6,0.03825203519177223
2,7,0.03586464645102234
2,8,0.03694919649794948
2,9,0.03625763382163083
2,10,0.038476903196639885
2,11,0.03572471442969504
2,12,0.03634527928872702
2,13,0.03670987093922862
2,14,0.035970076670310214
2,15,0.03622070997051197
2,16,0.03862110222128442
2,17,0.03585868485257812
2,18,0.035154742571901855
2,19,0.036740015485857695
2,20,0.035775889476544635
2,21,0.037340544700225055
2,22,0.03617281156583208
2,23,0.036669136459612506
2,24,0.037303014660620366
2,25,0.03773625670351685
2,26,0.03678760324431498
2,27,0.036673411955835754
2,28,0.03758137434777442
2,29,0.037292887211964054
2,30,0.0381385489690294
2,31,0.03863564425226065
2,32,0.037220867288488224
2,33,0.03861648602882426
2,34,0.0363479991546799
2,35,0.03685369082910356
2,36,0.037532621882878946
2,37,0.035712945549903306
2,38,0.036149181853204614
2,39,0.03650144359945117
2,40,0.03781282596968739
2,41,0.036139892701697145
2,42,0.03705095800053571
2,43,0.03683373272262253
2,44,0.03644955087235372
2,45,0.03555568578075963
2,46,0.03643026576180941
2,47,0.03708443027638355
2,48,0.03688562540376428
2,49,0.03621451510021261
2,50,0.03554128832078086
2,51,0.036284007768604694
2,52,0.036250776534500005
2,53,0.0373131111195073
2,54,0.03773484829540061
2,55,0.036407967890214145
2,56,0.038388077866160004
2,57,0.03630820809742349
2,58,0.038639604450806046
2,59,0.03671804468599075
2,60,0.037031313469853305
2,61,0.03733917312555541
2,62,0.03751736149642073
2,63,0.03500277500689894
2,64,0.03640994652651825
2,65,0.037504655915334056
2,66,0.03668612480460826
2,67,0.037262025807170356
2,68,0.03769587765211463
2,69,0.034406782673166554
2,70,0.037174218819897846
2,71,0.03711107273917528
2,72,0.03762543317185165
2,73,0.03703743457120501
2,74,0.03677013513034002
2,75,0.0377460090511012
2,76,0.03668698289592608
2,77,0.03631858045506134
2,78,0.03848640949188112
2,79,0.03586202671036181
2,80,0.0365378570746695
2,81,0.03747228542153968
2,82,0.03693226868975102
2,83,0.03667928423696151
2,84,0.03756059071295858
2,85,0.03653069447125462
2,86,0.03789998311817108
2,87,0.0348495521707727
2,88,0.036006791632099265
2,89,0.03750134403677205
2,90,0.035232310082478235
2,91,0.03633491899797636
2,92,0.035337692068418164
2,93,0.036402822107250106
2,94,0.03575186527220566
2,95,0.03770182577530141
2,96,0.03582509368205957
2,97,0.03669520466649375
2,98,0.03448846729465536
2,99,0.03572663554634669
2,100,0.0362376076902687
2,101,0.036436278604068666
2,102,0.03589436998757373
2,103,0.035902448852790314
2,104,0.03686426661925337
2,105,0.039022992751042006
2,106,0.03616471253030126
2,107,0.038215185325334855
2,108,0.03836746789109725
2,109,0.036760297749447855
2,110,0.034880900635181976
2,111,0.037216093667976735
2,112,0.036473322280453024
2,113,0.036292332535213245
2,114,0.03635719930067171
2,115,0.03720347101753161
2,116,0.03752533048798903
2,117,0.03650867663047585
2,118,0.036761409422097026
2,119,0.035317775760894204
2,120,0.0379161571473526
2,121,0.03804064622460058
2,122,0.03751861953590494
2,123,0.036900433556838946
2,124,0.03708200502643141
2,125,0.03795150428229636
2,126,0.03713784162458896
2,127,0.036810538868018605
2,128,0.03417397208507369
2,129,0.037851141363255965
2,130,0.03591366312234492
2,131,0.03629160861861432
2,132,0.0365224966066611
2,133,0.03600375848664953
2,134,0.03598354868705534
2,135,0.037969430298738345
2,136,0.037243333210469624
2,137,0.03757195416875037
2,138,0.036771831881782714
2,139,0.036849948260409444
2,140,0.03775761886787243
2,141,0.03676975605542593
2,142,0.035603468428802125
2,143,0.03744873689294085
2,144,0.0369302150233742
2,145,0.03771363877141057
2,146,0.03813307878959952
2,147,0.036403644179045826
2,148,0.0385955645343228
2,149,0.035612797602812184
2,150,0.036115805195576785
2,151,0.037886486030737
2,152,0.03755096054892432
2,153,0.03702725019023865
2,154,0.03545734803984133
2,155,0.035665665810636106
2,156,0.03599037754960732
2,157,0.03820085966085476
2,158,0.034838442335382996
2,159,0.037272343347864174
2,160,0.035354446500355886
2,161,0.03572453720392791
2,162,0.03698946089768721
2,163,0.037024797219346546
2,164,0.03513509124177594
2,165,0.03564386801966826
2,166,0.03419500367383182
2,167,0.03743338506134239
2,168,0.03586072692831452
2,169,0.03729181086317653
2,170,0.035766492754332656
2,171,0.03737135944292536
2,172,0.036964391762913995
2,173,0.037518453082513774
2,174,0.03614785561036266
2,175,0.03647171430254034
2,176,0.0374262795894878
2,177,0.037587493399842
2,178,0.03559994198360581
2,179,0.03768963858405578
2,180,0.0363189577498805
2,181,0.03660816148326864
2,182,0.03583305129347867
2,183,0.03692098664844077
2,184,0.03698813472049985
2,185,0.03678595849828841
2,186,0.03666669027442401
2,187,0.035941558226806135
2,188,0.03622414792857048
2,189,0.0370798565720537
2,190,0.036406114479732334
2,191,0.03679195545711799
2,192,0.03837782250694835
2,193,0.035865558965278106
2,194,0.03701580591142926
2,195,0.03725852477885643
2,196,0.036424929216457465
2,197,0.035065148627464654
2,198,0.03756789886563205
2,199,0.03605861142438599
2,200,0.037108345433468144
2,201,0.035309054396880146
2,202,0.035743382472671774
2,203,0.03717529220322874
2,204,0.03550703604412112
2,205,0.03638280151711971
2,206,0.03900887459314765
2,207,0.03728253944500775
2,208,0.03771841877915406
2,209,0.03584624182099421
2,210,0.036922995912136845
2,211,0.037516004641672145
2,212,0.03784344196169686
2,213,0.0380487523494664
2,214,0.03673176530713926
2,215,0.036336450358815824
2,216,0.0374745388088809
2,217,0.03681492109821593
2,218,0.03442905811416172
2,219,0.03566253692275246
2,220,0.03676492002318085
2,221,0.0374063860248757
2,222,0.035138964977154706
2,223,0.03574115262787064
2,224,0.03777422277519759
2,225,0.03721627512091397
2,226,0.03451565462654929
2,227,0.03654048306193001
2,228,0.03692923613776931
2,229,0.036102415044677365
2,230,0.03688410477323434
2,231,0.0375814038721887
2,232,0.036910220028127556
2,233,0.035602023735829436
2,234,0.03581670214383528
2,235,0.037303906922750756
2,236,0.03658703329463081
2,237,0.03713180602185909
2,238,0.03596483503875684
2,239,0.03544173624750349
2,240,0.0364220427885241
2,241,0.0361524737050749
2,242,0.03724533700522006
2,243,0.03693043881202418
2,244,0.03678947617497561
2,245,0.037591532681459316
2,246,0.03740836017753282
2,247,0.03701405998089558
2,248,0.03728611741876478
2,249,0.03553690576944584
2,250,0.03623938117560455
2,251,0.038765833534712156
2,252,0.036716677782641476
2,253,0.037581044445167945
2,254,0.0363604863202149
2,255,0.03670444949834761
2,256,0.03612409804613561
2,257,0.0360879521009089
2,258,0.03666775709059972
2,259,0.037929361973142374
2,260,0.0372760901307602
2,261,0.03683905710121196
2,262,0.035967694671759254
2,263,0.036612881478260785
2,264,0.03519350233652379
2,265,0.036544704832589044
2,266,0.03634603716717331
2,267,0.03642982628985428
2,268,0.03721136644910805
2,269,0.03684848446828712
2,270,0.03712173141531616
2,271,0.03625491222277196
2,272,0.03626677120087873
2,273,0.03703606173118887
2,274,0.034810447552866074
2,275,0.035343370085697205
2,276,0.03501581509109548
2,277,0.03486741696210746
2,278,0.03745413416987617
2,279,0.03563916936012227
2,280,0.037671056505087785
2,281,0.03649894550660212
2,282,0.03544115168917978
2,283,0.03642568243006661
2,284,0.038044648447929326
2,285,0.03624065192900411
2,286,0.0362506773699468
2,287,0.03779353494005775
2,288,0.03598504033787169
2,289,0.037921189409385665
2,290,0.03600564146875778
2,291,0.03664157876644563
2,292,0.03670438705771154
2,293,0.03574059277700143
2,294,0.036775325011982524
2,295,0.03644853023516867
2,296,0.0369228608353624
2,297,0.03723456995526963
2,298,0.0373016446854123
2,299,0.037399750857259
2,300,0.03704037470504023
2,301,0.03729064906229617
2,302,0.034719490037271906
2,303,0.036620206998705294
2,304,0.03604750306789725
2,305,0.03572288774802071
2,306,0.03675517612811002
2,307,0.03727819769772322
2,308,0.03691372088279559
2,309,0.035169688894552444
2,310,0.03719809414057893
2,311,0.03649311323423887
2,312,0.03617284493396524
2,313,0.0365161607937337
2,314,0.0367955173685291
2,315,0.0356062255459094
2,316,0.036622539816322165
2,317,0.03773313915450028
2,318,0.0375058044208918
2,319,0.038245772043369756
2,320,0.03664528438113367
2,321,0.036446019090872576
2,322,0.037501720545273565
2,323,0.03717297369888347
2,324,0.03585233203050239
2,325,0.03702982828596369
2,326,0.03649087348690172
2,327,0.035209334351736156
2,328,0.036487774304861574
2,329,0.03701789452192836
2,330,0.03778846304722416
2,331,0.03613030458036104
2,332,0.03600682407626365
2,333,0.03684928725263198
2,334,0.03686318000856704
2,335,0.03643854901914501
2,336,0.037175280974752985
2,337,0.035822459432342586
2,338,0.03615381506965983
2,339,0.036891814163615526
2,340,0.037308290717052
2,341,0.037516131591872566
2,342,0.036966356493398966
2,343,0.03459252386388712
2,344,0.03677772427210829
2,345,0.036590978042514787
2,346,0.03704595981555645
2,347,0.03720514755896656
2,348,0.03571420369258807
2,349,0.035684397585888206
2,350,0.036640930177247344
2,351,0.03697849630813022
2,352,0.03581972346204093
2,353,0.03740965469038283
2,354,0.03653438911441764
2,355,0.0376770141697394
2,356,0.03583375109283444
2,357,0.03687448458745674
2,358,0.0368999237815417
2,359,0.03725992677274231
2,360,0.03770419961493642
2,361,0.03782432436475003
2,362,0.03800496478137497
2,363,0.0378310517834102
2,364,0.03608476476437128
2,365,0.03676207143146556
2,366,0.03788790252926006
2,367,0.037151117090637585
2,368,0.03754985032478173
2,369,0.03599151435300705
2,370,0.036526281048021
2,371,0.037210507826373564
2,372,0.03863460379638619
2,373,0.0366160997010764
2,374,0.03674931171789251
2,375,0.03659195171048682
2,376,0.03560544763448461
2,377,0.034700150816146226
2,378,0.036480565947507815
2,379,0.035924035909420816
2,380,0.03851629911647066
2,381,0.036471426032720945
2,382,0.03538476928931252
2,383,0.037169075335778894
2,384,0.036149721401289005
2,385,0.036455484458643515
2,386,0.036702140638652604
2,387,0.036487891288947305
2,388,0.03829158867416369
2,389,0.03619257075689145
2,390,0.03715919322296485
2,391,0.037430509887602
2,392,0.03710706342023532
2,393,0.03647464774658249
2,394,0.03824193650561402
2,395,0.03796156902251058
2,396,0.03779905780566232
2,397,0.036214609340090555
2,398,0.038040677395094785
2,399,0.03654475341046842
2,400,0.03589689157260126
2,401,0.03571594402438377
2,402,0.0375393363269168
2,403,0.035329636083410394
2,404,0.037242481793267744
2,405,0.037456354794183334
2,406,0.03581543576125699
2,407,0.035628848124281326
2,408,0.038182887969280675
2,409,0.036591589699608885
2,410,0.03680223966317072
2,411,0.03782920705169785
2,412,0.0371001678011568
2,413,0.03713479766442628
2,414,0.03799909267482538
2,415,0.036350993918737584
2,416,0.03629167445581499
2,417,0.03651399326369681
2,418,0.03687396836796177
2,419,0.03640655006361699
2,420,0.03688931962148836
2,421,0.036921808761492335
2,422,0.034250416821516284
2,423,0.036585363714523124
2,424,0.03523668244391882
2,425,0.03603076097474619
2,426,0.03601400746348082
2,427,0.03699835762076035
2,428,0.03718178139988171
2,429,0.03675110808557364
2,430,0.03590097706719963
2,431,0.03780355311759017
2,432,0.0371220004832431
2,433,0.03772398631041043
2,434,0.03744687779703962
2,435,0.03652905378380137
2,436,0.03637085096892511
2,437,0.03676846399410571
2,438,0.03534513991336204
2,439,0.03672022802893187
2,440,0.03835460271418953
2,441,0.035842683652379005
2,442,0.035873598819162945
2,443,0.037147319839567906
2,444,0.03718873525168124
2,445,0.03743146620880522
2,446,0.03742709982753595
2,447,0.03668372519559365
2,448,0.03669306522665753
2,449,0.03704354948727099
2,450,0.034983290076064155
2,451,0.03534154595363451
2,452,0.036916336265691095
2,453,0.037669178214078385
2,454,0.03853726024550011
2,455,0.03642433946676225
2,456,0.03537556871262263
2,457,0.03608988304229591
2,458,0.03682280991595
2,459,0.0360871695115824
2,460,0.0350015569133476
2,461,0.03733459588609184
2,462,0.03678280506448475
2,463,0.037082725542890306
2,464,0.03735435022284065
2,465,0.03812767995022109
2,466,0.03614642276358971
2,467,0.03740888410701269
2,468,0.0373879050281093
2,469,0.03643743405853142
2,470,0.036675385953063404
2,471,0.03664524835106659
2,472,0.03659093385997434
2,473,0.03746597101477938
2,474,0.03633246294077336
2,475,0.03747324038903951
2,476,0.03747780848565191
2,477,0.03778249825058436
2,478,0.03571942655276098
2,479,0.03792271144628002
2,480,0.03706607900392538
2,481,0.0352765103638902
2,482,0.037424303937371506
2,483,0.03681301579876911
2,484,0.036027925425356565
2,485,0.03651013357986969
2,486,0.03674529703810356
2,487,0.03750419267685512
2,488,0.03729631889459717
2,489,0.03711596308176593
2,490,0.03687559573463033
2,491,0.03807524117892446
2,492,0.037482738500043196
2,493,0.03738522467188147
2,494,0.03641986300752257
2,495,0.036744785372671514
2,496,0.03579282463154196
2,497,0.03687210538975974
2,498,0.037037505501159466
2,499,0.03488821688057223
2,500,0.037395622836226404
2,501,0.03676100265392021
2,502,0.03813138487808926
2,503,0.03638870908213629
2,504,0.03564514630019853
2,505,0.03701642666316172
2,506,0.03729469404807939
2,507,0.037051213945590265
2,508,0.03648483802224698
2,509,0.035882667318574174
2,510,0.03564549400434511
2,511,0.0362955673838978
2,512,0.03681363009364258
2,513,0.036696702048793904
2,514,0.03723124470956443
2,515,0.03645476735886614
2,516,0.03627035200756723
2,517,0.03682952283880825
2,518,0.03683967042667455
2,519,0.03575136365869142
2,520,0.03642241453131717
2,521,0.036472992373723395
2,522,0.0347996585440924
2,523,0.03763247759759892
2,524,0.037040344540136244
2,525,0.03740163007971115
2,526,0.03670397855201605
2,527,0.03699762399546578
2,528,0.03726909440557625
2,529,0.036215749516428725
2,530,0.036195430579752434
2,531,0.03686012086482851
2,532,0.037459738236918234
2,533,0.036594374145901554
2,534,0.036590867830938435
2,535,0.036763917683042824
2,536,0.03594327877525802
2,537,0.03775314890704847
2,538,0.03815434100325141
2,539,0.037095453201429616
2,540,0.03614937422877263
2,541,0.03708921627749318
2,542,0.03568993133797843
2,543,0.03793171417450689
2,544,0.03701747918329557
2,545,0.03591283747058465
2,546,0.03600659564340383
2,547,0.03607695070373549
2,548,0.03550938855328312
2,549,0.035772392973994364
2,550,0.03759780525375325
2,551,0.03744437386064825
2,552,0.034854762976671255
2,553,0.037002218829898785
2,554,0.036732863018700636
2,555,0.03662420227837943
2,556,0.03593374008500586
2,557,0.03523977711520473
2,558,0.036605262504405704
2,559,0.03624602107716943
2,560,0.03797310735975052
2,561,0.036806377079750735
2,562,0.036686429133211435
2,563,0.03654745677583607
2,564,0.035865518808519216
2,565,0.03673550276107725
2,566,0.037525800890459864
2,567,0.03605480688281191
2,568,0.0374144501847923
2,569,0.03622793707148086
2,570,0.03564352496481168
2,571,0.037879712845784154
2,572,0.037920913259921966
2,573,0.03463975922961079
2,574,0.03796810355694202
2,575,0.03583913981647083
2,576,0.0381158311076491
2,577,0.035657624778341945
2,578,0.037112991299508354
2,579,0.03845520718337007
2,580,0.038207428657207866
2,581,0.03651226136558905
2,582,0.037983078639171226
2,583,0.036868643433007796
2,584,0.037414430600688685
2,585,0.035547916761447036
2,586,0.03702404370037208
2,587,0.037427767309718946
2,588,0.03698333395753888
2,589,0.036014447937815865
2,590,0.03591579660595489
2,591,0.03767887734541373
2,592,0.036630633862241906
2,593,0.0364499178041682
2,594,0.03640068408700312
2,595,0.037435920416579234
2,596,0.03669511291005237
2,597,0.035552819278566204
2,598,0.035182664082225895
2,599,0.038247889672098793
2,600,0.0358533582484726
2,601,0.03732545731809552
2,602,0.038489133058410424
2,603,0.03864976368204153
2,604,0.03798142709752586
2,605,0.03732979851652914
2,606,0.03712838553217538
2,607,0.03634703055133932
2,608,0.03704852323566
2,609,0.037948077078331414
2,610,0.036042652545008574
2,611,0.03619121491453104
2,612,0.03725296638488876
2,613,0.036691991145140074
2,614,0.03548608454399044
2,615,0.03718821314551602
2,616,0.03529096081158545
2,617,0.03679625130371956
2,618,0.03844801467282449
2,619,0.03770614674840749
2,620,0.03601246928137919
2,621,0.03763707681370094
2,622,0.03544967329466295
2,623,0.038396712485407936
2,624,0.036707085536842605
2,625,0.038262899690013036
2,626,0.036024992799548926
2,627,0.03638360580119838
2,628,0.038101796480957545
2,629,0.03734021270705365
2,630,0.03660758110357943
2,631,0.036370880579997295
2,632,0.03652400760472039
2,633,0.037005083011493856
2,634,0.036297906469589115
2,635,0.03631427584246482
2,636,0.03780932499154285
2,637,0.03801194974280949
2,638,0.03745776240798471
2,639,0.0361828615297293
2,640,0.03618948616494292
2,641,0.03691439434926852
2,642,0.03718886167174087
2,643,0.03858112870478148
2,644,0.03743634160775778
2,645,0.03668352802890121
2,646,0.0364509009229817
2,647,0.03792353311986379
2,648,0.03681693810138311
2,649,0.03765705670256095
2,650,0.035875549030438124
2,651,0.037634997206210365
2,652,0.03712155681069757
2,653,0.03635438185469991
2,654,0.03612251129520922
2,655,0.03751626721391093
2,656,0.03418520855507825
2,657,0.03605160814335234
2,658,0.03745855804436582
2,659,0.03724449269393332
2,660,0.036111220134754436
2,661,0.03585286770328283
2,662,0.0365149481312795
2,663,0.036608999062982456
2,664,0.0366035414579243
2,665,0.036610984275769066
2,666,0.036305261414562244
2,667,0.03643612459746639
2,668,0.03674987917268835
2,669,0.03508048707453578
2,670,0.038182031440380675
2,671,0.03655612989083428
2,672,0.03665587984876704
2,673,0.03799451290016983
2,674,0.03722726539908829
2,675,0.03593985018285151
2,676,0.0378624614057003
2,677,0.03440218413530733
2,678,0.037550035591040594
2,679,0.036638786031416924
2,680,0.03742541380454384
2,681,0.036899662684102684
2,682,0.03738460043903907
2,683,0.037588481823692094
2,684,0.036984600406508174
2,685,0.036636295913615974
2,686,0.036346747950401485
2,687,0.03721763924401819
2,688,0.035940216504637496
2,689,0.03659761187539404
2,690,0.037945321981167617
2,691,0.0367444198513987
2,692,0.036567602092902475
2,693,0.03537340758263454
2,694,0.0363095298489133
2,695,0.035892803871360485
2,696,0.036624779388384716
2,697,0.0363410571328406
2,698,0.03639059523466077
2,699,0.03678463443234081
2,700,0.035881913002822986
2,701,0.036721872132701554
2,702,0.03593071529608519
2,703,0.037423014586106806
2,704,0.03660916891478957
2,705,0.035335928178981645
2,706,0.03691205058272765
2,707,0.036163776287488424
2,708,0.03600627828201894
2,709,0.03595195602804558
2,710,0.036130705981319435
2,711,0.037700083051701805
2,712,0.03737835664780759
2,713,0.03775009518999608
2,714,0.03445380311252677
2,715,0.0366989713109484
2,716,0.03640299586258871
2,717,0.036247116608830864
2,718,0.03683816187169898
2,719,0.03761345751417059
2,720,0.036290104228380304
2,721,0.036787488261731616
2,722,0.036069777199478965
2,723,0.036724938247052835
2,724,0.035994707742086345
2,725,0.035284056312245654
2,726,0.03651327200961383
2,727,0.037138200554632995
2,728,0.03735236089110929
2,729,0.03745293398806122
2,730,0.03609741743115951
2,731,0.03770752356452075
2,732,0.03630778983847102
2,733,0.03524546831522609
2,734,0.03750947107218372
2,735,0.03561050041349226
2,736,0.0364920850302319
2,737,0.036331115348625063
2,738,0.03545657651218732
2,739,0.03683833050480006
2,740,0.03682283053762028
2,741,0.037084365258717424
2,742,0.037384652551714505
2,743,0.037252532951591026
2,744,0.03823625612876982
2,745,0.03710516237804216
2,746,0.03610964710679429
2,747,0.03818793749210799
2,748,0.036854012440276473
2,749,0.035700857824666025
2,750,0.035800513056047895
2,751,0.03543194451744836
2,752,0.03833861997124805
2,753,0.03562360661166383
2,754,0.03779046965264946
2,755,0.03701601302042035
2,756,0.037768384025426954
2,757,0.03512260378789902
2,758,0.03737129452085397
2,759,0.03638415708150836
2,760,0.03754073955499418
2,761,0.03776657463368283
2,762,0.03569172420370448
2,763,0.036650105900388634
2,764,0.03665771679151469
2,765,0.03687577030151507
2,766,0.036551285614366685
2,767,0.03780427237630996
2,768,0.03618428126394042
2,769,0.036373048968210336
2,770,0.033902504036470216
2,771,0.037197656544447955
2,772,0.03613411432900643
2,773,0.03760020300904764
2,774,0.0367614697264318
2,775,0.03591641839039476
2,776,0.03719206559568455
2,777,0.03746255888975145
2,778,0.037374362649054284
2,779,0.03470871829066333
2,780,0.03587870270125517
2,781,0.03649033137171953
2,782,0.038197376122494575
2,783,0.03790157786036578
2,784,0.03652534059975384
2,785,0.03765803664786504
2,786,0.03591307760896515
2,787,0.037366685581335636
2,788,0.03617504421722469
2,789,0.03497667784269795
2,790,0.03669463629008193
2,791,0.03751200526871931
2,792,0.03694363068060089
2,793,0.03503044920866161
2,794,0.03708371626010811
2,795,0.037568113203996244
2,796,0.03579712014450673
2,797,0.03642283561327337
2,798,0.03684297871687344
2,799,0.035887206169400526
2,800,0.03682718719981299
2,801,0.03786399830539391
2,802,0.03606223558829527
2,803,0.03759248304601512
2,804,0.03676235612849473
2,805,0.036414331773834574
2,806,0.03704415112046264
2,807,0.03711754862121349
2,808,0.036973647734690494
2,809,0.036612612253635816
2,810,0.03686685542538909
2,811,0.038224798316550436
2,812,0.036478821207402555
2,813,0.03722772490019072
2,814,0.03639402867668113
2,815,0.03702822909095343
2,816,0.038235732683499335
2,817,0.03695693204219825
2,818,0.03699164694323701
2,819,0.033915663884761894
2,820,0.03460803634600706
2,821,0.03564388654183969
2,822,0.035421535225491234
2,823,0.03597117963402851
2,824,0.035319292932727675
2,825,0.03642073233885771
2,826,0.03656920160892169
2,827,0.034828698648017374
2,828,0.03579377871511908
2,829,0.036121810886701015
2,830,0.03709159127259559
2,831,0.035608959530872654
2,832,0.03556522686893582
2,833,0.03777439177188787
2,834,0.03762156413582466
2,835,0.03823124397223961
2,836,0.03628745396311226
2,837,0.039134928888278325
2,838,0.03699824116845545
2,839,0.037861623116143904
2,840,0.03572400004798023
2,841,0.036846231226725014
2,842,0.035339609826998075
2,843,0.0383952544865187
2,844,0.035902334250668154
2,845,0.037503248314989863
2,846,0.03775019578886388
2,847,0.036065093939902315
2,848,0.03744355699770693
2,849,0.036212560958089224
2,850,0.036479871385300705
2,851,0.03683140980502277
2,852,0.03748282517500515
2,853,0.03705424220489731
2,854,0.03527468049347506
2,855,0.036547072000921665
2,856,0.03625257224368719
2,857,0.03613934725316042
2,858,0.03823793742734047
2,859,0.037453395962660306
2,860,0.03708136573727205
2,861,0.03687629020359437
2,862,0.03681091331547575
2,863,0.036166026319303435
2,864,0.03719068507635482
2,865,0.03795526643315575
2,866,0.03669655735897425
2,867,0.038255975011123544
2,868,0.03744236734520662
2,869,0.036111472787088095
2,870,0.03429457639351475
2,871,0.036725860641162365
2,872,0.03851009763539246
2,873,0.03665813980109822
2,874,0.03769490912703283
2,875,0.037811068600454856
2,876,0.037218703972602594
2,877,0.03611851618446899
2,878,0.03656565183916181
2,879,0.03559673324342683
2,880,0.03601964507822236
2,881,0.03742009646407021
2,882,0.03562461999136185
2,883,0.037235364772485874
2,884,0.035369459050542514
2,885,0.037082406240734694
2,886,0.03601554382008044
2,887,0.03727612763051338
2,888,0.03681362960684197
2,889,0.03712393490943892
2,890,0.03501419967311945
2,891,0.03774589342153841
2,892,0.03796705433441983
2,893,0.03644608185535756
2,894,0.036876107947684124
2,895,0.03831788779048881
2,896,0.03629969778931866
2,897,0.03635126273083448
2,898,0.038115619049081534
2,899,0.0371233964061266
2,900,0.03663764565028018
2,901,0.0363375819752031
2,902,0.03645173894175199
2,903,0.03730136996097635
2,904,0.03783109241245453
2,905,0.03738714957911902
2,906,0.03837027566953108
2,907,0.03695648441681495
2,908,0.03685086506485454
2,909,0.036551713602153674
2,910,0.03611626871918102
2,911,0.03593975376857917
2,912,0.03699818192440973
2,913,0.03769442387493907
2,914,0.03652318684359529
2,915,0.036755454345968774
2,916,0.037054882321258927
2,917,0.037616837362485694
2,918,0.037153158489150656
2,919,0.03628225126741815
2,920,0.03762309056523361
2,921,0.037240659420047034
2,922,0.035987593416807
2,923,0.037772553855194145
2,924,0.03628568398371639
2,925,0.03720889343598136
2,926,0.03640592133754028
2,927,0.03557092987414731
2,928,0.0380693135209344
2,929,0.036531077219816376
2,930,0.036837406103881115
2,931,0.03568262018189466
2,932,0.03720265104372746
2,933,0.03746028213341141
2,934,0.03616435408256811
2,935,0.03643691382556869
2,936,0.03606321373201651
2,937,0.03660243320327771
2,938,0.03703989773391731
2,939,0.03772328484085164
2,940,0.035600878988877545
2,941,0.03608044515984097
2,942,0.037795665393319126
2,943,0.03546540335963096
2,944,0.035815346961396995
2,945,0.03649279428095977
2,946,0.038490392763656005
2,947,0.03594634405476754
2,948,0.036578769489382816
2,949,0.036109863208474056
2,950,0.036720724984171955
2,951,0.03631351220360405
2,952,0.03615163526530491
2,953,0.03684747330357735
2,954,0.03653949637476766
2,955,0.03688425145072587
2,956,0.03608517913641909
2,957,0.03592180176780657
2,958,0.036225907415162385
2,959,0.03747000027267917
2,960,0.03718390993079076
2,961,0.03544471802962142
2,962,0.0367513112608139
2,963,0.037077342231637694
2,964,0.03861528312318866
2,965,0.036680728507736425
2,966,0.036792265941664286
2,967,0.03611874225756098
2,968,0.03653165847954768
2,969,0.037192151469330005
2,970,0.03644833423960622
2,971,0.038195415833749684
2,972,0.037736832104718114
2,973,0.037145995263554915
2,974,0.03731746618123551
2,975,0.03644335169221932
2,976,0.03654749328099985
2,977,0.03698769716648459
2,978,0.036093845751830965
2,979,0.03716458075210268
2,980,0.03621298205473472
2,981,0.03672113251121301
2,982,0.035781259784117926
2,983,0.03673081522389072
2,984,0.036546273458093616
2,985,0.035452492740454776
2,986,0.037544734564467504
2,987,0.037446424088221186
2,988,0.03944150209230444
2,989,0.03653791793080747
2,990,0.03760005158410212
2,991,0.036465953921009354
2,992,0.037667411525256204
2,993,0.03784088533784163
2,994,0.0376642228975638
2,995,0.037371316387219806
2,996,0.03758424050336345
2,997,0.037817725847561656
2,998,0.03627733946057346
2,999,0.03681476034339612
2,1000,0.036767235374848904
2,1001,0.03736539356602941
2,1002,0.036746803292595
2,1003,0.03862459774602751
2,1004,0.03831748621021821
2,1005,0.037103155420427164
2,1006,0.03685722233635617
2,1007,0.036951457484414925
2,1008,0.036792190011343616
2,1009,0.03688938419127194
2,1010,0.03633132756748145
2,1011,0.035375034025361345
2,1012,0.037795786799950715
2,1013,0.03817097040659436
2,1014,0.035226747046297184
2,1015,0.0374366346774034
2,1016,0.03656968081374847
2,1017,0.03675539063066872
2,1018,0.0387358239334249
2,1019,0.03743911813710681
2,1020,0.037546395522733915
2,1021,0.036609289881780915
2,1022,0.03779136713726091
2,1023,0.03611345749610331
2,1024,0.036029743006207704
2,1025,0.03731683331165068
2,1026,0.03570085202166457
2,1027,0.03711650179868048
2,1028,0.037824996830091794
2,1029,0.03743696840850943
2,1030,0.03683532135873497
2,1031,0.035375548390895566
2,1032,0.0362925478058169
2,1033,0.03627559066760094
2,1034,0.0380580151671453
2,1035,0.03754886715340721
2,1036,0.036783175870025775
2,1037,0.035955731835851705
2,1038,0.03681058771163238
2,1039,0.03702406696968897
2,1040,0.03581953716234948
2,1041,0.03665091144184587
2,1042,0.036238175493127134
2,1043,0.03965567580483209
2,1044,0.03716001708058064
2,1045,0.03784298039074649
2,1046,0.036750398225991125
2,1047,0.03704599174883531
2,1048,0.036928156704152566
2,1049,0.03859793772409283
2,1050,0.037867814185448656
2,1051,0.036164918363112815
2,1052,0.03665962530583883
2,1053,0.036429011940554624
2,1054,0.03766117446408845
2,1055,0.0379679969404319
2,1056,0.03544371180464895
2,1057,0.03806582906150818
2,1058,0.037496804540032506
2,1059,0.03785180663480992
2,1060,0.0375927265538245
2,1061,0.03588581649519287
2,1062,0.03827593714588692
2,1063,0.034927403143783446
2,1064,0.036692619808937094
2,1065,0.037355569966738694
2,1066,0.0379968459548496
2,1067,0.03828383641027561
2,1068,0.036494907526766325
2,1069,0.03654003522903113
2,1070,0.037433641489022125
2,1071,0.037204213202122915
2,1072,0.03736715054331268
2,1073,0.03619608636653183
2,1074,0.037809786853562566
2,1075,0.036164540187476224
2,1076,0.036912766146156496
2,1077,0.03671480155731591
2,1078,0.035925472520105646
2,1079,0.037560392463229585
2,1080,0.034766523869245315
2,1081,0.03685198023322042
2,1082,0.03801987304928498
2,1083,0.037008322271455625
2,1084,0.03777819006876195
2,1085,0.038326321225525393
2,1086,0.03784403123398586
2,1087,0.036190502217606814
2,1088,0.037536757132628516
2,1089,0.03660688609968114
2,1090,0.03652207860749989
2,1091,0.03844462751818831
2,1092,0.037440569715704995
2,1093,0.0373350735815253
2,1094,0.03640777309067277
2,1095,0.0365669587422739
2,1096,0.035423984660490786
2,1097,0.036773107121670756
2,1098,0.03814016491468078
2,1099,0.03671126431415098
2,1100,0.0363143379294669
2,1101,0.03710572383266424
2,1102,0.03666564204968345
2,1103,0.03655875154420907
2,1104,0.03428615712279437
2,1105,0.03784439826297489
2,1106,0.03717706516958693
2,1107,0.03659139455075664
2,1108,0.03724992243981672
2,1109,0.038523153284492954
2,1110,0.036861876375382664
2,1111,0.036526782651318646
2,1112,0.037019293649648455
2,1113,0.03752887264695876
2,1114,0.03698705888418602
2,1115,0.03919363566581655
2,1116,0.039920056715100516
2,1117,0.035904519715637746
2,1118,0.03695306420408561
2,1119,0.03718810894257959
2,1120,0.036329657194279406
2,1121,0.036321541047132276
2,1122,0.037319898668355576
2,1123,0.03690948282327502
2,1124,0.03715765042768391
2,1125,0.03581818331668713
2,1126,0.03658510890811518
2,1127,0.03672364526807865
2,1128,0.037082468703534106
2,1129,0.036487737917818806
2,1130,0.037788220328793067
2,1131,0.036067084906848255
2,1132,0.0370940583253632
2,1133,0.03595557395269352
2,1134,0.03734027821149489
2,1135,0.036503799882215186
2,1136,0.036734155449204
2,1137,0.03707961787462521
2,1138,0.036813229551135834
2,1139,0.03884497219866293
2,1140,0.036067043704395646
2,1141,0.037987393763181866
2,1142,0.03620390105576129
2,1143,0.03735169065306032
2,1144,0.03570525914888644
2,1145,0.03757953840224477
2,1146,0.03569810415082208
2,1147,0.03674082910941254
2,1148,0.03627255060175946
2,1149,0.037870696736453026
2,1150,0.037422659571880075
2,1151,0.03635683951880329
2,1152,0.037136610289966454
2,1153,0.036596461523390744
2,1154,0.03748449435897531
2,1155,0.03808703771262054
2,1156,0.03786755585675175
2,1157,0.0370905151949869
2,1158,0.03721005106816119
2,1159,0.037333773601881975
2,1160,0.03735052876476277
2,1161,0.03590671285995443
2,1162,0.036849220762237844
2,1163,0.0369897696913232
2,1164,0.036833335699219295
2,1165,0.03574563652155018
2,1166,0.03469063971297203
2,1167,0.03602681121597682
2,1168,0.03571917314019584
2,1169,0.03661033794739094
2,1170,0.03701071976138323
2,1171,0.035976321691459735
2,1172,0.03599172992289782
2,1173,0.036287854046112566
2,1174,0.03512078424189342
2,1175,0.03614974775496444
2,1176,0.036152194818851936
2,1177,0.036620037887422685
2,1178,0.037560919476070424
2,1179,0.03557591309365803
2,1180,0.03559458755779918
2,1181,0.036302988887079994
2,1182,0.03746177294508657
2,1183,0.0367324599174585
2,1184,0.03669218871515648
2,1185,0.03611173448682731
2,1186,0.03544589376952011
2,1187,0.03716793212030627
2,1188,0.037191009141996516
2,1189,0.03725564191997812
2,1190,0.03676231954004424
2,1191,0.036513506650937715
2,1192,0.03666989743541027
2,1193,0.03720126459996856
2,1194,0.037012250487084404
2,1195,0.03710461330704903
2,1196,0.03674438674181487
2,1197,0.03742815810072478
2,1198,0.03635283246119619
2,1199,0.03856536470993104
2,1200,0.03671613005262961
2,1201,0.03685252472567561
2,1202,0.03675739726835395
2,1203,0.037511470576512586
2,1204,0.03752507661190185
2,1205,0.03579722187953391
2,1206,0.0370181692202376
2,1207,0.03652170942151975
2,1208,0.035406224403123965
2,1209,0.038846299001554035
2,1210,0.03760984865814226
2,1211,0.036144211972308264
2,1212,0.037073024091378075
2,1213,0.036293296124838746
2,1214,0.03525735135241284
2,1215,0.03595082371624455
2,1216,0.036142113092921424
2,1217,0.03678991305132002
2,1218,0.03743843893276727
2,1219,0.0358476339212379
2,1220,0.03751456273585374
2,1221,0.037183774628477544
2,1222,0.03801405146998324
2,1223,0.03440204069441142
2,1224,0.03766155802382398
2,1225,0.03621790080409824
2,1226,0.036976125370179615
2,1227,0.0364969711644983
2,1228,0.03643482405363387
2,1229,0.03670032633892361
2,1230,0.03660391824706916
2,1231,0.03562927777644841
2,1232,0.03756274610057683
2,1233,0.0364816856683386
2,1234,0.03672400012314423
2,1235,0.037105836088632126
2,1236,0.035594649408569996
2,1237,0.037555373759027434
2,1238,0.03701373808257589
2,1239,0.03545355825770887
2,1240,0.03745978407871282
2,1241,0.03810458226996604
2,1242,0.036412350568656694
2,1243,0.03565317966838849
2,1244,0.03671648764340255
2,1245,0.037260962908256375
2,1246,0.03624032725784896
2,1247,0.037188984197847025
2,1248,0.03684238722264958
2,1249,0.03695629604146621
2,1250,0.03716960239554643
2,1251,0.03743759605426028
2,1252,0.03729159848767948
2,1253,0.0365399497589164
2,1254,0.03501911656980342
2,1255,0.03627805652616976
2,1256,0.03609757128722793
2,1257,0.03759532756192687
2,1258,0.037340756810195164
2,1259,0.03565522535058354
2,1260,0.03596129648399704
2,1261,0.03622357710776313
2,1262,0.03677991967632929
2,1263,0.03613110756442125
2,1264,0.03800990998548792
2,1265,0.037118398077605703
2,1266,0.03691033239201396
2,1267,0.03699683562780153
2,1268,0.03761460393578847
2,1269,0.03521241886874806
2,1270,0.03861361989363949
2,1271,0.03604171288322908
2,1272,0.03641744601563359
2,1273,0.036565316313475364
2,1274,0.03702605231982997
2,1275,0.037897616702962045
2,1276,0.03770033849107723
2,1277,0.03728598722789892
2,1278,0.03614864756071143
2,1279,0.03725752543397646
2,1280,0.035984859357281
2,1281,0.03632748701077224
2,1282,0.03607536620044962
2,1283,0.03852485105471797
2,1284,0.03846436324998052
2,1285,0.035885418666183715
2,1286,0.03689126318652212
2,1287,0.03692544907893836
2,1288,0.03678675434988515
2,1289,0.035217780942403416
2,1290,0.03682790127528295
2,1291,0.035082584004373495
2,1292,0.0367769864546749
2,1293,0.03781682809533778
2,1294,0.03592734962216785
2,1295,0.03661596877006009
2,1296,0.03780418972325131
2,1297,0.03732940975305902
2,1298,0.03570112876235116
2,1299,0.03638060130210993
2,1300,0.036000492154832954
2,1301,0.03506396440547838
2,1302,0.03605913883085202
2,1303,0.037274961334356815
2,1304,0.037398169482779624
2,1305,0.03666670852122913
2,1306,0.03632566685123175
2,1307,0.03634895945805899
2,1308,0.035459593519343746
2,1309,0.03750379830714612
2,1310,0.036895301044267324
2,1311,0.036735568944405446
2,1312,0.03676518620700799
2,1313,0.036479076416017685
2,1314,0.038591126942443134
2,1315,0.0345118983965944
2,1316,0.03657572154434983
2,1317,0.035532538893216455
2,1318,0.036336505672800896
2,1319,0.03628524586093742
2,1320,0.036727024988843
2,1321,0.036060520082409515
2,1322,0.03693265192199697
2,1323,0.03727986515925089
2,1324,0.03671325499432219
2,1325,0.037440573406869536
2,1326,0.0365078438259999
2,1327,0.03728854632757029
2,1328,0.03672629347116967
2,1329,0.03594569019927449
2,1330,0.036502116585393575
2,1331,0.03740241919167673
2,1332,0.03616839694144117
2,1333,0.035380419861376584
2,1334,0.036780890278625696
2,1335,0.03656290639595244
2,1336,0.03761077056233673
2,1337,0.03694370246806212
2,1338,0.03737496417622061
2,1339,0.03632892521864068
2,1340,0.037984189093461185
2,1341,0.036978065441261275
2,1342,0.036268820376198045
2,1343,0.03744675854500138
2,1344,0.037079157882802284
2,1345,0.036765818366473337
2,1346,0.03705048016540338
2,1347,0.037451071336188496
2,1348,0.03641507415794736
2,1349,0.036882340590849265
2,1350,0.03702667809405625
2,1351,0.037978528198201765
2,1352,0.0383612932919502
2,1353,0.03760134391884532
2,1354,0.036799200521534105
2,1355,0.03596561204475507
2,1356,0.03788517323923948
2,1357,0.036790284317314514
2,1358,0.037180639554920895
2,1359,0.03625349992249308
2,1360,0.03637228616934889
2,1361,0.036557184366382944
2,1362,0.038248360741675265
2,1363,0.037245497595218946
2,1364,0.03786401247809426
2,1365,0.03671423504660085
2,1366,0.037460696379078756
2,1367,0.036751176368505424
2,1368,0.035664237139810616
2,1369,0.03586260355542709
2,1370,0.03694448301748865
2,1371,0.037028231625629036
2,1372,0.03843836082594152
2,1373,0.037655421458823175
2,1374,0.03615157772885147
2,1375,0.03657575709068655
2,1376,0.03586877223299636
2,1377,0.03759089114410857
2,1378,0.03600845365421856
2,1379,0.03628624965010686
2,1380,0.038078241231392945
2,1381,0.036982309351408005
2,1382,0.03754366812747318
2,1383,0.03733564712873477
2,1384,0.03641770000093645
2,1385,0.03756432519145231
2,1386,0.03684139355370963
2,1387,0.035527382560143296
2,1388,0.03662102270802144
2,1389,0.03731465715351418
2,1390,0.03544704399469225
2,1391,0.03635464323696492
2,1392,0.03711845576228543
2,1393,0.03707433042556501
2,1394,0.03607782508560305
2,1395,0.036666038434702876
2,1396,0.036839237241288854
2,1397,0.03741348217032501
2,1398,0.03618406585727726
2,1399,0.035507578674171675
2,1400,0.03730513464560561
2,1401,0.03730406008817619
2,1402,0.03825374588186659
2,1403,0.03488080500905344
2,1404,0.03697448890485724
2,1405,0.03669939869865724
2,1406,0.0375270588482618
2,1407,0.036446037493631435
2,1408,0.03787908285996547
2,1409,0.0349811719919001
2,1410,0.034762182359881634
2,1411,0.037231484143393286
2,1412,0.0371872878478603
2,1413,0.03650173570155373
2,1414,0.03612780213021178
2,1415,0.037145269851282685
2,1416,0.03585916015052581
2,1417,0.0371319900067113
2,1418,0.03611365441265604
2,1419,0.03551569531792178
2,1420,0.03606147117757711
2,1421,0.03792397454281974
2,1422,0.03750182492292706
2,1423,0.03553246010543859
2,1424,0.03484290258106613
2,1425,0.03696894301671336
2,1426,0.0366208523543819
2,1427,0.036413252778651435
2,1428,0.03719716034057819
2,1429,0.03713683689854989
2,1430,0.03458218685517813
2,1431,0.038351721916692894
2,1432,0.0370616474155058
2,1433,0.03647134422988372
2,1434,0.03765402977829923
2,1435,0.037042896841982094
2,1436,0.037125729538809354
2,1437,0.03608255737564923
2,1438,0.03568683366085688
2,1439,0.03610432235457084
2,1440,0.03748154743841206
2,1441,0.03603691636272289
2,1442,0.03651813180803202
2,1443,0.036362169075685125
2,1444,0.036443639475970124
2,1445,0.03610421434006015
2,1446,0.038392019832635745
2,1447,0.03699893805153572
2,1448,0.03609842371780764
2,1449,0.036626327131906826
2,1450,0.03748413396575711
2,1451,0.0351681149682807
2,1452,0.03815899269975329
2,1453,0.035885426340685395
2,1454,0.03859689648627215
2,1455,0.03721144499204306
2,1456,0.03733300957686478
2,1457,0.03688059310142777
2,1458,0.03685982735360498
2,1459,0.03766187268958069
2,1460,0.03809479582717066
2,1461,0.03845910828482285
2,1462,0.03765317110217251
2,1463,0.03704799629977711
2,1464,0.03682225455485396
2,1465,0.03767443576567569
2,1466,0.036131558022440495
2,1467,0.036789682114764403
2,1468,0.03699015313098703
2,1469,0.03673473692938478
2,1470,0.03807079919752352
2,1471,0.03749396693751401
2,1472,0.03605572307976801
2,1473,0.03724791237772742
2,1474,0.037265385644854744
2,1475,0.0363123025685352
2,1476,0.036230498447214966
2,1477,0.03722942374711701
2,1478,0.03750426795938794
2,1479,0.03831557586878353
2,1480,0.03711734065410785
2,1481,0.03826201536255346
2,1482,0.03498697160461761
2,1483,0.03595445168353048
2,1484,0.03676142207954564
2,1485,0.03783894051216629
2,1486,0.03813903452431816
2,1487,0.03769139796767292
2,1488,0.036827149090303796
2,1489,0.037114578302776875
2,1490,0.03648522173841914
2,1491,0.03724732261151311
2,1492,0.036286879367912576
2,1493,0.0373815967443781
2,1494,0.03619835230578491
2,1495,0.03699186292930929
2,1496,0.03707942493280301
2,1497,0.036649982042976405
2,1498,0.037144651504436126
2,1499,0.03705710699966481
2,1500,0.03639279332252559
2,1501,0.03742385564580671
2,1502,0.03597788902343774
2,1503,0.036296629655206
2,1504,0.036850699572549744
2,1505,0.0360652258538735
2,1506,0.03545354359633674
2,1507,0.03590096309259976
2,1508,0.03779465034071025
2,1509,0.03672699501360154
2,1510,0.037371703370089944
2,1511,0.03611485438226423
2,1512,0.037387898795185136
2,1513,0.036293043054513745
2,1514,0.03578875963110575
2,1515,0.03748573134640418
2,1516,0.03634022317786859
2,1517,0.03583031719381688
2,1518,0.03771864854907762
2,1519,0.03658016400494973
2,1520,0.03690530153681352
2,1521,0.037146313302436895
2,1522,0.03808006108361972
2,1523,0.037195187357316424
2,1524,0.03763717016707179
2,1525,0.03586457612487632
2,1526,0.03618089834710389
2,1527,0.03533430679532489
2,1528,0.035933124003858286
2,1529,0.03682256261250654
2,1530,0.03693385937577311
2,1531,0.03758630269864077
2,1532,0.03717863761682217
2,1533,0.03552215967091526
2,1534,0.037115119826426374
2,1535,0.036311394958964675
2,1536,0.037283298286234945
2,1537,0.03689711957536329
2,1538,0.036539254477320655
2,1539,0.037007259024728005
2,1540,0.034756874719965976
2,1541,0.03645698539366695
2,1542,0.03681748693553397
2,1543,0.036706526573932356
2,1544,0.0353160051927747
2,1545,0.03621366213419135
2,1546,0.03651384441456882
2,1547,0.0366989935958991
2,1548,0.03743107245687766
2,1549,0.035693492041566334
2,1550,0.035944419993412656
2,1551,0.03604406606433499
2,1552,0.03742743127901176
2,1553,0.03796245033777257
2,1554,0.036124033219417345
2,1555,0.037196592018023555
2,1556,0.036811576043079275
2,1557,0.03691646831222209
2,1558,0.03704032201135863
2,1559,0.038986554940060036
2,1560,0.03694763084360488
2,1561,0.037169015355167166
2,1562,0.03764975163845304
2,1563,0.036937550674770954
2,1564,0.03574768287027268
2,1565,0.035936587756882306
2,1566,0.0362599843152751
2,1567,0.03741119759790535
2,1568,0.03676473120557767
2,1569,0.03636032293982697
2,1570,0.03744026662746031
2,1571,0.03828689511934489
2,1572,0.03593719032659293
2,1573,0.03644744519812206
2,1574,0.03610726193272729
2,1575,0.038811317941566593
2,1576,0.035465713349058715
2,1577,0.03642157059370282
2,1578,0.03924778599646147
2,1579,0.03675109983605266
2,1580,0.037123242661589055
2,1581,0.036108469840338754
2,1582,0.03732329894851003
2,1583,0.0372412830532334
2,1584,0.03696982446201614
2,1585,0.037367161741320175
2,1586,0.03606548921088188
2,1587,0.035849825762398264
2,1588,0.036421738027010764
2,1589,0.0369687769073673
2,1590,0.036287622515067765
2,1591,0.03531328632187445
2,1592,0.03747002502931079
2,1593,0.03620811325921423
2,1594,0.03787204246560911
2,1595,0.035664869159996816
2,1596,0.03748987495657843
2,1597,0.03620143019278182
2,1598,0.03571366515041835
2,1599,0.03595388301316326
2,1600,0.03811268431674734
2,1601,0.03711702504523775
2,1602,0.03647947932212229
2,1603,0.03676590484262741
2,1604,0.03695320570867235
2,1605,0.037203942356148136
2,1606,0.0360702979776936
2,1607,0.03704522957506317
2,1608,0.036786986765696965
2,1609,0.037438480683351434
2,1610,0.03672350895082566
2,1611,0.036787196048825986
2,1612,0.03676661411207019
2,1613,0.038286464342069414
2,1614,0.03600083911605594
2,1615,0.03675037635319702
2,1616,0.03562312679687673
2,1617,0.03877728159428631
2,1618,0.0370592438465101
2,1619,0.036095594364135564
2,1620,0.03737788004926899
2,1621,0.03614060992086233
2,1622,0.037079899403171857
2,1623,0.03751242390076958
2,1624,0.036205389380397905
2,1625,0.03827877802767687
2,1626,0.03749277261488123
2,1627,0.03656891524205771
2,1628,0.03743599245809951
2,1629,0.037436803353551096
2,1630,0.03650671957448411
2,1631,0.03710548427332374
2,1632,0.03635208579695968
2,1633,0.03679839680377233
2,1634,0.035871228189512744
2,1635,0.0365128954666167
2,1636,0.03685908063914289
2,1637,0.03507353335441086
2,1638,0.036779074360944
2,1639,0.03823589231601449
2,1640,0.03657350455902012
2,1641,0.037623345106555024
2,1642,0.03792068865691209
2,1643,0.034911014272257235
2,1644,0.036822670677089255
2,1645,0.03622264189779697
2,1646,0.0365409627053353
2,1647,0.036873232727416244
2,1648,0.03691107165372794
2,1649,0.036505025695828384
2,1650,0.0363325919730619
2,1651,0.03583059737868169
2,1652,0.03729780129783858
2,1653,0.03919220434701215
2,1654,0.03682687897466603
2,1655,0.03771782003608785
2,1656,0.03645402123670861
2,1657,0.036570695314878277
2,1658,0.03419511746141121
2,1659,0.03710790992873775
2,1660,0.037556744351572
2,1661,0.03708405788661928
2,1662,0.03585688760170452
2,1663,0.0374787897587761
2,1664,0.036942435689299086
2,1665,0.03630773544922109
2,1666,0.038006827747193474
2,1667,0.03599882859541847
2,1668,0.035615453664839654
2,1669,0.036503642380228934
2,1670,0.03558195978973965
2,1671,0.03686484691508279
2,1672,0.03571898114926905
2,1673,0.036863711375083236
2,1674,0.03785260141564073
2,1675,0.03516250640203295
2,1676,0.036277619416366425
2,1677,0.03754171162156577
2,1678,0.037136056599339655
2,1679,0.037408520008859684
2,1680,0.03770049856670125
2,1681,0.03768078374695185
2,1682,0.03530717217778553
2,1683,0.03712162425349642
2,1684,0.036813030160238285
2,1685,0.03675260116865839
2,1686,0.03638821641520045
2,1687,0.036831680704267344
2,1688,0.03710475488624591
2,1689,0.03681575725267456
2,1690,0.037279276577701005
2,1691,0.03658645267004407
2,1692,0.03640145665182489
2,1693,0.03660439284832546
2,1694,0.03667308770997984
2,1695,0.036873747195802
2,1696,0.036641926687271786
2,1697,0.037409000040335816
2,1698,0.03692885446312252
2,1699,0.03764198966322774
2,1700,0.03589275568583999
2,1701,0.036780122796370475
2,1702,0.03702172208280155
2,1703,0.03630348640790005
2,1704,0.03749036709952436
2,1705,0.03687608419862476
2,1706,0.036642949996306344
2,1707,0.036670491747933624
2,1708,0.03760125750560752
2,1709,0.037092941338564354
2,1710,0.0360472432141262
2,1711,0.037268799751546976
2,1712,0.03619449352702505
2,1713,0.036192825634032
2,1714,0.037213927006656315
2,1715,0.03678449338815041
2,1716,0.03715989757680312
2,1717,0.03510148418421124
2,1718,0.03616955194707355
2,1719,0.03478934377965769
2,1720,0.03765105770156907
2,1721,0.03663986015488533
2,1722,0.03736129250948817
2,1723,0.03593402217187832
2,1724,0.03674717604013918
2,1725,0.036527054799484183
2,1726,0.036765045343845865
2,1727,0.03765149742977175
2,1728,0.036869586693728425
2,1729,0.038860736329476404
2,1730,0.03716306641788733
2,1731,0.036394047567422844
2,1732,0.037623606313860615
2,1733,0.03723155148764548
2,1734,0.03717816509777097
2,1735,0.03605413721814302
2,1736,0.03697195686802165
2,1737,0.03899691647576456
2,1738,0.035912063598837855
2,1739,0.03620327696024139
2,1740,0.03755586635651876
2,1741,0.03583772997861978
2,1742,0.03645406448066702
2,1743,0.03655969589191443
2,1744,0.0381540919214291
2,1745,0.03819948044145685
2,1746,0.036907585061990406
2,1747,0.0369240126716941
2,1748,0.03692096016235131
2,1749,0.03651876026269359
2,1750,0.03766232969222063
2,1751,0.036433619918442774
2,1752,0.035224386169743306
2,1753,0.036363193935223685
2,1754,0.036693447717593856
2,1755,0.03748308108416523
2,1756,0.03548228287198909
2,1757,0.037221513155488474
2,1758,0.03656595419792155
2,1759,0.03708276673097771
2,1760,0.03720487172090813
2,1761,0.037412432966664834
2,1762,0.035945289767749876
2,1763,0.03772836982772238
2,1764,0.03706715547706194
2,1765,0.0380370450052322
2,1766,0.037162138071299984
2,1767,0.0401163119013864
2,1768,0.03793056229810485
2,1769,0.037027381545178005
2,1770,0.036016761664213776
2,1771,0.03744637661952117
2,1772,0.03653097579353872
2,1773,0.03777925344188262
2,1774,0.03612215957349845
2,1775,0.03587061636150967
2,1776,0.03687193992271633
2,1777,0.036907787813629356
2,1778,0.03600723781397273
2,1779,0.037172231697073344
2,1780,0.03665943112023939
2,1781,0.03834663774523659
2,1782,0.03669895469021245
2,1783,0.036557384523925845
2,1784,0.035647833303643704
2,1785,0.0365934919440954
2,1786,0.035610915856437116
2,1787,0.034231245421151774
2,1788,0.037197467253995815
2,1789,0.037453627106674596
2,1790,0.0379037038239618
2,1791,0.03806659053505318
2,1792,0.03642652705327554
2,1793,0.038823873137653515
2,1794,0.03651760558667816
2,1795,0.039384432534403546
2,1796,0.03796725501453857
2,1797,0.03699703938052563
2,1798,0.03602224829338941
2,1799,0.036640570452379374
2,1800,0.03662284981354661
2,1801,0.03690362469115935
2,1802,0.03545364756175612
2,1803,0.035735509371341234
2,1804,0.03617215535201505
2,1805,0.03789073680153369
2,1806,0.03655072320907784
2,1807,0.03773573438105956
2,1808,0.03790085908269659
2,1809,0.03633862261596236
2,1810,0.03768688765600239
2,1811,0.03735723378947007
2,1812,0.03705549191983574
2,1813,0.03737964473378638
2,1814,0.036802495562539735
2,1815,0.037794774157738915
2,1816,0.03582452506308722
2,1817,0.03586487426152274
2,1818,0.03658137274657228
2,1819,0.03598518201644783
2,1820,0.03705748194183861
2,1821,0.036551132679802846
2,1822,0.038275121415673824
2,1823,0.03583435817026054
2,1824,0.03813893707457971
2,1825,0.036174309299384665
2,1826,0.036509436817983625
2,1827,0.037930492607817334
2,1828,0.03645599405610408
2,1829,0.035807419559154306
2,1830,0.03727553296591773
2,1831,0.036674809398417656
2,1832,0.03721914257503456
2,1833,0.03730810365951767
2,1834,0.035921488607131326
2,1835,0.036139805708802375
2,1836,0.03716504540287612
2,1837,0.03677539593756987
2,1838,0.03603251363190796
2,1839,0.03712676778916091
2,1840,0.03696361326461187
2,1841,0.03594398748281166
2,1842,0.03575949914807086
2,1843,0.03653542105006732
2,1844,0.03738825214823263
2,1845,0.036179546228257524
2,1846,0.038332691322447036
2,1847,0.036451923300783125
2,1848,0.03712300849996696
2,1849,0.03720878890954734
2,1850,0.03834691056882337
2,1851,0.03702447771944927
2,1852,0.03612708956449436
2,1853,0.035532148226808676
2,1854,0.03644682140567568
2,1855,0.03804721941269711
2,1856,0.038607952533536195
2,1857,0.0366867810578853
2,1858,0.03701563194603585
2,1859,0.03762081849486724
2,1860,0.036852640910175656
2,1861,0.038120876709906215
2,1862,0.037172421286238426
2,1863,0.03725192304010346
2,1864,0.03777709991191932
2,1865,0.03649531845675965
2,1866,0.03615322055638665
2,1867,0.03718759840671199
2,1868,0.03491068026613147
2,1869,0.03731403665890534
2,1870,0.03560773983628368
2,1871,0.036874806949089796
2,1872,0.0351563480906909
2,1873,0.03570938595120322
2,1874,0.03631514204479321
2,1875,0.036999627695311794
2,1876,0.03672116810665418
2,1877,0.0358395791057139
2,1878,0.037335451759170364
2,1879,0.037634534724973974
2,1880,0.03613116445324549
2,1881,0.037112181243803666
2,1882,0.03733134578925746
2,1883,0.03720240632004663
2,1884,0.03750559688333845
2,1885,0.036794714373997194
2,1886,0.036316939706572016
2,1887,0.03595839850110066
2,1888,0.03590137236893933
2,1889,0.037545439042967234
2,1890,0.0386909847126936
2,1891,0.03604443486139921
2,1892,0.0368467079646111
2,1893,0.0369899752334068
2,1894,0.03606899393159899
2,1895,0.037246319733888276
2,1896,0.036245622379704114
2,1897,0.0379853006883002
2,1898,0.036306146390319205
2,1899,0.03575556047131221
2,1900,0.037309317011136184
2,1901,0.03662887889274615
2,1902,0.03637549279446207
2,1903,0.03536225335217882
2,1904,0.037859441904085196
2,1905,0.03742741073443098
2,1906,0.03633563419397683
2,1907,0.03702644365745749
2,1908,0.03525322478197499
2,1909,0.03677235971749946
2,1910,0.03711037902374395
2,1911,0.036570472287943266
2,1912,0.03706875121511662
2,1913,0.035442042453511576
2,1914,0.03646108183431567
2,1915,0.03636818705977458
2,1916,0.038590173536608006
2,1917,0.03543224385072157
2,1918,0.037619570631901994
2,1919,0.033579471423259684
2,1920,0.03681640948909756
2,1921,0.03810511299689817
2,1922,0.036474825721486775
2,1923,0.03573886973532878
2,1924,0.037416244673759536
2,1925,0.03654482754581745
2,1926,0.03692837528066517
2,1927,0.03703153178103243
2,1928,0.0367967980081799
2,1929,0.037685074880526026
2,1930,0.036179598133566034
2,1931,0.03803962589432641
2,1932,0.03689936216737147
2,1933,0.03647063570157494
2,1934,0.03782188843208012
2,1935,0.03682279138948603
2,1936,0.03618635946885227
2,1937,0.03793989180621857
2,1938,0.03667949006296062
2,1939,0.035871818130532286
2,1940,0.036423808823512725
2,1941,0.03808517581070883
2,1942,0.03667874308516516
2,1943,0.03742376022329441
2,1944,0.03744900232611658
2,1945,0.03750413443227698
2,1946,0.0364411185309243
2,1947,0.03649834703712639
2,1948,0.03811991642028098
2,1949,0.03658212496569018
2,1950,0.036780414193317366
2,1951,0.037932548561141206
2,1952,0.036353916367265045
2,1953,0.035780834696896684
2,1954,0.03726715928225143
2,1955,0.035479868837543595
2,1956,0.0381586397703594
2,1957,0.03781978935118585
2,1958,0.03794889575727423
2,1959,0.036421532098906396
2,1960,0.038210096192961084
2,1961,0.03769288725369136
2,1962,0.03716616404588447
2,1963,0.037725465289264154
2,1964,0.037197416616113116
2,1965,0.038049911430792345
2,1966,0.034864024195277704
2,1967,0.03801349559442124
2,1968,0.03713498252625177
2,1969,0.0363640051036
2,1970,0.03695049659206625
2,1971,0.03524570145493763
2,1972,0.03625103290348395
2,1973,0.03635009656094731
2,1974,0.037431144436285764
2,1975,0.036667848412442756
2,1976,0.03729630068534678
2,1977,0.03547557642924523
2,1978,0.0370026785706599
2,1979,0.03686665490941917
2,1980,0.03735419308302327
2,1981,0.038384515867674766
2,1982,0.03752110831730365
2,1983,0.03758265895553912
2,1984,0.03620245932040464
2,1985,0.03613193249511445
2,1986,0.03630396661352788
2,1987,0.03701621654332344
2,1988,0.0365278349802489
2,1989,0.036696513324896596
2,1990,0.036756714199638885
2,1991,0.03690573907000535
2,1992,0.03641298916546102
2,1993,0.03697740392671595
2,1994,0.03606140314876329
2,1995,0.036087328498285255
2,1996,0.03691680896758117
2,1997,0.03534101733149054
2,1998,0.03582707269185136
2,1999,0.03656597675317035
2,2000,0.03712285314791527
2,2001,0.03701043986794216
2,2002,0.03745243041238704
2,2003,0.03764776392066579
2,2004,0.03696938616062267
2,2005,0.036920604413059166
2,2006,0.036369374805181924
2,2007,0.037371217420349954
2,2008,0.03722666745912712
2,2009,0.037627897379842394
2,2010,0.03696257217257182
2,2011,0.03652947317804053
2,2012,0.0369690539964977
2,2013,0.036663634182979125
2,2014,0.034243110389058494
2,2015,0.036524203103036584
2,2016,0.037697859300869496
2,2017,0.035643646530055216
2,2018,0.037507429572368405
2,2019,0.035959625741497886
2,2020,0.03465581689833621
2,2021,0.03734516191654361
2,2022,0.036319567603473685
2,2023,0.03650926443067559
2,2024,0.03571380982444122
2,2025,0.036459630090837865
2,2026,0.03758903213183707
2,2027,0.03685413325844139
2,2028,0.03503380332647151
2,2029,0.037519139135537484
2,2030,0.0367329968444035
2,2031,0.0371548335925172
2,2032,0.03779764638036206
2,2033,0.037138184646325206
2,2034,0.03772662686539682
2,2035,0.03760920109304591
2,2036,0.0379896294450251
2,2037,0.03647946476679481
2,2038,0.036538008198187893
2,2039,0.035423215164450884
2,2040,0.03717516595348359
2,2041,0.03705227263060847
2,2042,0.0356573155386784
2,2043,0.03628248828988365
2,2044,0.03672960745435278
2,2045,0.037320786150475745
2,2046,0.03702180858689719
2,2047,0.03844241053317792
2,2048,0.036334031034024605
2,2049,0.03644659162694908
2,2050,0.03675912019688774
2,2051,0.035035220358376695
2,2052,0.03663453838718387
2,2053,0.03614786416199789
2,2054,0.03556664653814948
2,2055,0.0363551663876077
2,2056,0.03789249398781788
2,2057,0.03602377139887999
2,2058,0.035842664250903496
2,2059,0.0361631060448041
2,2060,0.03755066588981465
2,2061,0.036560042579839414
2,2062,0.03635228849612032
2,2063,0.0354540226077397
2,2064,0.03770009468274877
2,2065,0.037361539632066676
2,2066,0.03669079624819182
2,2067,0.038080198128536864
2,2068,0.03729694138962373
2,2069,0.03760388270239561
2,2070,0.036234994448279524
2,2071,0.03638863645356629
2,2072,0.03599456108549901
2,2073,0.03675867819779946
2,2074,0.0376794156765334
2,2075,0.03719775599610755
2,2076,0.037704962450228724
2,2077,0.03716818820317561
2,2078,0.03837549045410606
2,2079,0.037637251601662924
2,2080,0.03605506598038535
2,2081,0.034110845705486004
2,2082,0.036950762921509804
2,2083,0.03736036110460245
2,2084,0.03694224986324513
2,2085,0.036063217075649155
2,2086,0.037324448251568165
2,2087,0.03563939407012096
2,2088,0.03653834725600758
2,2089,0.037545154437652224
2,2090,0.03611331647979472
2,2091,0.03683660024423773
2,2092,0.03367495476491945
2,2093,0.037242363519628834
2,2094,0.03705104631892789
2,2095,0.03622544794253915
2,2096,0.036128872786076606
2,2097,0.036573814031206305
2,2098,0.03837138160116819
2,2099,0.03670939586020603
2,2100,0.03698112567891391
2,2101,0.03798874716841866
2,2102,0.036304776116483
2,2103,0.03668659107079877
2,2104,0.03623747417428131
2,2105,0.0378083234455411
2,2106,0.036873941316541474
2,2107,0.03558861867045632
2,2108,0.03827339070629315
2,2109,0.0368163641249119
2,2110,0.03718429206886193
2,2111,0.03684890495219359
2,2112,0.03645115369250667
2,2113,0.03639665604703138
2,2114,0.038082907704252066
2,2115,0.0364086325967844
2,2116,0.03583436859081165
2,2117,0.03682157039558526
2,2118,0.03570032509554328
2,2119,0.03736660606819156
2,2120,0.03611845351752494
2,2121,0.03810674162594996
2,2122,0.03762608289379232
2,2123,0.03736537594949285
2,2124,0.03732863354219771
2,2125,0.037330824790007246
2,2126,0.03875054797802143
2,2127,0.03751450961800417
2,2128,0.037765851608703216
2,2129,0.036418624185675846
2,2130,0.03762946336470901
2,2131,0.03380117822983177
2,2132,0.03696283280983284
2,2133,0.037132167522907246
2,2134,0.037217870162859074
2,2135,0.03779429244550966
2,2136,0.036016547065409577
2,2137,0.03643671699424609
2,2138,0.037729023673944186
2,2139,0.035572625473257145
2,2140,0.03631513807285643
2,2141,0.03627596655288603
2,2142,0.03639469538041059
2,2143,0.03578766250143126
2,2144,0.03657641295629236
2,2145,0.03817747945455669
2,2146,0.03483713546216128
2,2147,0.03554890575339716
2,2148,0.03746256849845159
2,2149,0.035961272997935584
2,2150,0.03754236416050261
2,2151,0.037378723157062775
2,2152,0.03628411178058264
2,2153,0.037316620667398485
2,2154,0.037744169297434654
2,2155,0.0382174815806239
2,2156,0.03667268670817176
2,2157,0.03494440904690684
2,2158,0.036510879759304775
2,2159,0.035534841540310204
2,2160,0.03760195064859742
2,2161,0.037747262613084816
2,2162,0.03753900196852724
2,2163,0.03726254390112548
2,2164,0.03700198078747594
2,2165,0.035794202895029215
2,2166,0.03704362992475558
2,2167,0.03589309645684894
2,2168,0.03746512822425532
2,2169,0.03604872040692019
2,2170,0.03710794462558841
2,2171,0.03681920689635992
2,2172,0.03852778395942651
2,2173,0.03701686990668356
2,2174,0.03704357526379796
2,2175,0.03674990533299105
2,2176,0.03673204929143777
2,2177,0.037332199085843724
2,2178,0.035522327680642625
2,2179,0.03537535327429479
2,2180,0.0364328032182458
2,2181,0.03759617579922537
2,2182,0.03611122036817325
2,2183,0.03570914392899288
2,2184,0.037214883053706044
2,2185,0.0360805791464136
2,2186,0.03600166174045492
2,2187,0.036734228373100454
2,2188,0.03797153426539467
2,2189,0.03743823816655234
2,2190,0.03745924883973575
2,2191,0.036063543497504846
2,2192,0.03778516074694004
2,2193,0.03610647891324825
2,2194,0.03513224644892057
2,2195,0.0377865908995198
2,2196,0.038103487989601365
2,2197,0.03722568072145737
2,2198,0.038183301610594245
2,2199,0.03792679532855716
2,2200,0.037708490772437604
2,2201,0.03659894173740372
2,2202,0.03680390584878093
2,2203,0.03650408676270172
2,2204,0.0358181747567989
2,2205,0.035841782448876876
2,2206,0.03618145957861585
2,2207,0.03714194332479385
2,2208,0.037069091764936474
2,2209,0.03554489099737169
2,2210,0.038285578948678706
2,2211,0.03614759524212688
2,2212,0.03587178981026113
2,2213,0.037368420047003414
2,2214,0.035287067016978264
2,2215,0.03629287255464042
2,2216,0.036623661339893504
2,2217,0.03602718020852796
2,2218,0.03841585591380783
2,2219,0.03918503189409797
2,2220,0.037375889767643146
2,2221,0.036178364498718474
2,2222,0.036863463321717894
2,2223,0.03528007012671528
2,2224,0.03729588827639388
2,2225,0.03831379396917182
2,2226,0.036526079206508466
2,2227,0.03833769543283011
2,2228,0.03782316461760474
2,2229,0.03614942866503742
2,2230,0.03537066407661848
2,2231,0.0365362084407486
2,2232,0.03672100869934314
2,2233,0.03580240943729133
2,2234,0.036201100805466326
2,2235,0.037167288685133075
2,2236,0.03592389430733059
2,2237,0.03656072165670126
2,2238,0.03803172146179822
2,2239,0.03813168315491678
2,2240,0.03623654175827282
2,2241,0.036798448952938156
2,2242,0.03631169321564262
2,2243,0.03769635333542157
2,2244,0.035669242324361645
2,2245,0.037930647752138585
2,2246,0.037446429858657766
2,2247,0.03646171166416639
2,2248,0.03599635925741746
2,2249,0.038025836818965604
2,2250,0.03809440750145874
2,2251,0.03621443251487794
2,2252,0.0369467885990347
2,2253,0.036689424199697514
2,2254,0.03776494063156499
2,2255,0.03753755962520792
2,2256,0.03604201752462319
2,2257,0.036577278139685025
2,2258,0.03839588235444973
2,2259,0.03609461043447474
2,2260,0.037046882842667835
2,2261,0.03604222160387496
2,2262,0.03524612335270771
2,2263,0.036831086782408325
2,2264,0.036359572003714154
2,2265,0.03571495915535881
2,2266,0.03664026085210004
2,2267,0.0347522288178542
2,2268,0.037913011698243015
2,2269,0.036310095596134524
2,2270,0.03784510499271068
2,2271,0.03612636083442306
2,2272,0.03708043147662479
2,2273,0.03559336307499983
2,2274,0.03600940016327287
2,2275,0.03666749182991263
2,2276,0.03642846311577783
2,2277,0.03834163315950812
2,2278,0.037874859112588415
2,2279,0.03712517469877527
2,2280,0.03724197575839767
2,2281,0.03697588858615141
2,2282,0.037345934981079215
2,2283,0.034951804987511444
2,2284,0.03599816900594129
2,2285,0.03649306159516963
2,2286,0.0379723694397607
2,2287,0.03623385243407335
2,2288,0.03826661518162073
2,2289,0.037084775417592135
2,2290,0.037551330969195655
2,2291,0.03585800071287645
2,2292,0.03546433483828395
2,2293,0.03646589417367505
2,2294,0.03692579746203955
2,2295,0.036346899547264784
2,2296,0.03529360133760901
2,2297,0.035900720926954253
2,2298,0.03702500421821583
2,2299,0.035434353941587386
2,2300,0.035863167022515526
2,2301,0.036830082838918636
2,2302,0.03758035033435858
2,2303,0.03626570459438987
2,2304,0.03757714410986591
2,2305,0.03621510575219944
2,2306,0.03382875970530402
2,2307,0.036792282144132625
2,2308,0.03500885374693844
2,2309,0.036407221642803994
2,2310,0.035444050702530865
2,2311,0.03630510728820968
2,2312,0.03629539642484384
2,2313,0.03653942401879328
2,2314,0.0353628482815635
2,2315,0.03632968296466705
2,2316,0.03545143960804787
2,2317,0.035658966064188634
2,2318,0.03625031186973479
2,2319,0.03546991561001905
2,2320,0.03709123485215998
2,2321,0.03680507107037157
2,2322,0.036696169811482916
2,2323,0.037683735305727994
2,2324,0.03634836705121645
2,2325,0.03491036458489205
2,2326,0.03803018848234044
2,2327,0.037311551296198064
2,2328,0.03687755727169503
2,2329,0.03586506114152583
2,2330,0.03587945098968024
2,2331,0.03569609455389849
2,2332,0.036616577752275586
2,2333,0.03642648155562273
2,2334,0.03804910314589058
2,2335,0.03667211390237435
2,2336,0.035835673305734735
2,2337,0.03751082064036718
2,2338,0.03740789608948882
2,2339,0.03701292689163748
2,2340,0.036867622704510696
2,2341,0.03795477486630616
2,2342,0.036546455712911756
2,2343,0.03740333138570922
2,2344,0.038886175660913964
2,2345,0.03503676319632874
2,2346,0.03697430589090592
2,2347,0.0361645418922899
2,2348,0.03716296527647537
2,2349,0.03724816790142235
2,2350,0.0356338276337125
2,2351,0.03587037936320275
2,2352,0.037103552017327894
2,2353,0.03941949706157739
2,2354,0.03753747733872789
2,2355,0.035424131173380106
2,2356,0.03623773461975421
2,2357,0.03554752422386681
2,2358,0.03685297141722821
2,2359,0.0373629821632952
2,2360,0.03580721221176814
2,2361,0.0362193484074558
2,2362,0.036400846484645484
2,2363,0.036704985819393326
2,2364,0.036338974073629716
2,2365,0.03657583047971245
2,2366,0.03820798802066656
2,2367,0.0367829944408496
2,2368,0.03465990563147667
2,2369,0.03638442745586645
2,2370,0.03552893999094914
2,2371,0.03617833127651873
2,2372,0.03608914669312633
2,2373,0.03620172922400527
2,2374,0.03493641450094787
2,2375,0.034423784552748186
2,2376,0.03702693545795225
2,2377,0.03609010390261097
2,2378,0.03711339157482093
2,2379,0.03680860463910692
2,2380,0.03672318397733399
2,2381,0.03831155825842761
2,2382,0.03627478655430886
2,2383,0.03633881530667835
2,2384,0.03751303920912866
2,2385,0.036565756172654756
2,2386,0.03569407061991542
2,2387,0.035422151764661285
2,2388,0.03622067747690829
2,2389,0.03771225258531538
2,2390,0.0373715270954852
2,2391,0.036316631420822615
2,2392,0.03617548424559861
2,2393,0.03611066302999888
2,2394,0.03808922496389298
2,2395,0.03761294459600941
2,2396,0.035943488466663676
2,2397,0.03779755624296247
2,2398,0.036550494508621474
2,2399,0.03757336218688349
2,2400,0.0361680731947448
2,2401,0.036367313317992415
2,2402,0.036123059613288044
2,2403,0.03581474401405677
2,2404,0.036117554666787684
2,2405,0.03766902760526845
2,2406,0.03602719109276271
2,2407,0.037293221078680244
2,2408,0.03643558052445689
2,2409,0.036527259099827285
2,2410,0.03796274815276151
2,2411,0.03843381161289532
2,2412,0.035510829757888114
2,2413,0.03622452461335348
2,2414,0.03631673785271005
2,2415,0.03615325988691528
2,2416,0.03587718685133712
2,2417,0.03591506034016991
2,2418,0.03496326066860924
2,2419,0.036879692155996326
2,2420,0.03759820701524296
2,2421,0.03706746058572679
2,2422,0.03774754395769913
2,2423,0.036361955072009296
2,2424,0.03727790490313107
2,2425,0.03672927015974118
2,2426,0.03633395698036313
2,2427,0.03637062758109505
2,2428,0.03634554982831801
2,2429,0.035259060997693104
2,2430,0.03772643687280796
2,2431,0.03633618700517862
2,2432,0.037189396247005006
2,2433,0.03590418318553099
2,2434,0.037514477074922975
2,2435,0.036923174175766044
2,2436,0.03655858197451619
2,2437,0.03575015631114961
2,2438,0.03586224659053561
2,2439,0.03644385595203098
2,2440,0.03768170972525663
2,2441,0.03770173405227336
2,2442,0.03646879717126825
2,2443,0.03631931120510893
2,2444,0.03689325924508261
2,2445,0.03589166827732681
2,2446,0.03460899501428466
2,2447,0.037315163459391
2,2448,0.03730002956852128
2,2449,0.03871587866623528
2,2450,0.03688484905518663
2,2451,0.03614396950972599
2,2452,0.036740153478347144
2,2453,0.03884484616013143
2,2454,0.03700775353747355
2,2455,0.03536366389749585
2,2456,0.03616429397621481
2,2457,0.0367024846249639
2,2458,0.03786914859407051
2,2459,0.03650761747702048
2,2460,0.03618599165592124
2,2461,0.03773010118027315
2,2462,0.036435440198469664
2,2463,0.036115626783776826
2,2464,0.03560791525611597
2,2465,0.03784349351538733
2,2466,0.035234061049176056
2,2467,0.03699840923065525
2,2468,0.037830270876446866
2,2469,0.03514103773425484
2,2470,0.03566606558722343
2,2471,0.03658506140249499
2,2472,0.03789347431931356
2,2473,0.03761580133765036
2,2474,0.037276679306226156
2,2475,0.03548456299140033
2,2476,0.035726773735217744
2,2477,0.03550077515583259
2,2478,0.03489911316056805
2,2479,0.03697603338200772
2,2480,0.036179864650259325
2,2481,0.03702119641581018
2,2482,0.03724558549142414
2,2483,0.03506145445869465
2,2484,0.034795564424617016
2,2485,0.03689885980567174
2,2486,0.03625493751766598
2,2487,0.03532983980325367
2,2488,0.037131631137910515
2,2489,0.036320548459955866
2,2490,0.036213128851110894
2,2491,0.03704486089446423
2,2492,0.03768634144466859
2,2493,0.035669064382939854
2,2494,0.03740012620192137
2,2495,0.03747493869779473
2,2496,0.03680139640954866
2,2497,0.036137685553879195
2,2498,0.03663473688187007
2,2499,0.03647871153293808
2,2500,0.03567347677656336
2,2501,0.03694851279512595
2,2502,0.036966927377036
2,2503,0.03548563088686615
2,2504,0.03808215533295408
2,2505,0.0375904530815124
2,2506,0.03688650357689794
2,2507,0.0368130690189529
2,2508,0.03611077434914897
2,2509,0.03728519345314376
2,2510,0.03666611511586556
2,2511,0.03868353276349921
2,2512,0.03780546058630199
2,2513,0.03677122533847047
2,2514,0.03655142507795561
2,2515,0.0367141829780754
2,2516,0.03688567900045577
2,2517,0.03733606504075477
2,2518,0.03649607406755947
2,2519,0.03439044737412791
2,2520,0.03716206607670811
2,2521,0.03606921594454421
2,2522,0.03850298691913349
2,2523,0.0370040863029795
2,2524,0.03550679134752103
2,2525,0.03465643526636358
2,2526,0.03776930743141863
2,2527,0.03896061332047382
2,2528,0.03669209731009305
2,2529,0.0360779414195821
2,2530,0.038086115109911035
2,2531,0.03827021488379779
2,2532,0.036397331021429745
2,2533,0.03636600029587941
2,2534,0.03539797928477159
2,2535,0.03674669104644396
2,2536,0.03648227892323119
2,2537,0.036141784460790284
2,2538,0.036948892679934064
2,2539,0.03863840241861528
2,2540,0.037564593881814136
2,2541,0.03847669426401118
2,2542,0.035957724731937514
2,2543,0.03704207400298484
2,2544,0.037298675798728254
2,2545,0.03612019227519477
2,2546,0.03605577015623579
2,2547,0.03816573067837964
2,2548,0.03628826335903104
2,2549,0.03877305654882473
2,2550,0.037499362056846196
2,2551,0.03615010895638843
2,2552,0.034946666576268305
2,2553,0.03759315827829044
2,2554,0.03568215552200522
2,2555,0.036371858859834925
2,2556,0.03692384270692334
2,2557,0.03758076368187554
2,2558,0.038024465374738026
2,2559,0.03691835288140646
2,2560,0.036638062161229425
2,2561,0.036219193502431135
2,2562,0.03583693713192241
2,2563,0.03691582483366265
2,2564,0.0395078799334779
2,2565,0.03643576602673589
2,2566,0.03642209204729007
2,2567,0.03639724670366714
2,2568,0.03727661146813643
2,2569,0.037803963139759145
2,2570,0.03718331459847341
2,2571,0.03585431064479902
2,2572,0.03572034909635244
2,2573,0.037678414108477894
2,2574,0.03615598627267531
2,2575,0.036802924661949156
2,2576,0.037251431401537645
2,2577,0.03594810950986782
2,2578,0.03731317927137853
2,2579,0.034966228375786924
2,2580,0.035584209431102194
2,2581,0.03655246444742513
2,2582,0.035525412687014875
2,2583,0.03873922021861035
2,2584,0.037625570157140374
2,2585,0.03638148944480404
2,2586,0.03747255007494827
2,2587,0.03699273782086934
2,2588,0.037119306001352693
2,2589,0.035978095780923654
2,2590,0.03650686218618643
2,2591,0.035407175774094614
2,2592,0.03793477302632039
2,2593,0.03758016366239666
2,2594,0.036688105328815994
2,2595,0.036267739710152215
2,2596,0.03570977997151727
2,2597,0.03433283761836259
2,2598,0.03697613953910143
2,2599,0.037228982943677984
2,2600,0.03634308739212939
2,2601,0.036288606426432925
2,2602,0.03528733440397631
2,2603,0.037529504937388436
2,2604,0.03774185818358788
2,2605,0.03804867413186904
2,2606,0.038571797306370975
2,2607,0.037408833669867976
2,2608,0.03693783263301517
2,2609,0.03801729519665933
2,2610,0.036094453078460174
2,2611,0.03779278717056345
2,2612,0.03658535624364274
2,2613,0.0363478096543601
2,2614,0.03687182217399857
2,2615,0.036960341210217906
2,2616,0.038454846616394096
2,2617,0.03683247316059098
2,2618,0.03744858805324669
2,2619,0.03659967707002182
2,2620,0.03644531088447556
2,2621,0.037191332435543706
2,2622,0.03707488685570792
2,2623,0.037629439219906295
2,2624,0.035973876037136636
2,2625,0.035983675130302345
2,2626,0.03688548423577397
2,2627,0.03717183223259502
2,2628,0.03706944709624103
2,2629,0.03834471550534802
2,2630,0.035605081159377085
2,2631,0.03710334536883064
2,2632,0.03807909624005726
2,2633,0.03666717776620341
2,2634,0.037220360828246916
2,2635,0.036725708853095035
2,2636,0.036826251753425236
2,2637,0.03769964445154315
2,2638,0.03659263569677614
2,2639,0.03511998821649992
2,2640,0.03708791708706293
2,2641,0.036479427898861244
2,2642,0.03545266982531047
2,2643,0.034305719986785894
2,2644,0.03715450620968668
2,2645,0.03604448102979899
2,2646,0.03708161268927155
2,2647,0.0370589415336611
2,2648,0.03669993258187748
2,2649,0.03604430775631611
2,2650,0.036425068607203924
2,2651,0.03656091011024227
2,2652,0.036694158550917004
2,2653,0.03611144670231537
2,2654,0.03564605778360333
2,2655,0.036319829701030364
2,2656,0.035573191691513385
2,2657,0.036281884263852045
2,2658,0.03730461232702472
2,2659,0.03716024687106146
2,2660,0.03582240356558997
2,2661,0.035658365182792216
2,2662,0.03774064666013283
2,2663,0.03577605475083904
2,2664,0.03619942265516898
2,2665,0.037713626190645035
2,2666,0.03496684772925121
2,2667,0.03810855221399146
2,2668,0.0361600644011747
2,2669,0.036836697076037324
2,2670,0.037491793595137594
2,2671,0.03617643412454057
2,2672,0.036739535031701416
2,2673,0.035353980761379106
2,2674,0.036593211372461416
2,2675,0.035502524706854936
2,2676,0.03627476274196447
2,2677,0.03814715583126254
2,2678,0.03727305339251397
2,2679,0.03775440434708996
2,2680,0.03879769003231686
2,2681,0.038783612627564974
2,2682,0.03611659443283513
2,2683,0.03569230579006245
2,2684,0.036515199243242015
2,2685,0.03645268235564023
2,2686,0.03517541734218718
2,2687,0.03626245099623613
2,2688,0.03618965077031407
2,2689,0.036672341570221596
2,2690,0.036431858622206735
2,2691,0.03775126761503387
2,2692,0.036657596752632644
2,2693,0.03622366809744396
2,2694,0.03629850462288908
2,2695,0.03769326077056894
2,2696,0.035900131204126946
2,2697,0.03658527518128222
2,2698,0.035867293828684386
2,2699,0.03566200095961023
2,2700,0.036257622030124725
2,2701,0.03717082708572616
2,2702,0.03705738465933207
2,2703,0.03696494711617604
2,2704,0.036717359179019644
2,2705,0.0358560445640114
2,2706,0.038256887598196794
2,2707,0.037436995853879045
2,2708,0.03635822063327371
2,2709,0.038260977357914755
2,2710,0.03667251374254057
2,2711,0.036802968240690674
2,2712,0.03754502150390396
2,2713,0.03660926405531866
2,2714,0.036387035616839335
2,2715,0.03678955370361486
2,2716,0.03645758553195996
2,2717,0.03611464860093511
2,2718,0.03507790864421408
2,2719,0.036524742125584896
2,2720,0.037332058584988746
2,2721,0.03515898167853714
2,2722,0.037392140054041956
2,2723,0.03619376385514523
2,2724,0.035520918178936205
2,2725,0.03627924715065481
2,2726,0.03764025833926884
2,2727,0.036355610338944355
2,2728,0.03651477184475457
2,2729,0.037034343002191855
2,2730,0.03741269401531205
2,2731,0.03554954454542386
2,2732,0.036009010192122
2,2733,0.03621782916744808
2,2734,0.036729838019377674
2,2735,0.03749145826155819
2,2736,0.035930423919428016
2,2737,0.03689991788114527
2,2738,0.03616052129721495
2,2739,0.03692393655520776
2,2740,0.035717215892792975
2,2741,0.03741465554623635
2,2742,0.03802995447587052
2,2743,0.03567894668639394
2,2744,0.037782254398913924
2,2745,0.03494295390740465
2,2746,0.03572668520661202
2,2747,0.037970420771444774
2,2748,0.03750202768364492
2,2749,0.03514244882485007
2,2750,0.03602911572885916
2,2751,0.03648453005690564
2,2752,0.03622489180732765
2,2753,0.036127267567142636
2,2754,0.03756616128990978
2,2755,0.037515365096792985
2,2756,0.03648823987008241
2,2757,0.03550378402987563
2,2758,0.03645797262441624
2,2759,0.03720405720378186
2,2760,0.0349785682759458
2,2761,0.036542958982466726
2,2762,0.039337317394920156
2,2763,0.03725067918889949
2,2764,0.03649576798833854
2,2765,0.03540334449595423
2,2766,0.035451350269495974
2,2767,0.038265548392363465
2,2768,0.03813406555449869
2,2769,0.03746154096023393
2,2770,0.03689672773247466
2,2771,0.03553671904995127
2,2772,0.03825479252399939
2,2773,0.038012867224247855
2,2774,0.035218525234278576
2,2775,0.03603805385798569
2,2776,0.03657604524111497
2,2777,0.03638072638035573
2,2778,0.03634105576541135
2,2779,0.03857622126101071
2,2780,0.0365893383975107
2,2781,0.03633118353243844
2,2782,0.03658472534143254
2,2783,0.03574596024374537
2,2784,0.03615581494510345
2,2785,0.03594481188087303
2,2786,0.03746706300075354
2,2787,0.03731162743736966
2,2788,0.0357603312933177
2,2789,0.03710496485122356
2,2790,0.03739737075972515
2,2791,0.035866293121065325
2,2792,0.036609281967625744
2,2793,0.036978999568110384
2,2794,0.03805752097866199
2,2795,0.03662458873547086
2,2796,0.03579501656838285
2,2797,0.036993518647194884
2,2798,0.03678023958932392
2,2799,0.037623394474007504
2,2800,0.03811564942560502
2,2801,0.03797106428454089
2,2802,0.0361707225061931
2,2803,0.03634127364371712
2,2804,0.03671953318520041
2,2805,0.0363921875659887
2,2806,0.0379595082286972
2,2807,0.03499057951646372
2,2808,0.03649991188425458
2,2809,0.036827537625181254
2,2810,0.037738709628562316
2,2811,0.036052942952739975
2,2812,0.036832235013879
2,2813,0.03668135564530991
2,2814,0.03607747975960371
2,2815,0.03546873545931966
2,2816,0.03751073342264314
2,2817,0.035454968130411574
2,2818,0.037218151664580444
2,2819,0.03672258737747285
2,2820,0.03701407259078643
2,2821,0.036473031082332213
2,2822,0.03728119677599118
2,2823,0.03759318309687661
2,2824,0.03560314162728719
2,2825,0.036507222026349324
2,2826,0.036419383752452704
2,2827,0.0379299488818173
2,2828,0.03623125354899687
2,2829,0.038334014108274195
2,2830,0.037940098106081434
2,2831,0.03740896615481654
2,2832,0.03580241269942561
2,2833,0.03600047871959564
2,2834,0.037838831262345586
2,2835,0.03643028336122014
2,2836,0.037745983752070326
2,2837,0.036184186431693
2,2838,0.03797837711949747
2,2839,0.0360122190386023
2,2840,0.036416450469310864
2,2841,0.03732727372236214
2,2842,0.03635134689024391
2,2843,0.03727020029417891
2,2844,0.03628405375160959
2,2845,0.03665959317078072
2,2846,0.03639499772227292
2,2847,0.03583133898201252
2,2848,0.03760076096502154
2,2849,0.035478500314156856
2,2850,0.036099416784205335
2,2851,0.03688161418842737
2,2852,0.03690487052762729
2,2853,0.034932812102412725
2,2854,0.03727878682982058
2,2855,0.03702260962958859
2,2856,0.03710854734250963
2,2857,0.03734578344881126
2,2858,0.03614448727657162
2,2859,0.03701589408741531
2,2860,0.035376762817639434
2,2861,0.0359958337887042
2,2862,0.03576921586744256
2,2863,0.0375601330506344
2,2864,0.03614152969262834
2,2865,0.03667315002844517
2,2866,0.037103664954592545
2,2867,0.036155241535879706
2,2868,0.03740532291988827
2,2869,0.036099753143272566
2,2870,0.03643079488966128
2,2871,0.036717585419872883
2,2872,0.0359424754422872
2,2873,0.03697618198484521
2,2874,0.03792417294969307
2,2875,0.03626532776791817
2,2876,0.037491638542697
2,2877,0.03659127587390599
2,2878,0.03688619808437114
2,2879,0.03643288134724374
2,2880,0.03421243369793588
2,2881,0.037219096951574056
2,2882,0.037262498767191565
2,2883,0.03548867067189442
2,2884,0.03743418741611046
2,2885,0.03695573838835254
2,2886,0.03659377698450356
2,2887,0.03591844359218377
2,2888,0.036309681337436
2,2889,0.03619467750236579
2,2890,0.03655116737483257
2,2891,0.036840988817631835
2,2892,0.03775033551389398
2,2893,0.03255365461627386
2,2894,0.03715136243810391
2,2895,0.037301599003307394
2,2896,0.03770627912087673
2,2897,0.036512102208362394
2,2898,0.03699501617124992
2,2899,0.03690414988225472
2,2900,0.03720061200177566
2,2901,0.03722825442998234
2,2902,0.03570758087536047
2,2903,0.03600608906655831
2,2904,0.03646014745622649
2,2905,0.036104190140678255
2,2906,0.03599285171796945
2,2907,0.03612498866548014
2,2908,0.03633121733800873
2,2909,0.03599917267105523
2,2910,0.03805204700168426
2,2911,0.03688761787523803
2,2912,0.03550509548850628
2,2913,0.03612369350011407
2,2914,0.03591343723517116
2,2915,0.03731536562689348
2,2916,0.03719108116536531
2,2917,0.03761261580088582
2,2918,0.03579802796499864
2,2919,0.03762157845514965
2,2920,0.036801414704823864
2,2921,0.03720865194557534
2,2922,0.03655198049195064
2,2923,0.0355123217290187
2,2924,0.03769957658294707
2,2925,0.03719091866824518
2,2926,0.03708787083978863
2,2927,0.03715931132176812
2,2928,0.03851500738623114
2,2929,0.03709947780515859
2,2930,0.03783644315916574
2,2931,0.03647828034996767
2,2932,0.03636708371732736
2,2933,0.03585811559604344
2,2934,0.03754838935845738
2,2935,0.035187126969006784
2,2936,0.03810623468482747
2,2937,0.03710561380755264
2,2938,0.03624200464303289
2,2939,0.03691556853273666
2,2940,0.03748313624136187
2,2941,0.03660777441018503
2,2942,0.03753270483491251
2,2943,0.036805064047906955
2,2944,0.038186727480099596
2,2945,0.03740380150676536
2,2946,0.037934935898297086
2,2947,0.03661589053476064
2,2948,0.036577548718375874
2,2949,0.03700552185494894
2,2950,0.03662958049772707
2,2951,0.03497690287294241
2,2952,0.03620071305273753
2,2953,0.03740436756398085
2,2954,0.0359672123633882
2,2955,0.03568827550269188
2,2956,0.03685966581986708
2,2957,0.03625462877768629
2,2958,0.03677553309236586
2,2959,0.03586350954657231
2,2960,0.03665182852713502
2,2961,0.03684470148165266
2,2962,0.03627300930143077
2,2963,0.03696587338037179
2,2964,0.03639363499344848
2,2965,0.035057911576663124
2,2966,0.03767523876725082
2,2967,0.037327867963137286
2,2968,0.03781575386584483
2,2969,0.037137419337837894
2,2970,0.03707571486050276
2,2971,0.03866194548404006
2,2972,0.03653525047418945
2,2973,0.036329344665643026
2,2974,0.036598907814606306
2,2975,0.035751224946972304
2,2976,0.0373819126526056
2,2977,0.036922712650759325
2,2978,0.03614492454858633
2,2979,0.03468881842217955
2,2980,0.036660110782995074
2,2981,0.03537025167107811
2,2982,0.03576001618185743
2,2983,0.03707390550090381
2,2984,0.036562861200721414
2,2985,0.036802684427344606
2,2986,0.03504064031347743
2,2987,0.0353842663433716
2,2988,0.03702695133866004
2,2989,0.035982870120285726
2,2990,0.03752371354058023
2,2991,0.037132088473612275
2,2992,0.03744547576324999
2,2993,0.035153779744393876
2,2994,0.03653560983567611
2,2995,0.036112518026263425
2,2996,0.036791662996935655
2,2997,0.037476543977172205
2,2998,0.035583412052079745
2,2999,0.03760517262152139
2,3000,0.036775788525289586
2,3001,0.03797394458992401
2,3002,0.03833800567588597
2,3003,0.03734226430848564
2,3004,0.03659857343587863
2,3005,0.03667625178818886
2,3006,0.036082562863177244
2,3007,0.035724244208874635
2,3008,0.03714687944169311
2,3009,0.03802489684586297
2,3010,0.03707349181417124
2,3011,0.03680609754084055
2,3012,0.03799385822088457
2,3013,0.03708829909827821
2,3014,0.03652062300467995
2,3015,0.036109309793717514
2,3016,0.03569913391980761
2,3017,0.03670131163480933
2,3018,0.03741145021697623
2,3019,0.03696310064475355
2,3020,0.03711066668196512
2,3021,0.03643531766617888
2,3022,0.037985259193335764
2,3023,0.03444906305928169
2,3024,0.037607526948677784
2,3025,0.03717612911920127
2,3026,0.036603722589998146
2,3027,0.03670292722191643
2,3028,0.037219689170940984
2,3029,0.037523448536843244
2,3030,0.03673953194657364
2,3031,0.03765612466692516
2,3032,0.03588914882422257
2,3033,0.037336823471886584
2,3034,0.037372656190950315
2,3035,0.037926340716624186
2,3036,0.03601984710560549
2,3037,0.03735639874760285
2,3038,0.03736008201562387
2,3039,0.03755882104536761
2,3040,0.03720445085754857
2,3041,0.03668287174641693
2,3042,0.03460376388707362
2,3043,0.03704010308387654
2,3044,0.03834030801099352
2,3045,0.036287329451662936
2,3046,0.03601933301774377
2,3047,0.03642244922058185
2,3048,0.036420187024681604
2,3049,0.03679963824693416
2,3050,0.036440943977228774
2,3051,0.03568831510597273
2,3052,0.03712517717612549
2,3053,0.037240637729934474
2,3054,0.03791343439342368
2,3055,0.0376930735546376
2,3056,0.036632155929107284
2,3057,0.03588661954768816
2,3058,0.03647843184194808
2,3059,0.0367577962814796
2,3060,0.036811844566710966
2,3061,0.035824739008941196
2,3062,0.03799300500709476
2,3063,0.03753550935218377
2,3064,0.03781242618018297
2,3065,0.03611537964896231
2,3066,0.036560962318996644
2,3067,0.03575765343448198
2,3068,0.03678833227906403
2,3069,0.037467608681913095
2,3070,0.03667647623165623
2,3071,0.03591204544744695
2,3072,0.037946057124381545
2,3073,0.03775363239618559
2,3074,0.03685871552468296
2,3075,0.03686175518750289
2,3076,0.03513623379460052
2,3077,0.036002427024845136
2,3078,0.03659707117719154
2,3079,0.037152962411609765
2,3080,0.037961476874718965
2,3081,0.03706781491986746
2,3082,0.03724660907132213
2,3083,0.03787200359873058
2,3084,0.03619358164349023
2,3085,0.03655298121574907
2,3086,0.038105454390353254
2,3087,0.03472741886511608
2,3088,0.03713133193384665
2,3089,0.03639090656312031
2,3090,0.036700853387475744
2,3091,0.035051010840479575
2,3092,0.03744722045942514
2,3093,0.03628747178051069
2,3094,0.03683170931496298
2,3095,0.037353660348356084
2,3096,0.03696271660703846
2,3097,0.037323412409222746
2,3098,0.03729969303394215
2,3099,0.036286386020406874
2,3100,0.03721752261080118
2,3101,0.036755666502764434
2,3102,0.036343426417199676
2,3103,0.03594622971005396
2,3104,0.03754703471878428
2,3105,0.03814473319814723
2,3106,0.035845777273835394
2,3107,0.03531186492933073
2,3108,0.03642338317783256
2,3109,0.03818735309532858
2,3110,0.037044863533889194
2,3111,0.03610576812890549
2,3112,0.0379942600360943
2,3113,0.03775592525253721
2,3114,0.03516214823776173
2,3115,0.03468181241892601
2,3116,0.03720961814671681
2,3117,0.03677186342218002
2,3118,0.03743315126998508
2,3119,0.03768440079641817
2,3120,0.036160782003133524
2,3121,0.03654174546367995
2,3122,0.03705327132691811
2,3123,0.03557794258035307
2,3124,0.03713446916084675
2,3125,0.03546934894752998
2,3126,0.03637731812352999
2,3127,0.03569819022744269
2,3128,0.03563827026961972
2,3129,0.036327637604750794
2,3130,0.0358266328719413
2,3131,0.03671463506977416
2,3132,0.03800246909757382
2,3133,0.037570482545307725
2,3134,0.0357018152294212
2,3135,0.03759773045972989
2,3136,0.036931908048795
2,3137,0.03582865300141689
2,3138,0.036467654991661096
2,3139,0.03727099111324622
2,3140,0.03772418159805627
2,3141,0.03682251295612837
2,3142,0.03674116314074449
2,3143,0.03701334130182393
2,3144,0.035964691708672065
2,3145,0.03690444024732851
2,3146,0.0381393741366333
2,3147,0.03707901531579901
2,3148,0.03516214252308564
2,3149,0.03791077126158174
2,3150,0.03540994946014182
2,3151,0.03705417315066326
2,3152,0.038143741335413935
2,3153,0.03739023564909011
2,3154,0.0370660482105071
2,3155,0.03694169326987359
2,3156,0.03703979410476818
2,3157,0.03773051649878617
2,3158,0.03565267523606059
2,3159,0.0356427080858348
2,3160,0.036964843389447104
2,3161,0.03722224351860275
2,3162,0.03759286093521439
2,3163,0.0369010201646307
2,3164,0.03708128742680514
2,3165,0.03758644202185238
2,3166,0.036885912974792455
2,3167,0.03826614679323384
2,3168,0.03814008638313296
2,3169,0.0357515892240353
2,3170,0.038155937579896354
2,3171,0.0373178454311112
2,3172,0.03685666839533871
2,3173,0.03660680978751843
2,3174,0.03614585751611785
2,3175,0.03740088510034764
2,3176,0.03736601182755412
2,3177,0.0373157179791
2,3178,0.03568959505202874
2,3179,0.03690319665484087
2,3180,0.035562375260003616
2,3181,0.03655662383526013
2,3182,0.0371418037823362
2,3183,0.03642577365098019
2,3184,0.03638250189597123
2,3185,0.03648662695408778
2,3186,0.037181818537130214
2,3187,0.03506994530447591
2,3188,0.03793164370555208
2,3189,0.03833781495839217
2,3190,0.03759402245679327
2,3191,0.037497139187102624
2,3192,0.03668401909185869
2,3193,0.036006299475370096
2,3194,0.03649552741511041
2,3195,0.03529055717934546
2,3196,0.03635426723514201
2,3197,0.03751254905175216
2,3198,0.03697445421633408
2,3199,0.03787394975925574
2,3200,0.037122134368053526
2,3201,0.03739654416315683
2,3202,0.03748492336187023
2,3203,0.03861846172662218
2,3204,0.037350949778561356
2,3205,0.03592818873051912
2,3206,0.03737007255036658
2,3207,0.03588370610794661
2,3208,0.036251081966835096
2,3209,0.037590286869622125
2,3210,0.03456576306128898
2,3211,0.03744030746613224
2,3212,0.03866893104726943
2,3213,0.03674702115780843
2,3214,0.035878023123715796
2,3215,0.037238704594721
2,3216,0.036057126375876214
2,3217,0.03838162807158462
2,3218,0.03801758527086604
2,3219,0.03725485145849294
2,3220,0.03521557126730071
2,3221,0.03730516000565898
2,3222,0.03639915991268571
2,3223,0.037547830876305206
2,3224,0.03779647843279807
2,3225,0.035216680967280915
2,3226,0.03609812181389694
2,3227,0.03662100717345543
2,3228,0.03780300778646561
2,3229,0.03614652840894677
2,3230,0.03679195416267403
2,3231,0.03770405907924059
2,3232,0.037479522208393956
2,3233,0.03525793789297227
2,3234,0.03670636259221668
2,3235,0.038083873260529054
2,3236,0.036343327556473466
2,3237,0.03747406654618756
2,3238,0.03571912132158387
2,3239,0.036489275281653195
2,3240,0.038173058427641814
2,3241,0.037330854509481974
2,3242,0.03743352125522283
2,3243,0.037366417158473636
2,3244,0.03575004831679929
2,3245,0.0365477928074018
2,3246,0.03660599680741724
2,3247,0.03736531105550863
2,3248,0.03748182240718991
2,3249,0.03627335940950649
2,3250,0.03756419787714748
2,3251,0.03425263074285861
2,3252,0.03724986188388882
2,3253,0.037116839778242365
2,3254,0.035483563504261656
2,3255,0.03732716240236416
2,3256,0.03824391061038058
2,3257,0.0372805199215245
2,3258,0.036998003314142054
2,3259,0.03661450486870002
2,3260,0.03580407701655965
2,3261,0.03741862065278718
2,3262,0.03946675428286728
2,3263,0.03531660520773322
2,3264,0.036454288214210644
2,3265,0.03625388228078157
2,3266,0.03672691401638581
2,3267,0.035371024421413454
2,3268,0.038370974909206906
2,3269,0.03620075812734335
2,3270,0.03429889544938578
2,3271,0.036235142897325136
2,3272,0.03692331099987021
2,3273,0.03778338526961907
2,3274,0.037098637054182475
2,3275,0.03713510990018734
2,3276,0.03777119150020652
2,3277,0.036172341704597814
2,3278,0.03650362412080733
2,3279,0.036633282324772205
2,3280,0.037822657820722506
2,3281,0.03570533666832091
2,3282,0.03733468256208459
2,3283,0.037655071020090726
2,3284,0.03822119207379168
2,3285,0.03559405659752285
2,3286,0.03540542675857164
2,3287,0.03606845605854251
2,3288,0.03557985477304524
2,3289,0.03633482388853085
2,3290,0.036256994854695496
2,3291,0.03592514852174408
2,3292,0.03864867542384976
2,3293,0.03708346910483759
2,3294,0.03617686043220306
2,3295,0.03836043422634272
2,3296,0.037000763215327685
2,3297,0.037975562126221996
2,3298,0.03601696514539976
2,3299,0.036914507259473796
2,3300,0.03639684462963801
2,3301,0.03652454179888317
2,3302,0.03652634093007117
2,3303,0.036256535227783604
2,3304,0.03779011963646614
2,3305,0.03613657922196698
2,3306,0.036705164553832915
2,3307,0.03684839756576886
2,3308,0.03654611680754508
2,3309,0.03696465000832897
2,3310,0.038174741858158
2,3311,0.03685916959166155
2,3312,0.03643821471397423
2,3313,0.03735563392365307
2,3314,0.03748119954875149
2,3315,0.03741792736920758
2,3316,0.03864991328561924
2,3317,0.037389073620801454
2,3318,0.03653730609665825
2,3319,0.03746129558986679
2,3320,0.038114455079443665
2,3321,0.03603713220846814
2,3322,0.03789501221569944
2,3323,0.038038932644067276
2,3324,0.03618160303428969
2,3325,0.03577182537564882
2,3326,0.036883083779554855
2,3327,0.03686279063922318
2,3328,0.03727466169357386
2,3329,0.03572516561923315
2,3330,0.03625306462626194
2,3331,0.038838535077618114
2,3332,0.03638466368521532
2,3333,0.035537206350245105
2,3334,0.03697933921564056
2,3335,0.037374351868666854
2,3336,0.036309364490853376
2,3337,0.03780489043565063
2,3338,0.037376671995088734
2,3339,0.03621178071329034
2,3340,0.0381839798021086
2,3341,0.03609204251721796
2,3342,0.037433708950274265
2,3343,0.03740874191469242
2,3344,0.037419473101192986
2,3345,0.03703718630662928
2,3346,0.03677714790978959
2,3347,0.03879090623032381
2,3348,0.03685009202015383
2,3349,0.0363031437632352
2,3350,0.03761094146290159
2,3351,0.03622901071443113
2,3352,0.03709530081295328
2,3353,0.03552031942653336
2,3354,0.03656791508463341
2,3355,0.036891246716242915
2,3356,0.037028095830977416
2,3357,0.037565882133005
2,3358,0.0364611955304627
2,3359,0.03589720959752154
2,3360,0.03651021318034117
2,3361,0.036808960602107206
2,3362,0.03827469575800913
2,3363,0.035743638873629933
2,3364,0.03646993853273806
2,3365,0.03690262340916281
2,3366,0.03660382140764352
2,3367,0.03692524590425683
2,3368,0.03676783543240599
2,3369,0.03674093449759719
2,3370,0.03729332921736208
2,3371,0.03678943784029722
2,3372,0.03724692447892505
2,3373,0.03588016054993981
2,3374,0.03442346392478951
2,3375,0.03680781367704431
2,3376,0.037751688457917966
2,3377,0.036599515316857296
2,3378,0.03727480037988911
2,3379,0.03647045846733954
2,3380,0.036008949394263266
2,3381,0.03501452681220884
2,3382,0.03632906922942855
2,3383,0.037798906558059425
2,3384,0.03678984778009748
2,3385,0.03686472443473054
2,3386,0.03661879382953335
2,3387,0.038727439443418527
2,3388,0.03800691725620442
2,3389,0.03546853372691852
2,3390,0.03636975010047646
2,3391,0.03697355999136662
2,3392,0.03694597897460736
2,3393,0.03615337597504064
2,3394,0.03499249734025939
2,3395,0.036887260355715275
2,3396,0.036006382350754824
2,3397,0.037184963527166194
2,3398,0.03721565271650087
2,3399,0.03717283229913615
2,3400,0.0365412580358782
2,3401,0.036970032451562246
2,3402,0.03652161317870031
2,3403,0.03663681218994878
2,3404,0.03796095620602662
2,3405,0.03717661798767721
2,3406,0.0373804534695151
2,3407,0.03592633906998317
2,3408,0.03696183303411841
2,3409,0.03891718295770619
2,3410,0.03615109270619599
2,3411,0.0369144381695957
2,3412,0.0383744252266121
2,3413,0.0377770320960635
2,3414,0.036380256616157486
2,3415,0.036353453977204374
2,3416,0.03679206859303596
2,3417,0.0365660089687884
2,3418,0.036550843733516525
2,3419,0.03765688459447838
2,3420,0.038092580191027035
2,3421,0.03686093907983298
2,3422,0.03510487045338647
2,3423,0.03685231380693164
2,3424,0.0365438698251861
2,3425,0.036713409551295116
2,3426,0.03766799080363015
2,3427,0.03877996079899543
2,3428,0.03673088118072924
2,3429,0.03594111751106039
2,3430,0.037956196027613714
2,3431,0.038504705462786615
2,3432,0.03694624615482508
2,3433,0.03570728309456453
2,3434,0.03755574820183696
2,3435,0.03624660320051185
2,3436,0.036029321936842836
2,3437,0.036538977754572495
2,3438,0.037041143097463654
2,3439,0.03701593264131751
2,3440,0.0369158653712263
2,3441,0.036616825438676205
2,3442,0.03721590971606012
2,3443,0.03725085941796621
2,3444,0.03757047515368575
2,3445,0.03656388928994056
2,3446,0.03511883280991315
2,3447,0.03863688050278541
2,3448,0.03639037963132594
2,3449,0.03666078173336626
2,3450,0.036986747487553644
2,3451,0.03697030044827391
2,3452,0.03703283656989495
2,3453,0.03630544248138751
2,3454,0.03618461189908037
2,3455,0.036098712308321894
2,3456,0.03719767126662954
2,3457,0.03730369250893153
2,3458,0.03509140104626588
2,3459,0.03643409054773098
2,3460,0.03717018399391898
2,3461,0.037425920264330115
2,3462,0.03599860431861163
2,3463,0.03446643881653213
2,3464,0.037255476727351355
2,3465,0.037237988025781134
2,3466,0.03665062499089012
2,3467,0.038330522952184136
2,3468,0.03582253573315209
2,3469,0.0359478183032288
2,3470,0.0354520190744087
2,3471,0.0357554655296461
2,3472,0.036720003475531414
2,3473,0.03534183025008944
2,3474,0.03703638690372943
2,3475,0.03747645955095264
2,3476,0.036574183309808155
2,3477,0.03598679725721086
2,3478,0.03778833101133084
2,3479,0.03723298160264334
2,3480,0.037167339646396874
2,3481,0.03738252205722483
2,3482,0.03719205954916233
2,3483,0.03783562912498568
2,3484,0.037171416443303296
2,3485,0.0369995249545412
2,3486,0.037646525447236436
2,3487,0.036282671621748225
2,3488,0.037887861196349716
2,3489,0.03556156177246663
2,3490,0.037911001954387284
2,3491,0.03646832555679124
2,3492,0.03659199424522183
2,3493,0.037124044428181034
2,3494,0.0380254032689174
2,3495,0.03627069711383063
2,3496,0.036256631792993536
2,3497,0.03654143000988024
2,3498,0.034802333855944355
2,3499,0.03482096446618569
2,3500,0.03675296658189394
2,3501,0.035252588348524155
2,3502,0.03777479941055975
2,3503,0.03652603649238061
2,3504,0.03709997629769248
2,3505,0.03566600438649997
2,3506,0.0372063102355214
2,3507,0.03551021122978512
2,3508,0.038106677135246486
2,3509,0.03523482494273442
2,3510,0.03807336792696664
2,3511,0.036054516466465146
2,3512,0.03656687630867712
2,3513,0.03713334378614879
2,3514,0.03671973897842709
2,3515,0.03648321146773043
2,3516,0.03913978861264598
2,3517,0.03666755047340104
2,3518,0.036540891655268665
2,3519,0.03775872050211058
2,3520,0.036969249247829745
2,3521,0.03704769513085735
2,3522,0.03780781235302322
2,3523,0.03737529379351986
2,3524,0.038557282030197454
2,3525,0.036800616758070365
2,3526,0.03635987605507804
2,3527,0.03772772902309298
2,3528,0.03636394022933929
2,3529,0.036225347377291335
2,3530,0.03807339677259373
2,3531,0.037255687497988486
2,3532,0.037001808529673615
2,3533,0.035596771032456204
2,3534,0.035939745232517945
2,3535,0.035223287316134
2,3536,0.03737250529000166
2,3537,0.03765381719694893
2,3538,0.03722420901697904
2,3539,0.03543522890534118
2,3540,0.03716904118593011
2,3541,0.03658757949903101
2,3542,0.03767974619806308
2,3543,0.036937382367343015
2,3544,0.03654310043257703
2,3545,0.03782811864963606
2,3546,0.037658450688893376
2,3547,0.03724652294182645
2,3548,0.03673105351198567
2,3549,0.03700786238196644
2,3550,0.037184960732811106
2,3551,0.036269954537488124
2,3552,0.03736676202145157
2,3553,0.03463876912997003
2,3554,0.0371401562949158
2,3555,0.036925193125339574
2,3556,0.035465794834423185
2,3557,0.03679786269933679
2,3558,0.037420794526571426
2,3559,0.03560038861149095
2,3560,0.03723099571137314
2,3561,0.037459645264580815
2,3562,0.03677694308757822
2,3563,0.037705395891865695
2,3564,0.03604088922618113
2,3565,0.035889259521134836
2,3566,0.03570129423789889
2,3567,0.03757504218112184
2,3568,0.03700416359206573
2,3569,0.0356439322302384
2,3570,0.03579188275047479
2,3571,0.03662300894157038
2,3572,0.03661336237791624
2,3573,0.035880779987904066
2,3574,0.038350264920711356
2,3575,0.03651095490228288
2,3576,0.03537894151625246
2,3577,0.036535375384017105
2,3578,0.036859825606774387
2,3579,0.03778681276718807
2,3580,0.037891263362222906
2,3581,0.035001866596757004
2,3582,0.0364960106507153
2,3583,0.03763146730139027
2,3584,0.03693718497079573
2,3585,0.0368230284027424
2,3586,0.03541855107164855
2,3587,0.03675315363488796
2,3588,0.0365728046963243
2,3589,0.03638190782005824
2,3590,0.03660792175184671
2,3591,0.036114125092448435
2,3592,0.03684015096527266
2,3593,0.03791515945417593
2,3594,0.03900441496148833
2,3595,0.03726610623612025
2,3596,0.03632040991276251
2,3597,0.038166183490505746
2,3598,0.035211956753677644
2,3599,0.038181048668110784
2,3600,0.03717308940483535
2,3601,0.0360128633351661
2,3602,0.03707276478477412
2,3603,0.03801993132178056
2,3604,0.036323958270047925
2,3605,0.03702879650935772
2,3606,0.03765445358048975
2,3607,0.037173640994124964
2,3608,0.03835439452148651
2,3609,0.03671949744424429
2,3610,0.03587696113088376
2,3611,0.03563321773271568
2,3612,0.03611610900491596
2,3613,0.03646339168853622
2,3614,0.03724007093906482
2,3615,0.03683329469956272
2,3616,0.03727905504492491
2,3617,0.03758129291488063
2,3618,0.03581695381450877
2,3619,0.037771711383465356
2,3620,0.03641239955121306
2,3621,0.03749918153696331
2,3622,0.03605626395606007
2,3623,0.03705464500750357
2,3624,0.03582981101770465
2,3625,0.03677266360030823
2,3626,0.03907061331027262
2,3627,0.03649368131726563
2,3628,0.03800215950957558
2,3629,0.036011879668278936
2,3630,0.03757396886359432
2,3631,0.03673567738048398
2,3632,0.036911594320454266
2,3633,0.03539448803842198
2,3634,0.03606610313340583
2,3635,0.03752065732741183
2,3636,0.03705238182598206
2,3637,0.03745533623975386
2,3638,0.03747779056359927
2,3639,0.0361549570262672
2,3640,0.03717398533187815
2,3641,0.03648432632810048
2,3642,0.037676117221446974
2,3643,0.03650259851414281
2,3644,0.037509588042885234
2,3645,0.033913155085534885
2,3646,0.03767104133590476
2,3647,0.036194723108622893
2,3648,0.035730198862374794
2,3649,0.03625881006155029
2,3650,0.036446899923415065
2,3651,0.035455186931860755
2,3652,0.03647790584702506
2,3653,0.03658592214200873
2,3654,0.03718736667159552
2,3655,0.036295933694083606
2,3656,0.03720069016799237
2,3657,0.035959791234346755
2,3658,0.03737121434290334
2,3659,0.036243232115156586
2,3660,0.037348641880342794
2,3661,0.03668656483511626
2,3662,0.03813599878222288
2,3663,0.03664372723452311
2,3664,0.03701772142578493
2,3665,0.03672404561077149
2,3666,0.036338084724860525
2,3667,0.03706996506232393
2,3668,0.03680915464466585
2,3669,0.036219247113159235
2,3670,0.036831748807729485
2,3671,0.03438435861435405
2,3672,0.037271726857349086
2,3673,0.037300770820137864
2,3674,0.03842175305694759
2,3675,0.03753814206432048
2,3676,0.03613719835629325
2,3677,0.036159687448657656
2,3678,0.037359933296008646
2,3679,0.03690248752017903
2,3680,0.03640791163476451
2,3681,0.036866793119843776
2,3682,0.0366817362938815
2,3683,0.03779267089923887
2,3684,0.03734294875747964
2,3685,0.03792714730709082
2,3686,0.0372969210845013
2,3687,0.03612954501866025
2,3688,0.03562206441120766
2,3689,0.03758271055803869
2,3690,0.03765029668320585
2,3691,0.037063536806519075
2,3692,0.03688349440128889
2,3693,0.03799833567894145
2,3694,0.03756264037168358
2,3695,0.03553116636940335
2,3696,0.03689188547046519
2,3697,0.03643152653990356
2,3698,0.03722617301700696
2,3699,0.03558267938014854
2,3700,0.03813592211509718
2,3701,0.03682284629173204
2,3702,0.036931988134449395
2,3703,0.036957751399226656
2,3704,0.035899265670623216
2,3705,0.03542549108560746
2,3706,0.037961398961754815
2,3707,0.03713216550535751
2,3708,0.0368183132261325
2,3709,0.03679377136396225
2,3710,0.03627522529254507
2,3711,0.03621868494828023
2,3712,0.036212380181597725
2,3713,0.035878366920511696
2,3714,0.035544989767237876
2,3715,0.03708799030713192
2,3716,0.03613665654391219
2,3717,0.035945891109541654
2,3718,0.034694300977475175
2,3719,0.03758065838251667
2,3720,0.03517809009033455
2,3721,0.03621116659799286
2,3722,0.03654424834279151
2,3723,0.03664366864205673
2,3724,0.03466013079756557
2,3725,0.03527415134169388
2,3726,0.036039113581589816
2,3727,0.03719088434688734
2,3728,0.037098596002459995
2,3729,0.03797212705213306
2,3730,0.037798158229981754
2,3731,0.03585819960776846
2,3732,0.036006084562063646
2,3733,0.037563606130747385
2,3734,0.03636734361368547
2,3735,0.036131089942399
2,3736,0.03739518514170718
2,3737,0.0358636701813272
2,3738,0.03678913793479926
2,3739,0.03766739775952824
2,3740,0.03682406981586314
2,3741,0.03597421702604986
2,3742,0.0369568103476931
2,3743,0.03635275385336823
2,3744,0.037082831483738254
2,3745,0.03665512401763579
2,3746,0.03700453459656015
2,3747,0.03681918176109806
2,3748,0.03564857436514434
2,3749,0.03751154648497129
2,3750,0.03696158935286641
2,3751,0.037854848075168784
2,3752,0.036331752628984824
2,3753,0.03843198004092415
2,3754,0.03597410553871127
2,3755,0.03675914243272623
2,3756,0.037657789360656134
2,3757,0.03665608642373189
2,3758,0.036260345362353
2,3759,0.03562527640341284
2,3760,0.03625452385074244
2,3761,0.03568792781683646
2,3762,0.03699804875808126
2,3763,0.03741688871902887
2,3764,0.036691197166039885
2,3765,0.03603856554323497
2,3766,0.03489406312554313
2,3767,0.03840404590050558
2,3768,0.035273929526948716
2,3769,0.03774117606716972
2,3770,0.03777478812818278
2,3771,0.03618138530101548
2,3772,0.03830684928846966
2,3773,0.03520791873742249
2,3774,0.036831215082340746
2,3775,0.03480643901367675
2,3776,0.03689884887395694
2,3777,0.03622681956349949
2,3778,0.03712083184263729
2,3779,0.03720734687012792
2,3780,0.03624580844292771
2,3781,0.03571245311589161
2,3782,0.03715617099882082
2,3783,0.03782576774306002
2,3784,0.03592314467517493
2,3785,0.03601989423581201
2,3786,0.03616006828935573
2,3787,0.03665660174225475
2,3788,0.03627058151803583
2,3789,0.0369849358278741
2,3790,0.03669762152751982
2,3791,0.037076344734498966
2,3792,0.038841317016784865
2,3793,0.03620437185308411
2,3794,0.03736121508951532
2,3795,0.03575983303182136
2,3796,0.0362901881788785
2,3797,0.036654970421650536
2,3798,0.03608113084005727
2,3799,0.03772000797128564
2,3800,0.036891391653670176
2,3801,0.036828899033559785
2,3802,0.03570584504203397
2,3803,0.03589936634199231
2,3804,0.038189439432154686
2,3805,0.03551759986274641
2,3806,0.036774834521217464
2,3807,0.036643492275216794
2,3808,0.03755595082725154
2,3809,0.03742660166517156
2,3810,0.037249188399968026
2,3811,0.03543752118459876
2,3812,0.036559329920853124
2,3813,0.03669967213919014
2,3814,0.03592636961279613
2,3815,0.036500960932135146
2,3816,0.037153624705474515
2,3817,0.03650644972574007
2,3818,0.036912732602799196
2,3819,0.03571141945752471
2,3820,0.03566386406577322
2,3821,0.03474396378112976
2,3822,0.03700840285732324
2,3823,0.03599091801949092
2,3824,0.03747343006561476
2,3825,0.03636169230341791
2,3826,0.036243441830189065
2,3827,0.0365411095260689
2,3828,0.037230988856883786
2,3829,0.03756722492120607
2,3830,0.03726988645540059
2,3831,0.03637700545726836
2,3832,0.038895227803929594
2,3833,0.03704975671334627
2,3834,0.03559954360001976
2,3835,0.03822087497862423
2,3836,0.036975098538359195
2,3837,0.03625585734607172
2,3838,0.03665844781799928
2,3839,0.037693046339087655
2,3840,0.03633469883623657
2,3841,0.0377616405386281
2,3842,0.036356106385947405
2,3843,0.03629759276480191
2,3844,0.03562574883705174
2,3845,0.038022125585800905
2,3846,0.03732433306409096
2,3847,0.03548468381862066
2,3848,0.03727097733946891
2,3849,0.036816904349390084
2,3850,0.036428262746404046
2,3851,0.03655998035813898
2,3852,0.037152184819689495
2,3853,0.03659705967104862
2,3854,0.035658009040557936
2,3855,0.036954968404515176
2,3856,0.03570945557702401
2,3857,0.03863376710858262
2,3858,0.035895478393769886
2,3859,0.03737781333549425
2,3860,0.035890716261567895
2,3861,0.03589431316039678
2,3862,0.03845459190874164
2,3863,0.03699053593542496
2,3864,0.03724835765740287
2,3865,0.0371053717504145
2,3866,0.03636782917225046
2,3867,0.036601107177665536
2,3868,0.03629111962897608
2,3869,0.03589214461210513
2,3870,0.0368431444138633
2,3871,0.03696453021100854
2,3872,0.03568233040956644
2,3873,0.036370187652216744
2,3874,0.03790168365285677
2,3875,0.035400766040212216
2,3876,0.036459636541421626
2,3877,0.038089329538932376
2,3878,0.03740003213129131
2,3879,0.03758985223324957
2,3880,0.038026215185885955
2,3881,0.03630391325546641
2,3882,0.03624363894048054
2,3883,0.03664193686079944
2,3884,0.0369975080424374
2,3885,0.036985849974290275
2,3886,0.03738923389271893
2,3887,0.03792596398358721
2,3888,0.03787005174236165
2,3889,0.03664838645255478
2,3890,0.036948975055048607
2,3891,0.03632095048430617
2,3892,0.03721051852476592
2,3893,0.03605572393437274
2,3894,0.03580387201889057
2,3895,0.03736929027109168
2,3896,0.037518174767610185
2,3897,0.03780217135150358
2,3898,0.036468528003569735
2,3899,0.03817410771432451
2,3900,0.03677913239202166
2,3901,0.037100745304989864
2,3902,0.03800993999188971
2,3903,0.03516455047944264
2,3904,0.035976730064187216
2,3905,0.03834953850207865
2,3906,0.03447061154971178
2,3907,0.03802165570094515
2,3908,0.037251388424856695
2,3909,0.03507392513303461
2,3910,0.036885428518209105
2,3911,0.037702377746434756
2,3912,0.036495616101472665
2,3913,0.03640041950456623
2,3914,0.03649344729150409
2,3915,0.03738811849416387
2,3916,0.03745818568903506
2,3917,0.035641592192856314
2,3918,0.03743198595661027
2,3919,0.0349543809952877
2,3920,0.03694664735180498
2,3921,0.03605243604713935
2,3922,0.037299707442197925
2,3923,0.037123870586163676
2,3924,0.036015418111335906
2,3925,0.03733326623996985
2,3926,0.0370778949077371
2,3927,0.03607146889791566
2,3928,0.03646456585377908
2,3929,0.03804591834389718
2,3930,0.035470538723054945
2,3931,0.03655092651843881
2,3932,0.03592461124159735
2,3933,0.03785736553932929
2,3934,0.03738211241668563
2,3935,0.037762358571891676
2,3936,0.035919200228333
2,3937,0.036275351463236266
2,3938,0.03517595714188145
2,3939,0.03620413014817495
2,3940,0.03601636202671915
2,3941,0.035851466434623204
2,3942,0.036314750230884624
2,3943,0.03695861844066933
2,3944,0.03650270309831379
2,3945,0.034898925222105755
2,3946,0.03748560920250918
2,3947,0.035253552364375586
2,3948,0.03750272050876105
2,3949,0.03737697892719832
2,3950,0.037019295614185675
2,3951,0.03731905174483547
2,3952,0.0364034464340921
2,3953,0.03695400725913079
2,3954,0.035511488314693945
2,3955,0.03669523590161424
2,3956,0.03807471451473207
2,3957,0.036771157338291234
2,3958,0.03694043495802104
2,3959,0.03644902261849308
2,3960,0.03742669276541837
2,3961,0.03760330425029324
2,3962,0.036550970238763664
2,3963,0.038071041269666116
2,3964,0.03640090536207732
2,3965,0.036819814975506814
2,3966,0.03438534705385008
2,3967,0.037149752318407885
2,3968,0.03631383586372421
2,3969,0.03814886368084774
2,3970,0.03703535519802669
2,3971,0.0365299527041478
2,3972,0.03620788711616923
2,3973,0.03786237583099287
2,3974,0.03679739099248583
2,3975,0.037007651723324105
2,3976,0.03670240052563431
2,3977,0.03664660097754747
2,3978,0.038449272409057815
2,3979,0.03866811516652919
2,3980,0.03572446536500387
2,3981,0.036706528245228055
2,3982,0.03684125325199594
2,3983,0.037475439031031864
2,3984,0.036977330140710196
2,3985,0.03794237379076613
2,3986,0.03636140249609034
2,3987,0.035817467811010396
2,3988,0.03836944571114151
2,3989,0.03689024162261745
2,3990,0.03632937048530857
2,3991,0.03816933430848763
2,3992,0.035912410773405345
2,3993,0.036523376318434525
2,3994,0.03655817111753376
2,3995,0.03782954374536331
2,3996,0.03417696972439074
2,3997,0.036767395515954565
2,3998,0.03568734137888017
2,3999,0.03675131423165509
2,4000,0.0361071529966879
2,4001,0.03661152797243086
2,4002,0.037339664865004375
2,4003,0.036168581868535415
2,4004,0.03756885768055888
2,4005,0.034892659562996316
2,4006,0.03865876901364346
2,4007,0.03771173931844931
2,4008,0.03705155407500157
2,4009,0.036790429554441124
2,4010,0.03602210991814433
2,4011,0.037573895003775316
2,4012,0.03640196341899681
2,4013,0.036516985258864036
2,4014,0.03517577764337562
2,4015,0.035557431800842663
2,4016,0.03610741469339584
2,4017,0.0364748630650551
2,4018,0.03573501581685611
2,4019,0.0364427192961758
2,4020,0.03587530715987172
2,4021,0.03626199729377899
2,4022,0.03519933405446209
2,4023,0.037280056345798805
2,4024,0.035716476893256334
2,4025,0.03662332251112177
2,4026,0.03679524856084892
2,4027,0.03686218069592032
2,4028,0.03717144930177479
2,4029,0.03686834916431717
2,4030,0.03814080611478827
2,4031,0.03683845548642876
2,4032,0.03780376797118681
2,4033,0.03774458644704412
2,4034,0.03694489807599901
2,4035,0.03613616268554249
2,4036,0.03720457880626141
2,4037,0.036807773758175955
2,4038,0.03694157722340447
2,4039,0.03706633371254556
2,4040,0.03717420573945359
2,4041,0.03552688643007788
2,4042,0.036948741425788106
2,4043,0.036290395450280316
2,4044,0.03677565008198334
2,4045,0.03679006770862692
2,4046,0.03562232345462699
2,4047,0.03801430936654696
2,4048,0.03720853725913475
2,4049,0.03729655700400137
2,4050,0.035881387212848136
2,4051,0.03713379672954106
2,4052,0.03807988287601277
2,4053,0.03470691414721755
2,4054,0.038848035023518614
2,4055,0.03657751129415062
2,4056,0.03799704839614446
2,4057,0.03607489418046844
2,4058,0.036746657381438556
2,4059,0.03688521392594251
2,4060,0.037140461196677105
2,4061,0.03579909656124101
2,4062,0.03778320656234908
2,4063,0.0381956692829066
2,4064,0.03527174618309014
2,4065,0.03854186236116298
2,4066,0.03715024804806777
2,4067,0.03806632228796101
2,4068,0.038717989487703636
2,4069,0.03801561370627956
2,4070,0.03576975665824605
2,4071,0.03698434076039291
2,4072,0.03617686097762523
2,4073,0.03536267725774339
2,4074,0.03698257235472522
2,4075,0.03571722334878017
2,4076,0.036847830658868715
2,4077,0.03708134849280497
2,4078,0.038176402200408986
2,4079,0.0374796207784818
2,4080,0.039206394493040926
2,4081,0.03587801253749154
2,4082,0.03743522680131097
2,4083,0.035859922346075934
2,4084,0.03666344583852794
2,4085,0.03685991270025013
2,4086,0.03617201420860223
2,4087,0.035431042787576215
2,4088,0.03732237756904138
2,4089,0.03464843502123402
2,4090,0.03691582871393987
2,4091,0.03579719309771073
2,4092,0.03566889452423414
2,4093,0.03735295394980175
2,4094,0.03619266971593369
2,4095,0.03741976322402479
2,4096,0.03688554678802088
2,4097,0.038658891309683495
2,4098,0.03631919398318559
2,4099,0.03656528339893717
2,4100,0.03674617310692191
2,4101,0.036495367841423675
2,4102,0.037958494240575624
2,4103,0.03674049303144556
2,4104,0.038287522494674854
2,4105,0.036493226062466716
2,4106,0.0346918963356925
2,4107,0.03607128194694623
2,4108,0.038351438051537755
2,4109,0.03704097929912961
2,4110,0.03651269886118307
2,4111,0.03743768946443307
2,4112,0.035878399478955623
2,4113,0.03890561720772687
2,4114,0.03558243682333629
2,4115,0.036682105394203524
2,4116,0.037580926463446955
2,4117,0.03657377657257036
2,4118,0.03692505216977059
2,4119,0.03679661789431649
2,4120,0.037328152650080076
2,4121,0.03864164540908354
2,4122,0.03528584413546627
2,4123,0.03537012903894923
2,4124,0.036325349765552385
2,4125,0.03525065905601182
2,4126,0.03540124003766284
2,4127,0.03632091359946829
2,4128,0.03617703207669561
2,4129,0.03608093667102238
2,4130,0.037101561647065955
2,4131,0.03618291463745372
2,4132,0.037019507316102034
2,4133,0.03580968839290708
2,4134,0.037050833939308636
2,4135,0.035214160144180294
2,4136,0.03726102143844814
2,4137,0.03539149805664424
2,4138,0.036987733734595844
2,4139,0.03699277966456641
2,4140,0.03595703212049573
2,4141,0.03709069936085238
2,4142,0.03703300966423707
2,4143,0.036497225159768054
2,4144,0.03736576028555605
2,4145,0.0373716913709625
2,4146,0.03661556786502846
2,4147,0.03609206326522869
2,4148,0.035974690544781314
2,4149,0.03545144409602655
2,4150,0.0373310220066139
2,4151,0.03765907080808197
2,4152,0.03617843196285001
2,4153,0.037127000695257435
2,4154,0.03686463909090395
2,4155,0.03760042974088792
2,4156,0.03689743526775465
2,4157,0.036868335244377604
2,4158,0.037917522363451084
2,4159,0.03687776208772598
2,4160,0.03710292291025269
2,4161,0.03698598747125209
2,4162,0.03748105260464151
2,4163,0.03659957344255873
2,4164,0.036362233587174074
2,4165,0.035668151751481796
2,4166,0.037438545856707174
2,4167,0.03555084411665202
2,4168,0.036806375794084016
2,4169,0.03679740155477537
2,4170,0.03605387285685569
2,4171,0.03889425879545832
2,4172,0.03623951571558576
2,4173,0.03826387623656762
2,4174,0.037002601177642924
2,4175,0.03513516177989029
2,4176,0.03834273691247636
2,4177,0.0366792685418971
2,4178,0.03680492390770055
2,4179,0.03605622467189402
2,4180,0.03655033657959469
2,4181,0.03578497404535136
2,4182,0.0363189105036186
2,4183,0.037506155074854164
2,4184,0.036603673783093614
2,4185,0.03659899814573337
2,4186,0.03682883210913501
2,4187,0.03694499860585146
2,4188,0.0372744576941142
2,4189,0.03784052369270951
2,4190,0.035665894282616795
2,4191,0.03485405377468354
2,4192,0.03846770389839658
2,4193,0.036598222689757105
2,4194,0.03772657578600277
2,4195,0.036992926802953637
2,4196,0.03677861263026672
2,4197,0.03559514596268922
2,4198,0.0357502810359823
2,4199,0.03621792802343952
2,4200,0.03531580981383884
2,4201,0.03689113850831897
2,4202,0.03730772240095595
2,4203,0.037251400644418196
2,4204,0.03641787010803047
2,4205,0.03754264163495228
2,4206,0.03655131450414
2,4207,0.03645360376776796
2,4208,0.036564733585160165
2,4209,0.037670939832064626
2,4210,0.03769063787303151
2,4211,0.037481256707872466
2,4212,0.037047583304867786
2,4213,0.03866297518194004
2,4214,0.037428035949534845
2,4215,0.03739695743341178
2,4216,0.03739267640303346
2,4217,0.03747021994692142
2,4218,0.03698882581815876
2,4219,0.03611935526689327
2,4220,0.03651409404975047
2,4221,0.037177377096540946
2,4222,0.0362524138259153
2,4223,0.03811781136203765
2,4224,0.03661199681801406
2,4225,0.037550395617723865
2,4226,0.03721973877770274
2,4227,0.03741322696586296
2,4228,0.03770605753117844
2,4229,0.0375735394274368
2,4230,0.03655093220224596
2,4231,0.038312246247104775
2,4232,0.03781123332964762
2,4233,0.03666470445899984
2,4234,0.034809912827992194
2,4235,0.03523572593041627
2,4236,0.03708532878220255
2,4237,0.0366363852769572
2,4238,0.03396743394771737
2,4239,0.03719399769324277
2,4240,0.03773396526070496
2,4241,0.036637222370618484
2,4242,0.038162988475013336
2,4243,0.037266186767651456
2,4244,0.03773463333759921
2,4245,0.03551654950207105
2,4246,0.03722787390389878
2,4247,0.03615000813890625
2,4248,0.03688272484836546
2,4249,0.03538189042659814
2,4250,0.03661236557580084
2,4251,0.035643498739805074
2,4252,0.03496756457354844
2,4253,0.03671982542526402
2,4254,0.03734127526009794
2,4255,0.036734854141001326
2,4256,0.03538611834672318
2,4257,0.036870352680167646
2,4258,0.0383572951512314
2,4259,0.03866526500070846
2,4260,0.036114939961153746
2,4261,0.03763377412392552
2,4262,0.03715282384775024
2,4263,0.037120267025126656
2,4264,0.036905596941602524
2,4265,0.03761039811467325
2,4266,0.037364307660010025
2,4267,0.03830306407596747
2,4268,0.0377951786675071
2,4269,0.03624350061037555
2,4270,0.03711191022233722
2,4271,0.03624224689027659
2,4272,0.03589513508550019
2,4273,0.03726080285803912
2,4274,0.03660571972955281
2,4275,0.03702016658117213
2,4276,0.03746234511378424
2,4277,0.037317878959718304
2,4278,0.03741242730522464
2,4279,0.038252350368277864
2,4280,0.03781375731251416
2,4281,0.0373542660678669
2,4282,0.0365783020514364
2,4283,0.03703406090741156
2,4284,0.0363166830068668
2,4285,0.03806595970018383
2,4286,0.038217899484929076
2,4287,0.037002238884386675
2,4288,0.03782648666791561
2,4289,0.03626997869096602
2,4290,0.037585856741640576
2,4291,0.036892978099651474
2,4292,0.0372640830448625
2,4293,0.03790740153958654
2,4294,0.03774296255506479
2,4295,0.03648384436189576
2,4296,0.03759383403055488
2,4297,0.0385949389765087
2,4298,0.03605872906713353
2,4299,0.03789763709062837
2,4300,0.03697889101946523
2,4301,0.03536021663829367
2,4302,0.03634307980549533
2,4303,0.03674507163931743
2,4304,0.03830460400210047
2,4305,0.03622900713090745
2,4306,0.03672851734773436
2,4307,0.03601366396704312
2,4308,0.03752369079061083
2,4309,0.03677775622653801
2,4310,0.038805025129827066
2,4311,0.03706311048122865
2,4312,0.03660243605721314
2,4313,0.038663579749926374
2,4314,0.037583661272371394
2,4315,0.03616261460388751
2,4316,0.03696723002863888
2,4317,0.0366900172788155
2,4318,0.03707394479989575
2,4319,0.038199462115697295
2,4320,0.03661128918924114
2,4321,0.035837233179316495
2,4322,0.0384506597796492
2,4323,0.03825767801649865
2,4324,0.03818502093978939
2,4325,0.035661913315907935
2,4326,0.03663657704273222
2,4327,0.03490713611390873
2,4328,0.036473878596083094
2,4329,0.036087259913147075
2,4330,0.038144977425111505
2,4331,0.03584363601266131
2,4332,0.03495159076839824
2,4333,0.03790003412539627
2,4334,0.03552264826302395
2,4335,0.036175230032053196
2,4336,0.0360771301678978
2,4337,0.0369756173999295
2,4338,0.03704863355272783
2,4339,0.03735638622404993
2,4340,0.037792893824779884
2,4341,0.037150836182061046
2,4342,0.03545551263828547
2,4343,0.03775159478643072
2,4344,0.03650256243000993
2,4345,0.03899877745393789
2,4346,0.037098612767630684
2,4347,0.03505297038110685
2,4348,0.03775981366845418
2,4349,0.03641309216279542
2,4350,0.03691767655765671
2,4351,0.03632385891404032
2,4352,0.03519128237300347
2,4353,0.03572135169543265
2,4354,0.03650947623484046
2,4355,0.036125311374083285
2,4356,0.03740559037666536
2,4357,0.03738718505924313
2,4358,0.03522902867285674
2,4359,0.03573711993574701
2,4360,0.036462267458745624
2,4361,0.03679201709606177
2,4362,0.03643466780167912
2,4363,0.038528873741977464
2,4364,0.036758501979637564
2,4365,0.03633171334339782
2,4366,0.0378219677472433
2,4367,0.03662947901321728
2,4368,0.0351302782519616
2,4369,0.0367260528246895
2,4370,0.036067319319363154
2,4371,0.03588659898825508
2,4372,0.036459685558283945
2,4373,0.036590049818093405
2,4374,0.03678078034972365
2,4375,0.036721199892565
2,4376,0.03756584972711886
2,4377,0.038015623365564466
2,4378,0.036478682001830055
2,4379,0.035790971669180445
2,4380,0.03859217200756226
2,4381,0.03544294727428626
2,4382,0.036112624640551066
2,4383,0.03559986358171525
2,4384,0.03582387834781969
2,4385,0.03691511776787104
2,4386,0.03653676638956591
2,4387,0.03580926161083808
2,4388,0.037305018214812524
2,4389,0.039084500701604206
2,4390,0.03610065207063976
2,4391,0.03631853562143297
2,4392,0.03693949722710881
2,4393,0.03520265837936429
2,4394,0.036100968567044894
2,4395,0.03647652886408626
2,4396,0.036478526003396544
2,4397,0.037285687427815024
2,4398,0.036667970154333235
2,4399,0.036854395393136896
2,4400,0.036833118263405386
2,4401,0.035867515863758075
2,4402,0.03773774099687186
2,4403,0.03831528853012923
2,4404,0.037098395687245315
2,4405,0.034927348316276245
2,4406,0.036846734343852244
2,4407,0.03703305410413404
2,4408,0.036651177324041224
2,4409,0.03564588785601747
2,4410,0.03758090538879033
2,4411,0.036356116543393886
2,4412,0.037567751688696964
2,4413,0.03594771209665088
2,4414,0.037353024497838644
2,4415,0.03480766651049887
2,4416,0.03673104312834392
2,4417,0.03584173385688146
2,4418,0.03559869849901066
2,4419,0.03539784610717334
2,4420,0.03719015041902898
2,4421,0.03709965274098532
2,4422,0.036084146610180425
2,4423,0.03728057997776523
2,4424,0.03775308229978227
2,4425,0.03757153669830204
2,4426,0.035551481737266154
2,4427,0.03500401286903648
2,4428,0.03668692058504137
2,4429,0.03694981812306433
2,4430,0.03617160954389937
2,4431,0.03589893273812866
2,4432,0.03729874005483442
2,4433,0.036765148747385186
2,4434,0.03611469583257349
2,4435,0.0353762209477731
2,4436,0.03687100520582409
2,4437,0.03584503747130587
2,4438,0.038059001872677294
2,4439,0.035718835281319604
2,4440,0.03768948994724295
2,4441,0.034673646143359584
2,4442,0.037574849748321766
2,4443,0.03780094383933998
2,4444,0.03586392980079036
2,4445,0.03509384687310726
2,4446,0.03790852120368255
2,4447,0.03644402243397497
2,4448,0.037103226372965224
2,4449,0.037800751631872624
2,4450,0.03752761422153017
2,4451,0.036593634359257964
2,4452,0.03588829548954641
2,4453,0.03728866541071588
2,4454,0.03671884576210074
2,4455,0.036903373246284336
2,4456,0.036860653421844615
2,4457,0.03705941446314637
2,4458,0.036914651797022136
2,4459,0.03624659401818556
2,4460,0.03681642270249689
2,4461,0.036605163868189655
2,4462,0.0372968532829745
2,4463,0.037051681415048714
2,4464,0.03662044874440385
2,4465,0.03767351646750841
2,4466,0.03607891042079242
2,4467,0.036058654473750194
2,4468,0.036260384529719046
2,4469,0.035976030526567206
2,4470,0.0362524236494211
2,4471,0.03559184808463653
2,4472,0.03708185746922358
2,4473,0.037709013646843016
2,4474,0.03789117295240607
2,4475,0.03522271980322018
2,4476,0.03715519557275917
2,4477,0.0360772628576955
2,4478,0.035584607026056765
2,4479,0.03862869788850506
2,4480,0.037119188624981286
2,4481,0.0366901012755965
2,4482,0.03689030693004139
2,4483,0.03776502794281054
2,4484,0.03561774801850992
2,4485,0.03710285125656271
2,4486,0.036975738622965576
2,4487,0.03765645180900474
2,4488,0.03575052347853813
2,4489,0.037515422131292185
2,4490,0.037316018877495465
2,4491,0.036860266905193124
2,4492,0.03732448129398857
2,4493,0.037194913811373194
2,4494,0.03856062662595006
2,4495,0.03721228730438427
2,4496,0.03655506395962047
2,4497,0.03661922096062067
2,4498,0.03629699538702919
2,4499,0.03678494559442577
2,4500,0.03776026234047849
2,4501,0.038089231965762256
2,4502,0.036360040161672824
2,4503,0.03562538617220603
2,4504,0.035872297952615685
2,4505,0.03749543135242528
2,4506,0.036201721923451086
2,4507,0.03709548932822071
2,4508,0.03784237090159017
2,4509,0.036364431816393726
2,4510,0.03833407464656707
2,4511,0.038399274352184896
2,4512,0.036689154450779526
2,4513,0.03713117575318498
2,4514,0.037067238645778766
2,4515,0.0375459256393783
2,4516,0.03726383327041082
2,4517,0.03627140182714442
2,4518,0.03721026056819396
2,4519,0.036727936815516386
2,4520,0.03621661878007826
2,4521,0.037021500937675776
2,4522,0.0364696245574709
2,4523,0.03722544217702591
2,4524,0.03578690737354335
2,4525,0.03609423760840369
2,4526,0.03652657107500676
2,4527,0.03788321574461756
2,4528,0.03791011542761417
2,4529,0.037185525312456634
2,4530,0.036339107145281525
2,4531,0.03744134661937864
2,4532,0.03745697420473143
2,4533,0.038282978178358046
2,4534,0.03831448604665863
2,4535,0.0371323678821239
2,4536,0.036829100815595324
2,4537,0.03757551216158957
2,4538,0.034932716153131614
2,4539,0.03765571816277027
2,4540,0.0375474344463399
2,4541,0.035811113435976205
2,4542,0.03855099409841573
2,4543,0.03707042575550345
2,4544,0.03675675626484363
2,4545,0.036804728489039616
2,4546,0.03634132323543757
2,4547,0.037401114955023414
2,4548,0.03587513684659522
2,4549,0.03777798581416233
2,4550,0.03722897351532115
2,4551,0.037396990590485124
2,4552,0.035825755304163494
2,4553,0.03690536879179049
2,4554,0.03821446656329535
2,4555,0.03814835716152152
2,4556,0.03554207163068848
2,4557,0.03674773112845522
2,4558,0.03861113156265297
2,4559,0.03822177310182603
2,4560,0.036074341722409725
2,4561,0.037421003112260987
2,4562,0.03677408678550246
2,4563,0.03633153209343027
2,4564,0.03708235921956055
2,4565,0.0365333309365106
2,4566,0.0376781612053556
2,4567,0.03749566949072546
2,4568,0.03770574466311185
2,4569,0.036725990841609636
2,4570,0.037410931360040624
2,4571,0.03713404795395823
2,4572,0.03710321062060395
2,4573,0.03823459101829554
2,4574,0.0385816546209154
2,4575,0.037850924670995406
2,4576,0.03627415515802578
2,4577,0.036679102261172575
2,4578,0.03701567716978738
2,4579,0.03686053754098304
2,4580,0.03822479659346706
2,4581,0.03694462872159971
2,4582,0.038698849868174796
2,4583,0.038215148080932605
2,4584,0.03520477940245856
2,4585,0.03728897105328972
2,4586,0.03567623985254335
2,4587,0.037091025827185015
2,4588,0.0364662029429767
2,4589,0.03669701969719444
2,4590,0.03617133653529866
2,4591,0.03613541146983628
2,4592,0.03830415969516463
2,4593,0.03581313351371592
2,4594,0.036723682622517496
2,4595,0.036998863924095626
2,4596,0.036342978040729564
2,4597,0.037581017770876
2,4598,0.03662876358606109
2,4599,0.03660874696588595
2,4600,0.03713956146616069
2,4601,0.037083882690764854
2,4602,0.03540162252147699
2,4603,0.03537595097804563
2,4604,0.037207026138543764
2,4605,0.03680031505623548
2,4606,0.03594962226271958
2,4607,0.035178268142041835
2,4608,0.03745299137716376
2,4609,0.03754626884815631
2,4610,0.036931154207965916
2,4611,0.036197814290342044
2,4612,0.03600947266947327
2,4613,0.037395441576797715
2,4614,0.03582831498871487
2,4615,0.03656587467233435
2,4616,0.03482348742801463
2,4617,0.036886319956959034
2,4618,0.03592621824116502
2,4619,0.0362538372775655
2,4620,0.0375241271838846
2,4621,0.03650528139665977
2,4622,0.036154929674939405
2,4623,0.03559284522278727
2,4624,0.03670060176640801
2,4625,0.03446346557862348
2,4626,0.03700943629728817
2,4627,0.03638764721644697
2,4628,0.035933664027684754
2,4629,0.03765605345260139
2,4630,0.03651598626196891
2,4631,0.036598302283784745
2,4632,0.03722488903270838
2,4633,0.03644678341284909
2,4634,0.03568435038800815
2,4635,0.036878406320920216
2,4636,0.036681259533526224
2,4637,0.0371866484467489
2,4638,0.034587074871558765
2,4639,0.03779561548584887
2,4640,0.037681465250312435
2,4641,0.035446077597355664
2,4642,0.038059126637701175
2,4643,0.0375157340735503
2,4644,0.037423093987745716
2,4645,0.038034445245010845
2,4646,0.036896748185078855
2,4647,0.03663558007461734
2,4648,0.037448925197577136
2,4649,0.0369802476169682
2,4650,0.037714193875204506
2,4651,0.03589152075584149
2,4652,0.03561781743618822
2,4653,0.037037138564646015
2,4654,0.03660829113425502
2,4655,0.03713256177194402
2,4656,0.0361075932991303
2,4657,0.03651437392747575
2,4658,0.03588295242182097
2,4659,0.03610839262522982
2,4660,0.037469483227588814
2,4661,0.03510494378836265
2,4662,0.034603153478227566
2,4663,0.036970198162584234
2,4664,0.03537044694921163
2,4665,0.03543993460965872
2,4666,0.036407496222119
2,4667,0.03748483327108818
2,4668,0.035854685428235784
2,4669,0.03718598367574185
2,4670,0.034841222186558995
2,4671,0.036790126439703204
2,4672,0.03718729537110002
2,4673,0.03651594795022093
2,4674,0.0364563197420173
2,4675,0.03597644739951994
2,4676,0.03677357952069929
2,4677,0.036824989040278124
2,4678,0.0370797575043271
2,4679,0.038066921574514974
2,4680,0.03771314122488187
2,4681,0.03696095177456196
2,4682,0.03686120294807624
2,4683,0.03686732038659384
2,4684,0.0366975453813328
2,4685,0.0379095991996228
2,4686,0.03575088359390601
2,4687,0.03683093804505005
2,4688,0.03669234311388994
2,4689,0.036997332020841066
2,4690,0.035909532621333146
2,4691,0.037419512797644744
2,4692,0.037611726380043425
2,4693,0.03823161027471283
2,4694,0.03659106936875083
2,4695,0.03738853790546531
2,4696,0.037105673032717064
2,4697,0.03677058209741215
2,4698,0.03691532171300561
2,4699,0.03740425925871668
2,4700,0.03669553778629613
2,4701,0.0358735213701478
2,4702,0.036774833643876625
2,4703,0.03505959881543933
2,4704,0.03736104938661102
2,4705,0.035411667739224745
2,4706,0.0374731178656669
2,4707,0.03813312324037091
2,4708,0.036884241074144536
2,4709,0.036094799520715294
2,4710,0.03705591876841646
2,4711,0.038932908031568465
2,4712,0.038424165557989505
2,4713,0.03765865867819838
2,4714,0.036168026241813006
2,4715,0.03641988978028254
2,4716,0.03667061305351104
2,4717,0.036172034770196725
2,4718,0.03628217211047544
2,4719,0.037345643445675585
2,4720,0.036121386361669096
2,4721,0.03513851423670788
2,4722,0.036817142991403984
2,4723,0.0373780499917363
2,4724,0.03726061888235957
2,4725,0.0365834623984076
2,4726,0.03786829415463471
2,4727,0.03689804131636414
2,4728,0.03793242694748238
2,4729,0.03727823781679432
2,4730,0.03540113293055547
2,4731,0.038438332161638
2,4732,0.038040511197865924
2,4733,0.03932050989048511
2,4734,0.03651498687613317
2,4735,0.03649219436809414
2,4736,0.03686234405055497
2,4737,0.03659196125176379
2,4738,0.03741491842221536
2,4739,0.03559233785829748
2,4740,0.03661528472981962
2,4741,0.03788374474137433
2,4742,0.035303258089628246
2,4743,0.03568173308565165
2,4744,0.037404166187586955
2,4745,0.0371534278219866
2,4746,0.03861965560138463
2,4747,0.03558124286609834
2,4748,0.03537487643331259
2,4749,0.03674338587396001
2,4750,0.0400016334590834
2,4751,0.03731103600556577
2,4752,0.037635231994825734
2,4753,0.03768159667833662
2,4754,0.03606658684333391
2,4755,0.03696487256481449
2,4756,0.03543387893255503
2,4757,0.037191382246079346
2,4758,0.036537905708959595
2,4759,0.035654540202365366
2,4760,0.03729288307890082
2,4761,0.03572373627840889
2,4762,0.03651332459449474
2,4763,0.038075913321719466
2,4764,0.03706134591589808
2,4765,0.03619622280244795
2,4766,0.03571342376931025
2,4767,0.03696072391924707
2,4768,0.03617307420406452
2,4769,0.03656046802654567
2,4770,0.03902949851147374
2,4771,0.03649420172119772
2,4772,0.03806670310281329
2,4773,0.03661582845708591
2,4774,0.03732558956987203
2,4775,0.03670232058349435
2,4776,0.03702390150021237
2,4777,0.03701958649036729
2,4778,0.03678780570894468
2,4779,0.03685758999063211
2,4780,0.03613577096797759
2,4781,0.03770609366813915
2,4782,0.03811628827013031
2,4783,0.03618496349154859
2,4784,0.03679453530269738
2,4785,0.036234967732061835
2,4786,0.03566581855256067
2,4787,0.03527288841509855
2,4788,0.03778604249005036
2,4789,0.03696417472555858
2,4790,0.03814176136918466
2,4791,0.03721816000178091
2,4792,0.03561047847491867
2,4793,0.036931908005136745
2,4794,0.03569047558910174
2,4795,0.03799052210216395
2,4796,0.0350869405198202
2,4797,0.038400197397153536
2,4798,0.03647061672746618
2,4799,0.037869165609843825
2,4800,0.037707116226767645
2,4801,0.03769491341735009
2,4802,0.035474427537084324
2,4803,0.03694328482033806
2,4804,0.03787269064202713
2,4805,0.03826078841136366
2,4806,0.03648859262254334
2,4807,0.035709911115370314
2,4808,0.0368162587608925
2,4809,0.03723119765238856
2,4810,0.038171452358742954
2,4811,0.03632658571969747
2,4812,0.036400682411221234
2,4813,0.03509330497422706
2,4814,0.03553542654990629
2,4815,0.03626576906154067
2,4816,0.03507688717339417
2,4817,0.03655219131749086
2,4818,0.03824266600468126
2,4819,0.03652276212632191
2,4820,0.036674633253116345
2,4821,0.035481983867933505
2,4822,0.035294088990893036
2,4823,0.03788235716077151
2,4824,0.03769710542329218
2,4825,0.03750150309866492
2,4826,0.037962358488728705
2,4827,0.03664708965407774
2,4828,0.03619586598499939
2,4829,0.03669555070281425
2,4830,0.03582997880728237
2,4831,0.038043087439975205
2,4832,0.03718278878939315
2,4833,0.03576402006817871
2,4834,0.03693120113004266
2,4835,0.035941202701693875
2,4836,0.03803754288496478
2,4837,0.03717980470092397
2,4838,0.03684425205944403
2,4839,0.03609243933309358
2,4840,0.03674120974659149
2,4841,0.036496008945689024
2,4842,0.03769742105622495
2,4843,0.03800177934639055
2,4844,0.036385962671516454
2,4845,0.03725396315162665
2,4846,0.035808627080819964
2,4847,0.036232244298217864
2,4848,0.036950194408447525
2,4849,0.03744713326514035
2,4850,0.036834642054829995
2,4851,0.03674570440360219
2,4852,0.03602456776467167
2,4853,0.03558209996415234
2,4854,0.03526078028857127
2,4855,0.03634113319104087
2,4856,0.03673917512211359
2,4857,0.035999163765764314
2,4858,0.036162997767753224
2,4859,0.035522731894374
2,4860,0.03597347116150928
2,4861,0.03664253986399913
2,4862,0.03738961297948439
2,4863,0.036234138848656096
2,4864,0.03593798458821409
2,4865,0.03579577583888866
2,4866,0.0370957131731783
2,4867,0.03725149678093232
2,4868,0.03612213930060265
2,4869,0.03635891982086483
2,4870,0.03749970445437128
2,4871,0.03598593593912897
2,4872,0.03707703034618411
2,4873,0.03721762206102205
2,4874,0.03562437741765929
2,4875,0.03815892325910538
2,4876,0.035049478155504715
2,4877,0.03447499946249415
2,4878,0.037439706165124875
2,4879,0.037447586409609816
2,4880,0.036794418763660464
2,4881,0.037353310567757335
2,4882,0.035238700949789876
2,4883,0.03705870289325835
2,4884,0.036505239212496494
2,4885,0.037171765986388966
2,4886,0.03943366285744312
2,4887,0.03819134320871112
2,4888,0.03765005038382607
2,4889,0.03810470007136158
2,4890,0.037765561896096846
2,4891,0.0381426311109008
2,4892,0.03672118265384272
2,4893,0.037038057035278266
2,4894,0.037890233487853836
2,4895,0.036666931094607384
2,4896,0.03681993639959567
2,4897,0.03626321434783875
2,4898,0.03658968576278108
2,4899,0.03655730314950886
2,4900,0.03687916873286953
2,4901,0.03841714805677445
2,4902,0.03681550324567142
2,4903,0.034991786017928926
2,4904,0.03740850502605667
2,4905,0.03742033369109527
2,4906,0.03637697683254191
2,4907,0.03632121427633397
2,4908,0.03571424978978885
2,4909,0.0394119374004081
2,4910,0.03643898345944905
2,4911,0.035469028952468784
2,4912,0.03704889689460573
2,4913,0.0365110571800974
2,4914,0.0368283516663779
2,4915,0.03748862395620381
2,4916,0.03826542605211952
2,4917,0.03604845356253411
2,4918,0.03820481307400434
2,4919,0.037609747832296904
2,4920,0.03721134798598764
2,4921,0.03777710319222505
2,4922,0.03800893263175018
2,4923,0.0371085778632429
2,4924,0.03690545790740036
2,4925,0.037011726980059084
2,4926,0.03536402065442249
2,4927,0.03711286334443282
2,4928,0.03628676380157516
2,4929,0.03693273943343094
2,4930,0.036006882857667476
2,4931,0.037356328441490554
2,4932,0.03600174307587009
2,4933,0.036367148449997326
2,4934,0.03744995407756962
2,4935,0.03786625506399469
2,4936,0.03609252843797289
2,4937,0.03582947295996586
2,4938,0.035979423964894536
2,4939,0.03694251025675093
2,4940,0.03736791904684247
2,4941,0.03698494400506022
2,4942,0.03665091874848067
2,4943,0.037081136596553765
2,4944,0.03514344114154691
2,4945,0.03728781431729571
2,4946,0.036427534687324126
2,4947,0.03713595371997272
2,4948,0.03639787325858752
2,4949,0.03622439277706573
2,4950,0.03854867136227378
2,4951,0.036755249363195526
2,4952,0.0377339900990869
2,4953,0.035748744080786925
2,4954,0.03659312356270106
2,4955,0.037527147239299584
2,4956,0.03643300477945125
2,4957,0.03718334556855391
2,4958,0.03696615288915198
2,4959,0.0358818942380922
2,4960,0.03661591417776023
2,4961,0.036802423251208076
2,4962,0.03642059701047213
2,4963,0.03491031053326541
2,4964,0.036860323602603516
2,4965,0.037436434465946127
2,4966,0.037656746210677994
2,4967,0.03623646783053754
2,4968,0.03590803004229229
2,4969,0.03598278545365138
2,4970,0.03536821220921282
2,4971,0.03593199281342067
2,4972,0.03840571436153709
2,4973,0.03619280117673803
2,4974,0.03616444412500618
2,4975,0.037626298497813716
2,4976,0.037136413513482285
2,4977,0.03662782592689073
2,4978,0.03704636806855799
2,4979,0.03758796615019192
2,4980,0.035672579480208
2,4981,0.03576609321888197
2,4982,0.035675955571987876
2,4983,0.03713875973565115
2,4984,0.036383295510198754
2,4985,0.036578143783310986
2,4986,0.0370082993675592
2,4987,0.037294007382453365
2,4988,0.03723052507706837
2,4989,0.03618621894535958
2,4990,0.036444379518803145
2,4991,0.036201941850778796
2,4992,0.03663123595349332
2,4993,0.0367361729542047
2,4994,0.03587668912493606
2,4995,0.03731593936710572
2,4996,0.03625578817274047
2,4997,0.035354441620180886
2,4998,0.03690888341071532
2,4999,0.036363100145383194
3,0,0.01582843600904509
3,1,0.015447529811022495
3,2,0.01706037819933212
3,3,0.017376477887389625
3,4,0.017919355168133866
3,5,0.015278705019863883
3,6,0.014379100736135483
3,7,0.014782859834179485
3,8,0.019109020027269857
3,9,0.0157608344492897
3,10,0.016246190461906906
3,11,0.015150210856022464
3,12,0.01600344181828935
3,13,0.0173651168958663
3,14,0.016377194097933312
3,15,0.01599316194205126
3,16,0.01585266733828557
3,17,0.016505326641728924
3,18,0.01662621375628402
3,19,0.01652461080767238
3,20,0.01758532301467512
3,21,0.015666405626449064
3,22,0.017104514379242246
3,23,0.016035243352293876
3,24,0.015399205441296507
3,25,0.017467158073019757
3,26,0.01702005747262858
3,27,0.01763782929895938
3,28,0.015625212361077317
3,29,0.01717439191158564
3,30,0.016170307421251195
3,31,0.013929336304592718
3,32,0.01716157684869089
3,33,0.016135080030764748
3,34,0.01747959799032069
3,35,0.017587852340335813
3,36,0.01660742526047927
3,37,0.018488625707048872
3,38,0.01369591720940382
3,39,0.01594890115523782
3,40,0.01659367106169755
3,41,0.015561255706186846
3,42,0.01719437495255176
3,43,0.014845701440628902
3,44,0.01653798392923192
3,45,0.017168675441788562
3,46,0.01666785927351939
3,47,0.016919883864486406
3,48,0.01736176506841842
3,49,0.01699853743994485
3,50,0.016192725750723936
3,51,0.017072218395758464
3,52,0.016736971127870943
3,53,0.01654878360299661
3,54,0.013955762695324697
3,55,0.018372350700482393
3,56,0.01567147212676238
3,57,0.01656086007532508
3,58,0.013490199755501217
3,59,0.017348590003861696
3,60,0.016940466344752537
3,61,0.01699140857935678
3,62,0.01724107628579613
3,63,0.016671708726647434
3,64,0.0149287834762718
3,65,0.016078851776500064
3,66,0.015790028488140446
3,67,0.01720001659188694
3,68,0.015548575976180257
3,69,0.01699167108723019
3,70,0.015046328811258483
3,71,0.017030920866516325
3,72,0.01763811215483338
3,73,0.01662135059979063
3,74,0.0154724064132749
3,75,0.015563081704058688
3,76,0.01657522631232608
3,77,0.01710224047951202
3,78,0.016296771073385934
3,79,0.01617984607794006
3,80,0.015383291281289993
3,81,0.01665418506288563
3,82,0.016937104706495232
3,83,0.015678802536523873
3,84,0.018178914168573552
3,85,0.01669279122016032
3,86,0.017106790120162058
3,87,0.01694246161850327
3,88,0.015142236950927377
3,89,0.016633838507563874
3,90,0.015949655047764754
3,91,0.016964388527271567
3,92,0.014203361828931152
3,93,0.015986828966529948
3,94,0.01582460708073378
3,95,0.016270859765470835
3,96,0.01693562784012591
3,97,0.015985706917422664
3,98,0.014100730991735366
3,99,0.016498042975672072
3,100,0.016189431101053336
3,101,0.016114716524617916
3,102,0.016612930970100675
3,103,0.017269362907650798
3,104,0.014583540669682279
3,105,0.014787225739196755
3,106,0.015070603412518285
3,107,0.0161072594770847
3,108,0.016121235336429018
3,109,0.0158071766040718
3,110,0.015981381268360628
3,111,0.015813529979392355
3,112,0.016629522520107243
3,113,0.01619166140819407
3,114,0.017638149837555638
3,115,0.01676466334033913
3,116,0.0157548216968251
3,117,0.01788196543290337
3,118,0.016219971093538038
3,119,0.014517135485753258
3,120,0.01706667721876638
3,121,0.016231398850473023
3,122,0.017140212744629634
3,123,0.016683322975426868
3,124,0.016234874564061908
3,125,0.015914475337701083
3,126,0.01484476393396573
3,127,0.01484998677483268
3,128,0.01780523992327021
3,129,0.0164782966371315
3,130,0.015315911443910396
3,131,0.01578817953249806
3,132,0.015852794599883608
3,133,0.01602532391638184
3,134,0.016594220902310913
3,135,0.017513266587876847
3,136,0.017374772963135388
3,137,0.018719815114186782
3,138,0.017241092325955387
3,139,0.015531230140439353
3,140,0.017157520310108615
3,141,0.01795641372721436
3,142,0.01576293910541099
3,143,0.015060290579853086
3,144,0.014403685885780273
3,145,0.017366253700641654
3,146,0.016226507424833548
3,147,0.01713157860444417
3,148,0.01744736265038042
3,149,0.016169085418685402
3,150,0.01582025741913487
3,151,0.016112492960840653
3,152,0.01625695485707097
3,153,0.016957271553628177
3,154,0.01770198654857612
3,155,0.018164193558561036
3,156,0.01775267085456288
3,157,0.015555907718170123
3,158,0.016045065175519763
3,159,0.016321814367296027
3,160,0.01508607994734551
3,161,0.01603328613847374
3,162,0.016542933182103026
3,163,0.015195824023828816
3,164,0.015554098534049108
3,165,0.017361204222227717
3,166,0.01703446600022136
3,167,0.01658373864385181
3,168,0.017239180155695828
3,169,0.01678685173469674
3,170,0.015486660366167535
3,171,0.01672843172471695
3,172,0.01742971515630466
3,173,0.01715411393187267
3,174,0.017222100832837955
3,175,0.016061785375161165
3,176,0.016279672788372713
3,177,0.015321552892362996
3,178,0.016735548059192584
3,179,0.017081427924040427
3,180,0.016266449281053086
3,181,0.01736347560212556
3,182,0.017007734621095588
3,183,0.017317920367699236
3,184,0.014180207763640948
3,185,0.016359167682684
3,186,0.015548081499208083
3,187,0.017114859935917815
3,188,0.018045744103316847
3,189,0.01637442313429106
3,190,0.017284367519475336
3,191,0.015688749453244027
3,192,0.01799048972369093
3,193,0.017289688171683082
3,194,0.015436761044038053
3,195,0.015171001738049528
3,196,0.01621530713790208
3,197,0.015731167979334437
3,198,0.01651826893937869
3,199,0.016355300334588846
3,200,0.015831981909167524
3,201,0.016737062577731342
3,202,0.017005369571948908
3,203,0.01722746625740823
3,204,0.015266498863340814
3,205,0.016960807863407663
3,206,0.016733521104876876
3,207,0.017058629442564633
3,208,0.01614511413070317
3,209,0.016106784967543097
3,210,0.01707926101295046
3,211,0.016454847165363367
3,212,0.017191703157571403
3,213,0.0166160414850902
3,214,0.016159719944346018
3,215,0.015404596370155723
3,216,0.01775780840114659
3,217,0.016576783168899257
3,218,0.01697156683661318
3,219,0.015141054736794715
3,220,0.01855783390644582
3,221,0.01720753642280017
3,222,0.016134929415082554
3,223,0.01704999421975877
3,224,0.0179588791495361
3,225,0.01711231614524682
3,226,0.016413659636073507
3,227,0.015580996092783553
3,228,0.016516083039624773
3,229,0.015015634628655397
3,230,0.017159565751498924
3,231,0.018460739617992005
3,232,0.017571432312215984
3,233,0.016709911672979905
3,234,0.015949384423329188
3,235,0.016132586704553486
3,236,0.015543202008932352
3,237,0.014920602560920962
3,238,0.01653086320713883
3,239,0.017426303740711923
3,240,0.016409090479653703
3,241,0.01657920472194248
3,242,0.017478574277644255
3,243,0.016451166450252158
3,244,0.01754955646280698
3,245,0.019262181576266257
3,246,0.015376519464617969
3,247,0.015277120025661192
3,248,0.01679068437913141
3,249,0.016797576590401125
3,250,0.01590771268882481
3,251,0.017125395305899294
3,252,0.01478614937195948
3,253,0.01461449087513981
3,254,0.017199800547767347
3,255,0.015024372927065618
3,256,0.01665818450493443
3,257,0.016800350552286115
3,258,0.01628472087824735
3,259,0.01729398550594785
3,260,0.014390531977751217
3,261,0.016620623355440067
3,262,0.01764887498888835
3,263,0.015325233322977286
3,264,0.0166922546029937
3,265,0.016676277712511307
3,266,0.015071840151903262
3,267,0.015182853264674787
3,268,0.016428763458240892
3,269,0.01513399700200548
3,270,0.01685197982562465
3,271,0.016186652666284978
3,272,0.0168277865545249
3,273,0.016504114682070664
3,274,0.01683829957806778
3,275,0.017241285648767368
3,276,0.016495115462413373
3,277,0.015269015181953236
3,278,0.017970874403108128
3,279,0.017323195711803723
3,280,0.017256296605761345
3,281,0.01652489721851651
3,282,0.016365236138808793
3,283,0.01583577638683668
3,284,0.016644644549641197
3,285,0.017885685546392156
3,286,0.017185792557888418
3,287,0.0159648182147925
3,288,0.017073135509865018
3,289,0.015478822854998714
3,290,0.0185539615934411
3,291,0.01645537747938347
3,292,0.016164564127208448
3,293,0.017927291576583942
3,294,0.016291433779122132
3,295,0.0165518322134655
3,296,0.015571149285670466
3,297,0.01709477561208873
3,298,0.017283169981809694
3,299,0.01798508642371262
3,300,0.016691922838072287
3,301,0.017862224255670144
3,302,0.016727614551615377
3,303,0.015967403285765763
3,304,0.016919668402301098
3,305,0.016595411502511575
3,306,0.016855820574169345
3,307,0.017336185249001185
3,308,0.015200568989951794
3,309,0.01596948381736475
3,310,0.015096229573743292
3,311,0.014414490146225941
3,312,0.015869533438370886
3,313,0.014688698994488714
3,314,0.017962022987544384
3,315,0.0162546546817255
3,316,0.015768006974413367
3,317,0.016811327475235643
3,318,0.017899488040815315
3,319,0.01636669945976697
3,320,0.015725015529314823
3,321,0.015991251337828454
3,322,0.017439646528133308
3,323,0.017547314266869358
3,324,0.016791820224927007
3,325,0.014926031800814282
3,326,0.01577723690249742
3,327,0.016438342378960136
3,328,0.01608366842347214
3,329,0.01621652656265843
3,330,0.018570000712428304
3,331,0.015572898850026431
3,332,0.01679168950586879
3,333,0.015219420780872137
3,334,0.016292464806793472
3,335,0.015249543665706947
3,336,0.018683214969031515
3,337,0.017288120556590264
3,338,0.017837193990099115
3,339,0.016062607703529307
3,340,0.01705775814679919
3,341,0.01565953036559221
3,342,0.01649401886747477
3,343,0.015265562151746542
3,344,0.016690738697892865
3,345,0.016659869680428614
3,346,0.01688604069560044
3,347,0.01783025687659977
3,348,0.016898505044874973
3,349,0.01811620353686243
3,350,0.015468587959964095
3,351,0.016492978304380197
3,352,0.016467032125031006
3,353,0.01529717611675808
3,354,0.018502241504416806
3,355,0.017039960609888178
3,356,0.016602911262748477
3,357,0.01923749998921251
3,358,0.017818097215494766
3,359,0.016671548613723303
3,360,0.017367246142172305
3,361,0.017178333828321207
3,362,0.01594856716771299
3,363,0.01767062489933986
3,364,0.016919657978434244
3,365,0.017661642677395405
3,366,0.01678718951063767
3,367,0.018205726982025744
3,368,0.015230052765464916
3,369,0.0156678955327732
3,370,0.01720265190808043
3,371,0.016689406489219672
3,372,0.016903696972526
3,373,0.015923661047027443
3,374,0.016058960935963623
3,375,0.016476816369579917
3,376,0.015842493538437058
3,377,0.017150223198258246
3,378,0.016126722155675722
3,379,0.017277846623538696
3,380,0.017003623368430264
3,381,0.019294658674037624
3,382,0.015438750702218432
3,383,0.015367772011557332
3,384,0.018301302610825288
3,385,0.016332582093313685
3,386,0.015916936952243443
3,387,0.014335338821391272
3,388,0.017343398002592464
3,389,0.01633962549434285
3,390,0.019206054998357962
3,391,0.01805301625299698
3,392,0.015164209172840837
3,393,0.017424695437423494
3,394,0.01762144460326487
3,395,0.01488398325652814
3,396,0.018524103312547214
3,397,0.015164770813827241
3,398,0.01579336945045275
3,399,0.016890640315017358
3,400,0.018737210766509155
3,401,0.017024978412062474
3,402,0.01544060211727056
3,403,0.015555796234245292
3,404,0.016879082595332263
3,405,0.017473560501964164
3,406,0.015217655033497868
3,407,0.015546971143966035
3,408,0.015486179907926648
3,409,0.016899126778507485
3,410,0.01613609781535662
3,411,0.016792744946659627
3,412,0.01761236796115273
3,413,0.016132398758864713
3,414,0.016352327642968272
3,415,0.01823625468992764
3,416,0.017678817669443948
3,417,0.01624543377718891
3,418,0.01616835267576644
3,419,0.01751596764428077
3,420,0.016576404987139682
3,421,0.015773549585507297
3,422,0.016105450096526964
3,423,0.015233463739371919
3,424,0.016624149901992718
3,425,0.016585457031584355
3,426,0.01319595578162779
3,427,0.016158453990720578
3,428,0.0173464880725131
3,429,0.01737031878531418
3,430,0.016637604153697944
3,431,0.01723256666812763
3,432,0.016804481596538117
3,433,0.01613488326814529
3,434,0.015459826511346883
3,435,0.015629321679721263
3,436,0.01579710503191135
3,437,0.01585048647949523
3,438,0.015250273593342625
3,439,0.01610591443324592
3,440,0.016588431189523845
3,441,0.014870713854747059
3,442,0.015371919185909947
3,443,0.016455888376737237
3,444,0.015835206329342637
3,445,0.01765006011236715
3,446,0.016778188192745236
3,447,0.015157441993921791
3,448,0.015285792946844623
3,449,0.015896184239459838
3,450,0.016903167786007246
3,451,0.01538451696743933
3,452,0.014922939026095641
3,453,0.01693461697361189
3,454,0.016152451699234665
3,455,0.016081425029326035
3,456,0.016495418673116963
3,457,0.01662407930267722
3,458,0.016132578171802952
3,459,0.017394270492116743
3,460,0.01632685968503324
3,461,0.017330876830788915
3,462,0.01543137069222463
3,463,0.017017081482629804
3,464,0.015218009644811672
3,465,0.01550170723815203
3,466,0.017082357758003486
3,467,0.01680577228647535
3,468,0.016762718932416782
3,469,0.016806302244249893
3,470,0.014268204934359699
3,471,0.016838358186381148
3,472,0.01703212188984619
3,473,0.015238664068693333
3,474,0.017773400527912053
3,475,0.015289289367138378
3,476,0.015818097697082218
3,477,0.015056608755785536
3,478,0.016123349031668194
3,479,0.016099131016403756
3,480,0.01833391527610882
3,481,0.017079433107491725
3,482,0.016676030206183245
3,483,0.017422880186326234
3,484,0.0164244824078499
3,485,0.01545653729784017
3,486,0.01563055740140315
3,487,0.01696932438434892
3,488,0.015836877041174664
3,489,0.016450218743719176
3,490,0.015858722439712397
3,491,0.01630919840813615
3,492,0.01848781054922489
3,493,0.0156900419478453
3,494,0.01734370683967948
3,495,0.016895044400525323
3,496,0.016206971211122956
3,497,0.018097649445322866
3,498,0.014307466621707668
3,499,0.01707109998087893
3,500,0.015756537133052185
3,501,0.015223493176865147
3,502,0.016264827090283596
3,503,0.01580283937639986
3,504,0.016205242174713475
3,505,0.013799207190854007
3,506,0.01624345050619015
3,507,0.01598032581989786
3,508,0.016758166753109077
3,509,0.016166153127408628
3,510,0.01675288020359782
3,511,0.014693015799711079
3,512,0.016923547605711114
3,513,0.016285444249304903
3,514,0.01901195955977102
3,515,0.016541533721018558
3,516,0.01572630566417174
3,517,0.01729237179852409
3,518,0.018315370171920493
3,519,0.016239999263534755
3,520,0.016875382490705377
3,521,0.016876392031504327
3,522,0.01829490357245934
3,523,0.017441151277134897
3,524,0.015908156099669446
3,525,0.017617161119662956
3,526,0.016463903287335158
3,527,0.016607112173502653
3,528,0.01619444119195366
3,529,0.016645297918770518
3,530,0.015441872269569066
3,531,0.015045876132505742
3,532,0.01675744008304388
3,533,0.016360813885893766
3,534,0.016921246117731197
3,535,0.015137540259104687
3,536,0.016083520571597943
3,537,0.016779450352837438
3,538,0.017084940689972683
3,539,0.019005388602974637
3,540,0.015101236333186894
3,541,0.016473849826278725
3,542,0.015381493587115916
3,543,0.01741381527189137
3,544,0.01965915959883306
3,545,0.016939248529426743
3,546,0.01700214665159803
3,547,0.015174188904430832
3,548,0.018347908466189156
3,549,0.019950209215172637
3,550,0.016961785043942985
3,551,0.017498328018935454
3,552,0.015786877798250148
3,553,0.016981042133079872
3,554,0.0181278696331503
3,555,0.01663408298247272
3,556,0.01608369509809396
3,557,0.015709728005622935
3,558,0.016673551412760695
3,559,0.01674142444134456
3,560,0.016555771854612277
3,561,0.016460278593206163
3,562,0.015626310633959344
3,563,0.016869778812540693
3,564,0.016455509654408857
3,565,0.017005203973035832
3,566,0.016868731232718103
3,567,0.01550579433301541
3,568,0.01658133690869189
3,569,0.01491737624702047
3,570,0.01654505999384785
3,571,0.015529820655731627
3,572,0.01578333531284225
3,573,0.0172219143953386
3,574,0.018212138346153966
3,575,0.01721169405677327
3,576,0.015446886305821786
3,577,0.01623664693240387
3,578,0.01546177505520969
3,579,0.017851956387032086
3,580,0.01593819328926459
3,581,0.017967940030451112
3,582,0.01585831976643845
3,583,0.014573814218440515
3,584,0.01821989374205536
3,585,0.01572330093394699
3,586,0.015049228187985209
3,587,0.017679090058753465
3,588,0.01766347277858295
3,589,0.017284568302804487
3,590,0.017268468938107673
3,591,0.015758414615477962
3,592,0.01578529288406912
3,593,0.018856806346176813
3,594,0.01856462927443851
3,595,0.016370912426855316
3,596,0.01680835727763323
3,597,0.01625948305883067
3,598,0.015762278916527095
3,599,0.016049234822602242
3,600,0.017229765775330873
3,601,0.016734966230958825
3,602,0.015471178874544966
3,603,0.01592148219641969
3,604,0.01799580113239992
3,605,0.01667994488793348
3,606,0.015016687930838749
3,607,0.017275502832658423
3,608,0.01833797777147017
3,609,0.01649524433700179
3,610,0.01927744374807937
3,611,0.01688951854860757
3,612,0.014125553598434972
3,613,0.017472848590521367
3,614,0.01669227329110636
3,615,0.016091602950524513
3,616,0.018116169069020926
3,617,0.014897662050346419
3,618,0.01746772717785954
3,619,0.016138571290957682
3,620,0.015656063008668775
3,621,0.01774468091915657
3,622,0.015464957598110155
3,623,0.015518995603345215
3,624,0.016943549146023158
3,625,0.01850670625274507
3,626,0.016415513205994926
3,627,0.016364637105374624
3,628,0.016746162584566116
3,629,0.0167406360866595
3,630,0.01553977339002193
3,631,0.015236805188784156
3,632,0.015819333464027068
3,633,0.018349726190540705
3,634,0.016614127723435013
3,635,0.01584964430871927
3,636,0.01621815714078174
3,637,0.015458268082374485
3,638,0.01678446492808679
3,639,0.016834877888377075
3,640,0.017488389801622484
3,641,0.015464822139857495
3,642,0.01639941212644938
3,643,0.016547480651975578
3,644,0.015173262228049341
3,645,0.017170564549279305
3,646,0.016450308333899117
3,647,0.01865177629118453
3,648,0.015708451590457584
3,649,0.017323037801298114
3,650,0.01641949074957298
3,651,0.016835158087946427
3,652,0.016601322542301
3,653,0.01505493966271044
3,654,0.016640663600512157
3,655,0.016177181415724873
3,656,0.01611467139681506
3,657,0.016036822557192455
3,658,0.01684341840142527
3,659,0.01448860708698102
3,660,0.017662520052689718
3,661,0.017064606320254083
3,662,0.018022632718775033
3,663,0.01658977010808807
3,664,0.017246571778379016
3,665,0.01695160398106531
3,666,0.015804945074965798
3,667,0.014731998889917433
3,668,0.016220451604718772
3,669,0.016632700842328835
3,670,0.01797209327499949
3,671,0.01810162301224279
3,672,0.017256082038705472
3,673,0.016171656312057008
3,674,0.016322420709987333
3,675,0.017423937224021024
3,676,0.016805218781919023
3,677,0.016928991315891928
3,678,0.017109567035145833
3,679,0.01582667413679507
3,680,0.016958743811709143
3,681,0.01536343467210489
3,682,0.017923076456359904
3,683,0.017241920065850402
3,684,0.01638197876945448
3,685,0.018006860687287657
3,686,0.017291122453580443
3,687,0.016170495198210056
3,688,0.016132227677119165
3,689,0.017128910810215486
3,690,0.017368997045891454
3,691,0.01713909093864119
3,692,0.01668968009847696
3,693,0.014858620746762427
3,694,0.015256546595790113
3,695,0.015537487112587206
3,696,0.015667233675701515
3,697,0.01609551079556217
3,698,0.016592663419542426
3,699,0.017402613525115563
3,700,0.015508199351460944
3,701,0.016662417461326007
3,702,0.01623162142952589
3,703,0.01626871442549339
3,704,0.015432706629589427
3,705,0.015104901452545958
3,706,0.01568380375387603
3,707,0.01855738315583702
3,708,0.01748658857453364
3,709,0.01747968853529756
3,710,0.015237090883000412
3,711,0.01692322253259777
3,712,0.015850900757411013
3,713,0.017204959273042164
3,714,0.01717490066280462
3,715,0.015456420338716905
3,716,0.014431947004574897
3,717,0.016278248504583443
3,718,0.016071151586493276
3,719,0.016914344855671226
3,720,0.01683874630270152
3,721,0.016567910793321
3,722,0.017081510342895196
3,723,0.015818268337053076
3,724,0.016881174282550537
3,725,0.01610221451301247
3,726,0.017292764217996553
3,727,0.015557157927435894
3,728,0.015995131088144987
3,729,0.017542301062533582
3,730,0.01577167659269817
3,731,0.016098662824873444
3,732,0.016531923495703843
3,733,0.01512928839267443
3,734,0.017011325107613894
3,735,0.017414138398213107
3,736,0.01753399581065256
3,737,0.015320599575134652
3,738,0.015776028158611705
3,739,0.016982222839192485
3,740,0.015972570553164134
3,741,0.016718212507730323
3,742,0.01656876575146138
3,743,0.01649912766386465
3,744,0.015888713576729458
3,745,0.016848658312966957
3,746,0.017086653266728563
3,747,0.016808003624172025
3,748,0.014992383090605873
3,749,0.016681978089982074
3,750,0.016153767625718313
3,751,0.01468570128343949
3,752,0.016260025957198693
3,753,0.016570012824738477
3,754,0.017403475974991256
3,755,0.017102264974427055
3,756,0.015873161866472103
3,757,0.01662430534392213
3,758,0.01701030686609294
3,759,0.017353635958865826
3,760,0.015898513437025585
3,761,0.015278635847995973
3,762,0.016966215844249188
3,763,0.016273556655571897
3,764,0.0169871673981922
3,765,0.01532347451491515
3,766,0.014469506676904201
3,767,0.016332306039286676
3,768,0.01724510468476002
3,769,0.0185341336798087
3,770,0.016082643285182302
3,771,0.015352901290897983
3,772,0.015805729035395955
3,773,0.01724990097728678
3,774,0.0171965268095772
3,775,0.017038075526259144
3,776,0.016667986963998026
3,777,0.016708868435525864
3,778,0.01675718749326281
3,779,0.01710164913285934
3,780,0.017171680596199446
3,781,0.01574042877015246
3,782,0.016838625745784857
3,783,0.01604459744244464
3,784,0.015271696923864134
3,785,0.017370170048381272
3,786,0.017385521011705585
3,787,0.01536618856916864
3,788,0.017079168540156203
3,789,0.01564740124589219
3,790,0.014697772040546453
3,791,0.015769545929333467
3,792,0.015462942008731106
3,793,0.017693253690610044
3,794,0.015373450643860207
3,795,0.01748109435954769
3,796,0.01648418158694817
3,797,0.017073544374373324
3,798,0.01714146724629831
3,799,0.01704221123976496
3,800,0.014843168687501315
3,801,0.017804283798544495
3,802,0.018058557528035573
3,803,0.018255306411697397
3,804,0.017380211392012374
3,805,0.017109057739177147
3,806,0.016761718003775166
3,807,0.01811511834615004
3,808,0.01457256689636933
3,809,0.016055464757064857
3,810,0.01636224435358935
3,811,0.015950422431884898
3,812,0.015744296942481372
3,813,0.015689339835658
3,814,0.018118711899811412
3,815,0.015461353394825813
3,816,0.017735053746610663
3,817,0.016872799579609753
3,818,0.018666670330904828
3,819,0.017168880486369987
3,820,0.016830648216112003
3,821,0.01553473396228632
3,822,0.017448014435413977
3,823,0.01589820398735331
3,824,0.015506027988286061
3,825,0.01745432943533347
3,826,0.01641378296522193
3,827,0.014335445381643913
3,828,0.016121444607644964
3,829,0.017447821345271425
3,830,0.018230222096354498
3,831,0.016705293113948055
3,832,0.015184875358610841
3,833,0.018539234428511003
3,834,0.01814433339352543
3,835,0.015906111092470976
3,836,0.016128439556065844
3,837,0.016624784714367364
3,838,0.015660859630570734
3,839,0.01636986855575646
3,840,0.016439821514527598
3,841,0.016462877217632243
3,842,0.014922322036861288
3,843,0.016711791896374655
3,844,0.01665754201395539
3,845,0.0167994991448731
3,846,0.017589066414524502
3,847,0.0168164176406581
3,848,0.015836928545930173
3,849,0.015791015975626942
3,850,0.015576541914371975
3,851,0.01695530591726376
3,852,0.018235662173835415
3,853,0.01679303861227884
3,854,0.015873203452067015
3,855,0.01797544788918058
3,856,0.015556081380441919
3,857,0.017682408276491767
3,858,0.01713624914630521
3,859,0.015156309350107708
3,860,0.015458496085081411
3,861,0.016422559314940827
3,862,0.01642467489118853
3,863,0.017235870978895368
3,864,0.01725134478287575
3,865,0.015008727400834707
3,866,0.016776242114392464
3,867,0.014369419767957164
3,868,0.015351165447413476
3,869,0.01697612484342099
3,870,0.016611652815617762
3,871,0.015200247944183518
3,872,0.016913168193841283
3,873,0.017378374720274148
3,874,0.017541969257039047
3,875,0.016513970034500853
3,876,0.01711343846784913
3,877,0.0167295396342657
3,878,0.015710472650118778
3,879,0.016840225265047404
3,880,0.015998724047808333
3,881,0.01591261588437916
3,882,0.016240988740642514
3,883,0.016687007911202128
3,884,0.016728822243415948
3,885,0.015061273610984851
3,886,0.016405570560068788
3,887,0.01612933464195328
3,888,0.015966861197708893
3,889,0.016270919458123072
3,890,0.015713629165330378
3,891,0.01594076154138475
3,892,0.015663649638393135
3,893,0.0171675428531612
3,894,0.017067633078762367
3,895,0.016707002770888674
3,896,0.017761626759862797
3,897,0.014548307094866755
3,898,0.01767933706504013
3,899,0.017326705309805724
3,900,0.017707659197344166
3,901,0.01752904231962384
3,902,0.015515611976659044
3,903,0.015897897293795888
3,904,0.016812659294755162
3,905,0.01545461592235913
3,906,0.016409972108912624
3,907,0.015954265990642036
3,908,0.016075485408182665
3,909,0.020578491678382948
3,910,0.015322757531904818
3,911,0.01702888664169443
3,912,0.01806350052799067
3,913,0.015864853981514004
3,914,0.017493557388319692
3,915,0.016355596524399513
3,916,0.015533952446021793
3,917,0.016808288427043943
3,918,0.014703473650997815
3,919,0.016039965532880507
3,920,0.016542569154593723
3,921,0.017112179591232207
3,922,0.015455254646998512
3,923,0.016432342790647102
3,924,0.014649802327089382
3,925,0.017019471282961125
3,926,0.016865234448158888
3,927,0.014552128663882058
3,928,0.016613875719764155
3,929,0.016760036810988106
3,930,0.016361912078376634
3,931,0.01636326818952467
3,932,0.016809081235900303
3,933,0.01731793663571
3,934,0.01696377167362592
3,935,0.0178485351929636
3,936,0.015191966763446649
3,937,0.017811595598651187
3,938,0.016871094704420487
3,939,0.017378431733209115
3,940,0.01583830079698374
3,941,0.015926283022497007
3,942,0.017234823543341122
3,943,0.015532275099224927
3,944,0.017155572464510205
3,945,0.01505131001462709
3,946,0.016828417707730515
3,947,0.017209082159650963
3,948,0.015620703417879328
3,949,0.016095072454251135
3,950,0.016509027409078048
3,951,0.018431076553206416
3,952,0.017564505146114084
3,953,0.015887917188719004
3,954,0.0170320767243487
3,955,0.016181508154511054
3,956,0.018084372843611463
3,957,0.01735931864580854
3,958,0.01627664938912395
3,959,0.01594735984478231
3,960,0.017266245920424184
3,961,0.015420908685833021
3,962,0.017803838614564554
3,963,0.017019832882190455
3,964,0.016759797615942762
3,965,0.017957432918909444
3,966,0.015406989194888135
3,967,0.01639641269325512
3,968,0.016940536799922995
3,969,0.01609362368539787
3,970,0.016137201025503183
3,971,0.016394431328392207
3,972,0.01708959171890383
3,973,0.01637726520359829
3,974,0.014621788991887272
3,975,0.016446792273527494
3,976,0.017500372808511133
3,977,0.016274487304349716
3,978,0.01636429385505826
3,979,0.01589329087532811
3,980,0.01638978131563872
3,981,0.01632054953957429
3,982,0.016191993338552424
3,983,0.01609732396694874
3,984,0.016103109162383777
3,985,0.016626127407093228
3,986,0.015546812120144304
3,987,0.017093043070226455
3,988,0.01617215889238725
3,989,0.016800632993224374
3,990,0.01571100386465941
3,991,0.01634770865782284
3,992,0.017634831673755024
3,993,0.016077868435439385
3,994,0.0166756983237346
3,995,0.018813559557944632
3,996,0.018969199145390848
3,997,0.016782181312953743
3,998,0.014527186004796003
3,999,0.014554384258675085
3,1000,0.0183066425358904
3,1001,0.017206702265507735
3,1002,0.01655589749753168
3,1003,0.017328352882407527
3,1004,0.016796391789760428
3,1005,0.01774840117519652
3,1006,0.017676957257060772
3,1007,0.018561119039361824
3,1008,0.015493056923432788
3,1009,0.015339633805572813
3,1010,0.018464674248700536
3,1011,0.016735733342484498
3,1012,0.015051860757789323
3,1013,0.015947385711331714
3,1014,0.01618981834554889
3,1015,0.016965878132652396
3,1016,0.017278232515290443
3,1017,0.01609808262793287
3,1018,0.017811986657067496
3,1019,0.01680145522150307
3,1020,0.016005842699424
3,1021,0.017955394499128946
3,1022,0.015121142350781954
3,1023,0.015702645551940786
3,1024,0.017799035964636212
3,1025,0.01575500890437222
3,1026,0.013658017777386205
3,1027,0.016993736471345028
3,1028,0.01643002172143297
3,1029,0.017274102780265227
3,1030,0.01502083945578886
3,1031,0.016344653236179507
3,1032,0.014264158248397127
3,1033,0.01618701254908994
3,1034,0.01642977387315958
3,1035,0.01477468530577051
3,1036,0.018175233043178713
3,1037,0.015939762073206586
3,1038,0.016532479341516793
3,1039,0.01558106746568196
3,1040,0.017020657205905638
3,1041,0.0161042373063927
3,1042,0.01665692595899117
3,1043,0.0170922497362072
3,1044,0.01642409023876944
3,1045,0.017103865367744553
3,1046,0.017045981911414515
3,1047,0.015680676192740373
3,1048,0.015686436391009684
3,1049,0.01527932688482849
3,1050,0.016822178284708323
3,1051,0.016609804524245247
3,1052,0.014919454980350874
3,1053,0.014409855647011369
3,1054,0.016257471020350023
3,1055,0.016564298912752778
3,1056,0.014816107317826399
3,1057,0.014517957152716606
3,1058,0.015359930849853912
3,1059,0.015611707697774396
3,1060,0.017840088830528743
3,1061,0.01692574930517583
3,1062,0.01712626851645323
3,1063,0.0176729889342495
3,1064,0.01739493264874507
3,1065,0.018402461638875166
3,1066,0.015687547309719812
3,1067,0.015202489264563098
3,1068,0.015054083441548691
3,1069,0.018737939224021904
3,1070,0.01667640595528999
3,1071,0.016290634923048674
3,1072,0.017318961399753297
3,1073,0.015294515295483785
3,1074,0.017696257725119253
3,1075,0.017159762722312056
3,1076,0.016593628844259606
3,1077,0.016729563686848265
3,1078,0.016750354550877034
3,1079,0.01619232236003894
3,1080,0.01649406647299571
3,1081,0.014534641441442694
3,1082,0.015605203395221007
3,1083,0.01603894274732191
3,1084,0.01547727887097113
3,1085,0.016322663016084548
3,1086,0.01809754879951538
3,1087,0.01846143234385202
3,1088,0.016136434333679766
3,1089,0.01466875934786375
3,1090,0.016208037970226213
3,1091,0.017435627756819273
3,1092,0.015232882987093604
3,1093,0.0191132380775214
3,1094,0.018993587563912423
3,1095,0.01579467106948736
3,1096,0.017311014708182897
3,1097,0.01655213011469923
3,1098,0.017574973753240058
3,1099,0.017615488977095844
3,1100,0.015752164337403184
3,1101,0.015578282063941545
3,1102,0.015678828010539558
3,1103,0.017296925858708345
3,1104,0.017214516725377826
3,1105,0.016166948224109818
3,1106,0.01636583501316441
3,1107,0.015382591044803393
3,1108,0.0165853537805212
3,1109,0.016376061244552913
3,1110,0.018165734911644683
3,1111,0.016407100565634446
3,1112,0.015489746385255807
3,1113,0.01575071652420736
3,1114,0.017706129086770273
3,1115,0.017199613375177215
3,1116,0.018430977398361036
3,1117,0.015841075822680305
3,1118,0.016833536672605887
3,1119,0.017369596142417582
3,1120,0.01620021284232274
3,1121,0.015375844964185712
3,1122,0.016525883535627162
3,1123,0.015468727249714745
3,1124,0.014648833358866223
3,1125,0.017531212866334227
3,1126,0.017505999735709033
3,1127,0.017158691815215205
3,1128,0.01568495040818323
3,1129,0.016488318927264045
3,1130,0.014357795287085029
3,1131,0.015941988272770446
3,1132,0.016323906354256974
3,1133,0.016290670360232767
3,1134,0.015778765863920362
3,1135,0.016076663809926357
3,1136,0.018109676959943765
3,1137,0.018272021721520693
3,1138,0.01650522630472312
3,1139,0.015394118131759912
3,1140,0.015586610139237289
3,1141,0.016632975178644583
3,1142,0.013580679487285335
3,1143,0.01494380603875741
3,1144,0.015876751440272164
3,1145,0.016166104713094525
3,1146,0.01667987782529758
3,1147,0.015437057353474753
3,1148,0.015356554712693926
3,1149,0.015684316868034464
3,1150,0.016489580181712826
3,1151,0.018625001455657625
3,1152,0.01852944193377763
3,1153,0.015667049548457202
3,1154,0.016503687546454242
3,1155,0.014695357705035023
3,1156,0.015100253587452548
3,1157,0.015698782941079487
3,1158,0.017374299845005325
3,1159,0.01602215094684975
3,1160,0.01698360911637985
3,1161,0.016445466121939412
3,1162,0.017062558112845155
3,1163,0.016193770317528583
3,1164,0.015460975413492414
3,1165,0.017449183356755216
3,1166,0.016354670363420015
3,1167,0.017422278623658683
3,1168,0.016570989241183453
3,1169,0.016963473946677337
3,1170,0.015834339065260734
3,1171,0.017158672898868077
3,1172,0.017073839726231
3,1173,0.017322377840238778
3,1174,0.017597891484661704
3,1175,0.015458027566284208
3,1176,0.015028958893540889
3,1177,0.016896912208327248
3,1178,0.01762232509219912
3,1179,0.015869477173774283
3,1180,0.017005414568918343
3,1181,0.017176757164747192
3,1182,0.016403028612969207
3,1183,0.014076509538371695
3,1184,0.016670133687242333
3,1185,0.01703133957565207
3,1186,0.016662791477513
3,1187,0.014633296255221806
3,1188,0.016688578799587756
3,1189,0.01785014799373319
3,1190,0.016856957552022257
3,1191,0.01697914919722616
3,1192,0.01763036080801908
3,1193,0.017186939150627772
3,1194,0.017061453521958748
3,1195,0.01620880678178301
3,1196,0.0173988881252659
3,1197,0.015973857489157695
3,1198,0.01499122661156164
3,1199,0.01718319792182338
3,1200,0.015377491701505958
3,1201,0.015565392786806862
3,1202,0.017988154648684657
3,1203,0.014632125278770789
3,1204,0.016804002055230038
3,1205,0.016317005345161627
3,1206,0.016966857976720272
3,1207,0.0158017276327356
3,1208,0.014882287066417949
3,1209,0.015713944851214162
3,1210,0.01698132021592304
3,1211,0.018948342574165278
3,1212,0.015732602327510514
3,1213,0.01782675882631003
3,1214,0.017231963495949132
3,1215,0.01580870706699806
3,1216,0.015845919313965246
3,1217,0.017691681685282633
3,1218,0.01523649154354656
3,1219,0.01751476226000272
3,1220,0.016618553258766766
3,1221,0.015939703136224226
3,1222,0.016382121417273788
3,1223,0.01595774241777964
3,1224,0.015055823702577529
3,1225,0.016771776624431068
3,1226,0.015368899773676429
3,1227,0.014944501931792495
3,1228,0.015952512279112274
3,1229,0.016717514672808298
3,1230,0.015520667673994007
3,1231,0.01623225530318942
3,1232,0.016237855223333115
3,1233,0.018364149356547028
3,1234,0.016210287808179607
3,1235,0.015559718655778904
3,1236,0.01564454266271807
3,1237,0.01646394529275273
3,1238,0.016731815963330936
3,1239,0.016574244081295514
3,1240,0.01669839308101223
3,1241,0.016115855633199488
3,1242,0.015474484268668237
3,1243,0.01640523177156188
3,1244,0.018195940773791202
3,1245,0.015406660933338303
3,1246,0.015817164400467876
3,1247,0.01492158690447252
3,1248,0.015540723636492032
3,1249,0.017813214775071095
3,1250,0.01586687223995197
3,1251,0.015989086921668404
3,1252,0.016904391401578445
3,1253,0.01644942190349268
3,1254,0.016960269125229698
3,1255,0.017648669433375758
3,1256,0.017251753309940564
3,1257,0.015789986525501287
3,1258,0.016237311019775796
3,1259,0.016370600896991983
3,1260,0.017010558568390465
3,1261,0.01704341910162538
3,1262,0.016270232942579604
3,1263,0.01615473607508332
3,1264,0.01515145094199094
3,1265,0.015609860671086384
3,1266,0.016279104955837186
3,1267,0.016896548096712333
3,1268,0.015849889687284485
3,1269,0.01580428669958776
3,1270,0.016742090720939868
3,1271,0.01631686654372307
3,1272,0.01770801000964034
3,1273,0.01644145870452827
3,1274,0.015961801793969128
3,1275,0.017281129640469184
3,1276,0.01666020291674883
3,1277,0.014999201897467784
3,1278,0.017747582708299136
3,1279,0.017073382059359432
3,1280,0.017091613321758552
3,1281,0.018174632300323224
3,1282,0.01586681393296412
3,1283,0.01723182784990888
3,1284,0.015499021929186674
3,1285,0.01762863239566569
3,1286,0.017127161446067473
3,1287,0.01601893510549225
3,1288,0.015468090997946429
3,1289,0.016711077745728036
3,1290,0.017121146147029143
3,1291,0.015952312131287266
3,1292,0.01640774742481127
3,1293,0.015623472798098956
3,1294,0.017508891571520357
3,1295,0.014334442782312986
3,1296,0.01648093620757468
3,1297,0.01597778066313595
3,1298,0.015433761385374084
3,1299,0.01667522962761832
3,1300,0.015502598464879511
3,1301,0.015419847440417217
3,1302,0.017231886152430747
3,1303,0.015469064536108626
3,1304,0.016186742456047527
3,1305,0.016947218653093076
3,1306,0.0163748573959903
3,1307,0.015500624456221052
3,1308,0.014980155521000479
3,1309,0.01588577616791631
3,1310,0.015536371974214794
3,1311,0.016851799268781293
3,1312,0.01618959471011051
3,1313,0.016276312455574853
3,1314,0.014776667628610471
3,1315,0.017644986723319656
3,1316,0.017970973799135963
3,1317,0.015859225393093174
3,1318,0.015502403154771674
3,1319,0.016295662886454305
3,1320,0.0168684155715903
3,1321,0.017196903379410728
3,1322,0.014981372224532968
3,1323,0.01564256147285027
3,1324,0.015966231137884868
3,1325,0.01518612157988597
3,1326,0.017993283511875586
3,1327,0.017508077909206055
3,1328,0.016798456351908308
3,1329,0.016000932139294138
3,1330,0.015034948967810907
3,1331,0.014862071726054804
3,1332,0.015488926190546573
3,1333,0.014329069553631132
3,1334,0.016653569846003635
3,1335,0.016690050956964964
3,1336,0.017479181448308012
3,1337,0.01614769836218649
3,1338,0.01785730840776731
3,1339,0.017307430909549355
3,1340,0.014955557543354592
3,1341,0.016135426336562824
3,1342,0.015765175357959616
3,1343,0.01751320268601053
3,1344,0.016003167980370613
3,1345,0.018652589383753332
3,1346,0.016613225627646184
3,1347,0.015554707736386203
3,1348,0.015867294243758018
3,1349,0.018451163304138662
3,1350,0.015031982445001979
3,1351,0.018188310041878947
3,1352,0.014973450587324244
3,1353,0.016909075858554473
3,1354,0.015589198512233532
3,1355,0.017682953462734807
3,1356,0.015932082713404905
3,1357,0.01709956436914332
3,1358,0.016427707620467562
3,1359,0.015191522505425844
3,1360,0.016255002072761555
3,1361,0.016359363895663403
3,1362,0.01501906055777331
3,1363,0.015971924259774284
3,1364,0.017462658073387354
3,1365,0.01621055577160573
3,1366,0.014921792210008241
3,1367,0.01713093585806738
3,1368,0.01652040773696023
3,1369,0.01611888758889558
3,1370,0.017937049581158854
3,1371,0.018556437232456407
3,1372,0.016832936277707638
3,1373,0.015872533307822845
3,1374,0.01722307711520794
3,1375,0.01875806849902914
3,1376,0.018009001636677697
3,1377,0.017141478936194925
3,1378,0.016470899310003322
3,1379,0.015353819637571745
3,1380,0.017375458038707946
3,1381,0.01544295073762797
3,1382,0.016450753783039007
3,1383,0.016855312970637432
3,1384,0.01614552704438595
3,1385,0.0158753789603224
3,1386,0.01480020120465291
3,1387,0.017432749131551684
3,1388,0.01665079630347811
3,1389,0.017853908798663044
3,1390,0.015553692061399263
3,1391,0.017341919242196496
3,1392,0.016412027106760995
3,1393,0.014980913063814725
3,1394,0.016897681636597328
3,1395,0.01659079885844031
3,1396,0.015154602421424699
3,1397,0.01600342240094275
3,1398,0.016196962951946364
3,1399,0.01648952524717512
3,1400,0.01600243268056233
3,1401,0.015433201215344102
3,1402,0.017854012137596343
3,1403,0.01652667964501685
3,1404,0.01580935074385779
3,1405,0.01840663120023679
3,1406,0.016412486791367115
3,1407,0.017565183545691837
3,1408,0.015863272494678542
3,1409,0.017025317846950872
3,1410,0.016004103293310163
3,1411,0.015528876877980066
3,1412,0.017389407178047905
3,1413,0.01610034692383146
3,1414,0.016158775419750443
3,1415,0.017138453564748496
3,1416,0.016905141761720765
3,1417,0.018255019188982768
3,1418,0.015584664982554425
3,1419,0.01578100274003556
3,1420,0.016377017757550284
3,1421,0.017016241539103888
3,1422,0.016678242763387696
3,1423,0.013899540297199761
3,1424,0.016345490022560583
3,1425,0.016868545825670506
3,1426,0.01714073673537871
3,1427,0.01596794888389406
3,1428,0.016529172210860543
3,1429,0.01471333557220352
3,1430,0.01720578170141875
3,1431,0.016808330797070604
3,1432,0.01633793434584895
3,1433,0.015268136354284903
3,1434,0.01657549529873738
3,1435,0.0148594611874693
3,1436,0.014679652852890015
3,1437,0.01570109454879909
3,1438,0.0172106045604401
3,1439,0.017137845778743072
3,1440,0.01516689218889993
3,1441,0.015028470959056961
3,1442,0.015758984056606418
3,1443,0.0162566233667505
3,1444,0.015615660499902317
3,1445,0.015889289538358737
3,1446,0.017069085796798767
3,1447,0.015581809331100252
3,1448,0.016386074358293378
3,1449,0.018134971740299332
3,1450,0.016565201929145273
3,1451,0.015551630505601136
3,1452,0.015237397121055199
3,1453,0.018820190661591407
3,1454,0.014332379544002266
3,1455,0.015454207209755414
3,1456,0.01792246904251929
3,1457,0.016496916864090716
3,1458,0.016545633849650226
3,1459,0.017672298234613016
3,1460,0.016448396867327308
3,1461,0.016250944476248076
3,1462,0.016807183370694673
3,1463,0.018211721914485585
3,1464,0.01726891981838353
3,1465,0.01646890163308883
3,1466,0.013769347738902066
3,1467,0.017523743763240906
3,1468,0.017087823951184144
3,1469,0.017353161893805324
3,1470,0.017848288288221704
3,1471,0.01635144333576884
3,1472,0.01581705391993653
3,1473,0.016815351628903564
3,1474,0.018263187532100433
3,1475,0.016706986615829728
3,1476,0.01630832769115519
3,1477,0.016827309540047408
3,1478,0.01671636286495688
3,1479,0.016735644165558856
3,1480,0.016187591086240738
3,1481,0.018833811649843213
3,1482,0.017548536880585636
3,1483,0.017270294687890254
3,1484,0.017175802017370206
3,1485,0.01585686875528619
3,1486,0.018179634671480982
3,1487,0.017014499186431036
3,1488,0.016549637687579
3,1489,0.015506435398031435
3,1490,0.014457130201904228
3,1491,0.01595176198449248
3,1492,0.016616829859137084
3,1493,0.01537494855009893
3,1494,0.016581898676224865
3,1495,0.016680394066913223
3,1496,0.01561303808122022
3,1497,0.015463161423330993
3,1498,0.017435062581657324
3,1499,0.01532746161940047
3,1500,0.01737779153505119
3,1501,0.015400054401031824
3,1502,0.01638557129988405
3,1503,0.014951952997035048
3,1504,0.016526956119124536
3,1505,0.015698054081118563
3,1506,0.015391737615072574
3,1507,0.015947969557105385
3,1508,0.017459491313002007
3,1509,0.016457052268190202
3,1510,0.016596748722597716
3,1511,0.01702514140469218
3,1512,0.016834635620652755
3,1513,0.01573930817459031
3,1514,0.01909279572073728
3,1515,0.018509929957503817
3,1516,0.018423293154033682
3,1517,0.016687614336889183
3,1518,0.015933849430695358
3,1519,0.016129671600441303
3,1520,0.01591349456589829
3,1521,0.014504285101937289
3,1522,0.014686750488220426
3,1523,0.018707744726448094
3,1524,0.015771606085582247
3,1525,0.014985661989112073
3,1526,0.016731100714275016
3,1527,0.018325144164864925
3,1528,0.016229339288640204
3,1529,0.014383058182347613
3,1530,0.018417153745673848
3,1531,0.016455885296373967
3,1532,0.016274325337252222
3,1533,0.015134696631008018
3,1534,0.017198842722014013
3,1535,0.017315515707540596
3,1536,0.016572912949110886
3,1537,0.016914388546849513
3,1538,0.015782445874016154
3,1539,0.015251111405544832
3,1540,0.017224364980536217
3,1541,0.01639298225943271
3,1542,0.014732745286090726
3,1543,0.01635532628689344
3,1544,0.015802235728286623
3,1545,0.018029318389135268
3,1546,0.016470491930640468
3,1547,0.01803388910364719
3,1548,0.01613114797304389
3,1549,0.01733678552168419
3,1550,0.016067397831127494
3,1551,0.015200687674625865
3,1552,0.016271299343492435
3,1553,0.0153178838307823
3,1554,0.015447672755091365
3,1555,0.01540136464733266
3,1556,0.015925656305906855
3,1557,0.016474683722789662
3,1558,0.016155613031072796
3,1559,0.01645163378503185
3,1560,0.01587583397092975
3,1561,0.01687523726294025
3,1562,0.015466706624536308
3,1563,0.014866862952474644
3,1564,0.016843047047610183
3,1565,0.016921574797423383
3,1566,0.015383815363219672
3,1567,0.017790583918144958
3,1568,0.017577117396440727
3,1569,0.01654703855824306
3,1570,0.015339849641771245
3,1571,0.016511566328647975
3,1572,0.016704395505162627
3,1573,0.01586532804452386
3,1574,0.016198406049862713
3,1575,0.01608936075284953
3,1576,0.01636524555916356
3,1577,0.017658743835343233
3,1578,0.016183856095872178
3,1579,0.014706546234691337
3,1580,0.01494740674858977
3,1581,0.017262149094369055
3,1582,0.016627581321601442
3,1583,0.01608286063803338
3,1584,0.01582211969137388
3,1585,0.016479002466597458
3,1586,0.01628388837842402
3,1587,0.017101686295952035
3,1588,0.016490841808108087
3,1589,0.016898604785382475
3,1590,0.01755933988881712
3,1591,0.01742100358456079
3,1592,0.015065264727611596
3,1593,0.01787657784869447
3,1594,0.016248062783747436
3,1595,0.01623967817673015
3,1596,0.016270090078610928
3,1597,0.016511620355720447
3,1598,0.01631369471963053
3,1599,0.017150595293813103
3,1600,0.01643400276690814
3,1601,0.016053992620798808
3,1602,0.01751168667479336
3,1603,0.014985887290076041
3,1604,0.014671656264908342
3,1605,0.016353341141512167
3,1606,0.01482155489434811
3,1607,0.01659345191784452
3,1608,0.01747645883306954
3,1609,0.016197518171260656
3,1610,0.01586714313615319
3,1611,0.016460502615714707
3,1612,0.01676990535051519
3,1613,0.015722506474127557
3,1614,0.01631799831857128
3,1615,0.015228748853395238
3,1616,0.017293561346044834
3,1617,0.01479335048866201
3,1618,0.015700588448884917
3,1619,0.017774527810971413
3,1620,0.01663421630611664
3,1621,0.015923075762549904
3,1622,0.016632263592309366
3,1623,0.01734329401020405
3,1624,0.018295320554570626
3,1625,0.017639065818974158
3,1626,0.015153283117405714
3,1627,0.015806938163696976
3,1628,0.017454061116916813
3,1629,0.0190607673661559
3,1630,0.017405052060455967
3,1631,0.015378491730468504
3,1632,0.015391845244768257
3,1633,0.015032433868219536
3,1634,0.016140821851871722
3,1635,0.015737895385200013
3,1636,0.01690652997168014
3,1637,0.01768605532180989
3,1638,0.014150168791335635
3,1639,0.017773756147486008
3,1640,0.017463271905434573
3,1641,0.016937616730524196
3,1642,0.017152009135570512
3,1643,0.015460339629019021
3,1644,0.016557164872018814
3,1645,0.014511692952375893
3,1646,0.01639343036870695
3,1647,0.017579059172923062
3,1648,0.01808957056737141
3,1649,0.014470203280878835
3,1650,0.01564240756990822
3,1651,0.01784502128835208
3,1652,0.016363729585017667
3,1653,0.016434924923756245
3,1654,0.014782760841585927
3,1655,0.016581985646897873
3,1656,0.017931642551357874
3,1657,0.016324757705866
3,1658,0.015428317557167994
3,1659,0.016671703339465077
3,1660,0.015011442101967365
3,1661,0.015390493475135695
3,1662,0.015821001021260356
3,1663,0.01591980028723226
3,1664,0.017504680281471657
3,1665,0.01687527954558704
3,1666,0.016851927960615538
3,1667,0.017317697583879188
3,1668,0.01622370921502943
3,1669,0.01567116484591624
3,1670,0.016632071284780846
3,1671,0.016220936262078395
3,1672,0.016519420236107436
3,1673,0.017799316671977455
3,1674,0.01717903073262425
3,1675,0.018227146183534798
3,1676,0.018031772321735928
3,1677,0.018630821678632392
3,1678,0.017496784204529946
3,1679,0.016231281804998148
3,1680,0.01594025281679128
3,1681,0.019167231640259224
3,1682,0.01674769678320015
3,1683,0.016052012663139787
3,1684,0.017349580389209123
3,1685,0.015110046230417127
3,1686,0.016392925996114176
3,1687,0.01627991700778551
3,1688,0.01664211461936781
3,1689,0.016976375898970626
3,1690,0.014739978048059774
3,1691,0.014719441869074312
3,1692,0.015798134917081503
3,1693,0.0161192615997237
3,1694,0.017314960308712213
3,1695,0.01680620105653552
3,1696,0.015141256413534929
3,1697,0.016458073470898043
3,1698,0.015780975577547495
3,1699,0.017329054098430875
3,1700,0.016222066090136805
3,1701,0.015862485580331143
3,1702,0.017272833093900496
3,1703,0.017576331735806944
3,1704,0.015753082112387795
3,1705,0.016345355406352135
3,1706,0.015669945753046716
3,1707,0.016868173716691554
3,1708,0.016415355830973245
3,1709,0.015095289089872038
3,1710,0.016065978902061222
3,1711,0.015385407695984307
3,1712,0.01561064746726821
3,1713,0.017396964851840363
3,1714,0.01681796654579325
3,1715,0.017487648646746484
3,1716,0.01643341066689541
3,1717,0.016798296409263346
3,1718,0.018738466038727114
3,1719,0.015067823230869665
3,1720,0.01669883716685409
3,1721,0.016780361635889557
3,1722,0.018143465857762987
3,1723,0.016986610816418835
3,1724,0.016843722000800004
3,1725,0.01673992494861848
3,1726,0.015693203284505002
3,1727,0.015895482054351262
3,1728,0.015661628131251187
3,1729,0.015660287230835773
3,1730,0.017481181884847274
3,1731,0.017042170257787575
3,1732,0.01578498448653536
3,1733,0.016471305234248057
3,1734,0.015311001145190758
3,1735,0.016520675455355804
3,1736,0.017028426300121597
3,1737,0.01659790660727749
3,1738,0.01572847156948858
3,1739,0.01608698016702405
3,1740,0.01606488690879679
3,1741,0.01669072286825815
3,1742,0.01648352484466793
3,1743,0.01702590482043903
3,1744,0.017148572798529948
3,1745,0.015446999729667898
3,1746,0.015128057606372064
3,1747,0.015965180363651587
3,1748,0.015072224102563833
3,1749,0.01802187173726556
3,1750,0.015994719108261612
3,1751,0.015923855525393715
3,1752,0.017619094702112037
3,1753,0.016187452068919722
3,1754,0.017402794215713595
3,1755,0.014454594952025113
3,1756,0.016321825805784895
3,1757,0.016703333297941814
3,1758,0.017251719332910375
3,1759,0.01666693101344498
3,1760,0.015757717020196748
3,1761,0.017616557572972553
3,1762,0.01657909491056117
3,1763,0.01731100629879423
3,1764,0.01594798747371458
3,1765,0.015657165660824045
3,1766,0.016660890691722108
3,1767,0.016827996882357116
3,1768,0.015207810037035308
3,1769,0.016583451675397893
3,1770,0.01726189021046205
3,1771,0.014701450391588248
3,1772,0.014966367023008334
3,1773,0.015364206128180088
3,1774,0.01714322356962829
3,1775,0.014657986035476162
3,1776,0.01710619373476156
3,1777,0.015574233402373766
3,1778,0.015287666900145686
3,1779,0.017542293887386717
3,1780,0.01817684952120426
3,1781,0.016142194817135903
3,1782,0.01667629700399072
3,1783,0.017714882084120077
3,1784,0.018767667712990682
3,1785,0.01616691059354028
3,1786,0.015532884381548937
3,1787,0.017643073615283222
3,1788,0.016563816283801918
3,1789,0.017050125745272603
3,1790,0.016876417579073755
3,1791,0.017670362252433236
3,1792,0.014557628330675032
3,1793,0.01689430462680407
3,1794,0.016502254764568486
3,1795,0.01647055257440988
3,1796,0.01687590946197486
3,1797,0.017657390931093375
3,1798,0.017982896719079784
3,1799,0.016371083986698554
3,1800,0.016406185027246434
3,1801,0.018271164641598652
3,1802,0.017325733224995327
3,1803,0.01601902453796855
3,1804,0.01641904470483674
3,1805,0.016519218425233417
3,1806,0.015576283886236811
3,1807,0.018180664311165495
3,1808,0.014964458210715653
3,1809,0.01807701626398135
3,1810,0.01742942367207828
3,1811,0.01458862712680937
3,1812,0.015512201350096963
3,1813,0.01635275470689382
3,1814,0.018094745046150978
3,1815,0.01721197040420705
3,1816,0.015553393420046543
3,1817,0.01647000431571166
3,1818,0.016794951797096207
3,1819,0.017753831689927235
3,1820,0.01625487228023248
3,1821,0.015630055318492042
3,1822,0.015181980310350257
3,1823,0.0172868625117005
3,1824,0.016374088553413057
3,1825,0.017600287959044402
3,1826,0.015903930403051936
3,1827,0.014770250317014936
3,1828,0.016712952082527998
3,1829,0.016579109201850368
3,1830,0.01596491022182654
3,1831,0.015390426035227259
3,1832,0.01707572336495139
3,1833,0.015609433332167041
3,1834,0.016245813086941646
3,1835,0.01626586971034159
3,1836,0.017116189550254023
3,1837,0.0150851514035871
3,1838,0.017262232214860136
3,1839,0.01574064231159304
3,1840,0.016694074573386453
3,1841,0.017162475285157453
3,1842,0.01596986970292813
3,1843,0.017850583598779345
3,1844,0.016935320484764232
3,1845,0.01686901557928987
3,1846,0.016239031330427655
3,1847,0.01581470203144068
3,1848,0.01872018472902585
3,1849,0.015083544048424982
3,1850,0.01634871171048528
3,1851,0.01530562625291021
3,1852,0.01660624765105051
3,1853,0.01606534717295578
3,1854,0.014317303495555184
3,1855,0.015729949699125084
3,1856,0.01618930351105573
3,1857,0.015819341586965418
3,1858,0.016709642626983757
3,1859,0.01642175786657643
3,1860,0.016968206987191703
3,1861,0.016270476390352156
3,1862,0.01779071099757047
3,1863,0.01722069232816496
3,1864,0.01731632493780232
3,1865,0.015532214204587697
3,1866,0.017611692144224988
3,1867,0.016942711504176405
3,1868,0.01713439956895686
3,1869,0.014884099876947563
3,1870,0.016819938012542234
3,1871,0.015163512433942197
3,1872,0.016723839706248873
3,1873,0.016697547022408582
3,1874,0.015534032890955729
3,1875,0.015697483064462753
3,1876,0.016257772394036057
3,1877,0.014704415230628876
3,1878,0.016880971440713304
3,1879,0.016434860398479023
3,1880,0.017068386267271796
3,1881,0.014668835676133715
3,1882,0.017050374845752763
3,1883,0.016171443904499604
3,1884,0.01529783318723274
3,1885,0.01894634080826609
3,1886,0.01496041724031863
3,1887,0.016224523201862646
3,1888,0.01577013811453278
3,1889,0.017242241907741086
3,1890,0.016606939152950074
3,1891,0.015299330585114854
3,1892,0.016006482207754042
3,1893,0.016456213477545296
3,1894,0.01761803022971144
3,1895,0.016143061803983467
3,1896,0.01748383354316545
3,1897,0.016051314649756277
3,1898,0.015573001837633391
3,1899,0.01686153974943295
3,1900,0.016795285725127795
3,1901,0.016658887783663468
3,1902,0.017545919680481414
3,1903,0.015369890823541815
3,1904,0.014410876902542927
3,1905,0.015952543508646545
3,1906,0.015777665054094014
3,1907,0.016126206598793675
3,1908,0.017113744064273812
3,1909,0.018219264714729844
3,1910,0.015586073522556957
3,1911,0.01675818770675243
3,1912,0.016946221192598948
3,1913,0.01624620870634147
3,1914,0.015461452683582696
3,1915,0.016090416818221442
3,1916,0.017506625173096202
3,1917,0.015839942505055493
3,1918,0.016681178781382828
3,1919,0.015217521815799181
3,1920,0.014205049776623865
3,1921,0.015775861130974605
3,1922,0.01496473218506201
3,1923,0.016899346417737816
3,1924,0.016319695855242417
3,1925,0.01624949081665376
3,1926,0.014633529703743126
3,1927,0.018376965246324112
3,1928,0.017362166016551366
3,1929,0.01830137353525625
3,1930,0.0164137915426817
3,1931,0.0179575917575171
3,1932,0.016352252348524016
3,1933,0.017519475014294572
3,1934,0.016140247708010036
3,1935,0.016499541141158758
3,1936,0.014747780833650545
3,1937,0.013936926748636816
3,1938,0.01629976743443833
3,1939,0.017406771288023388
3,1940,0.015133668341817045
3,1941,0.015611804324998443
3,1942,0.016481087706928698
3,1943,0.015890492980532245
3,1944,0.016857318847050745
3,1945,0.01651328543537677
3,1946,0.016040927289640444
3,1947,0.017103946774841366
3,1948,0.01542467880448603
3,1949,0.01779989535443177
3,1950,0.01681989230673504
3,1951,0.017732602972701194
3,1952,0.016540033742281236
3,1953,0.017511119650308538
3,1954,0.016327162727982143
3,1955,0.016857220544204733
3,1956,0.015360573641089531
3,1957,0.016529993687031303
3,1958,0.014722652546624073
3,1959,0.016020379908276743
3,1960,0.016070249217826627
3,1961,0.01626674150229253
3,1962,0.01857093853292301
3,1963,0.01838202818364647
3,1964,0.01879975835971005
3,1965,0.016594022747649362
3,1966,0.015428851033235927
3,1967,0.014297524311067447
3,1968,0.017135496395781807
3,1969,0.017740037866380665
3,1970,0.014543318069074107
3,1971,0.014190582116103486
3,1972,0.0163892505825472
3,1973,0.015831894365557098
3,1974,0.014828924445364627
3,1975,0.015215716229048076
3,1976,0.01569911872070377
3,1977,0.016133910857109978
3,1978,0.016041524165275073
3,1979,0.013692632956467091
3,1980,0.015047258201312927
3,1981,0.01653465428083629
3,1982,0.017788258276821994
3,1983,0.016203066102425407
3,1984,0.01743089337698096
3,1985,0.017159244949302654
3,1986,0.016607637379905893
3,1987,0.016889311339998114
3,1988,0.01850105005337241
3,1989,0.016407790260175747
3,1990,0.01564907053094731
3,1991,0.016056095779563007
3,1992,0.01677955270351114
3,1993,0.017252580681465946
3,1994,0.017082913864159065
3,1995,0.01713479350247905
3,1996,0.016540839899853527
3,1997,0.015743820930465734
3,1998,0.015000057637331329
3,1999,0.01718658441556516
3,2000,0.017465958679284955
3,2001,0.016682949441056777
3,2002,0.017287544267242078
3,2003,0.018428842632208658
3,2004,0.015918022763880435
3,2005,0.017452248556449602
3,2006,0.017655743062420227
3,2007,0.01706594802367552
3,2008,0.01683071558265174
3,2009,0.015042719680737596
3,2010,0.014127839663998757
3,2011,0.016635980233444526
3,2012,0.01588252097163449
3,2013,0.016819465903502
3,2014,0.014899916354521777
3,2015,0.01449495421170203
3,2016,0.017293573136132816
3,2017,0.016815639016880435
3,2018,0.01563976041498528
3,2019,0.017720336255842416
3,2020,0.019582250959068653
3,2021,0.015917837845360272
3,2022,0.01609699644278828
3,2023,0.017717352328527964
3,2024,0.01637224754084336
3,2025,0.016305894833765933
3,2026,0.016612650230962218
3,2027,0.01663344987338457
3,2028,0.015479199019600126
3,2029,0.017287784786500764
3,2030,0.015085398802815758
3,2031,0.015068866674991762
3,2032,0.01784287369989021
3,2033,0.015487556856408421
3,2034,0.016809291829968088
3,2035,0.016418487092374767
3,2036,0.015849870151270245
3,2037,0.016421177171914974
3,2038,0.017353655990950446
3,2039,0.016321932770708324
3,2040,0.016369656241777608
3,2041,0.015220183172599563
3,2042,0.016026462717066637
3,2043,0.014944762267983155
3,2044,0.016595540440632817
3,2045,0.015090032118179414
3,2046,0.016212257844459333
3,2047,0.015982420894702615
3,2048,0.016869572728188408
3,2049,0.015570989575042068
3,2050,0.01520582517308805
3,2051,0.017119895322667528
3,2052,0.01735520999586762
3,2053,0.015145330129362367
3,2054,0.01633029259158103
3,2055,0.017866117577454366
3,2056,0.016358085042309827
3,2057,0.01679679396684086
3,2058,0.015793486329972378
3,2059,0.017065078965653197
3,2060,0.017571648405659213
3,2061,0.015231075661029611
3,2062,0.01790477324510011
3,2063,0.01707694611420844
3,2064,0.016196861357379532
3,2065,0.016518148182541287
3,2066,0.013904012920691053
3,2067,0.017234578925539933
3,2068,0.015270981481404452
3,2069,0.016746784807627712
3,2070,0.016520904683484428
3,2071,0.015986685389927573
3,2072,0.016501312904676213
3,2073,0.015245189630456587
3,2074,0.01781497006416441
3,2075,0.01574781534452412
3,2076,0.019472181232197683
3,2077,0.015573357703475177
3,2078,0.014957732834113816
3,2079,0.016931655653123562
3,2080,0.016457038293785958
3,2081,0.016640061894455865
3,2082,0.01493553580403433
3,2083,0.017623058286200793
3,2084,0.017459636923092308
3,2085,0.016286570916898013
3,2086,0.01936943644861408
3,2087,0.015428968230202456
3,2088,0.016826092850549174
3,2089,0.016283072603775706
3,2090,0.016057538840145952
3,2091,0.018538694790349846
3,2092,0.01664792439320602
3,2093,0.016925758058183703
3,2094,0.017501960584755293
3,2095,0.01484084330042279
3,2096,0.0159190977841935
3,2097,0.015970599201697855
3,2098,0.015899074754449582
3,2099,0.017571483201047833
3,2100,0.01553143907455897
3,2101,0.015722026639694565
3,2102,0.015930134167831206
3,2103,0.017287847122429683
3,2104,0.015491616808924006
3,2105,0.01661524206125914
3,2106,0.01768174805582101
3,2107,0.01719930619269548
3,2108,0.01572147348035231
3,2109,0.01725118138194621
3,2110,0.017058991360909926
3,2111,0.016531064242430015
3,2112,0.01529270333160677
3,2113,0.016941352205677385
3,2114,0.015321642625299716
3,2115,0.016151145352005264
3,2116,0.016361014585942413
3,2117,0.01590246580329588
3,2118,0.01738164632530496
3,2119,0.015805849292504587
3,2120,0.015971622165858856
3,2121,0.017010884564695693
3,2122,0.01496267623156424
3,2123,0.01699422266551857
3,2124,0.016724128118771848
3,2125,0.015407960509989419
3,2126,0.01737348719072393
3,2127,0.01542235012598798
3,2128,0.015838602710417704
3,2129,0.017952340098168745
3,2130,0.01658553676462964
3,2131,0.01559915659598505
3,2132,0.017230112229004713
3,2133,0.01829856897605775
3,2134,0.016071920809792573
3,2135,0.016439594176526646
3,2136,0.015453164955780299
3,2137,0.015986152530498277
3,2138,0.015395439992408166
3,2139,0.01765638318050608
3,2140,0.017904589480198674
3,2141,0.015422868675841028
3,2142,0.016097257782351816
3,2143,0.017405720493827038
3,2144,0.01603799320700164
3,2145,0.014276907920862725
3,2146,0.016826414798609718
3,2147,0.016647632248385946
3,2148,0.016061139832432014
3,2149,0.017074781286333357
3,2150,0.016770768738165114
3,2151,0.016930141986783515
3,2152,0.014933876130581688
3,2153,0.01644118115325065
3,2154,0.017498262828788236
3,2155,0.01753691854466267
3,2156,0.01649303775403026
3,2157,0.01741772291875099
3,2158,0.01578423408310688
3,2159,0.017427512887303116
3,2160,0.01418454379491077
3,2161,0.016086955025294253
3,2162,0.01804261628899831
3,2163,0.01660716768252468
3,2164,0.016106720796636626
3,2165,0.016230294063873423
3,2166,0.015440285447637647
3,2167,0.014968571352095414
3,2168,0.01660127866855926
3,2169,0.016400949853194745
3,2170,0.016047213645567566
3,2171,0.017079459029708876
3,2172,0.017661897103200607
3,2173,0.015937813924549626
3,2174,0.016706319457160574
3,2175,0.0169565227361628
3,2176,0.01872104136699258
3,2177,0.01671127088692596
3,2178,0.015737488834875708
3,2179,0.016769229603984952
3,2180,0.015723397179964727
3,2181,0.01572818248492311
3,2182,0.01751045638602188
3,2183,0.01646930803105558
3,2184,0.01735319863302699
3,2185,0.01597161756377294
3,2186,0.01597207763552334
3,2187,0.016412588448161087
3,2188,0.01718689430413668
3,2189,0.016787774268676215
3,2190,0.015947942558805207
3,2191,0.018099326957249955
3,2192,0.016569988353454423
3,2193,0.01656358322847633
3,2194,0.016683723643762916
3,2195,0.016306077064631042
3,2196,0.017536166822593097
3,2197,0.01674665154713408
3,2198,0.01685465210464031
3,2199,0.018391657813378297
3,2200,0.0175428118936594
3,2201,0.016624302177789114
3,2202,0.01613459741782571
3,2203,0.017349986029512366
3,2204,0.017183176845749992
3,2205,0.015313703576117508
3,2206,0.016839788676336186
3,2207,0.016702312909576033
3,2208,0.016793636935913642
3,2209,0.01651202346778326
3,2210,0.016760285136041053
3,2211,0.015469472296527037
3,2212,0.018399778368500513
3,2213,0.014844550867688452
3,2214,0.016739359386725477
3,2215,0.01641693311477746
3,2216,0.015462543077403598
3,2217,0.015956070563447455
3,2218,0.016734088002803932
3,2219,0.015428793806822058
3,2220,0.01646710288171326
3,2221,0.017251293478815183
3,2222,0.017136683503440164
3,2223,0.016766390436397955
3,2224,0.01684087822775035
3,2225,0.016248901233900232
3,2226,0.01744147327870583
3,2227,0.016267035228180227
3,2228,0.015631711532898652
3,2229,0.01664882846396225
3,2230,0.016561156873016392
3,2231,0.0165343378632886
3,2232,0.016530847539536958
3,2233,0.015356964567145312
3,2234,0.01703834142547102
3,2235,0.015237569522687436
3,2236,0.01556767173025971
3,2237,0.015996626042589973
3,2238,0.014423105997920052
3,2239,0.016221041121714647
3,2240,0.016240880377086642
3,2241,0.016920371794361577
3,2242,0.01563657720806651
3,2243,0.017948480042813426
3,2244,0.01735529011863507
3,2245,0.01674269757504211
3,2246,0.017032372504811055
3,2247,0.015145267454798828
3,2248,0.016368200623275264
3,2249,0.017181200604062873
3,2250,0.01624778492751656
3,2251,0.017100515966853535
3,2252,0.017483894920723775
3,2253,0.01610721429615548
3,2254,0.016340478289884042
3,2255,0.017032256035193028
3,2256,0.014980174673309718
3,2257,0.017399123488303265
3,2258,0.017735751121413196
3,2259,0.016178740634759863
3,2260,0.015982461879451126
3,2261,0.015280480903315222
3,2262,0.016644722297955966
3,2263,0.017112578778715876
3,2264,0.01431943818264166
3,2265,0.01681491257859068
3,2266,0.017032196812408657
3,2267,0.01734685938687137
3,2268,0.01501335105431631
3,2269,0.015683836781684873
3,2270,0.01768596536760873
3,2271,0.01467310410941818
3,2272,0.01599870184381852
3,2273,0.01724269501368153
3,2274,0.016600521729105866
3,2275,0.016593828683078644
3,2276,0.016849953327733824
3,2277,0.015333336952808493
3,2278,0.015588891863214585
3,2279,0.01615725068539156
3,2280,0.016422603192356406
3,2281,0.015871304635568434
3,2282,0.017406246748349823
3,2283,0.016477661947069983
3,2284,0.016991718972216758
3,2285,0.01637145651207202
3,2286,0.015116957898963992
3,2287,0.01777331965124752
3,2288,0.01696152458187043
3,2289,0.016613566087004927
3,2290,0.018862312264900444
3,2291,0.01604817912036761
3,2292,0.016716021585715574
3,2293,0.016168795280722913
3,2294,0.015005937046751822
3,2295,0.016432145159553425
3,2296,0.016333595306403787
3,2297,0.01590984532472074
3,2298,0.017313387238869233
3,2299,0.015351427629877975
3,2300,0.015670014906913637
3,2301,0.017589003963317067
3,2302,0.015072351669977705
3,2303,0.015587186009357898
3,2304,0.017285037146525867
3,2305,0.01639245009926632
3,2306,0.01643324387456969
3,2307,0.016006827686461046
3,2308,0.016778968575574687
3,2309,0.015914795364489077
3,2310,0.01624003345609093
3,2311,0.017102937051899202
3,2312,0.016228519785128653
3,2313,0.016494784819291786
3,2314,0.01576502406284726
3,2315,0.015970492573841217
3,2316,0.01518884650940767
3,2317,0.016041736244985144
3,2318,0.015306780384469698
3,2319,0.015727119181851223
3,2320,0.0174897410931114
3,2321,0.015287501415929836
3,2322,0.01697086978014441
3,2323,0.015605326174195947
3,2324,0.015591403215927613
3,2325,0.017488180366032825
3,2326,0.016698762115612904
3,2327,0.016755086119274037
3,2328,0.016267780579136193
3,2329,0.016004919294330473
3,2330,0.019067648960834505
3,2331,0.017309891048027787
3,2332,0.014931352119208346
3,2333,0.01515269717878547
3,2334,0.017739554329044078
3,2335,0.017071757801398385
3,2336,0.017113062346443924
3,2337,0.01717595407762314
3,2338,0.016811919050671142
3,2339,0.016918257138149224
3,2340,0.01705303762469253
3,2341,0.016287947646793643
3,2342,0.014984112714189257
3,2343,0.01636433931442031
3,2344,0.01619063445563269
3,2345,0.014290732348630403
3,2346,0.01836118430526193
3,2347,0.016415793078351143
3,2348,0.01415970310147499
3,2349,0.015620488182535502
3,2350,0.016836512056515957
3,2351,0.01700863455601769
3,2352,0.016397422590122945
3,2353,0.017678261979361537
3,2354,0.017899831285332568
3,2355,0.017046178538518697
3,2356,0.016540817187060974
3,2357,0.01601293868107646
3,2358,0.01723115789905827
3,2359,0.015368057095506787
3,2360,0.01768088378776021
3,2361,0.016305906345081844
3,2362,0.016642291349374356
3,2363,0.017901217075731734
3,2364,0.017357876465004984
3,2365,0.017209511678890177
3,2366,0.0174985803601799
3,2367,0.016825624855806815
3,2368,0.015045592370601943
3,2369,0.016924632718444882
3,2370,0.018156121158965616
3,2371,0.015854937333395425
3,2372,0.016695032077400057
3,2373,0.017208253114975397
3,2374,0.016108600263437207
3,2375,0.016575535298226557
3,2376,0.01708682806369478
3,2377,0.015224188547516856
3,2378,0.015715755509106005
3,2379,0.017465936848767526
3,2380,0.0171676749332945
3,2381,0.016374298805261218
3,2382,0.01934116811125917
3,2383,0.018331579255965985
3,2384,0.01729149878459039
3,2385,0.01598098540432738
3,2386,0.017235137619229447
3,2387,0.01765528944809681
3,2388,0.01571538853865015
3,2389,0.015852629652891886
3,2390,0.015310412710990476
3,2391,0.017280371950362295
3,2392,0.015216914136902118
3,2393,0.01588008464615075
3,2394,0.014912214131312792
3,2395,0.017342548063614682
3,2396,0.0183412319418034
3,2397,0.016354858776106596
3,2398,0.015918965626780458
3,2399,0.016710587366905654
3,2400,0.01736698002863109
3,2401,0.016915949129890417
3,2402,0.015507723862523784
3,2403,0.016229334951919305
3,2404,0.016384756946144486
3,2405,0.016945725618954726
3,2406,0.0160418161629776
3,2407,0.017261916545663492
3,2408,0.01578695974864301
3,2409,0.01699148144489022
3,2410,0.01574351577786695
3,2411,0.016989822354389127
3,2412,0.016529570039341596
3,2413,0.01712743922600086
3,2414,0.015406201432141423
3,2415,0.017230072496229182
3,2416,0.015306687671077365
3,2417,0.015941930684518962
3,2418,0.017507404846699704
3,2419,0.01594036941439611
3,2420,0.01593841815417758
3,2421,0.016533678049244226
3,2422,0.016636309107392538
3,2423,0.019504006845756844
3,2424,0.01594746162909232
3,2425,0.016877494874800447
3,2426,0.01493126470830905
3,2427,0.016667840530398298
3,2428,0.015016858419421972
3,2429,0.015560122903101528
3,2430,0.016602391288441754
3,2431,0.016716251432402702
3,2432,0.01541669893443672
3,2433,0.016823170331360594
3,2434,0.017233848509194655
3,2435,0.01597409944087073
3,2436,0.01494368324307018
3,2437,0.017222278442023942
3,2438,0.016463927903814197
3,2439,0.01635459770373505
3,2440,0.0168426367307917
3,2441,0.015308692497662943
3,2442,0.01596214699453699
3,2443,0.01630342350062844
3,2444,0.014976548382992136
3,2445,0.01614755371669735
3,2446,0.019239642507450177
3,2447,0.015534047732321449
3,2448,0.01746126142733581
3,2449,0.016914779284832076
3,2450,0.017655581509949215
3,2451,0.017119796117255077
3,2452,0.01578554933826848
3,2453,0.015730636028638667
3,2454,0.015548247032769838
3,2455,0.018963701197313897
3,2456,0.017349617018794283
3,2457,0.016439389660410864
3,2458,0.016409647549760337
3,2459,0.017821586543823764
3,2460,0.016299694504368033
3,2461,0.016003008173167244
3,2462,0.015988399101152812
3,2463,0.01563960428647033
3,2464,0.017937349530924167
3,2465,0.017455114142455763
3,2466,0.015709706075943335
3,2467,0.016118947278365492
3,2468,0.015262247136869236
3,2469,0.016000440008472328
3,2470,0.016924506049271815
3,2471,0.01685277509332762
3,2472,0.0162537659758351
3,2473,0.016449803017004567
3,2474,0.015347559597966104
3,2475,0.016482775857673132
3,2476,0.01548192467920618
3,2477,0.01721695921182211
3,2478,0.015027091394287095
3,2479,0.01636405208211326
3,2480,0.01666572308547797
3,2481,0.01664613104132041
3,2482,0.01746302478588287
3,2483,0.016514204282484114
3,2484,0.015319986779226996
3,2485,0.01672733874612729
3,2486,0.014990682012988976
3,2487,0.01648965903925322
3,2488,0.01615396829176663
3,2489,0.015931315123919192
3,2490,0.01823457491249301
3,2491,0.015895702777601318
3,2492,0.01777487351642329
3,2493,0.018970218541306427
3,2494,0.017972021720489294
3,2495,0.015459521353067293
3,2496,0.01678966845862757
3,2497,0.015517091175709366
3,2498,0.015315964744357405
3,2499,0.016449654052442503
3,2500,0.01599556853479984
3,2501,0.015018458743105043
3,2502,0.016150318400250014
3,2503,0.01522707984829122
3,2504,0.01573729560338878
3,2505,0.017453941906664827
3,2506,0.015034308907940072
3,2507,0.01880442049922118
3,2508,0.01683137439705031
3,2509,0.016843383449117334
3,2510,0.016536648059486448
3,2511,0.01780671295073662
3,2512,0.016614606633304024
3,2513,0.016861617548519687
3,2514,0.017423424469775278
3,2515,0.015291743023857432
3,2516,0.01622472028009672
3,2517,0.016643454645098792
3,2518,0.01577861863721015
3,2519,0.014941627804966337
3,2520,0.016271471573907532
3,2521,0.0181206943757496
3,2522,0.015074177219558596
3,2523,0.015703068403595144
3,2524,0.015932831577111155
3,2525,0.014847398735022091
3,2526,0.015018237748747526
3,2527,0.01692151360921738
3,2528,0.01718157592743162
3,2529,0.016243769946563087
3,2530,0.016179542071104846
3,2531,0.017135258241470303
3,2532,0.01594937225535222
3,2533,0.01566737201075615
3,2534,0.018091812976781158
3,2535,0.017928900516100982
3,2536,0.01700143649773202
3,2537,0.015772312783400144
3,2538,0.017567038857941874
3,2539,0.017264274319137084
3,2540,0.014722626684346271
3,2541,0.016670482877008935
3,2542,0.016322970438192447
3,2543,0.015693706254215716
3,2544,0.015928305668447773
3,2545,0.015680920840020512
3,2546,0.015293964660297301
3,2547,0.015204667504093114
3,2548,0.015858959906273052
3,2549,0.018224140897965063
3,2550,0.019012213518473726
3,2551,0.017662359804171985
3,2552,0.01674915500124279
3,2553,0.017385198508219363
3,2554,0.018143464630736388
3,2555,0.017338682436737012
3,2556,0.016170005812273004
3,2557,0.015340176254026802
3,2558,0.016245654288078327
3,2559,0.015747560269191257
3,2560,0.01812939545643095
3,2561,0.017591706638877325
3,2562,0.017678089407825486
3,2563,0.015612326973078525
3,2564,0.01657476597308195
3,2565,0.015776127974424643
3,2566,0.016396775234946998
3,2567,0.016585488226099326
3,2568,0.014159623100246746
3,2569,0.015923561150081433
3,2570,0.01700713082420748
3,2571,0.015708220484314656
3,2572,0.0164606118963673
3,2573,0.015815047904048075
3,2574,0.014593354500071237
3,2575,0.01654443126888433
3,2576,0.016367989153143542
3,2577,0.014585486319397184
3,2578,0.01615391802035493
3,2579,0.015234148673436032
3,2580,0.01715212998543081
3,2581,0.01624897589268127
3,2582,0.01600474755738739
3,2583,0.01688095669854921
3,2584,0.01661355087561302
3,2585,0.017353601037379828
3,2586,0.016313406710595706
3,2587,0.01563601244513771
3,2588,0.016844319000778152
3,2589,0.017679921765911644
3,2590,0.01750094360955856
3,2591,0.016457738021259754
3,2592,0.017425924496866863
3,2593,0.015853340361544992
3,2594,0.016750041158002927
3,2595,0.01748860984252304
3,2596,0.01601813515186266
3,2597,0.014430047703423163
3,2598,0.015895881854273913
3,2599,0.015448337449169217
3,2600,0.015410491262585646
3,2601,0.01578975378809828
3,2602,0.015827138590152445
3,2603,0.016826286656249023
3,2604,0.016282268471948858
3,2605,0.01520943908346801
3,2606,0.016314974962990475
3,2607,0.016494944157093294
3,2608,0.017274706570302657
3,2609,0.016356106540476173
3,2610,0.017660906540101485
3,2611,0.015143941186921778
3,2612,0.01617440386970424
3,2613,0.01637158820288163
3,2614,0.01704249731966397
3,2615,0.015592257359010745
3,2616,0.015996565022732067
3,2617,0.01676730565402342
3,2618,0.016003700153849148
3,2619,0.01606001514613788
3,2620,0.01939883392460311
3,2621,0.018005554534416778
3,2622,0.017111571300095035
3,2623,0.015966025120323756
3,2624,0.017406966852855737
3,2625,0.015942930705634056
3,2626,0.015876736826753595
3,2627,0.01575886318647532
3,2628,0.016181961916757564
3,2629,0.016081519801578497
3,2630,0.018456604640009155
3,2631,0.01516777237596136
3,2632,0.017704593756910903
3,2633,0.015944758619712424
3,2634,0.016653735853233292
3,2635,0.017019965698332418
3,2636,0.017249463472327153
3,2637,0.017081106845715992
3,2638,0.017266949442075703
3,2639,0.016163391867493142
3,2640,0.014495921660683558
3,2641,0.016720381522400057
3,2642,0.015660024526555044
3,2643,0.015841989773321796
3,2644,0.017325620700943494
3,2645,0.01647187984523508
3,2646,0.01749162157511148
3,2647,0.01654945355846164
3,2648,0.015897191651937842
3,2649,0.015957939596828202
3,2650,0.016250860530273442
3,2651,0.01735372030239248
3,2652,0.016774950740201643
3,2653,0.018134101536527458
3,2654,0.017467500820650784
3,2655,0.015817349629954708
3,2656,0.017156057920400165
3,2657,0.016510208944590942
3,2658,0.016599038732839883
3,2659,0.015767995166217342
3,2660,0.016838120936925955
3,2661,0.01708983150087029
3,2662,0.015793515617492083
3,2663,0.015620068190765566
3,2664,0.015646785435129134
3,2665,0.0147817786642483
3,2666,0.01586427949379744
3,2667,0.016438743604973837
3,2668,0.01509765678568382
3,2669,0.017832407345953576
3,2670,0.01843179723397272
3,2671,0.016851593431701783
3,2672,0.015886660335379405
3,2673,0.01722707690823534
3,2674,0.01666903796443948
3,2675,0.014803310728870636
3,2676,0.017380438778550267
3,2677,0.016667295168337048
3,2678,0.01571826042153862
3,2679,0.01681089167846973
3,2680,0.017036774681768767
3,2681,0.015971372190219536
3,2682,0.017311691920933597
3,2683,0.015197431332566383
3,2684,0.0158717020320219
3,2685,0.017164385521754245
3,2686,0.015842132730935227
3,2687,0.018390390547750757
3,2688,0.018255350568211943
3,2689,0.017783587112264288
3,2690,0.016986853867001318
3,2691,0.01721146829975323
3,2692,0.017905499763071542
3,2693,0.015348095128293049
3,2694,0.016968800629626236
3,2695,0.01753426425523616
3,2696,0.01716060647129088
3,2697,0.01722123053796637
3,2698,0.017789373281290904
3,2699,0.014912335076214145
3,2700,0.01855526818069486
3,2701,0.017294923068530272
3,2702,0.017210717017020778
3,2703,0.016333280971062254
3,2704,0.01602905901664624
3,2705,0.01648048691956645
3,2706,0.01565036735965748
3,2707,0.016851716664489914
3,2708,0.015442014859475236
3,2709,0.01598200323697539
3,2710,0.016276650985955755
3,2711,0.014332085082454002
3,2712,0.016517693735535688
3,2713,0.015320454288155752
3,2714,0.016941579022946168
3,2715,0.017377688155228638
3,2716,0.016705381839576622
3,2717,0.015309438646769683
3,2718,0.015990417078608838
3,2719,0.015348642411324415
3,2720,0.016131860239604345
3,2721,0.01761997650082987
3,2722,0.017153516663594992
3,2723,0.01676960728776634
3,2724,0.01655583306498365
3,2725,0.01569258583697296
3,2726,0.016735957966648618
3,2727,0.017499262309430542
3,2728,0.014732730718981216
3,2729,0.01709909053231527
3,2730,0.016514860046840208
3,2731,0.016349995781001436
3,2732,0.016586613076728096
3,2733,0.01623049652096681
3,2734,0.016851330591353898
3,2735,0.015380603548982436
3,2736,0.016317335652819048
3,2737,0.017443280878745065
3,2738,0.016695649579922478
3,2739,0.01665206671314821
3,2740,0.01718032467371486
3,2741,0.01661381822618511
3,2742,0.015320493785181808
3,2743,0.016509824138472934
3,2744,0.015224973790707244
3,2745,0.015980579153180036
3,2746,0.014695675736342331
3,2747,0.015828305786265002
3,2748,0.01644058710905615
3,2749,0.018421274169691814
3,2750,0.019000068901856026
3,2751,0.016490291451327865
3,2752,0.016264333974961732
3,2753,0.015930561434983958
3,2754,0.013962379493021352
3,2755,0.015553497226730764
3,2756,0.018178251219236757
3,2757,0.016456345262645344
3,2758,0.01578568077618379
3,2759,0.018074704192523577
3,2760,0.016722095228341127
3,2761,0.018640504579538048
3,2762,0.017399118584346913
3,2763,0.01583720715722182
3,2764,0.01748231919305927
3,2765,0.015710316811022113
3,2766,0.017192993326124357
3,2767,0.016258765654578722
3,2768,0.015829791915816793
3,2769,0.017260402635579746
3,2770,0.016252341511177732
3,2771,0.01695676464446107
3,2772,0.01608337900509409
3,2773,0.016028581134073083
3,2774,0.016778266361957412
3,2775,0.01751669824621142
3,2776,0.016082525597995268
3,2777,0.017049365304308617
3,2778,0.015842626333567717
3,2779,0.018113856775751076
3,2780,0.016709679953578083
3,2781,0.014557276399080832
3,2782,0.018604065134388725
3,2783,0.015019197506522678
3,2784,0.018190723292083877
3,2785,0.01764555728887347
3,2786,0.016770012623087832
3,2787,0.016149695146311593
3,2788,0.01579738791920854
3,2789,0.01628503565703022
3,2790,0.01705061953505881
3,2791,0.01535077478351877
3,2792,0.014661388014400164
3,2793,0.016218834505489842
3,2794,0.01560165111612429
3,2795,0.014896114804564356
3,2796,0.017433448070555625
3,2797,0.016340508097668894
3,2798,0.015671424169775867
3,2799,0.01594180961952819
3,2800,0.016376892329100844
3,2801,0.018457765972109092
3,2802,0.019341344261625454
3,2803,0.016114008201453988
3,2804,0.01662861530358839
3,2805,0.016842526330246466
3,2806,0.01682084726989731
3,2807,0.016460905025596384
3,2808,0.015600912342223217
3,2809,0.016586453435243675
3,2810,0.016663175363119842
3,2811,0.015411452508559428
3,2812,0.015900365397303006
3,2813,0.015053219574439086
3,2814,0.01710223679970461
3,2815,0.017651277906661367
3,2816,0.015455594322728425
3,2817,0.01714758517827164
3,2818,0.016630286396781657
3,2819,0.0161353290984317
3,2820,0.016586949564084574
3,2821,0.01761757219386782
3,2822,0.017185479457242903
3,2823,0.01572663864692243
3,2824,0.018578332544557236
3,2825,0.015505430432324293
3,2826,0.016975129007596495
3,2827,0.01728988192830072
3,2828,0.01487381323550426
3,2829,0.015700049669321026
3,2830,0.016486542732879122
3,2831,0.015661114141388544
3,2832,0.01796552476623246
3,2833,0.015405345792966188
3,2834,0.015373427416620586
3,2835,0.015422863987808899
3,2836,0.017208882104320505
3,2837,0.018011276624501315
3,2838,0.015610743297759475
3,2839,0.014423764331086728
3,2840,0.015903371225925455
3,2841,0.017290798488530268
3,2842,0.016499459194955907
3,2843,0.01610242768110041
3,2844,0.017441855962576653
3,2845,0.015449328744112081
3,2846,0.018198753789253896
3,2847,0.014757747029952112
3,2848,0.01705262715262505
3,2849,0.01591539381654647
3,2850,0.015165907593168474
3,2851,0.01645122223889321
3,2852,0.016869531005153583
3,2853,0.01693534251599894
3,2854,0.015470006705667597
3,2855,0.015601032301079676
3,2856,0.014965655048751728
3,2857,0.01802495371780688
3,2858,0.01621920040156836
3,2859,0.01775555720003801
3,2860,0.013999930633044297
3,2861,0.016725549223124508
3,2862,0.017410955361998482
3,2863,0.016310340161245006
3,2864,0.018214666501338777
3,2865,0.015069739957801346
3,2866,0.0170150487770092
3,2867,0.016731823033884125
3,2868,0.016939470718129918
3,2869,0.015509150317471179
3,2870,0.015944627497013215
3,2871,0.015865813325672412
3,2872,0.01569033970413412
3,2873,0.018529778142125457
3,2874,0.01648716553886274
3,2875,0.01575251871790805
3,2876,0.01652668935164602
3,2877,0.014926293786654887
3,2878,0.016479870158420267
3,2879,0.015289924957548282
3,2880,0.01636932692207484
3,2881,0.014460194569175003
3,2882,0.015832513487695293
3,2883,0.016204279142999333
3,2884,0.015884420935576654
3,2885,0.016778176886070334
3,2886,0.01465583725913012
3,2887,0.01692970438275493
3,2888,0.01751951789459359
3,2889,0.017062476505791763
3,2890,0.016188620880042665
3,2891,0.017179123138928488
3,2892,0.015569480802655569
3,2893,0.016415135122876245
3,2894,0.01666177524588358
3,2895,0.014782523900157976
3,2896,0.01648276798348545
3,2897,0.01669056535911857
3,2898,0.017487410196017166
3,2899,0.016085878783284397
3,2900,0.016187529222200375
3,2901,0.01589266632291288
3,2902,0.01591754614927478
3,2903,0.01469320346933802
3,2904,0.018319837974334164
3,2905,0.017575960886888304
3,2906,0.016941840896736688
3,2907,0.015943104773544797
3,2908,0.016414975811994692
3,2909,0.016640895179160214
3,2910,0.01561601767709229
3,2911,0.017858465208099594
3,2912,0.01700159778100573
3,2913,0.015926078096704644
3,2914,0.015792621598485424
3,2915,0.016485560449643638
3,2916,0.01811252063199816
3,2917,0.015158214365444575
3,2918,0.017284153332644447
3,2919,0.01676401936831447
3,2920,0.016407968706389192
3,2921,0.017616806648143735
3,2922,0.015848555619532505
3,2923,0.016330043125552262
3,2924,0.015841420283331565
3,2925,0.017231225635181546
3,2926,0.017582043114603273
3,2927,0.016696057769433875
3,2928,0.014928165840838864
3,2929,0.01596172637184548
3,2930,0.014920793359454426
3,2931,0.01641463709346726
3,2932,0.015852596459392937
3,2933,0.01610802514846696
3,2934,0.01679672149132891
3,2935,0.0175887354221696
3,2936,0.01647995220485975
3,2937,0.016078206860796068
3,2938,0.01711033663558816
3,2939,0.016283691924886573
3,2940,0.01681973304467489
3,2941,0.016317728778683465
3,2942,0.016838657502918936
3,2943,0.017846021695844188
3,2944,0.017338404540501073
3,2945,0.01561237109268109
3,2946,0.016569548166899494
3,2947,0.015597968238049126
3,2948,0.016801387529081908
3,2949,0.017110509319477985
3,2950,0.01943803753896778
3,2951,0.015592456998669327
3,2952,0.016590177722439037
3,2953,0.016123622917757874
3,2954,0.016910177880799033
3,2955,0.016210356585849923
3,2956,0.01441644792657007
3,2957,0.016921339448827732
3,2958,0.015436381184357001
3,2959,0.016055178640016588
3,2960,0.01679985354562945
3,2961,0.015663622685907642
3,2962,0.01619949403291876
3,2963,0.015686399473293883
3,2964,0.017184634761452034
3,2965,0.015813837142398063
3,2966,0.016452572315444402
3,2967,0.016923282706258935
3,2968,0.017007603622034417
3,2969,0.015161210553616114
3,2970,0.0177805702925246
3,2971,0.01706596236003749
3,2972,0.015681851478347913
3,2973,0.015391597242367383
3,2974,0.017034632079503426
3,2975,0.014847567086158281
3,2976,0.016176065551133722
3,2977,0.01628007020496298
3,2978,0.01621270329065862
3,2979,0.015121687986364716
3,2980,0.016663467535530163
3,2981,0.018535013949827334
3,2982,0.015468478930251642
3,2983,0.01626603747870924
3,2984,0.015885864369365166
3,2985,0.01580754695315591
3,2986,0.016016524782409197
3,2987,0.01727000748601352
3,2988,0.016850552129855405
3,2989,0.016837900513484123
3,2990,0.016327593175310406
3,2991,0.01750982069983185
3,2992,0.016076268435611274
3,2993,0.015192783824921757
3,2994,0.018301370533560946
3,2995,0.014758783958846555
3,2996,0.0163005088661226
3,2997,0.015266339005501978
3,2998,0.015723420090887685
3,2999,0.015335672659048255
3,3000,0.01575291861529483
3,3001,0.01705945196353296
3,3002,0.016128807841621146
3,3003,0.01647126840528725
3,3004,0.016378290533500966
3,3005,0.014892856349148673
3,3006,0.016468330956365518
3,3007,0.016462016736640883
3,3008,0.015435585997220383
3,3009,0.01700967281105074
3,3010,0.01498008685121821
3,3011,0.016328382483037463
3,3012,0.016167557814802908
3,3013,0.01833758141754969
3,3014,0.017044028136232986
3,3015,0.016214863907037923
3,3016,0.01882499242862849
3,3017,0.015747823958859736
3,3018,0.016084086413254678
3,3019,0.017403813921447936
3,3020,0.016347723132085944
3,3021,0.015299857433177263
3,3022,0.015370280631504354
3,3023,0.016019091599972297
3,3024,0.016466018669930544
3,3025,0.015678075525980644
3,3026,0.015399862392242558
3,3027,0.017500611522274168
3,3028,0.0159341161223385
3,3029,0.015173194262145815
3,3030,0.016734127747978805
3,3031,0.014759617597151692
3,3032,0.01662113742347902
3,3033,0.016658717719080323
3,3034,0.016664858941992388
3,3035,0.01650646765605049
3,3036,0.01649942241809249
3,3037,0.017004856862338436
3,3038,0.01585335579506279
3,3039,0.015852498519974712
3,3040,0.016948287693161878
3,3041,0.0153821539767178
3,3042,0.016889447394949186
3,3043,0.014560866293165295
3,3044,0.0160177672181696
3,3045,0.014695766531232465
3,3046,0.016651433425583017
3,3047,0.015201922820180033
3,3048,0.016700125838061075
3,3049,0.01688741533542008
3,3050,0.01688438717156382
3,3051,0.014427374737638174
3,3052,0.016494756935619786
3,3053,0.017580041392059736
3,3054,0.015705136722927348
3,3055,0.018142940157327092
3,3056,0.01669395705160462
3,3057,0.01671412567966139
3,3058,0.014866070118895078
3,3059,0.017178415248501427
3,3060,0.018031928208216075
3,3061,0.016272853467254888
3,3062,0.015396891115087666
3,3063,0.01645774810278224
3,3064,0.01589112448041488
3,3065,0.01753380536756562
3,3066,0.01618005322245612
3,3067,0.016544793124242257
3,3068,0.017682610401254944
3,3069,0.016934070791616046
3,3070,0.016767375885103592
3,3071,0.01626773573660842
3,3072,0.016070086654462495
3,3073,0.015485725864234348
3,3074,0.015513040187920851
3,3075,0.016529257358110793
3,3076,0.018289960322451126
3,3077,0.015850261111978892
3,3078,0.016275510971830286
3,3079,0.015185308880401241
3,3080,0.01488623418795503
3,3081,0.017798636906427273
3,3082,0.016126513808245962
3,3083,0.014896149257892769
3,3084,0.018023096507948116
3,3085,0.016940990444306626
3,3086,0.01759082016899845
3,3087,0.016874964659045134
3,3088,0.016865658879287797
3,3089,0.01728645097022562
3,3090,0.017188857326088196
3,3091,0.015698489033149677
3,3092,0.01681202410409789
3,3093,0.017445901130432595
3,3094,0.018192436173849885
3,3095,0.01560018385333036
3,3096,0.016167857760433807
3,3097,0.01467974031708493
3,3098,0.01629193144640584
3,3099,0.01597200395963025
3,3100,0.018510859701440712
3,3101,0.017485683010639307
3,3102,0.015882817160955614
3,3103,0.015763622600620263
3,3104,0.01653848482136312
3,3105,0.016053798114288337
3,3106,0.01704384909018002
3,3107,0.01788265709950886
3,3108,0.017277660468034528
3,3109,0.015132389154768491
3,3110,0.017258194842482994
3,3111,0.016064927569222714
3,3112,0.016296593458808545
3,3113,0.016470885401818264
3,3114,0.0161771848751395
3,3115,0.015802612833992268
3,3116,0.01489491716736486
3,3117,0.016386725075629605
3,3118,0.01578482452913747
3,3119,0.01820569813085386
3,3120,0.01987614170086549
3,3121,0.015487862924285695
3,3122,0.015222342096067348
3,3123,0.016557721450339884
3,3124,0.01632383523828949
3,3125,0.016269295167265895
3,3126,0.01633517475750601
3,3127,0.014746947984187233
3,3128,0.015542163947352028
3,3129,0.01722788346258154
3,3130,0.0177655306683976
3,3131,0.01628906784666746
3,3132,0.016357032521625996
3,3133,0.019021680853842437
3,3134,0.01636998947460654
3,3135,0.015190303883879172
3,3136,0.015732455602485762
3,3137,0.015189693953940661
3,3138,0.013685256477462104
3,3139,0.016091665621658247
3,3140,0.015741373148584776
3,3141,0.01677464555036635
3,3142,0.01627476971045209
3,3143,0.017283546436730652
3,3144,0.017494834476135267
3,3145,0.01651829105482831
3,3146,0.016367558088045093
3,3147,0.01699944871170823
3,3148,0.01605562589238546
3,3149,0.015278651176991212
3,3150,0.016225352785045177
3,3151,0.016141363344555987
3,3152,0.015931511775486417
3,3153,0.016893888570630445
3,3154,0.016424758656406895
3,3155,0.018144696681632443
3,3156,0.01716217833807257
3,3157,0.01489364400592035
3,3158,0.017357492542779147
3,3159,0.015877742073555745
3,3160,0.017927658690065417
3,3161,0.015455929458020287
3,3162,0.016088888933766476
3,3163,0.015914593315373548
3,3164,0.01590243525421915
3,3165,0.017613115267539715
3,3166,0.01646256304805574
3,3167,0.01738016456571311
3,3168,0.01767076631380332
3,3169,0.014325626022687277
3,3170,0.020404295843656283
3,3171,0.01700068687272031
3,3172,0.013759501701609797
3,3173,0.017940409941104667
3,3174,0.017624822714948335
3,3175,0.018717297954885387
3,3176,0.01514102587352914
3,3177,0.014938585252996323
3,3178,0.01609642431516589
3,3179,0.017644214303928752
3,3180,0.015895468883037212
3,3181,0.01760360053807215
3,3182,0.017810259659464072
3,3183,0.016347049582642603
3,3184,0.0165300047247053
3,3185,0.01601803587468702
3,3186,0.016960584693068576
3,3187,0.01574846447894988
3,3188,0.015094780731832689
3,3189,0.015503073356856504
3,3190,0.015324116110361349
3,3191,0.01704065193613809
3,3192,0.015758315904868342
3,3193,0.01593997139522894
3,3194,0.018996541645796016
3,3195,0.018488217718475596
3,3196,0.017148316487796567
3,3197,0.015998864351736353
3,3198,0.017088439750558865
3,3199,0.01543722106740017
3,3200,0.01627348481501531
3,3201,0.016802804718905124
3,3202,0.018467167844689603
3,3203,0.016254672170526053
3,3204,0.017328687201501058
3,3205,0.017491175946527448
3,3206,0.016950236178517753
3,3207,0.015116318352491323
3,3208,0.015775022164116987
3,3209,0.017411757575484955
3,3210,0.01580965489147688
3,3211,0.01565838477906048
3,3212,0.017132209488883453
3,3213,0.017576379549762166
3,3214,0.01463947957299458
3,3215,0.016577578996270863
3,3216,0.016831451501197737
3,3217,0.016180103703225052
3,3218,0.0166010828807573
3,3219,0.015232479028620452
3,3220,0.016385670131635416
3,3221,0.018762259806935345
3,3222,0.01664100991013423
3,3223,0.016243176948928
3,3224,0.016183505114884367
3,3225,0.016288287165888177
3,3226,0.01667383645591104
3,3227,0.01690605623260984
3,3228,0.017801751923523096
3,3229,0.016673477976175455
3,3230,0.0171269393272749
3,3231,0.01703181594130751
3,3232,0.016802530434931646
3,3233,0.017351588590308675
3,3234,0.01616295687772004
3,3235,0.015756428000791373
3,3236,0.01493798040943998
3,3237,0.016298701007214728
3,3238,0.01607130630435899
3,3239,0.01673541353108553
3,3240,0.016087883561756656
3,3241,0.01767594450276902
3,3242,0.01662825012486595
3,3243,0.016919544904813566
3,3244,0.016346300636537785
3,3245,0.015354999000385228
3,3246,0.017553570114945405
3,3247,0.016907972345795958
3,3248,0.016117882865124084
3,3249,0.015936860479427373
3,3250,0.017658156223629134
3,3251,0.014348534588662504
3,3252,0.015501537939339838
3,3253,0.015924819877735197
3,3254,0.016062604470601972
3,3255,0.016619373986292364
3,3256,0.016217384318384525
3,3257,0.017876168069282206
3,3258,0.01638814528622969
3,3259,0.016621503812847844
3,3260,0.015310851911191997
3,3261,0.018134709598298982
3,3262,0.015327175632036985
3,3263,0.015859769611102043
3,3264,0.016253308280575234
3,3265,0.016525303930119112
3,3266,0.017897219216651144
3,3267,0.016265672141402444
3,3268,0.014753075835558413
3,3269,0.017485213319952325
3,3270,0.018709940126592956
3,3271,0.01526683955963575
3,3272,0.01566934495050351
3,3273,0.0168941436724132
3,3274,0.01756946356450434
3,3275,0.01614270119357446
3,3276,0.015803713444196343
3,3277,0.018560347806176547
3,3278,0.018714697311359718
3,3279,0.016507888071933374
3,3280,0.016479206301931726
3,3281,0.016179324431181263
3,3282,0.016321149414496267
3,3283,0.01572069477608551
3,3284,0.016582413715523093
3,3285,0.017233598085853064
3,3286,0.015397904523684669
3,3287,0.015220413612805858
3,3288,0.01637764366758408
3,3289,0.014967702963719834
3,3290,0.01585002219010027
3,3291,0.017113296086578984
3,3292,0.01750117780269032
3,3293,0.017458922902394453
3,3294,0.015216572342502935
3,3295,0.016927841493723044
3,3296,0.014691196565363634
3,3297,0.016344830400043014
3,3298,0.016435175221665866
3,3299,0.017081120689383444
3,3300,0.017592767772592666
3,3301,0.015949981058378766
3,3302,0.01725117367562799
3,3303,0.015490927936155427
3,3304,0.014888252602425406
3,3305,0.015782886576606425
3,3306,0.015936934478784026
3,3307,0.016283779608938564
3,3308,0.01651426765989945
3,3309,0.016028197350736007
3,3310,0.016885491098721884
3,3311,0.016391371076777933
3,3312,0.01623647302736993
3,3313,0.016415585862223286
3,3314,0.01656118374312855
3,3315,0.016261397763906716
3,3316,0.015464829398899427
3,3317,0.016407601666321853
3,3318,0.018193834980873607
3,3319,0.01588514287968057
3,3320,0.014782162305592622
3,3321,0.015459014979104383
3,3322,0.017008842012530678
3,3323,0.016469930185989422
3,3324,0.016555697293014798
3,3325,0.01693583373679298
3,3326,0.017095027079657866
3,3327,0.016136226100376072
3,3328,0.015233661914706431
3,3329,0.016178911176507632
3,3330,0.015451490983606495
3,3331,0.016959343455407467
3,3332,0.01675790104964157
3,3333,0.015783333041442898
3,3334,0.016596886214514734
3,3335,0.015449146054619408
3,3336,0.0157598499793102
3,3337,0.017308979931290453
3,3338,0.014922892864425228
3,3339,0.01790377163948879
3,3340,0.01619772559103298
3,3341,0.016349846036121735
3,3342,0.014126026666887262
3,3343,0.016903285989491684
3,3344,0.016010843214472464
3,3345,0.01686799628460503
3,3346,0.01764315426459841
3,3347,0.015650982715805044
3,3348,0.015693231481397858
3,3349,0.01727966667046905
3,3350,0.017575035278202023
3,3351,0.01726153373941902
3,3352,0.01571502453327056
3,3353,0.0158832976113125
3,3354,0.017621364005156914
3,3355,0.016563291128815105
3,3356,0.015010619477558948
3,3357,0.017399030648032793
3,3358,0.017959367308627395
3,3359,0.01665980740796603
3,3360,0.017359712308302994
3,3361,0.015599919581451543
3,3362,0.01727025859166918
3,3363,0.017251129381539238
3,3364,0.016683409059117128
3,3365,0.017842890545853207
3,3366,0.01858794719535493
3,3367,0.018123836297487993
3,3368,0.0160806850071465
3,3369,0.01835880168058704
3,3370,0.01572535707976208
3,3371,0.016748242896597793
3,3372,0.016276935937715852
3,3373,0.01623331260138754
3,3374,0.01680378780953089
3,3375,0.01631054742954145
3,3376,0.016387602338654994
3,3377,0.017114228509668733
3,3378,0.015073876863560395
3,3379,0.016090700783781043
3,3380,0.015318300998020404
3,3381,0.015615359407223426
3,3382,0.01669244591821702
3,3383,0.01652804540460266
3,3384,0.017447428743051868
3,3385,0.017794328860805425
3,3386,0.016097121205784676
3,3387,0.01909012356223384
3,3388,0.01657287583614343
3,3389,0.016088430117771862
3,3390,0.016957913300887324
3,3391,0.015927878087861874
3,3392,0.015782374204410515
3,3393,0.0165994768105955
3,3394,0.014143993644873001
3,3395,0.016453812454260253
3,3396,0.015508004516756843
3,3397,0.017943927477428002
3,3398,0.016354586962180274
3,3399,0.017194946802859146
3,3400,0.016923065166505435
3,3401,0.017274876704899893
3,3402,0.0166062412046085
3,3403,0.016388448911023857
3,3404,0.017067014239671403
3,3405,0.017494964958701193
3,3406,0.016681950807126433
3,3407,0.014961472945362922
3,3408,0.01800369687928513
3,3409,0.01651123738644733
3,3410,0.016092601922725398
3,3411,0.014656941707786142
3,3412,0.016524175056308193
3,3413,0.01578083092366377
3,3414,0.016603728619022273
3,3415,0.016163276300458024
3,3416,0.017210109831449938
3,3417,0.016900080128860073
3,3418,0.01657558951472114
3,3419,0.016173866243701412
3,3420,0.017295447540907283
3,3421,0.017514728112915896
3,3422,0.01642181158472945
3,3423,0.01916154218398534
3,3424,0.016764842114105293
3,3425,0.014850234438118818
3,3426,0.016741592016718154
3,3427,0.016762775082420578
3,3428,0.015331884498760448
3,3429,0.017694910733129076
3,3430,0.01587264297211526
3,3431,0.016404211185699024
3,3432,0.016635927898264985
3,3433,0.017205679052648627
3,3434,0.01782103216896716
3,3435,0.020371506967896708
3,3436,0.014686547034207928
3,3437,0.01861289897059461
3,3438,0.017990734072453458
3,3439,0.016906293139781776
3,3440,0.015930862211663992
3,3441,0.01635606634040655
3,3442,0.017310705694612367
3,3443,0.016634249036721227
3,3444,0.015235699399692512
3,3445,0.016014286106176407
3,3446,0.0159669938840043
3,3447,0.015294917113266008
3,3448,0.018265977687042256
3,3449,0.01602727649954817
3,3450,0.01698909627196112
3,3451,0.016851587255570344
3,3452,0.016768895723305255
3,3453,0.016282418360203683
3,3454,0.015348876913239181
3,3455,0.015676865257951773
3,3456,0.016603871040508023
3,3457,0.015725416389856046
3,3458,0.016234977338456764
3,3459,0.014832326529557266
3,3460,0.01605992859321186
3,3461,0.01698871115510848
3,3462,0.016163554769307014
3,3463,0.01719012496463602
3,3464,0.017133662943893752
3,3465,0.014852410967392307
3,3466,0.01696373777344397
3,3467,0.016694251155193407
3,3468,0.01643702279819913
3,3469,0.01645283005821045
3,3470,0.01725313641031387
3,3471,0.015558897956687218
3,3472,0.015874589752975704
3,3473,0.017233246745690645
3,3474,0.014581166110067776
3,3475,0.015447144562077103
3,3476,0.016374570838497565
3,3477,0.01578467148421006
3,3478,0.015536204563475958
3,3479,0.016726509749456053
3,3480,0.015439102734408655
3,3481,0.01410414277045513
3,3482,0.015561437328324304
3,3483,0.01708037394327075
3,3484,0.017440561510782732
3,3485,0.015571873939327555
3,3486,0.018420855791857482
3,3487,0.015721866152673115
3,3488,0.01636103241264551
3,3489,0.014721183102684637
3,3490,0.015445804773619842
3,3491,0.015963801422320328
3,3492,0.01570347362904853
3,3493,0.016236063134198436
3,3494,0.015320885303842272
3,3495,0.01737218000938588
3,3496,0.017067052109436365
3,3497,0.017480084192322654
3,3498,0.016571561026259552
3,3499,0.01632245321549723
3,3500,0.01681190788199627
3,3501,0.015150329886898082
3,3502,0.01677804025979678
3,3503,0.016556445279610043
3,3504,0.01839136678703211
3,3505,0.016727112375873515
3,3506,0.018549782858904258
3,3507,0.017445564218749533
3,3508,0.016083665064831876
3,3509,0.015424633385351993
3,3510,0.016403460579709938
3,3511,0.015337768715642075
3,3512,0.015094736964759251
3,3513,0.019361109585674312
3,3514,0.016006121784226224
3,3515,0.017171099059478417
3,3516,0.016266520592895833
3,3517,0.017091548859411998
3,3518,0.01628154160527028
3,3519,0.015134169339553518
3,3520,0.016947937316255306
3,3521,0.017471278515904586
3,3522,0.01888030286768681
3,3523,0.016785279836531136
3,3524,0.015476558302485613
3,3525,0.01758100252159207
3,3526,0.016555901442497117
3,3527,0.015865042728515587
3,3528,0.016209491690416366
3,3529,0.015499870605222657
3,3530,0.016784090087496817
3,3531,0.01593684833031937
3,3532,0.017366585113757826
3,3533,0.016328656222837273
3,3534,0.016900850229447522
3,3535,0.015393019177487977
3,3536,0.016822175660154287
3,3537,0.017839582508001207
3,3538,0.015790532193243657
3,3539,0.01744888925299526
3,3540,0.016086746195945956
3,3541,0.014838435763577426
3,3542,0.01578830001030217
3,3543,0.019805250396885465
3,3544,0.017859805354668884
3,3545,0.016003499668952665
3,3546,0.016737355699883577
3,3547,0.01677090872620889
3,3548,0.01647867460477816
3,3549,0.015513766180698468
3,3550,0.014643483086268061
3,3551,0.01692093708204878
3,3552,0.016268711245514305
3,3553,0.016225747234342513
3,3554,0.01742074589118935
3,3555,0.01698441106562427
3,3556,0.017241857683408263
3,3557,0.016124905792202503
3,3558,0.015913250715874617
3,3559,0.01592775388478246
3,3560,0.01604712989177547
3,3561,0.016321207717887903
3,3562,0.016628845987251912
3,3563,0.017455087569751383
3,3564,0.014738078282012873
3,3565,0.01715762980463964
3,3566,0.015406938368907108
3,3567,0.01681847225299433
3,3568,0.015151111784561069
3,3569,0.017339689852423557
3,3570,0.015761304106831492
3,3571,0.016527756695224022
3,3572,0.015169690936277522
3,3573,0.01704010775575951
3,3574,0.016757954533619206
3,3575,0.017477972083605724
3,3576,0.016673358258786308
3,3577,0.015743219208930754
3,3578,0.01622591435263736
3,3579,0.0164840855611401
3,3580,0.017929118472796934
3,3581,0.01628810651073802
3,3582,0.015486176904102653
3,3583,0.015615191691487942
3,3584,0.01706913362059383
3,3585,0.01598139313885133
3,3586,0.0164245327593808
3,3587,0.014616152265253368
3,3588,0.017509192410453938
3,3589,0.016992520840037773
3,3590,0.015625076935668964
3,3591,0.01607787093372212
3,3592,0.015830923750701442
3,3593,0.016787287026379216
3,3594,0.017622697800524906
3,3595,0.015947604254288112
3,3596,0.01634012671893002
3,3597,0.01565667947907175
3,3598,0.017510572886266913
3,3599,0.017516746464426487
3,3600,0.01669881086701147
3,3601,0.01644775637297229
3,3602,0.016816999287679962
3,3603,0.015177995792385296
3,3604,0.0168277716693541
3,3605,0.017715580243809582
3,3606,0.01692121613058546
3,3607,0.015026543103876985
3,3608,0.017628199171234166
3,3609,0.016852816238317653
3,3610,0.013618442910297198
3,3611,0.017653231784495793
3,3612,0.01576970184557397
3,3613,0.016674714230102406
3,3614,0.015912745209441453
3,3615,0.016778299626990085
3,3616,0.016987047132895967
3,3617,0.015580706537586336
3,3618,0.0152337728504968
3,3619,0.015429367375253161
3,3620,0.015404692916680646
3,3621,0.01573502816569906
3,3622,0.01608890859864176
3,3623,0.016558558563071174
3,3624,0.016421080617672796
3,3625,0.01603862548022465
3,3626,0.01540580730342501
3,3627,0.01603576478322774
3,3628,0.016118010224190776
3,3629,0.016456696321624293
3,3630,0.016865105661185643
3,3631,0.015678489197682388
3,3632,0.01532189199093941
3,3633,0.01694009197457927
3,3634,0.017104241188456215
3,3635,0.017182102725566122
3,3636,0.017421535060221576
3,3637,0.01621344861177776
3,3638,0.016952985580247427
3,3639,0.01642469687250574
3,3640,0.01809718272210384
3,3641,0.015928579407438376
3,3642,0.016906109470628594
3,3643,0.01728891363040615
3,3644,0.016500041392047526
3,3645,0.01788836222503078
3,3646,0.015234677819333131
3,3647,0.017856690047033403
3,3648,0.014213489092508432
3,3649,0.018908069297949952
3,3650,0.01828090122184481
3,3651,0.0169949730673917
3,3652,0.015894880939283318
3,3653,0.015027122109950108
3,3654,0.013710406354049631
3,3655,0.0171310358179452
3,3656,0.018045713772331756
3,3657,0.017044164872486056
3,3658,0.015891066058129816
3,3659,0.01726835518532825
3,3660,0.016463241758286683
3,3661,0.017721790819963428
3,3662,0.016220685650715216
3,3663,0.015767470574103343
3,3664,0.015536685840628811
3,3665,0.017135219448172673
3,3666,0.017213252124579376
3,3667,0.016015209495578803
3,3668,0.016353260477213916
3,3669,0.015983921197779787
3,3670,0.016302584970690204
3,3671,0.017895133411521425
3,3672,0.017666382335718312
3,3673,0.018366434790272102
3,3674,0.014454889579025104
3,3675,0.016704413027500347
3,3676,0.015606399426095569
3,3677,0.020185568679434374
3,3678,0.015523784013423062
3,3679,0.014984311492001764
3,3680,0.016600848418475967
3,3681,0.016687257150663142
3,3682,0.01748069073301145
3,3683,0.01605688512212297
3,3684,0.016088716056036224
3,3685,0.0158245204204794
3,3686,0.017621570458969827
3,3687,0.016124367200568552
3,3688,0.01798146048661267
3,3689,0.01709673491186181
3,3690,0.015792385595674512
3,3691,0.014471596224903247
3,3692,0.017019730392209897
3,3693,0.0164711525382774
3,3694,0.015779127396409538
3,3695,0.015945982793279117
3,3696,0.01712285883877278
3,3697,0.0172500710436911
3,3698,0.015700272685276555
3,3699,0.016063554982563382
3,3700,0.01752797724608336
3,3701,0.01725481966248449
3,3702,0.017015157727027497
3,3703,0.01672828423410207
3,3704,0.01610435975635859
3,3705,0.017992695174845686
3,3706,0.015008864842285077
3,3707,0.015470133516392351
3,3708,0.017960649974530684
3,3709,0.01723980831409409
3,3710,0.0183692620668367
3,3711,0.015535289960998863
3,3712,0.015564680148331206
3,3713,0.016141185194621516
3,3714,0.014564404907041723
3,3715,0.01603719388985343
3,3716,0.01661517787611146
3,3717,0.01530592699850683
3,3718,0.015465849821794294
3,3719,0.01592803750208004
3,3720,0.0175356482241238
3,3721,0.016579424852820296
3,3722,0.017181692915759727
3,3723,0.015206638051470647
3,3724,0.017269200773828226
3,3725,0.017430900418574535
3,3726,0.01624238702842612
3,3727,0.016673761588790303
3,3728,0.01655701908059502
3,3729,0.017437298669165314
3,3730,0.015715836038659142
3,3731,0.015671597696667778
3,3732,0.016133766285654678
3,3733,0.016714911902835954
3,3734,0.01685487850925881
3,3735,0.01702360466824131
3,3736,0.01697137335332749
3,3737,0.014977386759432934
3,3738,0.01594949291829174
3,3739,0.014402610255018322
3,3740,0.017829252463358047
3,3741,0.01504287394515876
3,3742,0.016757101954654186
3,3743,0.017405194636765597
3,3744,0.0169371315480278
3,3745,0.015957007490852288
3,3746,0.016325544246089608
3,3747,0.017687581653775264
3,3748,0.01669141898047528
3,3749,0.016077455011390723
3,3750,0.016926039069859677
3,3751,0.01953640328585889
3,3752,0.015863254771619272
3,3753,0.015752393749909877
3,3754,0.017886959899545345
3,3755,0.016738596634202168
3,3756,0.016205211418517208
3,3757,0.015397867944802551
3,3758,0.015914195418208266
3,3759,0.01597976052241253
3,3760,0.017301557347059255
3,3761,0.01735060651610564
3,3762,0.016964244833697056
3,3763,0.01702891023251334
3,3764,0.015879205334937436
3,3765,0.01730526985542703
3,3766,0.015656292948940092
3,3767,0.016038435952305374
3,3768,0.015529767104986112
3,3769,0.015302646925454308
3,3770,0.016689972048810436
3,3771,0.01615843186985864
3,3772,0.016734166885773328
3,3773,0.015985273726306575
3,3774,0.016562206415444574
3,3775,0.016051394646791412
3,3776,0.017408224141521312
3,3777,0.016492426237023267
3,3778,0.01730597695531862
3,3779,0.015087631583997637
3,3780,0.015986694406209884
3,3781,0.016721282015381932
3,3782,0.016486570533326306
3,3783,0.01729845119475737
3,3784,0.017583371263691788
3,3785,0.01709656378571663
3,3786,0.015436718405597322
3,3787,0.01677987197179906
3,3788,0.016552246823498335
3,3789,0.015277756426791836
3,3790,0.0178088195718006
3,3791,0.016068372302868793
3,3792,0.015351902439216969
3,3793,0.015249951447280178
3,3794,0.015753144356414655
3,3795,0.014660207593996027
3,3796,0.016429970964505908
3,3797,0.01578464408980826
3,3798,0.017027149328315894
3,3799,0.0164784273773238
3,3800,0.01582015947908283
3,3801,0.01771291790610585
3,3802,0.015191342486249601
3,3803,0.01745616523253916
3,3804,0.015367465281204992
3,3805,0.01666327496684099
3,3806,0.01579471924656058
3,3807,0.014975368200688602
3,3808,0.017387307269675734
3,3809,0.015240410515670608
3,3810,0.015142608094255558
3,3811,0.017012471980379657
3,3812,0.01630605033318967
3,3813,0.016316044731884704
3,3814,0.01651990111909113
3,3815,0.017593701095905735
3,3816,0.015120757107942787
3,3817,0.015461448504687178
3,3818,0.01701490548234519
3,3819,0.015843057826887275
3,3820,0.016017737494464935
3,3821,0.01531522040061046
3,3822,0.015925502150165305
3,3823,0.016511802317779
3,3824,0.015971873823254806
3,3825,0.01631927781040494
3,3826,0.015937542402075178
3,3827,0.01461632528302124
3,3828,0.01637085087984951
3,3829,0.017233828504541655
3,3830,0.017384235916324153
3,3831,0.01610866642091871
3,3832,0.016380977614537207
3,3833,0.01646666019750685
3,3834,0.01641928216623355
3,3835,0.017902819584605333
3,3836,0.014539914234595414
3,3837,0.014339303733648204
3,3838,0.018332360080676447
3,3839,0.01801729703683651
3,3840,0.016994444517228795
3,3841,0.016546671663070184
3,3842,0.017584774072083715
3,3843,0.015775747738578694
3,3844,0.017471957115617415
3,3845,0.018326212265438024
3,3846,0.017542530150146018
3,3847,0.016106335870202382
3,3848,0.01702332118572143
3,3849,0.015513223089845513
3,3850,0.0169107619284856
3,3851,0.015403446057664685
3,3852,0.01545746595366417
3,3853,0.016712294508488185
3,3854,0.01618647100472136
3,3855,0.01735068382579506
3,3856,0.01581676380197382
3,3857,0.015830182760659162
3,3858,0.017112887742212857
3,3859,0.01762660345179819
3,3860,0.017036488191492883
3,3861,0.016028123032366715
3,3862,0.015961160801381668
3,3863,0.01659888299727823
3,3864,0.01676237775922358
3,3865,0.018061942719378204
3,3866,0.01703367073544959
3,3867,0.014856165793092763
3,3868,0.015055147136113112
3,3869,0.017317054952700046
3,3870,0.016710176859693754
3,3871,0.01383519622546095
3,3872,0.015883963433602172
3,3873,0.016354926617615423
3,3874,0.018241090820142913
3,3875,0.01503460964206708
3,3876,0.01724425945517836
3,3877,0.01676453429102624
3,3878,0.016346806483846666
3,3879,0.016978871168921984
3,3880,0.018046686410019497
3,3881,0.016345715891767337
3,3882,0.01735786936200574
3,3883,0.016368846036846175
3,3884,0.015597246751312466
3,3885,0.015796073473505867
3,3886,0.016816786504856907
3,3887,0.015809280285377397
3,3888,0.015596797431205548
3,3889,0.01711855760468517
3,3890,0.018158350574198328
3,3891,0.01656783313130523
3,3892,0.015960188058797908
3,3893,0.016250341249909706
3,3894,0.016795184482912322
3,3895,0.01881201395198574
3,3896,0.016750497021316018
3,3897,0.01608852227215411
3,3898,0.014994149450177028
3,3899,0.017116842013090272
3,3900,0.01525074917738072
3,3901,0.015861056484327406
3,3902,0.018019640212815696
3,3903,0.015227368833901975
3,3904,0.016796310980230583
3,3905,0.01748726217303902
3,3906,0.017057718947578005
3,3907,0.017989690607480513
3,3908,0.016296776385388595
3,3909,0.017382139280971525
3,3910,0.01550705867461282
3,3911,0.015998673713996592
3,3912,0.01594470158174416
3,3913,0.01531771264315134
3,3914,0.016826279813630874
3,3915,0.01787180127657616
3,3916,0.01603774398789441
3,3917,0.01547640538333401
3,3918,0.017213702298206984
3,3919,0.01581060741543001
3,3920,0.016818584582020023
3,3921,0.01712839378262627
3,3922,0.015634657923840417
3,3923,0.01751455082476136
3,3924,0.016295955080847347
3,3925,0.014177487887200801
3,3926,0.01445660475936957
3,3927,0.016489704527787613
3,3928,0.017458472852935992
3,3929,0.01583033726356962
3,3930,0.018732907452349252
3,3931,0.018068508573963138
3,3932,0.015368726788925221
3,3933,0.016147581681128665
3,3934,0.01565496951132367
3,3935,0.01637620693130194
3,3936,0.016218629628876796
3,3937,0.017480170860290883
3,3938,0.01716312778302766
3,3939,0.015802470838082245
3,3940,0.016634137511023078
3,3941,0.017320603290347847
3,3942,0.0180688406854769
3,3943,0.015912390102790313
3,3944,0.017936508231745335
3,3945,0.01569550982721889
3,3946,0.01579799347973439
3,3947,0.01743042190286498
3,3948,0.016067919139133597
3,3949,0.016357595004553527
3,3950,0.01646307630204306
3,3951,0.01563986926258033
3,3952,0.017452064264810996
3,3953,0.016770979599548708
3,3954,0.01513392688434718
3,3955,0.01520765189147777
3,3956,0.015877594656087585
3,3957,0.017956483547600433
3,3958,0.016908120589542785
3,3959,0.01644652215801611
3,3960,0.014844583655658272
3,3961,0.016819166975511512
3,3962,0.017608060932809127
3,3963,0.01753469417052314
3,3964,0.015412925147762093
3,3965,0.01635092172778671
3,3966,0.0173545786872696
3,3967,0.01681759316770458
3,3968,0.016190559012112953
3,3969,0.016634034496620043
3,3970,0.016756797198750107
3,3971,0.01650617347126898
3,3972,0.0166005613510824
3,3973,0.01541439620215195
3,3974,0.018064603232060605
3,3975,0.017683297031284833
3,3976,0.014938816456203855
3,3977,0.017605640613196794
3,3978,0.018537518888849174
3,3979,0.01763840819837535
3,3980,0.015605150430184558
3,3981,0.014158778198600971
3,3982,0.016501519370542495
3,3983,0.016063918637592673
3,3984,0.016353871995179237
3,3985,0.015027123884005714
3,3986,0.016151550938404192
3,3987,0.015133092846454135
3,3988,0.015794717563974613
3,3989,0.015173755292271829
3,3990,0.015578927103955845
3,3991,0.0144505306188083
3,3992,0.01592581292946126
3,3993,0.015822299892480945
3,3994,0.0158983153630544
3,3995,0.016957673801348244
3,3996,0.018026039614661232
3,3997,0.017067142317785805
3,3998,0.01535132442474793
3,3999,0.015956292663467608
3,4000,0.016244181924225498
3,4001,0.01681966924798824
3,4002,0.01579266672912501
3,4003,0.01585982021945399
3,4004,0.015909258683343707
3,4005,0.016192673692008358
3,4006,0.017086455040677084
3,4007,0.015949474472687297
3,4008,0.015857610079548917
3,4009,0.016446468913891826
3,4010,0.015226736680567352
3,4011,0.015901477895379146
3,4012,0.01884086835264336
3,4013,0.016272284383367964
3,4014,0.015192777185506046
3,4015,0.017493999888091555
3,4016,0.0156427870323525
3,4017,0.015449186924943339
3,4018,0.018679229280678823
3,4019,0.0155253298290406
3,4020,0.016803294710290583
3,4021,0.016299214595401068
3,4022,0.01779131341834018
3,4023,0.01526237590822276
3,4024,0.014166443306919472
3,4025,0.018057492982938
3,4026,0.01523193411782404
3,4027,0.01681419679132636
3,4028,0.017408915230130006
3,4029,0.015426734223819441
3,4030,0.016609958995786756
3,4031,0.0157782210375379
3,4032,0.016281317509839837
3,4033,0.017855989244743603
3,4034,0.016826204622471985
3,4035,0.014833162303412742
3,4036,0.016171628033791
3,4037,0.015729270319128425
3,4038,0.015883932723524192
3,4039,0.016706008541958545
3,4040,0.016500925144997763
3,4041,0.016204595659965026
3,4042,0.016398921465338213
3,4043,0.016839472731639594
3,4044,0.015959283952792013
3,4045,0.017164789059008655
3,4046,0.01648913651534416
3,4047,0.016258925516330364
3,4048,0.014743687732107269
3,4049,0.01655966589652713
3,4050,0.015990595875031505
3,4051,0.016527216714116628
3,4052,0.01695137799336353
3,4053,0.016719102339619384
3,4054,0.01752448616992111
3,4055,0.01592429817802113
3,4056,0.016116221438641203
3,4057,0.014512784018588179
3,4058,0.014628378991371307
3,4059,0.01642507327194004
3,4060,0.016338565115341902
3,4061,0.01778378505582744
3,4062,0.014296618913724024
3,4063,0.01624075224342884
3,4064,0.01653232220597591
3,4065,0.016899374017825698
3,4066,0.017269031454204442
3,4067,0.016554968860063506
3,4068,0.01629710082145418
3,4069,0.01621080499474359
3,4070,0.0172581276868507
3,4071,0.016912711484422926
3,4072,0.01563416936405959
3,4073,0.016959532095693258
3,4074,0.0155774401131658
3,4075,0.016491547236674692
3,4076,0.016427248272577393
3,4077,0.01726235100568661
3,4078,0.016271585293399577
3,4079,0.015661645545126907
3,4080,0.016085361194880344
3,4081,0.014709200225839316
3,4082,0.015879549383257325
3,4083,0.0154486339498389
3,4084,0.01693251886573029
3,4085,0.016555678781940652
3,4086,0.0161971074471427
3,4087,0.017535409125534324
3,4088,0.01689167026253154
3,4089,0.015565375694084468
3,4090,0.01584331512120458
3,4091,0.015759016261208948
3,4092,0.015971527494383613
3,4093,0.01585858360447449
3,4094,0.01904433504683432
3,4095,0.017244131239014027
3,4096,0.016740821720661807
3,4097,0.017231899805118855
3,4098,0.016621872044638858
3,4099,0.016141399764493514
3,4100,0.015924923194013358
3,4101,0.016094383083587387
3,4102,0.017052206003448218
3,4103,0.01573216068442566
3,4104,0.01792391058118541
3,4105,0.015643625896995954
3,4106,0.01846075941381664
3,4107,0.01715378437868617
3,4108,0.01615123460236449
3,4109,0.015584343781970073
3,4110,0.016225340441919544
3,4111,0.01637935754625906
3,4112,0.01654717977193207
3,4113,0.01560317634233166
3,4114,0.01692943569689631
3,4115,0.016885842707754423
3,4116,0.01691944107114311
3,4117,0.013854468377700518
3,4118,0.018267888747155837
3,4119,0.0164942101951077
3,4120,0.015706880180839822
3,4121,0.017339514230265474
3,4122,0.01584236211754674
3,4123,0.014921351630092098
3,4124,0.017214184116124288
3,4125,0.015485954298116713
3,4126,0.01797537320441543
3,4127,0.017066164900270835
3,4128,0.01689416417815016
3,4129,0.016383925133950056
3,4130,0.014421944145632156
3,4131,0.017631596156723623
3,4132,0.016334170821384653
3,4133,0.016622400528470565
3,4134,0.01511800641812755
3,4135,0.01554887072298288
3,4136,0.01617819724855284
3,4137,0.014400951126363129
3,4138,0.017107511814905146
3,4139,0.016915558379555978
3,4140,0.016303257897521878
3,4141,0.017130053548855162
3,4142,0.016054317147845314
3,4143,0.01864686932795172
3,4144,0.015436739586007442
3,4145,0.018108184075826695
3,4146,0.016400954022686542
3,4147,0.01572478572514453
3,4148,0.01722616469660086
3,4149,0.01598446423871641
3,4150,0.016390617029479294
3,4151,0.018011349011004096
3,4152,0.015976425315183406
3,4153,0.01791469394030265
3,4154,0.017163140842482827
3,4155,0.01687791156334334
3,4156,0.017068531758277477
3,4157,0.01795159141543772
3,4158,0.01688720070303734
3,4159,0.01691135436021249
3,4160,0.015449550952854404
3,4161,0.01874564605774261
3,4162,0.01766471554026952
3,4163,0.01649900578480722
3,4164,0.014998675394143254
3,4165,0.01663933778646719
3,4166,0.016254106355931792
3,4167,0.015426538462729381
3,4168,0.016258790662947904
3,4169,0.0169195128152911
3,4170,0.016003718197102158
3,4171,0.018101931565529167
3,4172,0.01598002220730051
3,4173,0.015005857434245993
3,4174,0.015752471529126993
3,4175,0.01496751497571
3,4176,0.017058169936544392
3,4177,0.016749732178220445
3,4178,0.017898090227344555
3,4179,0.015279587254281616
3,4180,0.01574775421339772
3,4181,0.017549528308682494
3,4182,0.015300769738518303
3,4183,0.016988753372312992
3,4184,0.014877925740573283
3,4185,0.01721070948941005
3,4186,0.015925487227246793
3,4187,0.015516338019504047
3,4188,0.01537726958066755
3,4189,0.01757296425791467
3,4190,0.018234259772037836
3,4191,0.017310793181994855
3,4192,0.017604363114551446
3,4193,0.016576842390825363
3,4194,0.016602597055598623
3,4195,0.015141323272865612
3,4196,0.016260888702658627
3,4197,0.016718575569208093
3,4198,0.016571038649440623
3,4199,0.01670742697566649
3,4200,0.01898238660587363
3,4201,0.015555169880701103
3,4202,0.01595323986478579
3,4203,0.016629137706490178
3,4204,0.017654274912257722
3,4205,0.018984927107946515
3,4206,0.01632170043959404
3,4207,0.016007089866909213
3,4208,0.016901954920669954
3,4209,0.016613040052474548
3,4210,0.01721337005435884
3,4211,0.019888933329463048
3,4212,0.01414298196545031
3,4213,0.01779971181373628
3,4214,0.015725689665458214
3,4215,0.01782030303880335
3,4216,0.018573362979630793
3,4217,0.016861691688423098
3,4218,0.01750370102709085
3,4219,0.017029644058127236
3,4220,0.017541212409675416
3,4221,0.01590431433559904
3,4222,0.016452872866199814
3,4223,0.016427628813007644
3,4224,0.016078380994068414
3,4225,0.017973575855697015
3,4226,0.015388313328487982
3,4227,0.016210923799302068
3,4228,0.016881590654938595
3,4229,0.015858436666099623
3,4230,0.017730927462663804
3,4231,0.015214524490265577
3,4232,0.01514834015154141
3,4233,0.016407239108507842
3,4234,0.016174484211593166
3,4235,0.016958556869056524
3,4236,0.015267810500591431
3,4237,0.016092135490902854
3,4238,0.016208615481617072
3,4239,0.016839221484639927
3,4240,0.017660319883363678
3,4241,0.016196931983602437
3,4242,0.015067576358084858
3,4243,0.017905630637968333
3,4244,0.018601150374108356
3,4245,0.01633097619878825
3,4246,0.01806364185974413
3,4247,0.017084748130887034
3,4248,0.016500812293743478
3,4249,0.015764905495327736
3,4250,0.015216647311228506
3,4251,0.01669028629074513
3,4252,0.01680288254337951
3,4253,0.017369064574673677
3,4254,0.0174073741536582
3,4255,0.016158796482856747
3,4256,0.017317228703502118
3,4257,0.0164633642817776
3,4258,0.015737312606415994
3,4259,0.016754461647179714
3,4260,0.017958206492488953
3,4261,0.015468583703723829
3,4262,0.015266706089332874
3,4263,0.018048624661292773
3,4264,0.01761615727827452
3,4265,0.016295852098141217
3,4266,0.017715270976002995
3,4267,0.016608340518471727
3,4268,0.015065082122309717
3,4269,0.016810925417028916
3,4270,0.015381429373807523
3,4271,0.017968553828734607
3,4272,0.01711551071631247
3,4273,0.016377277704115133
3,4274,0.017184762340258924
3,4275,0.01711221112699669
3,4276,0.016532129948301878
3,4277,0.01764809745536137
3,4278,0.017523309195829756
3,4279,0.017010271402281913
3,4280,0.017151193592626374
3,4281,0.016326076669466477
3,4282,0.01767766986149551
3,4283,0.015650692210690143
3,4284,0.017319109446492776
3,4285,0.016514660780761654
3,4286,0.01797401964677951
3,4287,0.015507118211409321
3,4288,0.015368114747010267
3,4289,0.01780117059600783
3,4290,0.016952827943017574
3,4291,0.01638280655235495
3,4292,0.016004531388885596
3,4293,0.013731468054076407
3,4294,0.018867724126627655
3,4295,0.01655775682759732
3,4296,0.015237383594576789
3,4297,0.015296671494810796
3,4298,0.016113847526342363
3,4299,0.017578517611432837
3,4300,0.015112541250593295
3,4301,0.014449867460816926
3,4302,0.01633450637496492
3,4303,0.016329708667698978
3,4304,0.01686273766935868
3,4305,0.01676770146743885
3,4306,0.016854045729905943
3,4307,0.016106962739949538
3,4308,0.014964864867642499
3,4309,0.01638510619234355
3,4310,0.01719555650394559
3,4311,0.016803846658862337
3,4312,0.015836331484749694
3,4313,0.01517374906503304
3,4314,0.0159396156095792
3,4315,0.016244859052132087
3,4316,0.01758116071516518
3,4317,0.016876256028695902
3,4318,0.015139877344193031
3,4319,0.017011566461606637
3,4320,0.017050710884200692
3,4321,0.01818912565340842
3,4322,0.016858717284657293
3,4323,0.016378469197113388
3,4324,0.016873679681494707
3,4325,0.01668143679228055
3,4326,0.01625040593729769
3,4327,0.016551804858486664
3,4328,0.016103277773897345
3,4329,0.01661824456232656
3,4330,0.01686276858068128
3,4331,0.017242626260446814
3,4332,0.016312506732437383
3,4333,0.014866670121687678
3,4334,0.017118569328616717
3,4335,0.016451440461705574
3,4336,0.018277937578121444
3,4337,0.017905202417838828
3,4338,0.016033045679773577
3,4339,0.01626070749327298
3,4340,0.01580086553356952
3,4341,0.014967219931213869
3,4342,0.01771619458989852
3,4343,0.016734670830604054
3,4344,0.0189021431213278
3,4345,0.015542765483862797
3,4346,0.015896605645166307
3,4347,0.01649053877271615
3,4348,0.016611506339841375
3,4349,0.016007751794928287
3,4350,0.01717459783527625
3,4351,0.01498822114299315
3,4352,0.01662646011978457
3,4353,0.01749011333631086
3,4354,0.01498431987758403
3,4355,0.016470107247174515
3,4356,0.01621437157873848
3,4357,0.016095760758583006
3,4358,0.017943715187979076
3,4359,0.017494739345953414
3,4360,0.01564036679544185
3,4361,0.016698032014925247
3,4362,0.01577663655445896
3,4363,0.015434122003816034
3,4364,0.016316784271476554
3,4365,0.016467848043934707
3,4366,0.01511719483478229
3,4367,0.016583326080879552
3,4368,0.01634527981771829
3,4369,0.015796774862494412
3,4370,0.016623003578143152
3,4371,0.01668460815435945
3,4372,0.016247695848978738
3,4373,0.01662038786023659
3,4374,0.017366963569995935
3,4375,0.017309491016183027
3,4376,0.017279439947986336
3,4377,0.017002212936740885
3,4378,0.016985454065282873
3,4379,0.016482845887003106
3,4380,0.016359598148515325
3,4381,0.016322828767945118
3,4382,0.01644924094743978
3,4383,0.01770911592359471
3,4384,0.01836440538785707
3,4385,0.015055596560532921
3,4386,0.017076707338800595
3,4387,0.015427750170994384
3,4388,0.015974575238257627
3,4389,0.017553426528344
3,4390,0.016224351435299256
3,4391,0.015883454038354183
3,4392,0.017834274836354535
3,4393,0.017671320780258886
3,4394,0.01757913465399691
3,4395,0.016318882881629665
3,4396,0.01566625006708905
3,4397,0.01676704736861387
3,4398,0.016745882709094644
3,4399,0.018008520626454
3,4400,0.016347610779893135
3,4401,0.01612706384090588
3,4402,0.017622698052511414
3,4403,0.016983329646276645
3,4404,0.015348764257591787
3,4405,0.015169178187813548
3,4406,0.015243598507087156
3,4407,0.01718339480502949
3,4408,0.014391920656024682
3,4409,0.01559352340588388
3,4410,0.016083019572217704
3,4411,0.014389773090538452
3,4412,0.01717291802934513
3,4413,0.017516925614088186
3,4414,0.016200573960817376
3,4415,0.015507008345417036
3,4416,0.01539244564738553
3,4417,0.016466405952891006
3,4418,0.014776643212293966
3,4419,0.016936368242452177
3,4420,0.01885728863965992
3,4421,0.017191659345737225
3,4422,0.015223846786430803
3,4423,0.016274182867800108
3,4424,0.01584473276305524
3,4425,0.015663213367851935
3,4426,0.016918748135845225
3,4427,0.01631654792889518
3,4428,0.0162247111678272
3,4429,0.018726191471226866
3,4430,0.015432781397111295
3,4431,0.01594870305831399
3,4432,0.016311812702492434
3,4433,0.016631052717657153
3,4434,0.015461255951682637
3,4435,0.015516461967528566
3,4436,0.016397517334165074
3,4437,0.016944757953099077
3,4438,0.01623229950727582
3,4439,0.017859097876174363
3,4440,0.01761701416070301
3,4441,0.016033228969400876
3,4442,0.014827589362952762
3,4443,0.015560960518621741
3,4444,0.014623767398126245
3,4445,0.014762947598623557
3,4446,0.016369990242808174
3,4447,0.01699754969333218
3,4448,0.015789801149816412
3,4449,0.014865264971868528
3,4450,0.01439875231989432
3,4451,0.015985063503787283
3,4452,0.016018694046951748
3,4453,0.016524789686147318
3,4454,0.0143913529171003
3,4455,0.01783341594278452
3,4456,0.014793314841861258
3,4457,0.017614278229974117
3,4458,0.01652036971706174
3,4459,0.017125993208647255
3,4460,0.015919019993204653
3,4461,0.017123649685770514
3,4462,0.014296632616559057
3,4463,0.01568223450635257
3,4464,0.017146241502301023
3,4465,0.016503036111860714
3,4466,0.01597274212796577
3,4467,0.016817022487498657
3,4468,0.016183823694884785
3,4469,0.015310511421220105
3,4470,0.01500027571394418
3,4471,0.01577607246479461
3,4472,0.015056039627981577
3,4473,0.016443207137112465
3,4474,0.016007493660288658
3,4475,0.014753994193805936
3,4476,0.01660668936493585
3,4477,0.017015820636163675
3,4478,0.01731424652751871
3,4479,0.01649833508219654
3,4480,0.015794146409539717
3,4481,0.01835790359974233
3,4482,0.01629678559766362
3,4483,0.01590911370386715
3,4484,0.017128545304109632
3,4485,0.01600069176853929
3,4486,0.015466996027385318
3,4487,0.0169075883829006
3,4488,0.017804017149215024
3,4489,0.0167836236967084
3,4490,0.015615007651756043
3,4491,0.01640432299114809
3,4492,0.016439199227471512
3,4493,0.016139937614501786
3,4494,0.015903751676178312
3,4495,0.01662432079179697
3,4496,0.018578295176085984
3,4497,0.016244021634698996
3,4498,0.0172420984855928
3,4499,0.018002822697689148
3,4500,0.017004407650071707
3,4501,0.017627203058780617
3,4502,0.016492270835114942
3,4503,0.01788065773254648
3,4504,0.016371022442074567
3,4505,0.01568751139533142
3,4506,0.01732840619275473
3,4507,0.017018427496282806
3,4508,0.016388995564013475
3,4509,0.016767161826513527
3,4510,0.015977041389988372
3,4511,0.016606201224111716
3,4512,0.016927406896468312
3,4513,0.016529051552923696
3,4514,0.015031045076763486
3,4515,0.014609009039120898
3,4516,0.015577135938701442
3,4517,0.01633782196707591
3,4518,0.01520653700620464
3,4519,0.01579559934411322
3,4520,0.016570116636440906
3,4521,0.017732114638078944
3,4522,0.015680794624878813
3,4523,0.016528783258427715
3,4524,0.016444845842890615
3,4525,0.014965815972981975
3,4526,0.0169177600670673
3,4527,0.016679427160832472
3,4528,0.015366653544055994
3,4529,0.01668139033382901
3,4530,0.017120797552140504
3,4531,0.01704505962458258
3,4532,0.017403327542973506
3,4533,0.016112758967418844
3,4534,0.016180575310276668
3,4535,0.01634520868444403
3,4536,0.014860639854220944
3,4537,0.01606994439973385
3,4538,0.01616851755798761
3,4539,0.016399898517182387
3,4540,0.016112168397330096
3,4541,0.016120634529723604
3,4542,0.01578151336126248
3,4543,0.018083302555455733
3,4544,0.01613967224099506
3,4545,0.019043465378318164
3,4546,0.01517627781012972
3,4547,0.015476879514853409
3,4548,0.016910827793825755
3,4549,0.016672141624470855
3,4550,0.015526436035664162
3,4551,0.017283173106455257
3,4552,0.0167195491454664
3,4553,0.016867831114666203
3,4554,0.018220050070179128
3,4555,0.016093792590818185
3,4556,0.017094157984334658
3,4557,0.015173778066796881
3,4558,0.01598219251789652
3,4559,0.016110309672880834
3,4560,0.016326170702486615
3,4561,0.01656891756382431
3,4562,0.01632704659231038
3,4563,0.017400370803443754
3,4564,0.016690948230589125
3,4565,0.016306191249197115
3,4566,0.01651681000445941
3,4567,0.016088947221773592
3,4568,0.016253896010385998
3,4569,0.016879342483513627
3,4570,0.01672359501449035
3,4571,0.017017126612855066
3,4572,0.017942719146308756
3,4573,0.016250431343958177
3,4574,0.016446508237666597
3,4575,0.01668524132274225
3,4576,0.01586763498178259
3,4577,0.016535281330191925
3,4578,0.016370325680818736
3,4579,0.015193424426556754
3,4580,0.016652358852288485
3,4581,0.01626764902764551
3,4582,0.015883814407469738
3,4583,0.01563247728743448
3,4584,0.01762316060062043
3,4585,0.015274341060922273
3,4586,0.015868770908134554
3,4587,0.016439308590775758
3,4588,0.015521916202530905
3,4589,0.016532112540672005
3,4590,0.017309891161263673
3,4591,0.01929516850378128
3,4592,0.01556261082764531
3,4593,0.01466069900991405
3,4594,0.01693036798607329
3,4595,0.017925940621869252
3,4596,0.015741953709666745
3,4597,0.01654592096178324
3,4598,0.01813152762904438
3,4599,0.017270506990905442
3,4600,0.01594683212526569
3,4601,0.016356848156426445
3,4602,0.01519003587414012
3,4603,0.019529580423338133
3,4604,0.016410973099612508
3,4605,0.01722227992380006
3,4606,0.015274621678159109
3,4607,0.018451900953872013
3,4608,0.01964052602403385
3,4609,0.015911297962679195
3,4610,0.017181381968052623
3,4611,0.016768259665075624
3,4612,0.015353856529774132
3,4613,0.01566912196947806
3,4614,0.015879639257960192
3,4615,0.016309958401078416
3,4616,0.018233675991658132
3,4617,0.016407463959631486
3,4618,0.014548005284262117
3,4619,0.015863309519333835
3,4620,0.017915648688621794
3,4621,0.01719154484439503
3,4622,0.016721788186758717
3,4623,0.016879152727359154
3,4624,0.01680283254027599
3,4625,0.01474471873308536
3,4626,0.01623508449798215
3,4627,0.01789653897904998
3,4628,0.01601511031523988
3,4629,0.015431072483032058
3,4630,0.016053670955444615
3,4631,0.01593320815922449
3,4632,0.01679383313888218
3,4633,0.01698325686364908
3,4634,0.016016239408545824
3,4635,0.017091232497437436
3,4636,0.015953819431465094
3,4637,0.016783943276946146
3,4638,0.016235531846418388
3,4639,0.016755624959811904
3,4640,0.01610152188863187
3,4641,0.01577899992350315
3,4642,0.016984730649070662
3,4643,0.016263725529876483
3,4644,0.014555718043471
3,4645,0.01515659713064275
3,4646,0.01592439131236793
3,4647,0.017002747896260616
3,4648,0.015569386743530514
3,4649,0.016807313700196447
3,4650,0.016790702774831745
3,4651,0.01595482788287576
3,4652,0.0162767512665013
3,4653,0.0168989909747131
3,4654,0.01577049116799975
3,4655,0.01781793185370924
3,4656,0.01666239045804287
3,4657,0.01657417124737609
3,4658,0.01646212298655292
3,4659,0.016118831519811666
3,4660,0.01746393541782833
3,4661,0.01574043843312965
3,4662,0.015494634280823085
3,4663,0.01661481484815086
3,4664,0.01764199576750841
3,4665,0.014817443339599307
3,4666,0.01762639558025385
3,4667,0.015296842608654096
3,4668,0.015387891697039283
3,4669,0.019447979602165
3,4670,0.017820994893585157
3,4671,0.017573034577568942
3,4672,0.016550974927792266
3,4673,0.014368961376420769
3,4674,0.01801987130952436
3,4675,0.014904994379120398
3,4676,0.015478766679863828
3,4677,0.016519796156587302
3,4678,0.017550180805202143
3,4679,0.014981719059426043
3,4680,0.01624048428848257
3,4681,0.01601614594378825
3,4682,0.01656994082323333
3,4683,0.015542163049242533
3,4684,0.018791769737654257
3,4685,0.018051261637732935
3,4686,0.016720658457806348
3,4687,0.016731932810460315
3,4688,0.018792410578158714
3,4689,0.01866474369637054
3,4690,0.015525449789147022
3,4691,0.015401923487464395
3,4692,0.01704251225969212
3,4693,0.015562867584979073
3,4694,0.017462395881724258
3,4695,0.017207016081768056
3,4696,0.01703946237267494
3,4697,0.018015042532277592
3,4698,0.01675396324432789
3,4699,0.01744468710934105
3,4700,0.01547312827136014
3,4701,0.015720401980660065
3,4702,0.01628095078186741
3,4703,0.016036363523026603
3,4704,0.016161499751316005
3,4705,0.016856949253042198
3,4706,0.01685752024617958
3,4707,0.018116770079325977
3,4708,0.01592204786475171
3,4709,0.017748359662951324
3,4710,0.015871610129073066
3,4711,0.015736237203051357
3,4712,0.016703130071176058
3,4713,0.016312385482178865
3,4714,0.017390451546598063
3,4715,0.016932024977294152
3,4716,0.016581169696200142
3,4717,0.015999706174762884
3,4718,0.016637568456102276
3,4719,0.01672237444457649
3,4720,0.014938226989560996
3,4721,0.01816021107459323
3,4722,0.015921460050108777
3,4723,0.017728273057277116
3,4724,0.01601827907806444
3,4725,0.016333330180746092
3,4726,0.016471542225766318
3,4727,0.01683731333862315
3,4728,0.016677622718964596
3,4729,0.016350190714223684
3,4730,0.01621968718895055
3,4731,0.01843391576033369
3,4732,0.020482450699724274
3,4733,0.017365115546848636
3,4734,0.014944872287689278
3,4735,0.01661833691057693
3,4736,0.015092799824684902
3,4737,0.01657799005962295
3,4738,0.016484680973949506
3,4739,0.015244398789207905
3,4740,0.01675270125350097
3,4741,0.016302295269943246
3,4742,0.015840015174057826
3,4743,0.01657073145130931
3,4744,0.014969762652296789
3,4745,0.01357375447067452
3,4746,0.016746358468597556
3,4747,0.01598265135645402
3,4748,0.015644891383725417
3,4749,0.015793651531173337
3,4750,0.01710424646601651
3,4751,0.015821530774616344
3,4752,0.016424725013097646
3,4753,0.016532379616515814
3,4754,0.018756020968810738
3,4755,0.017315858937275403
3,4756,0.01655789620049643
3,4757,0.01587648549968576
3,4758,0.01655452413290261
3,4759,0.014671470083855756
3,4760,0.01552213402423879
3,4761,0.016125016370942824
3,4762,0.016103093162240872
3,4763,0.014967382815175604
3,4764,0.016633717108346917
3,4765,0.016347541735780857
3,4766,0.017696742038968278
3,4767,0.015216394448263032
3,4768,0.016301576160645214
3,4769,0.015746872808250933
3,4770,0.018890945360847188
3,4771,0.015138809460665278
3,4772,0.017118067324623797
3,4773,0.015598159897817515
3,4774,0.01627014602637228
3,4775,0.016301160712217128
3,4776,0.01493510539489066
3,4777,0.017017662741085942
3,4778,0.014653775076226219
3,4779,0.017771220428925066
3,4780,0.01801080677562782
3,4781,0.016700795978505167
3,4782,0.014674822908015833
3,4783,0.015106329772941
3,4784,0.0150613487781223
3,4785,0.016601032980570446
3,4786,0.016658930760555007
3,4787,0.01705254319496946
3,4788,0.016363251915437665
3,4789,0.01752444381596498
3,4790,0.015323554168461087
3,4791,0.01786483937826333
3,4792,0.01721076675840526
3,4793,0.01783284435859993
3,4794,0.01617924757634436
3,4795,0.016652386156193855
3,4796,0.016455668738816254
3,4797,0.015512548046436453
3,4798,0.017892282786231544
3,4799,0.01709647595076867
3,4800,0.01477799798289551
3,4801,0.01627976904120093
3,4802,0.016417994020510657
3,4803,0.016912323729320573
3,4804,0.016753393471049
3,4805,0.015432876147624397
3,4806,0.015948485649575916
3,4807,0.015059934784297938
3,4808,0.015862236281113773
3,4809,0.017714084553831316
3,4810,0.01560447419800202
3,4811,0.015181245401029886
3,4812,0.016661725191157245
3,4813,0.01722025995142863
3,4814,0.017466284931326976
3,4815,0.016457166766911797
3,4816,0.013486437190535374
3,4817,0.015493782354029947
3,4818,0.0181161639589847
3,4819,0.01822294551147304
3,4820,0.016464895907058612
3,4821,0.015533552755410842
3,4822,0.015649502449054702
3,4823,0.016342304966510606
3,4824,0.016226369016761177
3,4825,0.01699252150466844
3,4826,0.016034454941114273
3,4827,0.015281293503669385
3,4828,0.01514971631404293
3,4829,0.01635686682050484
3,4830,0.015827808003624072
3,4831,0.017719508548982948
3,4832,0.015451621845814889
3,4833,0.016378567356570894
3,4834,0.016713701718518197
3,4835,0.016457432098791264
3,4836,0.016207992750336703
3,4837,0.01806448029779532
3,4838,0.017746237083322725
3,4839,0.017886085662842045
3,4840,0.017042298037218656
3,4841,0.017490135982471917
3,4842,0.015605893409912882
3,4843,0.01653121726620438
3,4844,0.016894288565635285
3,4845,0.016843340090263347
3,4846,0.018043018376064673
3,4847,0.016917779418719265
3,4848,0.014909279585534174
3,4849,0.01629239009770168
3,4850,0.01594686315110988
3,4851,0.01747606683772665
3,4852,0.015817372034570686
3,4853,0.01652395639302398
3,4854,0.016592601242349642
3,4855,0.01624323720828245
3,4856,0.015603649167339787
3,4857,0.0156513343154291
3,4858,0.01611742479691659
3,4859,0.01619228218760106
3,4860,0.01726238627812196
3,4861,0.017267814831617424
3,4862,0.01790045536787015
3,4863,0.018040959474833917
3,4864,0.014736504169827266
3,4865,0.01800075211691447
3,4866,0.016315043201100932
3,4867,0.016858481825029265
3,4868,0.016200289494310693
3,4869,0.018145795035028278
3,4870,0.015847448899061544
3,4871,0.017821328506726557
3,4872,0.015823150429693688
3,4873,0.014608978039268888
3,4874,0.016161242551676957
3,4875,0.018182086978206474
3,4876,0.01655529548380334
3,4877,0.018402748513736727
3,4878,0.017870394959850305
3,4879,0.016189843971650825
3,4880,0.01726732893282674
3,4881,0.016899334598083765
3,4882,0.016404531618168
3,4883,0.01662986492156754
3,4884,0.015583813774377961
3,4885,0.017363654903494036
3,4886,0.01689707580080323
3,4887,0.016203822833481662
3,4888,0.016763231160081198
3,4889,0.016243186715795544
3,4890,0.016579169509404457
3,4891,0.01644266994696143
3,4892,0.014597011512207742
3,4893,0.016943239984484975
3,4894,0.017249277659302387
3,4895,0.01746697127857333
3,4896,0.016728240490124474
3,4897,0.016293404729815386
3,4898,0.01846489639028631
3,4899,0.016830562268751226
3,4900,0.017036668962357393
3,4901,0.017582820778110325
3,4902,0.015659911111652314
3,4903,0.01705324462678613
3,4904,0.017651387135074515
3,4905,0.018249500647643486
3,4906,0.01764726627244263
3,4907,0.014839640075154342
3,4908,0.01700862224730885
3,4909,0.015898527375998773
3,4910,0.016223565246142452
3,4911,0.01758277851864007
3,4912,0.016899303174698732
3,4913,0.016741949346590967
3,4914,0.014676429760299472
3,4915,0.019203054996967266
3,4916,0.017856826514721657
3,4917,0.016580282963129273
3,4918,0.01568692510731191
3,4919,0.016607483861059858
3,4920,0.017473848560217664
3,4921,0.016765651778351775
3,4922,0.015638916935203112
3,4923,0.017071943270159984
3,4924,0.01733155984140597
3,4925,0.015181640558673345
3,4926,0.0170143821680195
3,4927,0.017639546893381236
3,4928,0.017552241790554535
3,4929,0.016433540224786037
3,4930,0.017957484996303157
3,4931,0.017011037829510123
3,4932,0.017284483537561197
3,4933,0.017655748539916655
3,4934,0.016064922842089952
3,4935,0.017172405318709477
3,4936,0.016321686890939723
3,4937,0.017185596306914852
3,4938,0.01719341072722591
3,4939,0.015760907903431032
3,4940,0.016163427489400518
3,4941,0.01764795634805637
3,4942,0.017722889108289813
3,4943,0.01605891720452877
3,4944,0.018319340377438497
3,4945,0.015806558995402887
3,4946,0.01625223736931561
3,4947,0.01602407100277503
3,4948,0.016102356578597765
3,4949,0.017486395834348384
3,4950,0.015410757411597345
3,4951,0.01793554493446123
3,4952,0.015122302534851473
3,4953,0.016750260888742124
3,4954,0.01565102717866047
3,4955,0.014671793781197326
3,4956,0.014897805417060225
3,4957,0.015218420934918328
3,4958,0.017223924040260862
3,4959,0.017822072597626592
3,4960,0.01691665714496224
3,4961,0.016979715615993596
3,4962,0.016862775750695513
3,4963,0.017725835517068588
3,4964,0.016516748945127706
3,4965,0.01648208863512964
3,4966,0.015607402959054587
3,4967,0.015770142516717656
3,4968,0.01569177159748898
3,4969,0.015561860220478896
3,4970,0.01739232468474894
3,4971,0.01624707513765239
3,4972,0.01716632910483819
3,4973,0.017456224156838007
3,4974,0.014653473886432363
3,4975,0.016522282786158176
3,4976,0.015701834031352068
3,4977,0.015988015561362406
3,4978,0.017639153917134442
3,4979,0.01775906855397406
3,4980,0.01410238544001797
3,4981,0.016403130665728304
3,4982,0.015476179934778586
3,4983,0.015325449208237687
3,4984,0.01699157956501939
3,4985,0.015363515203830622
3,4986,0.01639920963223428
3,4987,0.015698709631344288
3,4988,0.017170035616666312
3,4989,0.015278741730396644
3,4990,0.016198692405814202
3,4991,0.01583954191155339
3,4992,0.01591891585955092
3,4993,0.015564213180471567
3,4994,0.016717817700867426
3,4995,0.016497436929225794
3,4996,0.014776896144259699
3,4997,0.015231257156786332
3,4998,0.014677523984426668
3,4999,0.015733330703137493
